ISO-10303-21;
HEADER;
FILE_DESCRIPTION((' Model'),'2;1');
FILE_NAME(' Shape Model','2026-04-24T17:45:56',(''),(
    ''),' ','','Unknown');
FILE_SCHEMA(('AUTOMOTIVE_DESIGN { 1 0 10303 214 1 1 1 1 }'));
ENDSEC;
DATA;
#1 = APPLICATION_PROTOCOL_DEFINITION('international standard',
  'automotive_design',2000,#2);
#2 = APPLICATION_CONTEXT(
  'core data for automotive mechanical design processes');
#3 = SHAPE_DEFINITION_REPRESENTATION(#4,#10);
#4 = PRODUCT_DEFINITION_SHAPE('','',#5);
#5 = PRODUCT_DEFINITION('design','',#6,#9);
#6 = PRODUCT_DEFINITION_FORMATION('','',#7);
#7 = PRODUCT(' STEP translator 7.5 1',
  ' STEP translator 7.5 1','',(#8));
#8 = PRODUCT_CONTEXT('',#2,'mechanical');
#9 = PRODUCT_DEFINITION_CONTEXT('part definition',#2,'design');
#10 = SHAPE_REPRESENTATION('',(#11,#15,#19),#23);
#11 = AXIS2_PLACEMENT_3D('',#12,#13,#14);
#12 = CARTESIAN_POINT('',(0.,0.,0.));
#13 = DIRECTION('',(0.,0.,1.));
#14 = DIRECTION('',(1.,0.,-0.));
#15 = AXIS2_PLACEMENT_3D('',#16,#17,#18);
#16 = CARTESIAN_POINT('',(0.,0.,0.));
#17 = DIRECTION('',(0.,0.,1.));
#18 = DIRECTION('',(1.,0.,-0.));
#19 = AXIS2_PLACEMENT_3D('',#20,#21,#22);
#20 = CARTESIAN_POINT('',(0.,0.,0.));
#21 = DIRECTION('',(0.,0.,1.));
#22 = DIRECTION('',(1.,0.,-0.));
#23 = ( GEOMETRIC_REPRESENTATION_CONTEXT(3) 
GLOBAL_UNCERTAINTY_ASSIGNED_CONTEXT((#27)) GLOBAL_UNIT_ASSIGNED_CONTEXT(
(#24,#25,#26)) REPRESENTATION_CONTEXT('Context #1',
  '3D Context with UNIT and UNCERTAINTY') );
#24 = ( LENGTH_UNIT() NAMED_UNIT(*) SI_UNIT(.MILLI.,.METRE.) );
#25 = ( NAMED_UNIT(*) PLANE_ANGLE_UNIT() SI_UNIT($,.RADIAN.) );
#26 = ( NAMED_UNIT(*) SI_UNIT($,.STERADIAN.) SOLID_ANGLE_UNIT() );
#27 = UNCERTAINTY_MEASURE_WITH_UNIT(LENGTH_MEASURE(1.E-07),#24,
  'distance_accuracy_value','confusion accuracy');
#28 = PRODUCT_RELATED_PRODUCT_CATEGORY('part',$,(#7));
#29 = MANIFOLD_SURFACE_SHAPE_REPRESENTATION('',(#11,#30),#7974);
#30 = SHELL_BASED_SURFACE_MODEL('',(#31));
#31 = CLOSED_SHELL('',(#32,#121,#177,#266,#322,#378,#434,#490,#541,#597,
    #686,#735,#765,#790,#815,#845,#896,#952,#1001,#1052,#1108,#1164,
    #1220,#1276,#1332,#1388,#1418,#1469,#1494,#1519,#1549,#1605,#1656,
    #1712,#1794,#1845,#1934,#1990,#2039,#2069,#2099,#2124,#2149,#2179,
    #2230,#2286,#2342,#2398,#2454,#2510,#2540,#2589,#2640,#2670,#2759,
    #2813,#2869,#2951,#2981,#3032,#3088,#3144,#3200,#3256,#3312,#3337,
    #3362,#3392,#3448,#3535,#3591,#3647,#3703,#3759,#3808,#3833,#3884,
    #3935,#3965,#4016,#4046,#4102,#4191,#4245,#4301,#4357,#4434,#4464,
    #4520,#4576,#4627,#4657,#4708,#4759,#4789,#4840,#4865,#4895,#4925,
    #4976,#5006,#5057,#5087,#5143,#5173,#5250,#5275,#5305,#5356,#5386,
    #5411,#5436,#5461,#5486,#5511,#5536,#5566,#5617,#5666,#5672,#5723,
    #5748,#5778,#5829,#5885,#5929,#5954,#5979,#6004,#6029,#6054,#6098,
    #6104,#6148,#6154,#6179,#6185,#6241,#6247,#6293,#6318,#6369,#6399,
    #6429,#6485,#6515,#6566,#6612,#6642,#6691,#6697,#6748,#6778,#6808,
    #6859,#6910,#6940,#6989,#6995,#7046,#7076,#7127,#7157,#7182,#7212,
    #7237,#7262,#7287,#7312,#7337,#7381,#7406,#7431,#7456,#7462,#7487,
    #7531,#7556,#7562,#7587,#7631,#7656,#7681,#7706,#7731,#7756,#7781,
    #7787,#7812,#7818,#7843,#7868,#7893,#7918,#7943,#7968));
#32 = ADVANCED_FACE('',(#33),#47,.T.);
#33 = FACE_BOUND('',#34,.T.);
#34 = EDGE_LOOP('',(#35,#69,#96));
#35 = ORIENTED_EDGE('',*,*,#36,.T.);
#36 = EDGE_CURVE('',#37,#39,#41,.T.);
#37 = VERTEX_POINT('',#38);
#38 = CARTESIAN_POINT('',(-186.5533294677,71.5,-1.));
#39 = VERTEX_POINT('',#40);
#40 = CARTESIAN_POINT('',(-186.311340332,72.043998718262,1.));
#41 = SURFACE_CURVE('',#42,(#46,#58),.PCURVE_S1.);
#42 = LINE('',#43,#44);
#43 = CARTESIAN_POINT('',(-186.5533294677,71.5,-1.));
#44 = VECTOR('',#45,1.);
#45 = DIRECTION('',(0.115965032168,0.260692814449,0.958431723081));
#46 = PCURVE('',#47,#52);
#47 = PLANE('',#48);
#48 = AXIS2_PLACEMENT_3D('',#49,#50,#51);
#49 = CARTESIAN_POINT('',(-186.3806514054,71.888185379953,
    -0.127162789519));
#50 = DIRECTION('',(-0.913679396789,0.406435677424,3.648832210377E-17));
#51 = DIRECTION('',(-0.406435677424,-0.913679396789,-1.54074395551E-33)
  );
#52 = DEFINITIONAL_REPRESENTATION('',(#53),#57);
#53 = LINE('',#54,#55);
#54 = CARTESIAN_POINT('',(0.424859509054,-0.872837210481));
#55 = VECTOR('',#56,1.);
#56 = DIRECTION('',(-0.28532197986,0.958431723081));
#57 = ( GEOMETRIC_REPRESENTATION_CONTEXT(2) 
PARAMETRIC_REPRESENTATION_CONTEXT() REPRESENTATION_CONTEXT('2D SPACE',''
  ) );
#58 = PCURVE('',#59,#64);
#59 = PLANE('',#60);
#60 = AXIS2_PLACEMENT_3D('',#61,#62,#63);
#61 = CARTESIAN_POINT('',(-186.4840183944,71.655813338309,0.127162789519
    ));
#62 = DIRECTION('',(-0.913679396789,0.406435677424,-0.));
#63 = DIRECTION('',(-0.406435677424,-0.913679396789,0.));
#64 = DEFINITIONAL_REPRESENTATION('',(#65),#68);
#65 = B_SPLINE_CURVE_WITH_KNOTS('',1,(#66,#67),.UNSPECIFIED.,.F.,.F.,(2,
    2),(0.,2.086742280994),.PIECEWISE_BEZIER_KNOTS.);
#66 = CARTESIAN_POINT('',(0.170533930016,-1.127162789519));
#67 = CARTESIAN_POINT('',(-0.424859509054,0.872837210481));
#68 = ( GEOMETRIC_REPRESENTATION_CONTEXT(2) 
PARAMETRIC_REPRESENTATION_CONTEXT() REPRESENTATION_CONTEXT('2D SPACE',''
  ) );
#69 = ORIENTED_EDGE('',*,*,#70,.T.);
#70 = EDGE_CURVE('',#39,#71,#73,.T.);
#71 = VERTEX_POINT('',#72);
#72 = CARTESIAN_POINT('',(-186.311340332,72.043998718262,-1.));
#73 = SURFACE_CURVE('',#74,(#78,#85),.PCURVE_S1.);
#74 = LINE('',#75,#76);
#75 = CARTESIAN_POINT('',(-186.311340332,72.043998718262,1.));
#76 = VECTOR('',#77,1.);
#77 = DIRECTION('',(0.,0.,-1.));
#78 = PCURVE('',#47,#79);
#79 = DEFINITIONAL_REPRESENTATION('',(#80),#84);
#80 = LINE('',#81,#82);
#81 = CARTESIAN_POINT('',(-0.170533930016,1.127162789519));
#82 = VECTOR('',#83,1.);
#83 = DIRECTION('',(1.54074395551E-33,-1.));
#84 = ( GEOMETRIC_REPRESENTATION_CONTEXT(2) 
PARAMETRIC_REPRESENTATION_CONTEXT() REPRESENTATION_CONTEXT('2D SPACE',''
  ) );
#85 = PCURVE('',#86,#91);
#86 = PLANE('',#87);
#87 = AXIS2_PLACEMENT_3D('',#88,#89,#90);
#88 = CARTESIAN_POINT('',(-186.2294731573,72.184178484582,
    -0.122547412784));
#89 = DIRECTION('',(-0.863522358744,0.504310555065,1.830480330989E-17));
#90 = DIRECTION('',(-0.504310555065,-0.863522358744,1.54074395551E-33));
#91 = DEFINITIONAL_REPRESENTATION('',(#92),#95);
#92 = B_SPLINE_CURVE_WITH_KNOTS('',1,(#93,#94),.UNSPECIFIED.,.F.,.F.,(2,
    2),(0.,2.),.PIECEWISE_BEZIER_KNOTS.);
#93 = CARTESIAN_POINT('',(0.162334842753,1.122547412784));
#94 = CARTESIAN_POINT('',(0.162334842753,-0.877452587216));
#95 = ( GEOMETRIC_REPRESENTATION_CONTEXT(2) 
PARAMETRIC_REPRESENTATION_CONTEXT() REPRESENTATION_CONTEXT('2D SPACE',''
  ) );
#96 = ORIENTED_EDGE('',*,*,#97,.T.);
#97 = EDGE_CURVE('',#71,#37,#98,.T.);
#98 = SURFACE_CURVE('',#99,(#103,#110),.PCURVE_S1.);
#99 = LINE('',#100,#101);
#100 = CARTESIAN_POINT('',(-186.311340332,72.043998718262,-1.));
#101 = VECTOR('',#102,1.);
#102 = DIRECTION('',(-0.406435677424,-0.913679396789,0.));
#103 = PCURVE('',#47,#104);
#104 = DEFINITIONAL_REPRESENTATION('',(#105),#109);
#105 = LINE('',#106,#107);
#106 = CARTESIAN_POINT('',(-0.170533930016,-0.872837210481));
#107 = VECTOR('',#108,1.);
#108 = DIRECTION('',(1.,-2.995038388412E-33));
#109 = ( GEOMETRIC_REPRESENTATION_CONTEXT(2) 
PARAMETRIC_REPRESENTATION_CONTEXT() REPRESENTATION_CONTEXT('2D SPACE',''
  ) );
#110 = PCURVE('',#111,#116);
#111 = PLANE('',#112);
#112 = AXIS2_PLACEMENT_3D('',#113,#114,#115);
#113 = CARTESIAN_POINT('',(-185.9650198627,72.427837706276,-1.));
#114 = DIRECTION('',(-0.,-0.,-1.));
#115 = DIRECTION('',(-1.,0.,0.));
#116 = DEFINITIONAL_REPRESENTATION('',(#117),#120);
#117 = B_SPLINE_CURVE_WITH_KNOTS('',1,(#118,#119),.UNSPECIFIED.,.F.,.F.,
  (2,2),(0.,0.59539343907),.PIECEWISE_BEZIER_KNOTS.);
#118 = CARTESIAN_POINT('',(0.34632046931,-0.383838988014));
#119 = CARTESIAN_POINT('',(0.588309605052,-0.927837706276));
#120 = ( GEOMETRIC_REPRESENTATION_CONTEXT(2) 
PARAMETRIC_REPRESENTATION_CONTEXT() REPRESENTATION_CONTEXT('2D SPACE',''
  ) );
#121 = ADVANCED_FACE('',(#122),#86,.T.);
#122 = FACE_BOUND('',#123,.T.);
#123 = EDGE_LOOP('',(#124,#125,#152));
#124 = ORIENTED_EDGE('',*,*,#70,.F.);
#125 = ORIENTED_EDGE('',*,*,#126,.F.);
#126 = EDGE_CURVE('',#127,#39,#129,.T.);
#127 = VERTEX_POINT('',#128);
#128 = CARTESIAN_POINT('',(-186.0240020751,72.536003112793,-1.));
#129 = SURFACE_CURVE('',#130,(#134,#140),.PCURVE_S1.);
#130 = LINE('',#131,#132);
#131 = CARTESIAN_POINT('',(-186.0240020751,72.536003112793,-1.));
#132 = VECTOR('',#133,1.);
#133 = DIRECTION('',(-0.138171634199,-0.236588931714,0.96173503466));
#134 = PCURVE('',#86,#135);
#135 = DEFINITIONAL_REPRESENTATION('',(#136),#139);
#136 = B_SPLINE_CURVE_WITH_KNOTS('',1,(#137,#138),.UNSPECIFIED.,.F.,.F.,
  (2,2),(0.,2.079574859936),.PIECEWISE_BEZIER_KNOTS.);
#137 = CARTESIAN_POINT('',(-0.407429668322,-0.877452587216));
#138 = CARTESIAN_POINT('',(0.162334842753,1.122547412784));
#139 = ( GEOMETRIC_REPRESENTATION_CONTEXT(2) 
PARAMETRIC_REPRESENTATION_CONTEXT() REPRESENTATION_CONTEXT('2D SPACE',''
  ) );
#140 = PCURVE('',#141,#146);
#141 = PLANE('',#142);
#142 = AXIS2_PLACEMENT_3D('',#143,#144,#145);
#143 = CARTESIAN_POINT('',(-186.1058692498,72.395823346473,
    0.122547412784));
#144 = DIRECTION('',(-0.863522358744,0.504310555065,1.830480330989E-17)
  );
#145 = DIRECTION('',(-0.504310555065,-0.863522358744,0.));
#146 = DEFINITIONAL_REPRESENTATION('',(#147),#151);
#147 = LINE('',#148,#149);
#148 = CARTESIAN_POINT('',(-0.162334842753,-1.122547412784));
#149 = VECTOR('',#150,1.);
#150 = DIRECTION('',(0.273981245903,0.96173503466));
#151 = ( GEOMETRIC_REPRESENTATION_CONTEXT(2) 
PARAMETRIC_REPRESENTATION_CONTEXT() REPRESENTATION_CONTEXT('2D SPACE',''
  ) );
#152 = ORIENTED_EDGE('',*,*,#153,.T.);
#153 = EDGE_CURVE('',#127,#71,#154,.T.);
#154 = SURFACE_CURVE('',#155,(#159,#166),.PCURVE_S1.);
#155 = LINE('',#156,#157);
#156 = CARTESIAN_POINT('',(-186.0240020751,72.536003112793,-1.));
#157 = VECTOR('',#158,1.);
#158 = DIRECTION('',(-0.504310555065,-0.863522358744,0.));
#159 = PCURVE('',#86,#160);
#160 = DEFINITIONAL_REPRESENTATION('',(#161),#165);
#161 = LINE('',#162,#163);
#162 = CARTESIAN_POINT('',(-0.407429668322,-0.877452587216));
#163 = VECTOR('',#164,1.);
#164 = DIRECTION('',(1.,-1.049246501432E-33));
#165 = ( GEOMETRIC_REPRESENTATION_CONTEXT(2) 
PARAMETRIC_REPRESENTATION_CONTEXT() REPRESENTATION_CONTEXT('2D SPACE',''
  ) );
#166 = PCURVE('',#167,#172);
#167 = PLANE('',#168);
#168 = AXIS2_PLACEMENT_3D('',#169,#170,#171);
#169 = CARTESIAN_POINT('',(-186.0107075674,72.510208452405,-1.));
#170 = DIRECTION('',(-0.,-0.,-1.));
#171 = DIRECTION('',(-1.,0.,0.));
#172 = DEFINITIONAL_REPRESENTATION('',(#173),#176);
#173 = B_SPLINE_CURVE_WITH_KNOTS('',1,(#174,#175),.UNSPECIFIED.,.F.,.F.,
  (2,2),(0.,0.569764511074),.PIECEWISE_BEZIER_KNOTS.);
#174 = CARTESIAN_POINT('',(1.329450770132E-02,2.579466038765E-02));
#175 = CARTESIAN_POINT('',(0.300632764537,-0.466209734144));
#176 = ( GEOMETRIC_REPRESENTATION_CONTEXT(2) 
PARAMETRIC_REPRESENTATION_CONTEXT() REPRESENTATION_CONTEXT('2D SPACE',''
  ) );
#177 = ADVANCED_FACE('',(#178),#192,.T.);
#178 = FACE_BOUND('',#179,.T.);
#179 = EDGE_LOOP('',(#180,#214,#241));
#180 = ORIENTED_EDGE('',*,*,#181,.T.);
#181 = EDGE_CURVE('',#182,#184,#186,.T.);
#182 = VERTEX_POINT('',#183);
#183 = CARTESIAN_POINT('',(-184.9420013427,73.619003295898,-1.));
#184 = VERTEX_POINT('',#185);
#185 = CARTESIAN_POINT('',(-185.333328247,73.330001831055,1.));
#186 = SURFACE_CURVE('',#187,(#191,#203),.PCURVE_S1.);
#187 = LINE('',#188,#189);
#188 = CARTESIAN_POINT('',(-184.9420013427,73.619003295898,-1.));
#189 = VECTOR('',#190,1.);
#190 = DIRECTION('',(-0.190120073367,-0.140406854463,0.971668808248));
#191 = PCURVE('',#192,#197);
#192 = PLANE('',#193);
#193 = AXIS2_PLACEMENT_3D('',#194,#195,#196);
#194 = CARTESIAN_POINT('',(-185.051560291,73.538092179907,0.107040295691
    ));
#195 = DIRECTION('',(-0.594071756063,0.804412051531,-1.852668803652E-17)
  );
#196 = DIRECTION('',(0.804412051531,0.594071756063,-1.54074395551E-33));
#197 = DEFINITIONAL_REPRESENTATION('',(#198),#202);
#198 = LINE('',#199,#200);
#199 = CARTESIAN_POINT('',(0.136197547124,1.107040295691));
#200 = VECTOR('',#201,1.);
#201 = DIRECTION('',(-0.236346624849,-0.971668808248));
#202 = ( GEOMETRIC_REPRESENTATION_CONTEXT(2) 
PARAMETRIC_REPRESENTATION_CONTEXT() REPRESENTATION_CONTEXT('2D SPACE',''
  ) );
#203 = PCURVE('',#204,#209);
#204 = PLANE('',#205);
#205 = AXIS2_PLACEMENT_3D('',#206,#207,#208);
#206 = CARTESIAN_POINT('',(-185.2237692987,73.410912947046,
    -0.107040295691));
#207 = DIRECTION('',(-0.594071756063,0.804412051531,0.));
#208 = DIRECTION('',(0.804412051531,0.594071756063,0.));
#209 = DEFINITIONAL_REPRESENTATION('',(#210),#213);
#210 = B_SPLINE_CURVE_WITH_KNOTS('',1,(#211,#212),.UNSPECIFIED.,.F.,.F.,
  (2,2),(0.,2.058314502866),.PIECEWISE_BEZIER_KNOTS.);
#211 = CARTESIAN_POINT('',(0.350278138505,0.892959704309));
#212 = CARTESIAN_POINT('',(-0.136197547124,-1.107040295691));
#213 = ( GEOMETRIC_REPRESENTATION_CONTEXT(2) 
PARAMETRIC_REPRESENTATION_CONTEXT() REPRESENTATION_CONTEXT('2D SPACE',''
  ) );
#214 = ORIENTED_EDGE('',*,*,#215,.T.);
#215 = EDGE_CURVE('',#184,#216,#218,.T.);
#216 = VERTEX_POINT('',#217);
#217 = CARTESIAN_POINT('',(-184.9420013427,73.619003295898,1.));
#218 = SURFACE_CURVE('',#219,(#223,#230),.PCURVE_S1.);
#219 = LINE('',#220,#221);
#220 = CARTESIAN_POINT('',(-185.333328247,73.330001831055,1.));
#221 = VECTOR('',#222,1.);
#222 = DIRECTION('',(0.804412051531,0.594071756063,0.));
#223 = PCURVE('',#192,#224);
#224 = DEFINITIONAL_REPRESENTATION('',(#225),#229);
#225 = LINE('',#226,#227);
#226 = CARTESIAN_POINT('',(-0.350278138505,-0.892959704309));
#227 = VECTOR('',#228,1.);
#228 = DIRECTION('',(1.,1.544569388718E-33));
#229 = ( GEOMETRIC_REPRESENTATION_CONTEXT(2) 
PARAMETRIC_REPRESENTATION_CONTEXT() REPRESENTATION_CONTEXT('2D SPACE',''
  ) );
#230 = PCURVE('',#231,#236);
#231 = PLANE('',#232);
#232 = AXIS2_PLACEMENT_3D('',#233,#234,#235);
#233 = CARTESIAN_POINT('',(-184.5137738497,73.692578949623,1.));
#234 = DIRECTION('',(0.,0.,1.));
#235 = DIRECTION('',(1.,0.,-0.));
#236 = DEFINITIONAL_REPRESENTATION('',(#237),#240);
#237 = B_SPLINE_CURVE_WITH_KNOTS('',1,(#238,#239),.UNSPECIFIED.,.F.,.F.,
  (2,2),(0.,0.486475685629),.PIECEWISE_BEZIER_KNOTS.);
#238 = CARTESIAN_POINT('',(-0.819554397327,-0.362577118568));
#239 = CARTESIAN_POINT('',(-0.42822749303,-7.357565372469E-02));
#240 = ( GEOMETRIC_REPRESENTATION_CONTEXT(2) 
PARAMETRIC_REPRESENTATION_CONTEXT() REPRESENTATION_CONTEXT('2D SPACE',''
  ) );
#241 = ORIENTED_EDGE('',*,*,#242,.T.);
#242 = EDGE_CURVE('',#216,#182,#243,.T.);
#243 = SURFACE_CURVE('',#244,(#248,#255),.PCURVE_S1.);
#244 = LINE('',#245,#246);
#245 = CARTESIAN_POINT('',(-184.9420013427,73.619003295898,1.));
#246 = VECTOR('',#247,1.);
#247 = DIRECTION('',(0.,0.,-1.));
#248 = PCURVE('',#192,#249);
#249 = DEFINITIONAL_REPRESENTATION('',(#250),#254);
#250 = LINE('',#251,#252);
#251 = CARTESIAN_POINT('',(0.136197547124,-0.892959704309));
#252 = VECTOR('',#253,1.);
#253 = DIRECTION('',(0.,1.));
#254 = ( GEOMETRIC_REPRESENTATION_CONTEXT(2) 
PARAMETRIC_REPRESENTATION_CONTEXT() REPRESENTATION_CONTEXT('2D SPACE',''
  ) );
#255 = PCURVE('',#256,#261);
#256 = PLANE('',#257);
#257 = AXIS2_PLACEMENT_3D('',#258,#259,#260);
#258 = CARTESIAN_POINT('',(-184.827034874,73.677785190112,
    -0.102621062242));
#259 = DIRECTION('',(-0.455241568774,0.89036796554,0.));
#260 = DIRECTION('',(0.89036796554,0.455241568774,0.));
#261 = DEFINITIONAL_REPRESENTATION('',(#262),#265);
#262 = B_SPLINE_CURVE_WITH_KNOTS('',1,(#263,#264),.UNSPECIFIED.,.F.,.F.,
  (2,2),(0.,2.),.PIECEWISE_BEZIER_KNOTS.);
#263 = CARTESIAN_POINT('',(-0.129122422568,-1.102621062242));
#264 = CARTESIAN_POINT('',(-0.129122422568,0.897378937758));
#265 = ( GEOMETRIC_REPRESENTATION_CONTEXT(2) 
PARAMETRIC_REPRESENTATION_CONTEXT() REPRESENTATION_CONTEXT('2D SPACE',''
  ) );
#266 = ADVANCED_FACE('',(#267),#204,.T.);
#267 = FACE_BOUND('',#268,.T.);
#268 = EDGE_LOOP('',(#269,#296,#297));
#269 = ORIENTED_EDGE('',*,*,#270,.T.);
#270 = EDGE_CURVE('',#271,#184,#273,.T.);
#271 = VERTEX_POINT('',#272);
#272 = CARTESIAN_POINT('',(-185.333328247,73.330001831055,-1.));
#273 = SURFACE_CURVE('',#274,(#278,#285),.PCURVE_S1.);
#274 = LINE('',#275,#276);
#275 = CARTESIAN_POINT('',(-185.333328247,73.330001831055,-1.));
#276 = VECTOR('',#277,1.);
#277 = DIRECTION('',(0.,0.,1.));
#278 = PCURVE('',#204,#279);
#279 = DEFINITIONAL_REPRESENTATION('',(#280),#284);
#280 = LINE('',#281,#282);
#281 = CARTESIAN_POINT('',(-0.136197547124,0.892959704309));
#282 = VECTOR('',#283,1.);
#283 = DIRECTION('',(0.,-1.));
#284 = ( GEOMETRIC_REPRESENTATION_CONTEXT(2) 
PARAMETRIC_REPRESENTATION_CONTEXT() REPRESENTATION_CONTEXT('2D SPACE',''
  ) );
#285 = PCURVE('',#286,#291);
#286 = PLANE('',#287);
#287 = AXIS2_PLACEMENT_3D('',#288,#289,#290);
#288 = CARTESIAN_POINT('',(-185.4354416166,73.227796092008,
    0.112087623969));
#289 = DIRECTION('',(-0.707426380782,0.706787037072,-1.845141294601E-17)
  );
#290 = DIRECTION('',(-0.706787037072,-0.707426380782,-1.54074395551E-33)
  );
#291 = DEFINITIONAL_REPRESENTATION('',(#292),#295);
#292 = B_SPLINE_CURVE_WITH_KNOTS('',1,(#293,#294),.UNSPECIFIED.,.F.,.F.,
  (2,2),(0.,2.),.PIECEWISE_BEZIER_KNOTS.);
#293 = CARTESIAN_POINT('',(-0.144475442,-1.112087623969));
#294 = CARTESIAN_POINT('',(-0.144475442,0.887912376031));
#295 = ( GEOMETRIC_REPRESENTATION_CONTEXT(2) 
PARAMETRIC_REPRESENTATION_CONTEXT() REPRESENTATION_CONTEXT('2D SPACE',''
  ) );
#296 = ORIENTED_EDGE('',*,*,#181,.F.);
#297 = ORIENTED_EDGE('',*,*,#298,.T.);
#298 = EDGE_CURVE('',#182,#271,#299,.T.);
#299 = SURFACE_CURVE('',#300,(#304,#311),.PCURVE_S1.);
#300 = LINE('',#301,#302);
#301 = CARTESIAN_POINT('',(-184.9420013427,73.619003295898,-1.));
#302 = VECTOR('',#303,1.);
#303 = DIRECTION('',(-0.804412051531,-0.594071756063,0.));
#304 = PCURVE('',#204,#305);
#305 = DEFINITIONAL_REPRESENTATION('',(#306),#310);
#306 = LINE('',#307,#308);
#307 = CARTESIAN_POINT('',(0.350278138505,0.892959704309));
#308 = VECTOR('',#309,1.);
#309 = DIRECTION('',(-1.,-0.));
#310 = ( GEOMETRIC_REPRESENTATION_CONTEXT(2) 
PARAMETRIC_REPRESENTATION_CONTEXT() REPRESENTATION_CONTEXT('2D SPACE',''
  ) );
#311 = PCURVE('',#312,#317);
#312 = PLANE('',#313);
#313 = AXIS2_PLACEMENT_3D('',#314,#315,#316);
#314 = CARTESIAN_POINT('',(-185.7726451022,72.583307613245,-1.));
#315 = DIRECTION('',(-0.,-0.,-1.));
#316 = DIRECTION('',(-1.,0.,0.));
#317 = DEFINITIONAL_REPRESENTATION('',(#318),#321);
#318 = B_SPLINE_CURVE_WITH_KNOTS('',1,(#319,#320),.UNSPECIFIED.,.F.,.F.,
  (2,2),(0.,0.486475685629),.PIECEWISE_BEZIER_KNOTS.);
#319 = CARTESIAN_POINT('',(-0.830643759428,1.035695682653));
#320 = CARTESIAN_POINT('',(-0.439316855131,0.746694217809));
#321 = ( GEOMETRIC_REPRESENTATION_CONTEXT(2) 
PARAMETRIC_REPRESENTATION_CONTEXT() REPRESENTATION_CONTEXT('2D SPACE',''
  ) );
#322 = ADVANCED_FACE('',(#323),#256,.T.);
#323 = FACE_BOUND('',#324,.T.);
#324 = EDGE_LOOP('',(#325,#326,#353));
#325 = ORIENTED_EDGE('',*,*,#242,.F.);
#326 = ORIENTED_EDGE('',*,*,#327,.F.);
#327 = EDGE_CURVE('',#328,#216,#330,.T.);
#328 = VERTEX_POINT('',#329);
#329 = CARTESIAN_POINT('',(-184.5293273925,73.830001831055,-1.));
#330 = SURFACE_CURVE('',#331,(#335,#341),.PCURVE_S1.);
#331 = LINE('',#332,#333);
#332 = CARTESIAN_POINT('',(-184.5293273925,73.830001831055,-1.));
#333 = VECTOR('',#334,1.);
#334 = DIRECTION('',(-0.201009938294,-0.102775575031,0.974182829804));
#335 = PCURVE('',#256,#336);
#336 = DEFINITIONAL_REPRESENTATION('',(#337),#340);
#337 = B_SPLINE_CURVE_WITH_KNOTS('',1,(#338,#339),.UNSPECIFIED.,.F.,.F.,
  (2,2),(0.,2.053002720653),.PIECEWISE_BEZIER_KNOTS.);
#338 = CARTESIAN_POINT('',(0.334364547052,0.897378937758));
#339 = CARTESIAN_POINT('',(-0.129122422568,-1.102621062242));
#340 = ( GEOMETRIC_REPRESENTATION_CONTEXT(2) 
PARAMETRIC_REPRESENTATION_CONTEXT() REPRESENTATION_CONTEXT('2D SPACE',''
  ) );
#341 = PCURVE('',#342,#347);
#342 = PLANE('',#343);
#343 = AXIS2_PLACEMENT_3D('',#344,#345,#346);
#344 = CARTESIAN_POINT('',(-184.6442938612,73.771219936841,
    0.102621062242));
#345 = DIRECTION('',(-0.455241568774,0.89036796554,9.297502842886E-18));
#346 = DIRECTION('',(0.89036796554,0.455241568774,0.));
#347 = DEFINITIONAL_REPRESENTATION('',(#348),#352);
#348 = LINE('',#349,#350);
#349 = CARTESIAN_POINT('',(0.129122422568,1.102621062242));
#350 = VECTOR('',#351,1.);
#351 = DIRECTION('',(-0.225760523821,-0.974182829804));
#352 = ( GEOMETRIC_REPRESENTATION_CONTEXT(2) 
PARAMETRIC_REPRESENTATION_CONTEXT() REPRESENTATION_CONTEXT('2D SPACE',''
  ) );
#353 = ORIENTED_EDGE('',*,*,#354,.T.);
#354 = EDGE_CURVE('',#328,#182,#355,.T.);
#355 = SURFACE_CURVE('',#356,(#360,#367),.PCURVE_S1.);
#356 = LINE('',#357,#358);
#357 = CARTESIAN_POINT('',(-184.5293273925,73.830001831055,-1.));
#358 = VECTOR('',#359,1.);
#359 = DIRECTION('',(-0.89036796554,-0.455241568774,0.));
#360 = PCURVE('',#256,#361);
#361 = DEFINITIONAL_REPRESENTATION('',(#362),#366);
#362 = LINE('',#363,#364);
#363 = CARTESIAN_POINT('',(0.334364547052,0.897378937758));
#364 = VECTOR('',#365,1.);
#365 = DIRECTION('',(-1.,-0.));
#366 = ( GEOMETRIC_REPRESENTATION_CONTEXT(2) 
PARAMETRIC_REPRESENTATION_CONTEXT() REPRESENTATION_CONTEXT('2D SPACE',''
  ) );
#367 = PCURVE('',#368,#373);
#368 = PLANE('',#369);
#369 = AXIS2_PLACEMENT_3D('',#370,#371,#372);
#370 = CARTESIAN_POINT('',(-185.5696396795,72.698842500802,-1.));
#371 = DIRECTION('',(-0.,-0.,-1.));
#372 = DIRECTION('',(-1.,0.,0.));
#373 = DEFINITIONAL_REPRESENTATION('',(#374),#377);
#374 = B_SPLINE_CURVE_WITH_KNOTS('',1,(#375,#376),.UNSPECIFIED.,.F.,.F.,
  (2,2),(0.,0.46348696962),.PIECEWISE_BEZIER_KNOTS.);
#375 = CARTESIAN_POINT('',(-1.040312287012,1.131159330252));
#376 = CARTESIAN_POINT('',(-0.627638336817,0.920160795096));
#377 = ( GEOMETRIC_REPRESENTATION_CONTEXT(2) 
PARAMETRIC_REPRESENTATION_CONTEXT() REPRESENTATION_CONTEXT('2D SPACE',''
  ) );
#378 = ADVANCED_FACE('',(#379),#342,.T.);
#379 = FACE_BOUND('',#380,.T.);
#380 = EDGE_LOOP('',(#381,#382,#409));
#381 = ORIENTED_EDGE('',*,*,#327,.T.);
#382 = ORIENTED_EDGE('',*,*,#383,.T.);
#383 = EDGE_CURVE('',#216,#384,#386,.T.);
#384 = VERTEX_POINT('',#385);
#385 = CARTESIAN_POINT('',(-184.5293273925,73.830001831055,1.));
#386 = SURFACE_CURVE('',#387,(#391,#398),.PCURVE_S1.);
#387 = LINE('',#388,#389);
#388 = CARTESIAN_POINT('',(-184.9420013427,73.619003295898,1.));
#389 = VECTOR('',#390,1.);
#390 = DIRECTION('',(0.89036796554,0.455241568774,0.));
#391 = PCURVE('',#342,#392);
#392 = DEFINITIONAL_REPRESENTATION('',(#393),#397);
#393 = LINE('',#394,#395);
#394 = CARTESIAN_POINT('',(-0.334364547052,-0.897378937758));
#395 = VECTOR('',#396,1.);
#396 = DIRECTION('',(1.,5.161150863845E-34));
#397 = ( GEOMETRIC_REPRESENTATION_CONTEXT(2) 
PARAMETRIC_REPRESENTATION_CONTEXT() REPRESENTATION_CONTEXT('2D SPACE',''
  ) );
#398 = PCURVE('',#399,#404);
#399 = PLANE('',#400);
#400 = AXIS2_PLACEMENT_3D('',#401,#402,#403);
#401 = CARTESIAN_POINT('',(-184.5258854022,73.797700357188,1.));
#402 = DIRECTION('',(0.,0.,1.));
#403 = DIRECTION('',(1.,0.,-0.));
#404 = DEFINITIONAL_REPRESENTATION('',(#405),#408);
#405 = B_SPLINE_CURVE_WITH_KNOTS('',1,(#406,#407),.UNSPECIFIED.,.F.,.F.,
  (2,2),(0.,0.46348696962),.PIECEWISE_BEZIER_KNOTS.);
#406 = CARTESIAN_POINT('',(-0.416115940479,-0.17869706129));
#407 = CARTESIAN_POINT('',(-3.441990283591E-03,3.230147386623E-02));
#408 = ( GEOMETRIC_REPRESENTATION_CONTEXT(2) 
PARAMETRIC_REPRESENTATION_CONTEXT() REPRESENTATION_CONTEXT('2D SPACE',''
  ) );
#409 = ORIENTED_EDGE('',*,*,#410,.T.);
#410 = EDGE_CURVE('',#384,#328,#411,.T.);
#411 = SURFACE_CURVE('',#412,(#416,#423),.PCURVE_S1.);
#412 = LINE('',#413,#414);
#413 = CARTESIAN_POINT('',(-184.5293273925,73.830001831055,1.));
#414 = VECTOR('',#415,1.);
#415 = DIRECTION('',(0.,0.,-1.));
#416 = PCURVE('',#342,#417);
#417 = DEFINITIONAL_REPRESENTATION('',(#418),#422);
#418 = LINE('',#419,#420);
#419 = CARTESIAN_POINT('',(0.129122422568,-0.897378937758));
#420 = VECTOR('',#421,1.);
#421 = DIRECTION('',(0.,1.));
#422 = ( GEOMETRIC_REPRESENTATION_CONTEXT(2) 
PARAMETRIC_REPRESENTATION_CONTEXT() REPRESENTATION_CONTEXT('2D SPACE',''
  ) );
#423 = PCURVE('',#424,#429);
#424 = PLANE('',#425);
#425 = AXIS2_PLACEMENT_3D('',#426,#427,#428);
#426 = CARTESIAN_POINT('',(-184.4107349808,73.865247131635,
    -9.917847716582E-02));
#427 = DIRECTION('',(-0.284881870647,0.958562632162,9.324890334839E-18)
  );
#428 = DIRECTION('',(0.958562632162,0.284881870647,-3.851859888774E-34)
  );
#429 = DEFINITIONAL_REPRESENTATION('',(#430),#433);
#430 = B_SPLINE_CURVE_WITH_KNOTS('',1,(#431,#432),.UNSPECIFIED.,.F.,.F.,
  (2,2),(0.,2.),.PIECEWISE_BEZIER_KNOTS.);
#431 = CARTESIAN_POINT('',(-0.123719001495,-1.099178477166));
#432 = CARTESIAN_POINT('',(-0.123719001495,0.900821522834));
#433 = ( GEOMETRIC_REPRESENTATION_CONTEXT(2) 
PARAMETRIC_REPRESENTATION_CONTEXT() REPRESENTATION_CONTEXT('2D SPACE',''
  ) );
#434 = ADVANCED_FACE('',(#435),#424,.T.);
#435 = FACE_BOUND('',#436,.T.);
#436 = EDGE_LOOP('',(#437,#438,#465));
#437 = ORIENTED_EDGE('',*,*,#410,.F.);
#438 = ORIENTED_EDGE('',*,*,#439,.F.);
#439 = EDGE_CURVE('',#440,#384,#442,.T.);
#440 = VERTEX_POINT('',#441);
#441 = CARTESIAN_POINT('',(-184.1020050048,73.957000732422,-1.));
#442 = SURFACE_CURVE('',#443,(#447,#453),.PCURVE_S1.);
#443 = LINE('',#444,#445);
#444 = CARTESIAN_POINT('',(-184.1020050048,73.957000732422,-1.));
#445 = VECTOR('',#446,1.);
#446 = DIRECTION('',(-0.20854342876,-6.19784666157E-02,0.976047287787));
#447 = PCURVE('',#424,#448);
#448 = DEFINITIONAL_REPRESENTATION('',(#449),#452);
#449 = B_SPLINE_CURVE_WITH_KNOTS('',1,(#450,#451),.UNSPECIFIED.,.F.,.F.,
  (2,2),(0.,2.049081048659),.PIECEWISE_BEZIER_KNOTS.);
#450 = CARTESIAN_POINT('',(0.322075955827,0.900821522834));
#451 = CARTESIAN_POINT('',(-0.123719001495,-1.099178477166));
#452 = ( GEOMETRIC_REPRESENTATION_CONTEXT(2) 
PARAMETRIC_REPRESENTATION_CONTEXT() REPRESENTATION_CONTEXT('2D SPACE',''
  ) );
#453 = PCURVE('',#454,#459);
#454 = PLANE('',#455);
#455 = AXIS2_PLACEMENT_3D('',#456,#457,#458);
#456 = CARTESIAN_POINT('',(-184.2205974166,73.921755431841,
    9.917847716582E-02));
#457 = DIRECTION('',(-0.284881870647,0.958562632162,-9.324890334839E-18)
  );
#458 = DIRECTION('',(0.958562632162,0.284881870647,0.));
#459 = DEFINITIONAL_REPRESENTATION('',(#460),#464);
#460 = LINE('',#461,#462);
#461 = CARTESIAN_POINT('',(0.123719001495,1.099178477166));
#462 = VECTOR('',#463,1.);
#463 = DIRECTION('',(-0.217558479502,-0.976047287787));
#464 = ( GEOMETRIC_REPRESENTATION_CONTEXT(2) 
PARAMETRIC_REPRESENTATION_CONTEXT() REPRESENTATION_CONTEXT('2D SPACE',''
  ) );
#465 = ORIENTED_EDGE('',*,*,#466,.T.);
#466 = EDGE_CURVE('',#440,#328,#467,.T.);
#467 = SURFACE_CURVE('',#468,(#472,#479),.PCURVE_S1.);
#468 = LINE('',#469,#470);
#469 = CARTESIAN_POINT('',(-184.1020050048,73.957000732422,-1.));
#470 = VECTOR('',#471,1.);
#471 = DIRECTION('',(-0.958562632162,-0.284881870647,0.));
#472 = PCURVE('',#424,#473);
#473 = DEFINITIONAL_REPRESENTATION('',(#474),#478);
#474 = LINE('',#475,#476);
#475 = CARTESIAN_POINT('',(0.322075955827,0.900821522834));
#476 = VECTOR('',#477,1.);
#477 = DIRECTION('',(-1.,9.028213864696E-34));
#478 = ( GEOMETRIC_REPRESENTATION_CONTEXT(2) 
PARAMETRIC_REPRESENTATION_CONTEXT() REPRESENTATION_CONTEXT('2D SPACE',''
  ) );
#479 = PCURVE('',#480,#485);
#480 = PLANE('',#481);
#481 = AXIS2_PLACEMENT_3D('',#482,#483,#484);
#482 = CARTESIAN_POINT('',(-185.3574102923,72.774677393084,-1.));
#483 = DIRECTION('',(-0.,-0.,-1.));
#484 = DIRECTION('',(-1.,0.,0.));
#485 = DEFINITIONAL_REPRESENTATION('',(#486),#489);
#486 = B_SPLINE_CURVE_WITH_KNOTS('',1,(#487,#488),.UNSPECIFIED.,.F.,.F.,
  (2,2),(0.,0.445794957322),.PIECEWISE_BEZIER_KNOTS.);
#487 = CARTESIAN_POINT('',(-1.255405287513,1.182323339338));
#488 = CARTESIAN_POINT('',(-0.828082899818,1.05532443797));
#489 = ( GEOMETRIC_REPRESENTATION_CONTEXT(2) 
PARAMETRIC_REPRESENTATION_CONTEXT() REPRESENTATION_CONTEXT('2D SPACE',''
  ) );
#490 = ADVANCED_FACE('',(#491),#454,.T.);
#491 = FACE_BOUND('',#492,.T.);
#492 = EDGE_LOOP('',(#493,#494,#516));
#493 = ORIENTED_EDGE('',*,*,#439,.T.);
#494 = ORIENTED_EDGE('',*,*,#495,.T.);
#495 = EDGE_CURVE('',#384,#496,#498,.T.);
#496 = VERTEX_POINT('',#497);
#497 = CARTESIAN_POINT('',(-184.1020050048,73.957000732422,1.));
#498 = SURFACE_CURVE('',#499,(#503,#510),.PCURVE_S1.);
#499 = LINE('',#500,#501);
#500 = CARTESIAN_POINT('',(-184.5293273925,73.830001831055,1.));
#501 = VECTOR('',#502,1.);
#502 = DIRECTION('',(0.958562632162,0.284881870647,0.));
#503 = PCURVE('',#454,#504);
#504 = DEFINITIONAL_REPRESENTATION('',(#505),#509);
#505 = LINE('',#506,#507);
#506 = CARTESIAN_POINT('',(-0.322075955827,-0.900821522834));
#507 = VECTOR('',#508,1.);
#508 = DIRECTION('',(1.,5.176353975921E-34));
#509 = ( GEOMETRIC_REPRESENTATION_CONTEXT(2) 
PARAMETRIC_REPRESENTATION_CONTEXT() REPRESENTATION_CONTEXT('2D SPACE',''
  ) );
#510 = PCURVE('',#399,#511);
#511 = DEFINITIONAL_REPRESENTATION('',(#512),#515);
#512 = B_SPLINE_CURVE_WITH_KNOTS('',1,(#513,#514),.UNSPECIFIED.,.F.,.F.,
  (2,2),(0.,0.445794957322),.PIECEWISE_BEZIER_KNOTS.);
#513 = CARTESIAN_POINT('',(-3.441990283591E-03,3.230147386623E-02));
#514 = CARTESIAN_POINT('',(0.423880397412,0.159300375233));
#515 = ( GEOMETRIC_REPRESENTATION_CONTEXT(2) 
PARAMETRIC_REPRESENTATION_CONTEXT() REPRESENTATION_CONTEXT('2D SPACE',''
  ) );
#516 = ORIENTED_EDGE('',*,*,#517,.T.);
#517 = EDGE_CURVE('',#496,#440,#518,.T.);
#518 = SURFACE_CURVE('',#519,(#523,#530),.PCURVE_S1.);
#519 = LINE('',#520,#521);
#520 = CARTESIAN_POINT('',(-184.1020050048,73.957000732422,1.));
#521 = VECTOR('',#522,1.);
#522 = DIRECTION('',(0.,0.,-1.));
#523 = PCURVE('',#454,#524);
#524 = DEFINITIONAL_REPRESENTATION('',(#525),#529);
#525 = LINE('',#526,#527);
#526 = CARTESIAN_POINT('',(0.123719001495,-0.900821522834));
#527 = VECTOR('',#528,1.);
#528 = DIRECTION('',(3.851859888774E-34,1.));
#529 = ( GEOMETRIC_REPRESENTATION_CONTEXT(2) 
PARAMETRIC_REPRESENTATION_CONTEXT() REPRESENTATION_CONTEXT('2D SPACE',''
  ) );
#530 = PCURVE('',#531,#536);
#531 = PLANE('',#532);
#532 = AXIS2_PLACEMENT_3D('',#533,#534,#535);
#533 = CARTESIAN_POINT('',(-183.9814084109,73.968912446464,
    -9.754239761328E-02));
#534 = DIRECTION('',(-9.829489516156E-02,0.995157331071,
    -9.33814461349E-18));
#535 = DIRECTION('',(0.995157331071,9.829489516156E-02,0.));
#536 = DEFINITIONAL_REPRESENTATION('',(#537),#540);
#537 = B_SPLINE_CURVE_WITH_KNOTS('',1,(#538,#539),.UNSPECIFIED.,.F.,.F.,
  (2,2),(0.,2.),.PIECEWISE_BEZIER_KNOTS.);
#538 = CARTESIAN_POINT('',(-0.121183445206,-1.097542397613));
#539 = CARTESIAN_POINT('',(-0.121183445206,0.902457602387));
#540 = ( GEOMETRIC_REPRESENTATION_CONTEXT(2) 
PARAMETRIC_REPRESENTATION_CONTEXT() REPRESENTATION_CONTEXT('2D SPACE',''
  ) );
#541 = ADVANCED_FACE('',(#542),#531,.T.);
#542 = FACE_BOUND('',#543,.T.);
#543 = EDGE_LOOP('',(#544,#545,#572));
#544 = ORIENTED_EDGE('',*,*,#517,.F.);
#545 = ORIENTED_EDGE('',*,*,#546,.F.);
#546 = EDGE_CURVE('',#547,#496,#549,.T.);
#547 = VERTEX_POINT('',#548);
#548 = CARTESIAN_POINT('',(-183.6666717529,74.,-1.));
#549 = SURFACE_CURVE('',#550,(#554,#560),.PCURVE_S1.);
#550 = LINE('',#551,#552);
#551 = CARTESIAN_POINT('',(-183.6666717529,74.,-1.));
#552 = VECTOR('',#553,1.);
#553 = DIRECTION('',(-0.212639603002,-2.100309853695E-02,0.976904943732)
  );
#554 = PCURVE('',#531,#555);
#555 = DEFINITIONAL_REPRESENTATION('',(#556),#559);
#556 = B_SPLINE_CURVE_WITH_KNOTS('',1,(#557,#558),.UNSPECIFIED.,.F.,.F.,
  (2,2),(0.,2.047282095186),.PIECEWISE_BEZIER_KNOTS.);
#557 = CARTESIAN_POINT('',(0.316268240433,0.902457602387));
#558 = CARTESIAN_POINT('',(-0.121183445206,-1.097542397613));
#559 = ( GEOMETRIC_REPRESENTATION_CONTEXT(2) 
PARAMETRIC_REPRESENTATION_CONTEXT() REPRESENTATION_CONTEXT('2D SPACE',''
  ) );
#560 = PCURVE('',#561,#566);
#561 = PLANE('',#562);
#562 = AXIS2_PLACEMENT_3D('',#563,#564,#565);
#563 = CARTESIAN_POINT('',(-183.7872683468,73.988088285958,
    9.754239761328E-02));
#564 = DIRECTION('',(-9.829489516156E-02,0.995157331071,
    -2.334536153373E-18));
#565 = DIRECTION('',(0.995157331071,9.829489516156E-02,
    4.814824860968E-35));
#566 = DEFINITIONAL_REPRESENTATION('',(#567),#571);
#567 = LINE('',#568,#569);
#568 = CARTESIAN_POINT('',(0.121183445206,1.097542397613));
#569 = VECTOR('',#570,1.);
#570 = DIRECTION('',(-0.213674357172,-0.976904943732));
#571 = ( GEOMETRIC_REPRESENTATION_CONTEXT(2) 
PARAMETRIC_REPRESENTATION_CONTEXT() REPRESENTATION_CONTEXT('2D SPACE',''
  ) );
#572 = ORIENTED_EDGE('',*,*,#573,.T.);
#573 = EDGE_CURVE('',#547,#440,#574,.T.);
#574 = SURFACE_CURVE('',#575,(#579,#586),.PCURVE_S1.);
#575 = LINE('',#576,#577);
#576 = CARTESIAN_POINT('',(-183.6666717529,74.,-1.));
#577 = VECTOR('',#578,1.);
#578 = DIRECTION('',(-0.995157331071,-9.829489516156E-02,0.));
#579 = PCURVE('',#531,#580);
#580 = DEFINITIONAL_REPRESENTATION('',(#581),#585);
#581 = LINE('',#582,#583);
#582 = CARTESIAN_POINT('',(0.316268240433,0.902457602387));
#583 = VECTOR('',#584,1.);
#584 = DIRECTION('',(-1.,-5.183711578588E-34));
#585 = ( GEOMETRIC_REPRESENTATION_CONTEXT(2) 
PARAMETRIC_REPRESENTATION_CONTEXT() REPRESENTATION_CONTEXT('2D SPACE',''
  ) );
#586 = PCURVE('',#587,#592);
#587 = PLANE('',#588);
#588 = AXIS2_PLACEMENT_3D('',#589,#590,#591);
#589 = CARTESIAN_POINT('',(-185.2402353547,72.522088535817,-1.));
#590 = DIRECTION('',(-0.,-0.,-1.));
#591 = DIRECTION('',(-1.,0.,0.));
#592 = DEFINITIONAL_REPRESENTATION('',(#593),#596);
#593 = B_SPLINE_CURVE_WITH_KNOTS('',1,(#594,#595),.UNSPECIFIED.,.F.,.F.,
  (2,2),(0.,0.437451685639),.PIECEWISE_BEZIER_KNOTS.);
#594 = CARTESIAN_POINT('',(-1.573563601797,1.477911464183));
#595 = CARTESIAN_POINT('',(-1.138230349844,1.434912196605));
#596 = ( GEOMETRIC_REPRESENTATION_CONTEXT(2) 
PARAMETRIC_REPRESENTATION_CONTEXT() REPRESENTATION_CONTEXT('2D SPACE',''
  ) );
#597 = ADVANCED_FACE('',(#598),#612,.T.);
#598 = FACE_BOUND('',#599,.T.);
#599 = EDGE_LOOP('',(#600,#634,#661));
#600 = ORIENTED_EDGE('',*,*,#601,.T.);
#601 = EDGE_CURVE('',#602,#604,#606,.T.);
#602 = VERTEX_POINT('',#603);
#603 = CARTESIAN_POINT('',(-170.333328247,74.,-1.));
#604 = VERTEX_POINT('',#605);
#605 = CARTESIAN_POINT('',(-183.6666717529,74.,1.));
#606 = SURFACE_CURVE('',#607,(#611,#623),.PCURVE_S1.);
#607 = LINE('',#608,#609);
#608 = CARTESIAN_POINT('',(-170.333328247,74.,-1.));
#609 = VECTOR('',#610,1.);
#610 = DIRECTION('',(-0.988936369471,0.,0.148340342246));
#611 = PCURVE('',#612,#617);
#612 = PLANE('',#613);
#613 = AXIS2_PLACEMENT_3D('',#614,#615,#616);
#614 = CARTESIAN_POINT('',(-176.5372913745,74.,0.462708625444));
#615 = DIRECTION('',(0.,1.,0.));
#616 = DIRECTION('',(0.,-0.,1.));
#617 = DEFINITIONAL_REPRESENTATION('',(#618),#622);
#618 = LINE('',#619,#620);
#619 = CARTESIAN_POINT('',(-1.462708625444,6.203963127486));
#620 = VECTOR('',#621,1.);
#621 = DIRECTION('',(0.148340342246,-0.988936369471));
#622 = ( GEOMETRIC_REPRESENTATION_CONTEXT(2) 
PARAMETRIC_REPRESENTATION_CONTEXT() REPRESENTATION_CONTEXT('2D SPACE',''
  ) );
#623 = PCURVE('',#624,#629);
#624 = PLANE('',#625);
#625 = AXIS2_PLACEMENT_3D('',#626,#627,#628);
#626 = CARTESIAN_POINT('',(-177.4627086254,74.,-0.462708625444));
#627 = DIRECTION('',(0.,1.,0.));
#628 = DIRECTION('',(0.,-0.,1.));
#629 = DEFINITIONAL_REPRESENTATION('',(#630),#633);
#630 = B_SPLINE_CURVE_WITH_KNOTS('',1,(#631,#632),.UNSPECIFIED.,.F.,.F.,
  (2,2),(0.,13.482509004085),.PIECEWISE_BEZIER_KNOTS.);
#631 = CARTESIAN_POINT('',(-0.537291374556,7.129380378373));
#632 = CARTESIAN_POINT('',(1.462708625444,-6.203963127486));
#633 = ( GEOMETRIC_REPRESENTATION_CONTEXT(2) 
PARAMETRIC_REPRESENTATION_CONTEXT() REPRESENTATION_CONTEXT('2D SPACE',''
  ) );
#634 = ORIENTED_EDGE('',*,*,#635,.T.);
#635 = EDGE_CURVE('',#604,#636,#638,.T.);
#636 = VERTEX_POINT('',#637);
#637 = CARTESIAN_POINT('',(-170.333328247,74.,1.));
#638 = SURFACE_CURVE('',#639,(#643,#650),.PCURVE_S1.);
#639 = LINE('',#640,#641);
#640 = CARTESIAN_POINT('',(-183.6666717529,74.,1.));
#641 = VECTOR('',#642,1.);
#642 = DIRECTION('',(1.,0.,0.));
#643 = PCURVE('',#612,#644);
#644 = DEFINITIONAL_REPRESENTATION('',(#645),#649);
#645 = LINE('',#646,#647);
#646 = CARTESIAN_POINT('',(0.537291374556,-7.129380378373));
#647 = VECTOR('',#648,1.);
#648 = DIRECTION('',(0.,1.));
#649 = ( GEOMETRIC_REPRESENTATION_CONTEXT(2) 
PARAMETRIC_REPRESENTATION_CONTEXT() REPRESENTATION_CONTEXT('2D SPACE',''
  ) );
#650 = PCURVE('',#651,#656);
#651 = PLANE('',#652);
#652 = AXIS2_PLACEMENT_3D('',#653,#654,#655);
#653 = CARTESIAN_POINT('',(-175.3333328247,70.666667175293,1.));
#654 = DIRECTION('',(0.,0.,1.));
#655 = DIRECTION('',(1.,0.,-0.));
#656 = DEFINITIONAL_REPRESENTATION('',(#657),#660);
#657 = B_SPLINE_CURVE_WITH_KNOTS('',1,(#658,#659),.UNSPECIFIED.,.F.,.F.,
  (2,2),(0.,13.333343505859),.PIECEWISE_BEZIER_KNOTS.);
#658 = CARTESIAN_POINT('',(-8.333338928222,3.333332824707));
#659 = CARTESIAN_POINT('',(5.000004577637,3.333332824707));
#660 = ( GEOMETRIC_REPRESENTATION_CONTEXT(2) 
PARAMETRIC_REPRESENTATION_CONTEXT() REPRESENTATION_CONTEXT('2D SPACE',''
  ) );
#661 = ORIENTED_EDGE('',*,*,#662,.T.);
#662 = EDGE_CURVE('',#636,#602,#663,.T.);
#663 = SURFACE_CURVE('',#664,(#668,#675),.PCURVE_S1.);
#664 = LINE('',#665,#666);
#665 = CARTESIAN_POINT('',(-170.333328247,74.,1.));
#666 = VECTOR('',#667,1.);
#667 = DIRECTION('',(0.,0.,-1.));
#668 = PCURVE('',#612,#669);
#669 = DEFINITIONAL_REPRESENTATION('',(#670),#674);
#670 = LINE('',#671,#672);
#671 = CARTESIAN_POINT('',(0.537291374556,6.203963127486));
#672 = VECTOR('',#673,1.);
#673 = DIRECTION('',(-1.,0.));
#674 = ( GEOMETRIC_REPRESENTATION_CONTEXT(2) 
PARAMETRIC_REPRESENTATION_CONTEXT() REPRESENTATION_CONTEXT('2D SPACE',''
  ) );
#675 = PCURVE('',#676,#681);
#676 = PLANE('',#677);
#677 = AXIS2_PLACEMENT_3D('',#678,#679,#680);
#678 = CARTESIAN_POINT('',(-170.2127316531,73.988088285958,
    9.754239761328E-02));
#679 = DIRECTION('',(9.829489516156E-02,0.995157331071,
    4.669072306745E-18));
#680 = DIRECTION('',(0.995157331071,-9.829489516156E-02,
    9.629649721936E-35));
#681 = DEFINITIONAL_REPRESENTATION('',(#682),#685);
#682 = B_SPLINE_CURVE_WITH_KNOTS('',1,(#683,#684),.UNSPECIFIED.,.F.,.F.,
  (2,2),(0.,2.),.PIECEWISE_BEZIER_KNOTS.);
#683 = CARTESIAN_POINT('',(-0.121183445206,-0.902457602387));
#684 = CARTESIAN_POINT('',(-0.121183445206,1.097542397613));
#685 = ( GEOMETRIC_REPRESENTATION_CONTEXT(2) 
PARAMETRIC_REPRESENTATION_CONTEXT() REPRESENTATION_CONTEXT('2D SPACE',''
  ) );
#686 = ADVANCED_FACE('',(#687),#624,.T.);
#687 = FACE_BOUND('',#688,.T.);
#688 = EDGE_LOOP('',(#689,#709,#710));
#689 = ORIENTED_EDGE('',*,*,#690,.T.);
#690 = EDGE_CURVE('',#547,#604,#691,.T.);
#691 = SURFACE_CURVE('',#692,(#696,#703),.PCURVE_S1.);
#692 = LINE('',#693,#694);
#693 = CARTESIAN_POINT('',(-183.6666717529,74.,-1.));
#694 = VECTOR('',#695,1.);
#695 = DIRECTION('',(0.,0.,1.));
#696 = PCURVE('',#624,#697);
#697 = DEFINITIONAL_REPRESENTATION('',(#698),#702);
#698 = LINE('',#699,#700);
#699 = CARTESIAN_POINT('',(-0.537291374556,-6.203963127486));
#700 = VECTOR('',#701,1.);
#701 = DIRECTION('',(1.,0.));
#702 = ( GEOMETRIC_REPRESENTATION_CONTEXT(2) 
PARAMETRIC_REPRESENTATION_CONTEXT() REPRESENTATION_CONTEXT('2D SPACE',''
  ) );
#703 = PCURVE('',#561,#704);
#704 = DEFINITIONAL_REPRESENTATION('',(#705),#708);
#705 = B_SPLINE_CURVE_WITH_KNOTS('',1,(#706,#707),.UNSPECIFIED.,.F.,.F.,
  (2,2),(0.,2.),.PIECEWISE_BEZIER_KNOTS.);
#706 = CARTESIAN_POINT('',(0.121183445206,1.097542397613));
#707 = CARTESIAN_POINT('',(0.121183445206,-0.902457602387));
#708 = ( GEOMETRIC_REPRESENTATION_CONTEXT(2) 
PARAMETRIC_REPRESENTATION_CONTEXT() REPRESENTATION_CONTEXT('2D SPACE',''
  ) );
#709 = ORIENTED_EDGE('',*,*,#601,.F.);
#710 = ORIENTED_EDGE('',*,*,#711,.T.);
#711 = EDGE_CURVE('',#602,#547,#712,.T.);
#712 = SURFACE_CURVE('',#713,(#717,#724),.PCURVE_S1.);
#713 = LINE('',#714,#715);
#714 = CARTESIAN_POINT('',(-170.333328247,74.,-1.));
#715 = VECTOR('',#716,1.);
#716 = DIRECTION('',(-1.,0.,0.));
#717 = PCURVE('',#624,#718);
#718 = DEFINITIONAL_REPRESENTATION('',(#719),#723);
#719 = LINE('',#720,#721);
#720 = CARTESIAN_POINT('',(-0.537291374556,7.129380378373));
#721 = VECTOR('',#722,1.);
#722 = DIRECTION('',(0.,-1.));
#723 = ( GEOMETRIC_REPRESENTATION_CONTEXT(2) 
PARAMETRIC_REPRESENTATION_CONTEXT() REPRESENTATION_CONTEXT('2D SPACE',''
  ) );
#724 = PCURVE('',#725,#730);
#725 = PLANE('',#726);
#726 = AXIS2_PLACEMENT_3D('',#727,#728,#729);
#727 = CARTESIAN_POINT('',(-175.3333328247,70.666667175293,-1.));
#728 = DIRECTION('',(-0.,-0.,-1.));
#729 = DIRECTION('',(-1.,0.,0.));
#730 = DEFINITIONAL_REPRESENTATION('',(#731),#734);
#731 = B_SPLINE_CURVE_WITH_KNOTS('',1,(#732,#733),.UNSPECIFIED.,.F.,.F.,
  (2,2),(0.,13.333343505859),.PIECEWISE_BEZIER_KNOTS.);
#732 = CARTESIAN_POINT('',(-5.000004577637,3.333332824707));
#733 = CARTESIAN_POINT('',(8.333338928222,3.333332824707));
#734 = ( GEOMETRIC_REPRESENTATION_CONTEXT(2) 
PARAMETRIC_REPRESENTATION_CONTEXT() REPRESENTATION_CONTEXT('2D SPACE',''
  ) );
#735 = ADVANCED_FACE('',(#736),#561,.T.);
#736 = FACE_BOUND('',#737,.T.);
#737 = EDGE_LOOP('',(#738,#739,#764));
#738 = ORIENTED_EDGE('',*,*,#546,.T.);
#739 = ORIENTED_EDGE('',*,*,#740,.T.);
#740 = EDGE_CURVE('',#496,#604,#741,.T.);
#741 = SURFACE_CURVE('',#742,(#746,#753),.PCURVE_S1.);
#742 = LINE('',#743,#744);
#743 = CARTESIAN_POINT('',(-184.1020050048,73.957000732422,1.));
#744 = VECTOR('',#745,1.);
#745 = DIRECTION('',(0.995157331071,9.829489516156E-02,0.));
#746 = PCURVE('',#561,#747);
#747 = DEFINITIONAL_REPRESENTATION('',(#748),#752);
#748 = LINE('',#749,#750);
#749 = CARTESIAN_POINT('',(-0.316268240433,-0.902457602387));
#750 = VECTOR('',#751,1.);
#751 = DIRECTION('',(1.,1.286946945855E-34));
#752 = ( GEOMETRIC_REPRESENTATION_CONTEXT(2) 
PARAMETRIC_REPRESENTATION_CONTEXT() REPRESENTATION_CONTEXT('2D SPACE',''
  ) );
#753 = PCURVE('',#754,#759);
#754 = PLANE('',#755);
#755 = AXIS2_PLACEMENT_3D('',#756,#757,#758);
#756 = CARTESIAN_POINT('',(-184.309331795,73.829869461612,1.));
#757 = DIRECTION('',(0.,0.,1.));
#758 = DIRECTION('',(1.,0.,-0.));
#759 = DEFINITIONAL_REPRESENTATION('',(#760),#763);
#760 = B_SPLINE_CURVE_WITH_KNOTS('',1,(#761,#762),.UNSPECIFIED.,.F.,.F.,
  (2,2),(0.,0.437451685639),.PIECEWISE_BEZIER_KNOTS.);
#761 = CARTESIAN_POINT('',(0.207326790152,0.12713127081));
#762 = CARTESIAN_POINT('',(0.642660042105,0.170130538388));
#763 = ( GEOMETRIC_REPRESENTATION_CONTEXT(2) 
PARAMETRIC_REPRESENTATION_CONTEXT() REPRESENTATION_CONTEXT('2D SPACE',''
  ) );
#764 = ORIENTED_EDGE('',*,*,#690,.F.);
#765 = ADVANCED_FACE('',(#766),#399,.T.);
#766 = FACE_BOUND('',#767,.T.);
#767 = EDGE_LOOP('',(#768,#769,#770));
#768 = ORIENTED_EDGE('',*,*,#495,.F.);
#769 = ORIENTED_EDGE('',*,*,#383,.F.);
#770 = ORIENTED_EDGE('',*,*,#771,.T.);
#771 = EDGE_CURVE('',#216,#496,#772,.T.);
#772 = SURFACE_CURVE('',#773,(#777,#784),.PCURVE_S1.);
#773 = LINE('',#774,#775);
#774 = CARTESIAN_POINT('',(-184.9420013427,73.619003295898,1.));
#775 = VECTOR('',#776,1.);
#776 = DIRECTION('',(0.927713485966,0.373293032291,0.));
#777 = PCURVE('',#399,#778);
#778 = DEFINITIONAL_REPRESENTATION('',(#779),#783);
#779 = LINE('',#780,#781);
#780 = CARTESIAN_POINT('',(-0.416115940479,-0.17869706129));
#781 = VECTOR('',#782,1.);
#782 = DIRECTION('',(0.927713485966,0.373293032291));
#783 = ( GEOMETRIC_REPRESENTATION_CONTEXT(2) 
PARAMETRIC_REPRESENTATION_CONTEXT() REPRESENTATION_CONTEXT('2D SPACE',''
  ) );
#784 = PCURVE('',#754,#785);
#785 = DEFINITIONAL_REPRESENTATION('',(#786),#789);
#786 = B_SPLINE_CURVE_WITH_KNOTS('',1,(#787,#788),.UNSPECIFIED.,.F.,.F.,
  (2,2),(0.,0.90544801881),.PIECEWISE_BEZIER_KNOTS.);
#787 = CARTESIAN_POINT('',(-0.632669547739,-0.210866165714));
#788 = CARTESIAN_POINT('',(0.207326790152,0.12713127081));
#789 = ( GEOMETRIC_REPRESENTATION_CONTEXT(2) 
PARAMETRIC_REPRESENTATION_CONTEXT() REPRESENTATION_CONTEXT('2D SPACE',''
  ) );
#790 = ADVANCED_FACE('',(#791),#754,.T.);
#791 = FACE_BOUND('',#792,.T.);
#792 = EDGE_LOOP('',(#793,#813,#814));
#793 = ORIENTED_EDGE('',*,*,#794,.T.);
#794 = EDGE_CURVE('',#216,#604,#795,.T.);
#795 = SURFACE_CURVE('',#796,(#800,#807),.PCURVE_S1.);
#796 = LINE('',#797,#798);
#797 = CARTESIAN_POINT('',(-184.9420013427,73.619003295898,1.));
#798 = VECTOR('',#799,1.);
#799 = DIRECTION('',(0.958156946245,0.286243369117,0.));
#800 = PCURVE('',#754,#801);
#801 = DEFINITIONAL_REPRESENTATION('',(#802),#806);
#802 = LINE('',#803,#804);
#803 = CARTESIAN_POINT('',(-0.632669547739,-0.210866165714));
#804 = VECTOR('',#805,1.);
#805 = DIRECTION('',(0.958156946245,0.286243369117));
#806 = ( GEOMETRIC_REPRESENTATION_CONTEXT(2) 
PARAMETRIC_REPRESENTATION_CONTEXT() REPRESENTATION_CONTEXT('2D SPACE',''
  ) );
#807 = PCURVE('',#231,#808);
#808 = DEFINITIONAL_REPRESENTATION('',(#809),#812);
#809 = B_SPLINE_CURVE_WITH_KNOTS('',1,(#810,#811),.UNSPECIFIED.,.F.,.F.,
  (2,2),(0.,1.331023685464),.PIECEWISE_BEZIER_KNOTS.);
#810 = CARTESIAN_POINT('',(-0.42822749303,-7.357565372469E-02));
#811 = CARTESIAN_POINT('',(0.847102096813,0.307421050377));
#812 = ( GEOMETRIC_REPRESENTATION_CONTEXT(2) 
PARAMETRIC_REPRESENTATION_CONTEXT() REPRESENTATION_CONTEXT('2D SPACE',''
  ) );
#813 = ORIENTED_EDGE('',*,*,#740,.F.);
#814 = ORIENTED_EDGE('',*,*,#771,.F.);
#815 = ADVANCED_FACE('',(#816),#231,.T.);
#816 = FACE_BOUND('',#817,.T.);
#817 = EDGE_LOOP('',(#818,#843,#844));
#818 = ORIENTED_EDGE('',*,*,#819,.T.);
#819 = EDGE_CURVE('',#184,#604,#820,.T.);
#820 = SURFACE_CURVE('',#821,(#825,#832),.PCURVE_S1.);
#821 = LINE('',#822,#823);
#822 = CARTESIAN_POINT('',(-185.333328247,73.330001831055,1.));
#823 = VECTOR('',#824,1.);
#824 = DIRECTION('',(0.927834991184,0.372990923662,0.));
#825 = PCURVE('',#231,#826);
#826 = DEFINITIONAL_REPRESENTATION('',(#827),#831);
#827 = LINE('',#828,#829);
#828 = CARTESIAN_POINT('',(-0.819554397327,-0.362577118568));
#829 = VECTOR('',#830,1.);
#830 = DIRECTION('',(0.927834991184,0.372990923662));
#831 = ( GEOMETRIC_REPRESENTATION_CONTEXT(2) 
PARAMETRIC_REPRESENTATION_CONTEXT() REPRESENTATION_CONTEXT('2D SPACE',''
  ) );
#832 = PCURVE('',#833,#838);
#833 = PLANE('',#834);
#834 = AXIS2_PLACEMENT_3D('',#835,#836,#837);
#835 = CARTESIAN_POINT('',(-184.7035466518,73.517105969237,1.));
#836 = DIRECTION('',(0.,0.,1.));
#837 = DIRECTION('',(1.,0.,-0.));
#838 = DEFINITIONAL_REPRESENTATION('',(#839),#842);
#839 = B_SPLINE_CURVE_WITH_KNOTS('',1,(#840,#841),.UNSPECIFIED.,.F.,.F.,
  (2,2),(0.,1.796285449435),.PIECEWISE_BEZIER_KNOTS.);
#840 = CARTESIAN_POINT('',(-0.629781595263,-0.187104138182));
#841 = CARTESIAN_POINT('',(1.036874898878,0.482894030763));
#842 = ( GEOMETRIC_REPRESENTATION_CONTEXT(2) 
PARAMETRIC_REPRESENTATION_CONTEXT() REPRESENTATION_CONTEXT('2D SPACE',''
  ) );
#843 = ORIENTED_EDGE('',*,*,#794,.F.);
#844 = ORIENTED_EDGE('',*,*,#215,.F.);
#845 = ADVANCED_FACE('',(#846),#833,.T.);
#846 = FACE_BOUND('',#847,.T.);
#847 = EDGE_LOOP('',(#848,#875,#876));
#848 = ORIENTED_EDGE('',*,*,#849,.T.);
#849 = EDGE_CURVE('',#850,#604,#852,.T.);
#850 = VERTEX_POINT('',#851);
#851 = CARTESIAN_POINT('',(-185.6959991455,72.967002868652,1.));
#852 = SURFACE_CURVE('',#853,(#857,#864),.PCURVE_S1.);
#853 = LINE('',#854,#855);
#854 = CARTESIAN_POINT('',(-185.6959991455,72.967002868652,1.));
#855 = VECTOR('',#856,1.);
#856 = DIRECTION('',(0.891183532393,0.453642934025,0.));
#857 = PCURVE('',#833,#858);
#858 = DEFINITIONAL_REPRESENTATION('',(#859),#863);
#859 = LINE('',#860,#861);
#860 = CARTESIAN_POINT('',(-0.992452493701,-0.550103100584));
#861 = VECTOR('',#862,1.);
#862 = DIRECTION('',(0.891183532393,0.453642934025));
#863 = ( GEOMETRIC_REPRESENTATION_CONTEXT(2) 
PARAMETRIC_REPRESENTATION_CONTEXT() REPRESENTATION_CONTEXT('2D SPACE',''
  ) );
#864 = PCURVE('',#865,#870);
#865 = PLANE('',#866);
#866 = AXIS2_PLACEMENT_3D('',#867,#868,#869);
#867 = CARTESIAN_POINT('',(-184.8768201419,73.305718239069,1.));
#868 = DIRECTION('',(0.,0.,1.));
#869 = DIRECTION('',(1.,0.,-0.));
#870 = DEFINITIONAL_REPRESENTATION('',(#871),#874);
#871 = B_SPLINE_CURVE_WITH_KNOTS('',1,(#872,#873),.UNSPECIFIED.,.F.,.F.,
  (2,2),(0.,2.277115003604),.PIECEWISE_BEZIER_KNOTS.);
#872 = CARTESIAN_POINT('',(-0.819179003568,-0.338715370417));
#873 = CARTESIAN_POINT('',(1.21014838901,0.694281760931));
#874 = ( GEOMETRIC_REPRESENTATION_CONTEXT(2) 
PARAMETRIC_REPRESENTATION_CONTEXT() REPRESENTATION_CONTEXT('2D SPACE',''
  ) );
#875 = ORIENTED_EDGE('',*,*,#819,.F.);
#876 = ORIENTED_EDGE('',*,*,#877,.T.);
#877 = EDGE_CURVE('',#184,#850,#878,.T.);
#878 = SURFACE_CURVE('',#879,(#883,#890),.PCURVE_S1.);
#879 = LINE('',#880,#881);
#880 = CARTESIAN_POINT('',(-185.333328247,73.330001831055,1.));
#881 = VECTOR('',#882,1.);
#882 = DIRECTION('',(-0.706787037072,-0.707426380782,0.));
#883 = PCURVE('',#833,#884);
#884 = DEFINITIONAL_REPRESENTATION('',(#885),#889);
#885 = LINE('',#886,#887);
#886 = CARTESIAN_POINT('',(-0.629781595263,-0.187104138182));
#887 = VECTOR('',#888,1.);
#888 = DIRECTION('',(-0.706787037072,-0.707426380782));
#889 = ( GEOMETRIC_REPRESENTATION_CONTEXT(2) 
PARAMETRIC_REPRESENTATION_CONTEXT() REPRESENTATION_CONTEXT('2D SPACE',''
  ) );
#890 = PCURVE('',#286,#891);
#891 = DEFINITIONAL_REPRESENTATION('',(#892),#895);
#892 = B_SPLINE_CURVE_WITH_KNOTS('',1,(#893,#894),.UNSPECIFIED.,.F.,.F.,
  (2,2),(0.,0.513126131939),.PIECEWISE_BEZIER_KNOTS.);
#893 = CARTESIAN_POINT('',(-0.144475442,0.887912376031));
#894 = CARTESIAN_POINT('',(0.368650689939,0.887912376031));
#895 = ( GEOMETRIC_REPRESENTATION_CONTEXT(2) 
PARAMETRIC_REPRESENTATION_CONTEXT() REPRESENTATION_CONTEXT('2D SPACE',''
  ) );
#896 = ADVANCED_FACE('',(#897),#865,.T.);
#897 = FACE_BOUND('',#898,.T.);
#898 = EDGE_LOOP('',(#899,#926,#927));
#899 = ORIENTED_EDGE('',*,*,#900,.T.);
#900 = EDGE_CURVE('',#901,#604,#903,.T.);
#901 = VERTEX_POINT('',#902);
#902 = CARTESIAN_POINT('',(-186.0240020751,72.536003112793,1.));
#903 = SURFACE_CURVE('',#904,(#908,#915),.PCURVE_S1.);
#904 = LINE('',#905,#906);
#905 = CARTESIAN_POINT('',(-186.0240020751,72.536003112793,1.));
#906 = VECTOR('',#907,1.);
#907 = DIRECTION('',(0.849506709779,0.527577814204,0.));
#908 = PCURVE('',#865,#909);
#909 = DEFINITIONAL_REPRESENTATION('',(#910),#914);
#910 = LINE('',#911,#912);
#911 = CARTESIAN_POINT('',(-1.147181933256,-0.769715126276));
#912 = VECTOR('',#913,1.);
#913 = DIRECTION('',(0.849506709779,0.527577814204));
#914 = ( GEOMETRIC_REPRESENTATION_CONTEXT(2) 
PARAMETRIC_REPRESENTATION_CONTEXT() REPRESENTATION_CONTEXT('2D SPACE',''
  ) );
#915 = PCURVE('',#916,#921);
#916 = PLANE('',#917);
#917 = AXIS2_PLACEMENT_3D('',#918,#919,#920);
#918 = CARTESIAN_POINT('',(-185.0301401475,73.062031028068,1.));
#919 = DIRECTION('',(0.,0.,1.));
#920 = DIRECTION('',(1.,0.,-0.));
#921 = DEFINITIONAL_REPRESENTATION('',(#922),#925);
#922 = B_SPLINE_CURVE_WITH_KNOTS('',1,(#923,#924),.UNSPECIFIED.,.F.,.F.,
  (2,2),(0.,2.774940203685),.PIECEWISE_BEZIER_KNOTS.);
#923 = CARTESIAN_POINT('',(-0.993861927672,-0.526027915275));
#924 = CARTESIAN_POINT('',(1.363468394594,0.937968971932));
#925 = ( GEOMETRIC_REPRESENTATION_CONTEXT(2) 
PARAMETRIC_REPRESENTATION_CONTEXT() REPRESENTATION_CONTEXT('2D SPACE',''
  ) );
#926 = ORIENTED_EDGE('',*,*,#849,.F.);
#927 = ORIENTED_EDGE('',*,*,#928,.T.);
#928 = EDGE_CURVE('',#850,#901,#929,.T.);
#929 = SURFACE_CURVE('',#930,(#934,#941),.PCURVE_S1.);
#930 = LINE('',#931,#932);
#931 = CARTESIAN_POINT('',(-185.6959991455,72.967002868652,1.));
#932 = VECTOR('',#933,1.);
#933 = DIRECTION('',(-0.605601735181,-0.795767892256,0.));
#934 = PCURVE('',#865,#935);
#935 = DEFINITIONAL_REPRESENTATION('',(#936),#940);
#936 = LINE('',#937,#938);
#937 = CARTESIAN_POINT('',(-0.819179003568,-0.338715370417));
#938 = VECTOR('',#939,1.);
#939 = DIRECTION('',(-0.605601735181,-0.795767892256));
#940 = ( GEOMETRIC_REPRESENTATION_CONTEXT(2) 
PARAMETRIC_REPRESENTATION_CONTEXT() REPRESENTATION_CONTEXT('2D SPACE',''
  ) );
#941 = PCURVE('',#942,#947);
#942 = PLANE('',#943);
#943 = AXIS2_PLACEMENT_3D('',#944,#945,#946);
#944 = CARTESIAN_POINT('',(-185.7889066537,72.844921296375,
    0.117393911669));
#945 = DIRECTION('',(-0.795767892256,0.605601735181,-1.837545066236E-17)
  );
#946 = DIRECTION('',(-0.605601735181,-0.795767892256,0.));
#947 = DEFINITIONAL_REPRESENTATION('',(#948),#951);
#948 = B_SPLINE_CURVE_WITH_KNOTS('',1,(#949,#950),.UNSPECIFIED.,.F.,.F.,
  (2,2),(0.,0.541614910646),.PIECEWISE_BEZIER_KNOTS.);
#949 = CARTESIAN_POINT('',(-0.153413543654,0.882606088331));
#950 = CARTESIAN_POINT('',(0.388201366992,0.882606088331));
#951 = ( GEOMETRIC_REPRESENTATION_CONTEXT(2) 
PARAMETRIC_REPRESENTATION_CONTEXT() REPRESENTATION_CONTEXT('2D SPACE',''
  ) );
#952 = ADVANCED_FACE('',(#953),#916,.T.);
#953 = FACE_BOUND('',#954,.T.);
#954 = EDGE_LOOP('',(#955,#975,#1000));
#955 = ORIENTED_EDGE('',*,*,#956,.T.);
#956 = EDGE_CURVE('',#901,#39,#957,.T.);
#957 = SURFACE_CURVE('',#958,(#962,#969),.PCURVE_S1.);
#958 = LINE('',#959,#960);
#959 = CARTESIAN_POINT('',(-186.0240020751,72.536003112793,1.));
#960 = VECTOR('',#961,1.);
#961 = DIRECTION('',(-0.504310555065,-0.863522358744,0.));
#962 = PCURVE('',#916,#963);
#963 = DEFINITIONAL_REPRESENTATION('',(#964),#968);
#964 = LINE('',#965,#966);
#965 = CARTESIAN_POINT('',(-0.993861927672,-0.526027915275));
#966 = VECTOR('',#967,1.);
#967 = DIRECTION('',(-0.504310555065,-0.863522358744));
#968 = ( GEOMETRIC_REPRESENTATION_CONTEXT(2) 
PARAMETRIC_REPRESENTATION_CONTEXT() REPRESENTATION_CONTEXT('2D SPACE',''
  ) );
#969 = PCURVE('',#141,#970);
#970 = DEFINITIONAL_REPRESENTATION('',(#971),#974);
#971 = B_SPLINE_CURVE_WITH_KNOTS('',1,(#972,#973),.UNSPECIFIED.,.F.,.F.,
  (2,2),(0.,0.569764511074),.PIECEWISE_BEZIER_KNOTS.);
#972 = CARTESIAN_POINT('',(-0.162334842753,0.877452587216));
#973 = CARTESIAN_POINT('',(0.407429668322,0.877452587216));
#974 = ( GEOMETRIC_REPRESENTATION_CONTEXT(2) 
PARAMETRIC_REPRESENTATION_CONTEXT() REPRESENTATION_CONTEXT('2D SPACE',''
  ) );
#975 = ORIENTED_EDGE('',*,*,#976,.T.);
#976 = EDGE_CURVE('',#39,#604,#977,.T.);
#977 = SURFACE_CURVE('',#978,(#982,#989),.PCURVE_S1.);
#978 = LINE('',#979,#980);
#979 = CARTESIAN_POINT('',(-186.311340332,72.043998718262,1.));
#980 = VECTOR('',#981,1.);
#981 = DIRECTION('',(0.803995008089,0.594636045802,0.));
#982 = PCURVE('',#916,#983);
#983 = DEFINITIONAL_REPRESENTATION('',(#984),#988);
#984 = LINE('',#985,#986);
#985 = CARTESIAN_POINT('',(-1.281200184508,-1.018032309806));
#986 = VECTOR('',#987,1.);
#987 = DIRECTION('',(0.803995008089,0.594636045802));
#988 = ( GEOMETRIC_REPRESENTATION_CONTEXT(2) 
PARAMETRIC_REPRESENTATION_CONTEXT() REPRESENTATION_CONTEXT('2D SPACE',''
  ) );
#989 = PCURVE('',#990,#995);
#990 = PLANE('',#991);
#991 = AXIS2_PLACEMENT_3D('',#992,#993,#994);
#992 = CARTESIAN_POINT('',(-185.1605368917,72.790555618556,1.));
#993 = DIRECTION('',(0.,0.,1.));
#994 = DIRECTION('',(1.,0.,-0.));
#995 = DEFINITIONAL_REPRESENTATION('',(#996),#999);
#996 = B_SPLINE_CURVE_WITH_KNOTS('',1,(#997,#998),.UNSPECIFIED.,.F.,.F.,
  (2,2),(0.,3.289409203406),.PIECEWISE_BEZIER_KNOTS.);
#997 = CARTESIAN_POINT('',(-1.150803440268,-0.746556900295));
#998 = CARTESIAN_POINT('',(1.493865138834,1.209444381444));
#999 = ( GEOMETRIC_REPRESENTATION_CONTEXT(2) 
PARAMETRIC_REPRESENTATION_CONTEXT() REPRESENTATION_CONTEXT('2D SPACE',''
  ) );
#1000 = ORIENTED_EDGE('',*,*,#900,.F.);
#1001 = ADVANCED_FACE('',(#1002),#990,.T.);
#1002 = FACE_BOUND('',#1003,.T.);
#1003 = EDGE_LOOP('',(#1004,#1031,#1032));
#1004 = ORIENTED_EDGE('',*,*,#1005,.T.);
#1005 = EDGE_CURVE('',#1006,#604,#1008,.T.);
#1006 = VERTEX_POINT('',#1007);
#1007 = CARTESIAN_POINT('',(-186.5533294677,71.5,1.));
#1008 = SURFACE_CURVE('',#1009,(#1013,#1020),.PCURVE_S1.);
#1009 = LINE('',#1010,#1011);
#1010 = CARTESIAN_POINT('',(-186.5533294677,71.5,1.));
#1011 = VECTOR('',#1012,1.);
#1012 = DIRECTION('',(0.75591843785,0.654665804299,0.));
#1013 = PCURVE('',#990,#1014);
#1014 = DEFINITIONAL_REPRESENTATION('',(#1015),#1019);
#1015 = LINE('',#1016,#1017);
#1016 = CARTESIAN_POINT('',(-1.39279257601,-1.290555618556));
#1017 = VECTOR('',#1018,1.);
#1018 = DIRECTION('',(0.75591843785,0.654665804299));
#1019 = ( GEOMETRIC_REPRESENTATION_CONTEXT(2) 
PARAMETRIC_REPRESENTATION_CONTEXT() REPRESENTATION_CONTEXT('2D SPACE',''
  ) );
#1020 = PCURVE('',#1021,#1026);
#1021 = PLANE('',#1022);
#1022 = AXIS2_PLACEMENT_3D('',#1023,#1024,#1025);
#1023 = CARTESIAN_POINT('',(-185.2658835148,72.496121546411,1.));
#1024 = DIRECTION('',(0.,0.,1.));
#1025 = DIRECTION('',(1.,0.,-0.));
#1026 = DEFINITIONAL_REPRESENTATION('',(#1027),#1030);
#1027 = B_SPLINE_CURVE_WITH_KNOTS('',1,(#1028,#1029),.UNSPECIFIED.,.F.,
  .F.,(2,2),(0.,3.81874230116),.PIECEWISE_BEZIER_KNOTS.);
#1028 = CARTESIAN_POINT('',(-1.287445952897,-0.996121546411));
#1029 = CARTESIAN_POINT('',(1.599211761947,1.503878453589));
#1030 = ( GEOMETRIC_REPRESENTATION_CONTEXT(2) 
PARAMETRIC_REPRESENTATION_CONTEXT() REPRESENTATION_CONTEXT('2D SPACE',''
  ) );
#1031 = ORIENTED_EDGE('',*,*,#976,.F.);
#1032 = ORIENTED_EDGE('',*,*,#1033,.T.);
#1033 = EDGE_CURVE('',#39,#1006,#1034,.T.);
#1034 = SURFACE_CURVE('',#1035,(#1039,#1046),.PCURVE_S1.);
#1035 = LINE('',#1036,#1037);
#1036 = CARTESIAN_POINT('',(-186.311340332,72.043998718262,1.));
#1037 = VECTOR('',#1038,1.);
#1038 = DIRECTION('',(-0.406435677424,-0.913679396789,0.));
#1039 = PCURVE('',#990,#1040);
#1040 = DEFINITIONAL_REPRESENTATION('',(#1041),#1045);
#1041 = LINE('',#1042,#1043);
#1042 = CARTESIAN_POINT('',(-1.150803440268,-0.746556900295));
#1043 = VECTOR('',#1044,1.);
#1044 = DIRECTION('',(-0.406435677424,-0.913679396789));
#1045 = ( GEOMETRIC_REPRESENTATION_CONTEXT(2) 
PARAMETRIC_REPRESENTATION_CONTEXT() REPRESENTATION_CONTEXT('2D SPACE',''
  ) );
#1046 = PCURVE('',#59,#1047);
#1047 = DEFINITIONAL_REPRESENTATION('',(#1048),#1051);
#1048 = B_SPLINE_CURVE_WITH_KNOTS('',1,(#1049,#1050),.UNSPECIFIED.,.F.,
  .F.,(2,2),(0.,0.59539343907),.PIECEWISE_BEZIER_KNOTS.);
#1049 = CARTESIAN_POINT('',(-0.424859509054,0.872837210481));
#1050 = CARTESIAN_POINT('',(0.170533930016,0.872837210481));
#1051 = ( GEOMETRIC_REPRESENTATION_CONTEXT(2) 
PARAMETRIC_REPRESENTATION_CONTEXT() REPRESENTATION_CONTEXT('2D SPACE',''
  ) );
#1052 = ADVANCED_FACE('',(#1053),#1021,.T.);
#1053 = FACE_BOUND('',#1054,.T.);
#1054 = EDGE_LOOP('',(#1055,#1082,#1083));
#1055 = ORIENTED_EDGE('',*,*,#1056,.T.);
#1056 = EDGE_CURVE('',#1057,#604,#1059,.T.);
#1057 = VERTEX_POINT('',#1058);
#1058 = CARTESIAN_POINT('',(-186.7460021972,70.91300201416,1.));
#1059 = SURFACE_CURVE('',#1060,(#1064,#1071),.PCURVE_S1.);
#1060 = LINE('',#1061,#1062);
#1061 = CARTESIAN_POINT('',(-186.7460021972,70.91300201416,1.));
#1062 = VECTOR('',#1063,1.);
#1063 = DIRECTION('',(0.706226980943,0.70798548812,0.));
#1064 = PCURVE('',#1021,#1065);
#1065 = DEFINITIONAL_REPRESENTATION('',(#1066),#1070);
#1066 = LINE('',#1067,#1068);
#1067 = CARTESIAN_POINT('',(-1.480118682389,-1.583119532251));
#1068 = VECTOR('',#1069,1.);
#1069 = DIRECTION('',(0.706226980943,0.70798548812));
#1070 = ( GEOMETRIC_REPRESENTATION_CONTEXT(2) 
PARAMETRIC_REPRESENTATION_CONTEXT() REPRESENTATION_CONTEXT('2D SPACE',''
  ) );
#1071 = PCURVE('',#1072,#1077);
#1072 = PLANE('',#1073);
#1073 = AXIS2_PLACEMENT_3D('',#1074,#1075,#1076);
#1074 = CARTESIAN_POINT('',(-185.3443867558,72.184327289053,1.));
#1075 = DIRECTION('',(0.,0.,1.));
#1076 = DIRECTION('',(1.,0.,-0.));
#1077 = DEFINITIONAL_REPRESENTATION('',(#1078),#1081);
#1078 = B_SPLINE_CURVE_WITH_KNOTS('',1,(#1079,#1080),.UNSPECIFIED.,.F.,
  .F.,(2,2),(0.,4.360256018859),.PIECEWISE_BEZIER_KNOTS.);
#1079 = CARTESIAN_POINT('',(-1.40161544144,-1.271325274893));
#1080 = CARTESIAN_POINT('',(1.677715002896,1.815672710947));
#1081 = ( GEOMETRIC_REPRESENTATION_CONTEXT(2) 
PARAMETRIC_REPRESENTATION_CONTEXT() REPRESENTATION_CONTEXT('2D SPACE',''
  ) );
#1082 = ORIENTED_EDGE('',*,*,#1005,.F.);
#1083 = ORIENTED_EDGE('',*,*,#1084,.T.);
#1084 = EDGE_CURVE('',#1006,#1057,#1085,.T.);
#1085 = SURFACE_CURVE('',#1086,(#1090,#1097),.PCURVE_S1.);
#1086 = LINE('',#1087,#1088);
#1087 = CARTESIAN_POINT('',(-186.5533294677,71.5,1.));
#1088 = VECTOR('',#1089,1.);
#1089 = DIRECTION('',(-0.311863961368,-0.950126765016,0.));
#1090 = PCURVE('',#1021,#1091);
#1091 = DEFINITIONAL_REPRESENTATION('',(#1092),#1096);
#1092 = LINE('',#1093,#1094);
#1093 = CARTESIAN_POINT('',(-1.287445952897,-0.996121546411));
#1094 = VECTOR('',#1095,1.);
#1095 = DIRECTION('',(-0.311863961368,-0.950126765016));
#1096 = ( GEOMETRIC_REPRESENTATION_CONTEXT(2) 
PARAMETRIC_REPRESENTATION_CONTEXT() REPRESENTATION_CONTEXT('2D SPACE',''
  ) );
#1097 = PCURVE('',#1098,#1103);
#1098 = PLANE('',#1099);
#1099 = AXIS2_PLACEMENT_3D('',#1100,#1101,#1102);
#1100 = CARTESIAN_POINT('',(-186.6905638007,71.081900992096,
    0.131140411545));
#1101 = DIRECTION('',(-0.950126765016,0.311863961368,-3.638780052405E-17
    ));
#1102 = DIRECTION('',(-0.311863961368,-0.950126765016,0.));
#1103 = DEFINITIONAL_REPRESENTATION('',(#1104),#1107);
#1104 = B_SPLINE_CURVE_WITH_KNOTS('',1,(#1105,#1106),.UNSPECIFIED.,.F.,
  .F.,(2,2),(0.,0.617810178024),.PIECEWISE_BEZIER_KNOTS.);
#1105 = CARTESIAN_POINT('',(-0.440045500557,0.868859588455));
#1106 = CARTESIAN_POINT('',(0.177764677467,0.868859588455));
#1107 = ( GEOMETRIC_REPRESENTATION_CONTEXT(2) 
PARAMETRIC_REPRESENTATION_CONTEXT() REPRESENTATION_CONTEXT('2D SPACE',''
  ) );
#1108 = ADVANCED_FACE('',(#1109),#1072,.T.);
#1109 = FACE_BOUND('',#1110,.T.);
#1110 = EDGE_LOOP('',(#1111,#1138,#1139));
#1111 = ORIENTED_EDGE('',*,*,#1112,.T.);
#1112 = EDGE_CURVE('',#1113,#604,#1115,.T.);
#1113 = VERTEX_POINT('',#1114);
#1114 = CARTESIAN_POINT('',(-186.8866729736,70.293998718262,1.));
#1115 = SURFACE_CURVE('',#1116,(#1120,#1127),.PCURVE_S1.);
#1116 = LINE('',#1117,#1118);
#1117 = CARTESIAN_POINT('',(-186.8866729736,70.293998718262,1.));
#1118 = VECTOR('',#1119,1.);
#1119 = DIRECTION('',(0.655876102209,0.754868557135,0.));
#1120 = PCURVE('',#1072,#1121);
#1121 = DEFINITIONAL_REPRESENTATION('',(#1122),#1126);
#1122 = LINE('',#1123,#1124);
#1123 = CARTESIAN_POINT('',(-1.542286217807,-1.890328570791));
#1124 = VECTOR('',#1125,1.);
#1125 = DIRECTION('',(0.655876102209,0.754868557135));
#1126 = ( GEOMETRIC_REPRESENTATION_CONTEXT(2) 
PARAMETRIC_REPRESENTATION_CONTEXT() REPRESENTATION_CONTEXT('2D SPACE',''
  ) );
#1127 = PCURVE('',#1128,#1133);
#1128 = PLANE('',#1129);
#1129 = AXIS2_PLACEMENT_3D('',#1130,#1131,#1132);
#1130 = CARTESIAN_POINT('',(-185.3946285722,71.860575592793,1.));
#1131 = DIRECTION('',(0.,0.,1.));
#1132 = DIRECTION('',(1.,0.,-0.));
#1133 = DEFINITIONAL_REPRESENTATION('',(#1134),#1137);
#1134 = B_SPLINE_CURVE_WITH_KNOTS('',1,(#1135,#1136),.UNSPECIFIED.,.F.,
  .F.,(2,2),(0.,4.909465690029),.PIECEWISE_BEZIER_KNOTS.);
#1135 = CARTESIAN_POINT('',(-1.492044401367,-1.566576874531));
#1136 = CARTESIAN_POINT('',(1.727956819336,2.139424407207));
#1137 = ( GEOMETRIC_REPRESENTATION_CONTEXT(2) 
PARAMETRIC_REPRESENTATION_CONTEXT() REPRESENTATION_CONTEXT('2D SPACE',''
  ) );
#1138 = ORIENTED_EDGE('',*,*,#1056,.F.);
#1139 = ORIENTED_EDGE('',*,*,#1140,.T.);
#1140 = EDGE_CURVE('',#1057,#1113,#1141,.T.);
#1141 = SURFACE_CURVE('',#1142,(#1146,#1153),.PCURVE_S1.);
#1142 = LINE('',#1143,#1144);
#1143 = CARTESIAN_POINT('',(-186.7460021972,70.91300201416,1.));
#1144 = VECTOR('',#1145,1.);
#1145 = DIRECTION('',(-0.221603441283,-0.975136869784,0.));
#1146 = PCURVE('',#1072,#1147);
#1147 = DEFINITIONAL_REPRESENTATION('',(#1148),#1152);
#1148 = LINE('',#1149,#1150);
#1149 = CARTESIAN_POINT('',(-1.40161544144,-1.271325274893));
#1150 = VECTOR('',#1151,1.);
#1151 = DIRECTION('',(-0.221603441283,-0.975136869784));
#1152 = ( GEOMETRIC_REPRESENTATION_CONTEXT(2) 
PARAMETRIC_REPRESENTATION_CONTEXT() REPRESENTATION_CONTEXT('2D SPACE',''
  ) );
#1153 = PCURVE('',#1154,#1159);
#1154 = PLANE('',#1155);
#1155 = AXIS2_PLACEMENT_3D('',#1156,#1157,#1158);
#1156 = CARTESIAN_POINT('',(-186.8460581808,70.47271878555,
    0.134116127401));
#1157 = DIRECTION('',(-0.975136869784,0.221603441283,-9.078758362674E-18
    ));
#1158 = DIRECTION('',(-0.221603441283,-0.975136869784,0.));
#1159 = DEFINITIONAL_REPRESENTATION('',(#1160),#1163);
#1160 = B_SPLINE_CURVE_WITH_KNOTS('',1,(#1161,#1162),.UNSPECIFIED.,.F.,
  .F.,(2,2),(0.,0.634786064479),.PIECEWISE_BEZIER_KNOTS.);
#1161 = CARTESIAN_POINT('',(-0.45150915964,0.865883872599));
#1162 = CARTESIAN_POINT('',(0.183276904839,0.865883872599));
#1163 = ( GEOMETRIC_REPRESENTATION_CONTEXT(2) 
PARAMETRIC_REPRESENTATION_CONTEXT() REPRESENTATION_CONTEXT('2D SPACE',''
  ) );
#1164 = ADVANCED_FACE('',(#1165),#1128,.T.);
#1165 = FACE_BOUND('',#1166,.T.);
#1166 = EDGE_LOOP('',(#1167,#1194,#1195));
#1167 = ORIENTED_EDGE('',*,*,#1168,.T.);
#1168 = EDGE_CURVE('',#1169,#604,#1171,.T.);
#1169 = VERTEX_POINT('',#1170);
#1170 = CARTESIAN_POINT('',(-186.9713287353,69.65299987793,1.));
#1171 = SURFACE_CURVE('',#1172,(#1176,#1183),.PCURVE_S1.);
#1172 = LINE('',#1173,#1174);
#1173 = CARTESIAN_POINT('',(-186.9713287353,69.65299987793,1.));
#1174 = VECTOR('',#1175,1.);
#1175 = DIRECTION('',(0.605192019171,0.79607953116,0.));
#1176 = PCURVE('',#1128,#1177);
#1177 = DEFINITIONAL_REPRESENTATION('',(#1178),#1182);
#1178 = LINE('',#1179,#1180);
#1179 = CARTESIAN_POINT('',(-1.576700163086,-2.207575714863));
#1180 = VECTOR('',#1181,1.);
#1181 = DIRECTION('',(0.605192019171,0.79607953116));
#1182 = ( GEOMETRIC_REPRESENTATION_CONTEXT(2) 
PARAMETRIC_REPRESENTATION_CONTEXT() REPRESENTATION_CONTEXT('2D SPACE',''
  ) );
#1183 = PCURVE('',#1184,#1189);
#1184 = PLANE('',#1185);
#1185 = AXIS2_PLACEMENT_3D('',#1186,#1187,#1188);
#1186 = CARTESIAN_POINT('',(-185.4159637656,71.529875595519,1.));
#1187 = DIRECTION('',(0.,0.,1.));
#1188 = DIRECTION('',(1.,0.,-0.));
#1189 = DEFINITIONAL_REPRESENTATION('',(#1190),#1193);
#1190 = B_SPLINE_CURVE_WITH_KNOTS('',1,(#1191,#1192),.UNSPECIFIED.,.F.,
  .F.,(2,2),(0.,5.460509850989),.PIECEWISE_BEZIER_KNOTS.);
#1191 = CARTESIAN_POINT('',(-1.555364969732,-1.876875717589));
#1192 = CARTESIAN_POINT('',(1.74929201269,2.470124404481));
#1193 = ( GEOMETRIC_REPRESENTATION_CONTEXT(2) 
PARAMETRIC_REPRESENTATION_CONTEXT() REPRESENTATION_CONTEXT('2D SPACE',''
  ) );
#1194 = ORIENTED_EDGE('',*,*,#1112,.F.);
#1195 = ORIENTED_EDGE('',*,*,#1196,.T.);
#1196 = EDGE_CURVE('',#1113,#1169,#1197,.T.);
#1197 = SURFACE_CURVE('',#1198,(#1202,#1209),.PCURVE_S1.);
#1198 = LINE('',#1199,#1200);
#1199 = CARTESIAN_POINT('',(-186.8866729736,70.293998718262,1.));
#1200 = VECTOR('',#1201,1.);
#1201 = DIRECTION('',(-0.130931585759,-0.99139140598,0.));
#1202 = PCURVE('',#1128,#1203);
#1203 = DEFINITIONAL_REPRESENTATION('',(#1204),#1208);
#1204 = LINE('',#1205,#1206);
#1205 = CARTESIAN_POINT('',(-1.492044401367,-1.566576874531));
#1206 = VECTOR('',#1207,1.);
#1207 = DIRECTION('',(-0.130931585759,-0.99139140598));
#1208 = ( GEOMETRIC_REPRESENTATION_CONTEXT(2) 
PARAMETRIC_REPRESENTATION_CONTEXT() REPRESENTATION_CONTEXT('2D SPACE',''
  ) );
#1209 = PCURVE('',#1210,#1215);
#1210 = PLANE('',#1211);
#1211 = AXIS2_PLACEMENT_3D('',#1212,#1213,#1214);
#1212 = CARTESIAN_POINT('',(-186.9468288261,69.838508969022,
    0.136162496729));
#1213 = DIRECTION('',(-0.99139140598,0.130931585759,-1.359982725601E-17)
  );
#1214 = DIRECTION('',(-0.130931585759,-0.99139140598,0.));
#1215 = DEFINITIONAL_REPRESENTATION('',(#1216),#1219);
#1216 = B_SPLINE_CURVE_WITH_KNOTS('',1,(#1217,#1218),.UNSPECIFIED.,.F.,
  .F.,(2,2),(0.,0.646564854674),.PIECEWISE_BEZIER_KNOTS.);
#1217 = CARTESIAN_POINT('',(-0.459444924066,0.863837503271));
#1218 = CARTESIAN_POINT('',(0.187119930608,0.863837503271));
#1219 = ( GEOMETRIC_REPRESENTATION_CONTEXT(2) 
PARAMETRIC_REPRESENTATION_CONTEXT() REPRESENTATION_CONTEXT('2D SPACE',''
  ) );
#1220 = ADVANCED_FACE('',(#1221),#1184,.T.);
#1221 = FACE_BOUND('',#1222,.T.);
#1222 = EDGE_LOOP('',(#1223,#1250,#1275));
#1223 = ORIENTED_EDGE('',*,*,#1224,.T.);
#1224 = EDGE_CURVE('',#1169,#1225,#1227,.T.);
#1225 = VERTEX_POINT('',#1226);
#1226 = CARTESIAN_POINT('',(-187.,69.,1.));
#1227 = SURFACE_CURVE('',#1228,(#1232,#1239),.PCURVE_S1.);
#1228 = LINE('',#1229,#1230);
#1229 = CARTESIAN_POINT('',(-186.9713287353,69.65299987793,1.));
#1230 = VECTOR('',#1231,1.);
#1231 = DIRECTION('',(-4.386473708171E-02,-0.999037479197,0.));
#1232 = PCURVE('',#1184,#1233);
#1233 = DEFINITIONAL_REPRESENTATION('',(#1234),#1238);
#1234 = LINE('',#1235,#1236);
#1235 = CARTESIAN_POINT('',(-1.555364969732,-1.876875717589));
#1236 = VECTOR('',#1237,1.);
#1237 = DIRECTION('',(-4.386473708171E-02,-0.999037479197));
#1238 = ( GEOMETRIC_REPRESENTATION_CONTEXT(2) 
PARAMETRIC_REPRESENTATION_CONTEXT() REPRESENTATION_CONTEXT('2D SPACE',''
  ) );
#1239 = PCURVE('',#1240,#1245);
#1240 = PLANE('',#1241);
#1241 = AXIS2_PLACEMENT_3D('',#1242,#1243,#1244);
#1242 = CARTESIAN_POINT('',(-186.9916906195,69.189249568047,
    0.137382604532));
#1243 = DIRECTION('',(-0.999037479197,4.386473708171E-02,
    -1.768276384181E-18));
#1244 = DIRECTION('',(-4.386473708171E-02,-0.999037479197,
    1.203706215242E-35));
#1245 = DEFINITIONAL_REPRESENTATION('',(#1246),#1249);
#1246 = B_SPLINE_CURVE_WITH_KNOTS('',1,(#1247,#1248),.UNSPECIFIED.,.F.,
  .F.,(2,2),(0.,0.653629009449),.PIECEWISE_BEZIER_KNOTS.);
#1247 = CARTESIAN_POINT('',(-0.464197109257,0.862617395468));
#1248 = CARTESIAN_POINT('',(0.189431900192,0.862617395468));
#1249 = ( GEOMETRIC_REPRESENTATION_CONTEXT(2) 
PARAMETRIC_REPRESENTATION_CONTEXT() REPRESENTATION_CONTEXT('2D SPACE',''
  ) );
#1250 = ORIENTED_EDGE('',*,*,#1251,.T.);
#1251 = EDGE_CURVE('',#1225,#604,#1252,.T.);
#1252 = SURFACE_CURVE('',#1253,(#1257,#1264),.PCURVE_S1.);
#1253 = LINE('',#1254,#1255);
#1254 = CARTESIAN_POINT('',(-187.,69.,1.));
#1255 = VECTOR('',#1256,1.);
#1256 = DIRECTION('',(0.554699610252,0.832050684986,0.));
#1257 = PCURVE('',#1184,#1258);
#1258 = DEFINITIONAL_REPRESENTATION('',(#1259),#1263);
#1259 = LINE('',#1260,#1261);
#1260 = CARTESIAN_POINT('',(-1.58403623438,-2.529875595519));
#1261 = VECTOR('',#1262,1.);
#1262 = DIRECTION('',(0.554699610252,0.832050684986));
#1263 = ( GEOMETRIC_REPRESENTATION_CONTEXT(2) 
PARAMETRIC_REPRESENTATION_CONTEXT() REPRESENTATION_CONTEXT('2D SPACE',''
  ) );
#1264 = PCURVE('',#1265,#1270);
#1265 = PLANE('',#1266);
#1266 = AXIS2_PLACEMENT_3D('',#1267,#1268,#1269);
#1267 = CARTESIAN_POINT('',(-185.4079815009,71.198323949873,1.));
#1268 = DIRECTION('',(0.,0.,1.));
#1269 = DIRECTION('',(1.,0.,-0.));
#1270 = DEFINITIONAL_REPRESENTATION('',(#1271),#1274);
#1271 = B_SPLINE_CURVE_WITH_KNOTS('',1,(#1272,#1273),.UNSPECIFIED.,.F.,
  .F.,(2,2),(0.,6.009249304424),.PIECEWISE_BEZIER_KNOTS.);
#1272 = CARTESIAN_POINT('',(-1.592018499045,-2.198323949873));
#1273 = CARTESIAN_POINT('',(1.741309748026,2.801676050127));
#1274 = ( GEOMETRIC_REPRESENTATION_CONTEXT(2) 
PARAMETRIC_REPRESENTATION_CONTEXT() REPRESENTATION_CONTEXT('2D SPACE',''
  ) );
#1275 = ORIENTED_EDGE('',*,*,#1168,.F.);
#1276 = ADVANCED_FACE('',(#1277),#1265,.T.);
#1277 = FACE_BOUND('',#1278,.T.);
#1278 = EDGE_LOOP('',(#1279,#1306,#1331));
#1279 = ORIENTED_EDGE('',*,*,#1280,.T.);
#1280 = EDGE_CURVE('',#1225,#1281,#1283,.T.);
#1281 = VERTEX_POINT('',#1282);
#1282 = CARTESIAN_POINT('',(-186.9713287353,68.34700012207,1.));
#1283 = SURFACE_CURVE('',#1284,(#1288,#1295),.PCURVE_S1.);
#1284 = LINE('',#1285,#1286);
#1285 = CARTESIAN_POINT('',(-187.,69.,1.));
#1286 = VECTOR('',#1287,1.);
#1287 = DIRECTION('',(4.386473708171E-02,-0.999037479197,0.));
#1288 = PCURVE('',#1265,#1289);
#1289 = DEFINITIONAL_REPRESENTATION('',(#1290),#1294);
#1290 = LINE('',#1291,#1292);
#1291 = CARTESIAN_POINT('',(-1.592018499045,-2.198323949873));
#1292 = VECTOR('',#1293,1.);
#1293 = DIRECTION('',(4.386473708171E-02,-0.999037479197));
#1294 = ( GEOMETRIC_REPRESENTATION_CONTEXT(2) 
PARAMETRIC_REPRESENTATION_CONTEXT() REPRESENTATION_CONTEXT('2D SPACE',''
  ) );
#1295 = PCURVE('',#1296,#1301);
#1296 = PLANE('',#1297);
#1297 = AXIS2_PLACEMENT_3D('',#1298,#1299,#1300);
#1298 = CARTESIAN_POINT('',(-186.9916906195,68.810750431953,
    0.137382604532));
#1299 = DIRECTION('',(-0.999037479197,-4.386473708171E-02,
    -1.419863602665E-19));
#1300 = DIRECTION('',(4.386473708171E-02,-0.999037479197,0.));
#1301 = DEFINITIONAL_REPRESENTATION('',(#1302),#1305);
#1302 = B_SPLINE_CURVE_WITH_KNOTS('',1,(#1303,#1304),.UNSPECIFIED.,.F.,
  .F.,(2,2),(0.,0.653629009449),.PIECEWISE_BEZIER_KNOTS.);
#1303 = CARTESIAN_POINT('',(-0.189431900192,0.862617395468));
#1304 = CARTESIAN_POINT('',(0.464197109257,0.862617395468));
#1305 = ( GEOMETRIC_REPRESENTATION_CONTEXT(2) 
PARAMETRIC_REPRESENTATION_CONTEXT() REPRESENTATION_CONTEXT('2D SPACE',''
  ) );
#1306 = ORIENTED_EDGE('',*,*,#1307,.T.);
#1307 = EDGE_CURVE('',#1281,#604,#1308,.T.);
#1308 = SURFACE_CURVE('',#1309,(#1313,#1320),.PCURVE_S1.);
#1309 = LINE('',#1310,#1311);
#1310 = CARTESIAN_POINT('',(-186.9713287353,68.34700012207,1.));
#1311 = VECTOR('',#1312,1.);
#1312 = DIRECTION('',(0.504676815424,0.863308352776,0.));
#1313 = PCURVE('',#1265,#1314);
#1314 = DEFINITIONAL_REPRESENTATION('',(#1315),#1319);
#1315 = LINE('',#1316,#1317);
#1316 = CARTESIAN_POINT('',(-1.563347234396,-2.851323827802));
#1317 = VECTOR('',#1318,1.);
#1318 = DIRECTION('',(0.504676815424,0.863308352776));
#1319 = ( GEOMETRIC_REPRESENTATION_CONTEXT(2) 
PARAMETRIC_REPRESENTATION_CONTEXT() REPRESENTATION_CONTEXT('2D SPACE',''
  ) );
#1320 = PCURVE('',#1321,#1326);
#1321 = PLANE('',#1322);
#1322 = AXIS2_PLACEMENT_3D('',#1323,#1324,#1325);
#1323 = CARTESIAN_POINT('',(-185.3709977711,70.872008391893,1.));
#1324 = DIRECTION('',(0.,0.,1.));
#1325 = DIRECTION('',(1.,0.,-0.));
#1326 = DEFINITIONAL_REPRESENTATION('',(#1327),#1330);
#1327 = B_SPLINE_CURVE_WITH_KNOTS('',1,(#1328,#1329),.UNSPECIFIED.,.F.,
  .F.,(2,2),(0.,6.548065774818),.PIECEWISE_BEZIER_KNOTS.);
#1328 = CARTESIAN_POINT('',(-1.60033096417,-2.525008269823));
#1329 = CARTESIAN_POINT('',(1.704326018252,3.127991608107));
#1330 = ( GEOMETRIC_REPRESENTATION_CONTEXT(2) 
PARAMETRIC_REPRESENTATION_CONTEXT() REPRESENTATION_CONTEXT('2D SPACE',''
  ) );
#1331 = ORIENTED_EDGE('',*,*,#1251,.F.);
#1332 = ADVANCED_FACE('',(#1333),#1321,.T.);
#1333 = FACE_BOUND('',#1334,.T.);
#1334 = EDGE_LOOP('',(#1335,#1362,#1387));
#1335 = ORIENTED_EDGE('',*,*,#1336,.T.);
#1336 = EDGE_CURVE('',#1281,#1337,#1339,.T.);
#1337 = VERTEX_POINT('',#1338);
#1338 = CARTESIAN_POINT('',(-186.8866729736,67.706001281738,1.));
#1339 = SURFACE_CURVE('',#1340,(#1344,#1351),.PCURVE_S1.);
#1340 = LINE('',#1341,#1342);
#1341 = CARTESIAN_POINT('',(-186.9713287353,68.34700012207,1.));
#1342 = VECTOR('',#1343,1.);
#1343 = DIRECTION('',(0.130931585759,-0.99139140598,0.));
#1344 = PCURVE('',#1321,#1345);
#1345 = DEFINITIONAL_REPRESENTATION('',(#1346),#1350);
#1346 = LINE('',#1347,#1348);
#1347 = CARTESIAN_POINT('',(-1.60033096417,-2.525008269823));
#1348 = VECTOR('',#1349,1.);
#1349 = DIRECTION('',(0.130931585759,-0.99139140598));
#1350 = ( GEOMETRIC_REPRESENTATION_CONTEXT(2) 
PARAMETRIC_REPRESENTATION_CONTEXT() REPRESENTATION_CONTEXT('2D SPACE',''
  ) );
#1351 = PCURVE('',#1352,#1357);
#1352 = PLANE('',#1353);
#1353 = AXIS2_PLACEMENT_3D('',#1354,#1355,#1356);
#1354 = CARTESIAN_POINT('',(-186.9468288261,68.161491030978,
    0.136162496729));
#1355 = DIRECTION('',(-0.99139140598,-0.130931585759,-0.));
#1356 = DIRECTION('',(0.130931585759,-0.99139140598,0.));
#1357 = DEFINITIONAL_REPRESENTATION('',(#1358),#1361);
#1358 = B_SPLINE_CURVE_WITH_KNOTS('',1,(#1359,#1360),.UNSPECIFIED.,.F.,
  .F.,(2,2),(0.,0.646564854674),.PIECEWISE_BEZIER_KNOTS.);
#1359 = CARTESIAN_POINT('',(-0.187119930608,0.863837503271));
#1360 = CARTESIAN_POINT('',(0.459444924066,0.863837503271));
#1361 = ( GEOMETRIC_REPRESENTATION_CONTEXT(2) 
PARAMETRIC_REPRESENTATION_CONTEXT() REPRESENTATION_CONTEXT('2D SPACE',''
  ) );
#1362 = ORIENTED_EDGE('',*,*,#1363,.T.);
#1363 = EDGE_CURVE('',#1337,#604,#1364,.T.);
#1364 = SURFACE_CURVE('',#1365,(#1369,#1376),.PCURVE_S1.);
#1365 = LINE('',#1366,#1367);
#1366 = CARTESIAN_POINT('',(-186.8866729736,67.706001281738,1.));
#1367 = VECTOR('',#1368,1.);
#1368 = DIRECTION('',(0.455455158438,0.890258725681,0.));
#1369 = PCURVE('',#1321,#1370);
#1370 = DEFINITIONAL_REPRESENTATION('',(#1371),#1375);
#1371 = LINE('',#1372,#1373);
#1372 = CARTESIAN_POINT('',(-1.515675202451,-3.166007110155));
#1373 = VECTOR('',#1374,1.);
#1374 = DIRECTION('',(0.455455158438,0.890258725681));
#1375 = ( GEOMETRIC_REPRESENTATION_CONTEXT(2) 
PARAMETRIC_REPRESENTATION_CONTEXT() REPRESENTATION_CONTEXT('2D SPACE',''
  ) );
#1376 = PCURVE('',#1377,#1382);
#1377 = PLANE('',#1378);
#1378 = AXIS2_PLACEMENT_3D('',#1379,#1380,#1381);
#1379 = CARTESIAN_POINT('',(-185.3058145354,70.55596980521,1.));
#1380 = DIRECTION('',(0.,0.,1.));
#1381 = DIRECTION('',(1.,0.,-0.));
#1382 = DEFINITIONAL_REPRESENTATION('',(#1383),#1386);
#1383 = B_SPLINE_CURVE_WITH_KNOTS('',1,(#1384,#1385),.UNSPECIFIED.,.F.,
  .F.,(2,2),(0.,7.069853444507),.PIECEWISE_BEZIER_KNOTS.);
#1384 = CARTESIAN_POINT('',(-1.580858438134,-2.849968523472));
#1385 = CARTESIAN_POINT('',(1.639142782569,3.44403019479));
#1386 = ( GEOMETRIC_REPRESENTATION_CONTEXT(2) 
PARAMETRIC_REPRESENTATION_CONTEXT() REPRESENTATION_CONTEXT('2D SPACE',''
  ) );
#1387 = ORIENTED_EDGE('',*,*,#1307,.F.);
#1388 = ADVANCED_FACE('',(#1389),#141,.T.);
#1389 = FACE_BOUND('',#1390,.T.);
#1390 = EDGE_LOOP('',(#1391,#1392,#1393));
#1391 = ORIENTED_EDGE('',*,*,#126,.T.);
#1392 = ORIENTED_EDGE('',*,*,#956,.F.);
#1393 = ORIENTED_EDGE('',*,*,#1394,.T.);
#1394 = EDGE_CURVE('',#901,#127,#1395,.T.);
#1395 = SURFACE_CURVE('',#1396,(#1400,#1407),.PCURVE_S1.);
#1396 = LINE('',#1397,#1398);
#1397 = CARTESIAN_POINT('',(-186.0240020751,72.536003112793,1.));
#1398 = VECTOR('',#1399,1.);
#1399 = DIRECTION('',(0.,0.,-1.));
#1400 = PCURVE('',#141,#1401);
#1401 = DEFINITIONAL_REPRESENTATION('',(#1402),#1406);
#1402 = LINE('',#1403,#1404);
#1403 = CARTESIAN_POINT('',(-0.162334842753,0.877452587216));
#1404 = VECTOR('',#1405,1.);
#1405 = DIRECTION('',(0.,-1.));
#1406 = ( GEOMETRIC_REPRESENTATION_CONTEXT(2) 
PARAMETRIC_REPRESENTATION_CONTEXT() REPRESENTATION_CONTEXT('2D SPACE',''
  ) );
#1407 = PCURVE('',#1408,#1413);
#1408 = PLANE('',#1409);
#1409 = AXIS2_PLACEMENT_3D('',#1410,#1411,#1412);
#1410 = CARTESIAN_POINT('',(-185.9310945669,72.65808468507,
    -0.117393911669));
#1411 = DIRECTION('',(-0.795767892256,0.605601735181,-0.));
#1412 = DIRECTION('',(-0.605601735181,-0.795767892256,0.));
#1413 = DEFINITIONAL_REPRESENTATION('',(#1414),#1417);
#1414 = B_SPLINE_CURVE_WITH_KNOTS('',1,(#1415,#1416),.UNSPECIFIED.,.F.,
  .F.,(2,2),(0.,2.),.PIECEWISE_BEZIER_KNOTS.);
#1415 = CARTESIAN_POINT('',(0.153413543654,1.117393911669));
#1416 = CARTESIAN_POINT('',(0.153413543654,-0.882606088331));
#1417 = ( GEOMETRIC_REPRESENTATION_CONTEXT(2) 
PARAMETRIC_REPRESENTATION_CONTEXT() REPRESENTATION_CONTEXT('2D SPACE',''
  ) );
#1418 = ADVANCED_FACE('',(#1419),#942,.T.);
#1419 = FACE_BOUND('',#1420,.T.);
#1420 = EDGE_LOOP('',(#1421,#1443,#1444));
#1421 = ORIENTED_EDGE('',*,*,#1422,.T.);
#1422 = EDGE_CURVE('',#1423,#901,#1425,.T.);
#1423 = VERTEX_POINT('',#1424);
#1424 = CARTESIAN_POINT('',(-185.6959991455,72.967002868652,-1.));
#1425 = SURFACE_CURVE('',#1426,(#1430,#1437),.PCURVE_S1.);
#1426 = LINE('',#1427,#1428);
#1427 = CARTESIAN_POINT('',(-185.6959991455,72.967002868652,-1.));
#1428 = VECTOR('',#1429,1.);
#1429 = DIRECTION('',(-0.158299572499,-0.208007523484,0.965232674292));
#1430 = PCURVE('',#942,#1431);
#1431 = DEFINITIONAL_REPRESENTATION('',(#1432),#1436);
#1432 = LINE('',#1433,#1434);
#1433 = CARTESIAN_POINT('',(-0.153413543654,-1.117393911669));
#1434 = VECTOR('',#1435,1.);
#1435 = DIRECTION('',(0.26139220432,0.965232674292));
#1436 = ( GEOMETRIC_REPRESENTATION_CONTEXT(2) 
PARAMETRIC_REPRESENTATION_CONTEXT() REPRESENTATION_CONTEXT('2D SPACE',''
  ) );
#1437 = PCURVE('',#1408,#1438);
#1438 = DEFINITIONAL_REPRESENTATION('',(#1439),#1442);
#1439 = B_SPLINE_CURVE_WITH_KNOTS('',1,(#1440,#1441),.UNSPECIFIED.,.F.,
  .F.,(2,2),(0.,2.07203926397),.PIECEWISE_BEZIER_KNOTS.);
#1440 = CARTESIAN_POINT('',(-0.388201366992,-0.882606088331));
#1441 = CARTESIAN_POINT('',(0.153413543654,1.117393911669));
#1442 = ( GEOMETRIC_REPRESENTATION_CONTEXT(2) 
PARAMETRIC_REPRESENTATION_CONTEXT() REPRESENTATION_CONTEXT('2D SPACE',''
  ) );
#1443 = ORIENTED_EDGE('',*,*,#928,.F.);
#1444 = ORIENTED_EDGE('',*,*,#1445,.T.);
#1445 = EDGE_CURVE('',#850,#1423,#1446,.T.);
#1446 = SURFACE_CURVE('',#1447,(#1451,#1458),.PCURVE_S1.);
#1447 = LINE('',#1448,#1449);
#1448 = CARTESIAN_POINT('',(-185.6959991455,72.967002868652,1.));
#1449 = VECTOR('',#1450,1.);
#1450 = DIRECTION('',(0.,0.,-1.));
#1451 = PCURVE('',#942,#1452);
#1452 = DEFINITIONAL_REPRESENTATION('',(#1453),#1457);
#1453 = LINE('',#1454,#1455);
#1454 = CARTESIAN_POINT('',(-0.153413543654,0.882606088331));
#1455 = VECTOR('',#1456,1.);
#1456 = DIRECTION('',(0.,-1.));
#1457 = ( GEOMETRIC_REPRESENTATION_CONTEXT(2) 
PARAMETRIC_REPRESENTATION_CONTEXT() REPRESENTATION_CONTEXT('2D SPACE',''
  ) );
#1458 = PCURVE('',#1459,#1464);
#1459 = PLANE('',#1460);
#1460 = AXIS2_PLACEMENT_3D('',#1461,#1462,#1463);
#1461 = CARTESIAN_POINT('',(-185.5938857759,73.069208607699,
    -0.112087623969));
#1462 = DIRECTION('',(-0.707426380782,0.706787037072,-0.));
#1463 = DIRECTION('',(-0.706787037072,-0.707426380782,0.));
#1464 = DEFINITIONAL_REPRESENTATION('',(#1465),#1468);
#1465 = B_SPLINE_CURVE_WITH_KNOTS('',1,(#1466,#1467),.UNSPECIFIED.,.F.,
  .F.,(2,2),(0.,2.),.PIECEWISE_BEZIER_KNOTS.);
#1466 = CARTESIAN_POINT('',(0.144475442,1.112087623969));
#1467 = CARTESIAN_POINT('',(0.144475442,-0.887912376031));
#1468 = ( GEOMETRIC_REPRESENTATION_CONTEXT(2) 
PARAMETRIC_REPRESENTATION_CONTEXT() REPRESENTATION_CONTEXT('2D SPACE',''
  ) );
#1469 = ADVANCED_FACE('',(#1470),#1408,.T.);
#1470 = FACE_BOUND('',#1471,.T.);
#1471 = EDGE_LOOP('',(#1472,#1473,#1474));
#1472 = ORIENTED_EDGE('',*,*,#1394,.F.);
#1473 = ORIENTED_EDGE('',*,*,#1422,.F.);
#1474 = ORIENTED_EDGE('',*,*,#1475,.T.);
#1475 = EDGE_CURVE('',#1423,#127,#1476,.T.);
#1476 = SURFACE_CURVE('',#1477,(#1481,#1488),.PCURVE_S1.);
#1477 = LINE('',#1478,#1479);
#1478 = CARTESIAN_POINT('',(-185.6959991455,72.967002868652,-1.));
#1479 = VECTOR('',#1480,1.);
#1480 = DIRECTION('',(-0.605601735181,-0.795767892256,0.));
#1481 = PCURVE('',#1408,#1482);
#1482 = DEFINITIONAL_REPRESENTATION('',(#1483),#1487);
#1483 = LINE('',#1484,#1485);
#1484 = CARTESIAN_POINT('',(-0.388201366992,-0.882606088331));
#1485 = VECTOR('',#1486,1.);
#1486 = DIRECTION('',(1.,0.));
#1487 = ( GEOMETRIC_REPRESENTATION_CONTEXT(2) 
PARAMETRIC_REPRESENTATION_CONTEXT() REPRESENTATION_CONTEXT('2D SPACE',''
  ) );
#1488 = PCURVE('',#167,#1489);
#1489 = DEFINITIONAL_REPRESENTATION('',(#1490),#1493);
#1490 = B_SPLINE_CURVE_WITH_KNOTS('',1,(#1491,#1492),.UNSPECIFIED.,.F.,
  .F.,(2,2),(0.,0.541614910646),.PIECEWISE_BEZIER_KNOTS.);
#1491 = CARTESIAN_POINT('',(-0.314708421986,0.456794416247));
#1492 = CARTESIAN_POINT('',(1.329450770132E-02,2.579466038765E-02));
#1493 = ( GEOMETRIC_REPRESENTATION_CONTEXT(2) 
PARAMETRIC_REPRESENTATION_CONTEXT() REPRESENTATION_CONTEXT('2D SPACE',''
  ) );
#1494 = ADVANCED_FACE('',(#1495),#286,.T.);
#1495 = FACE_BOUND('',#1496,.T.);
#1496 = EDGE_LOOP('',(#1497,#1517,#1518));
#1497 = ORIENTED_EDGE('',*,*,#1498,.T.);
#1498 = EDGE_CURVE('',#271,#850,#1499,.T.);
#1499 = SURFACE_CURVE('',#1500,(#1504,#1511),.PCURVE_S1.);
#1500 = LINE('',#1501,#1502);
#1501 = CARTESIAN_POINT('',(-185.333328247,73.330001831055,-1.));
#1502 = VECTOR('',#1503,1.);
#1503 = DIRECTION('',(-0.175646637873,-0.175805523885,0.968628244671));
#1504 = PCURVE('',#286,#1505);
#1505 = DEFINITIONAL_REPRESENTATION('',(#1506),#1510);
#1506 = LINE('',#1507,#1508);
#1507 = CARTESIAN_POINT('',(-0.144475442,-1.112087623969));
#1508 = VECTOR('',#1509,1.);
#1509 = DIRECTION('',(0.248514232238,0.968628244671));
#1510 = ( GEOMETRIC_REPRESENTATION_CONTEXT(2) 
PARAMETRIC_REPRESENTATION_CONTEXT() REPRESENTATION_CONTEXT('2D SPACE',''
  ) );
#1511 = PCURVE('',#1459,#1512);
#1512 = DEFINITIONAL_REPRESENTATION('',(#1513),#1516);
#1513 = B_SPLINE_CURVE_WITH_KNOTS('',1,(#1514,#1515),.UNSPECIFIED.,.F.,
  .F.,(2,2),(0.,2.064775636063),.PIECEWISE_BEZIER_KNOTS.);
#1514 = CARTESIAN_POINT('',(-0.368650689939,-0.887912376031));
#1515 = CARTESIAN_POINT('',(0.144475442,1.112087623969));
#1516 = ( GEOMETRIC_REPRESENTATION_CONTEXT(2) 
PARAMETRIC_REPRESENTATION_CONTEXT() REPRESENTATION_CONTEXT('2D SPACE',''
  ) );
#1517 = ORIENTED_EDGE('',*,*,#877,.F.);
#1518 = ORIENTED_EDGE('',*,*,#270,.F.);
#1519 = ADVANCED_FACE('',(#1520),#1459,.T.);
#1520 = FACE_BOUND('',#1521,.T.);
#1521 = EDGE_LOOP('',(#1522,#1523,#1524));
#1522 = ORIENTED_EDGE('',*,*,#1445,.F.);
#1523 = ORIENTED_EDGE('',*,*,#1498,.F.);
#1524 = ORIENTED_EDGE('',*,*,#1525,.T.);
#1525 = EDGE_CURVE('',#271,#1423,#1526,.T.);
#1526 = SURFACE_CURVE('',#1527,(#1531,#1538),.PCURVE_S1.);
#1527 = LINE('',#1528,#1529);
#1528 = CARTESIAN_POINT('',(-185.333328247,73.330001831055,-1.));
#1529 = VECTOR('',#1530,1.);
#1530 = DIRECTION('',(-0.706787037072,-0.707426380782,0.));
#1531 = PCURVE('',#1459,#1532);
#1532 = DEFINITIONAL_REPRESENTATION('',(#1533),#1537);
#1533 = LINE('',#1534,#1535);
#1534 = CARTESIAN_POINT('',(-0.368650689939,-0.887912376031));
#1535 = VECTOR('',#1536,1.);
#1536 = DIRECTION('',(1.,0.));
#1537 = ( GEOMETRIC_REPRESENTATION_CONTEXT(2) 
PARAMETRIC_REPRESENTATION_CONTEXT() REPRESENTATION_CONTEXT('2D SPACE',''
  ) );
#1538 = PCURVE('',#1539,#1544);
#1539 = PLANE('',#1540);
#1540 = AXIS2_PLACEMENT_3D('',#1541,#1542,#1543);
#1541 = CARTESIAN_POINT('',(-185.8357015765,72.697953820001,-1.));
#1542 = DIRECTION('',(-0.,-0.,-1.));
#1543 = DIRECTION('',(-1.,0.,0.));
#1544 = DEFINITIONAL_REPRESENTATION('',(#1545),#1548);
#1545 = B_SPLINE_CURVE_WITH_KNOTS('',1,(#1546,#1547),.UNSPECIFIED.,.F.,
  .F.,(2,2),(0.,0.513126131939),.PIECEWISE_BEZIER_KNOTS.);
#1546 = CARTESIAN_POINT('',(-0.502373329528,0.632048011054));
#1547 = CARTESIAN_POINT('',(-0.139702431091,0.269049048651));
#1548 = ( GEOMETRIC_REPRESENTATION_CONTEXT(2) 
PARAMETRIC_REPRESENTATION_CONTEXT() REPRESENTATION_CONTEXT('2D SPACE',''
  ) );
#1549 = ADVANCED_FACE('',(#1550),#1154,.T.);
#1550 = FACE_BOUND('',#1551,.T.);
#1551 = EDGE_LOOP('',(#1552,#1553,#1580));
#1552 = ORIENTED_EDGE('',*,*,#1140,.F.);
#1553 = ORIENTED_EDGE('',*,*,#1554,.F.);
#1554 = EDGE_CURVE('',#1555,#1057,#1557,.T.);
#1555 = VERTEX_POINT('',#1556);
#1556 = CARTESIAN_POINT('',(-186.8866729736,70.293998718262,-1.));
#1557 = SURFACE_CURVE('',#1558,(#1562,#1568),.PCURVE_S1.);
#1558 = LINE('',#1559,#1560);
#1559 = CARTESIAN_POINT('',(-186.8866729736,70.293998718262,-1.));
#1560 = VECTOR('',#1561,1.);
#1561 = DIRECTION('',(6.703966607992E-02,0.294999255219,0.953142760866)
  );
#1562 = PCURVE('',#1154,#1563);
#1563 = DEFINITIONAL_REPRESENTATION('',(#1564),#1567);
#1564 = B_SPLINE_CURVE_WITH_KNOTS('',1,(#1565,#1566),.UNSPECIFIED.,.F.,
  .F.,(2,2),(0.,2.098321554876),.PIECEWISE_BEZIER_KNOTS.);
#1565 = CARTESIAN_POINT('',(0.183276904839,-1.134116127401));
#1566 = CARTESIAN_POINT('',(-0.45150915964,0.865883872599));
#1567 = ( GEOMETRIC_REPRESENTATION_CONTEXT(2) 
PARAMETRIC_REPRESENTATION_CONTEXT() REPRESENTATION_CONTEXT('2D SPACE',''
  ) );
#1568 = PCURVE('',#1569,#1574);
#1569 = PLANE('',#1570);
#1570 = AXIS2_PLACEMENT_3D('',#1571,#1572,#1573);
#1571 = CARTESIAN_POINT('',(-186.78661699,70.734281946872,
    -0.134116127401));
#1572 = DIRECTION('',(-0.975136869784,0.221603441283,-0.));
#1573 = DIRECTION('',(-0.221603441283,-0.975136869784,0.));
#1574 = DEFINITIONAL_REPRESENTATION('',(#1575),#1579);
#1575 = LINE('',#1576,#1577);
#1576 = CARTESIAN_POINT('',(0.45150915964,-0.865883872599));
#1577 = VECTOR('',#1578,1.);
#1578 = DIRECTION('',(-0.302520871029,0.953142760866));
#1579 = ( GEOMETRIC_REPRESENTATION_CONTEXT(2) 
PARAMETRIC_REPRESENTATION_CONTEXT() REPRESENTATION_CONTEXT('2D SPACE',''
  ) );
#1580 = ORIENTED_EDGE('',*,*,#1581,.T.);
#1581 = EDGE_CURVE('',#1555,#1113,#1582,.T.);
#1582 = SURFACE_CURVE('',#1583,(#1587,#1594),.PCURVE_S1.);
#1583 = LINE('',#1584,#1585);
#1584 = CARTESIAN_POINT('',(-186.8866729736,70.293998718262,-1.));
#1585 = VECTOR('',#1586,1.);
#1586 = DIRECTION('',(0.,0.,1.));
#1587 = PCURVE('',#1154,#1588);
#1588 = DEFINITIONAL_REPRESENTATION('',(#1589),#1593);
#1589 = LINE('',#1590,#1591);
#1590 = CARTESIAN_POINT('',(0.183276904839,-1.134116127401));
#1591 = VECTOR('',#1592,1.);
#1592 = DIRECTION('',(0.,1.));
#1593 = ( GEOMETRIC_REPRESENTATION_CONTEXT(2) 
PARAMETRIC_REPRESENTATION_CONTEXT() REPRESENTATION_CONTEXT('2D SPACE',''
  ) );
#1594 = PCURVE('',#1595,#1600);
#1595 = PLANE('',#1596);
#1596 = AXIS2_PLACEMENT_3D('',#1597,#1598,#1599);
#1597 = CARTESIAN_POINT('',(-186.9111728828,70.10848962717,
    -0.136162496729));
#1598 = DIRECTION('',(-0.99139140598,0.130931585759,-0.));
#1599 = DIRECTION('',(-0.130931585759,-0.99139140598,0.));
#1600 = DEFINITIONAL_REPRESENTATION('',(#1601),#1604);
#1601 = B_SPLINE_CURVE_WITH_KNOTS('',1,(#1602,#1603),.UNSPECIFIED.,.F.,
  .F.,(2,2),(0.,2.),.PIECEWISE_BEZIER_KNOTS.);
#1602 = CARTESIAN_POINT('',(-0.187119930608,-0.863837503271));
#1603 = CARTESIAN_POINT('',(-0.187119930608,1.136162496729));
#1604 = ( GEOMETRIC_REPRESENTATION_CONTEXT(2) 
PARAMETRIC_REPRESENTATION_CONTEXT() REPRESENTATION_CONTEXT('2D SPACE',''
  ) );
#1605 = ADVANCED_FACE('',(#1606),#1569,.T.);
#1606 = FACE_BOUND('',#1607,.T.);
#1607 = EDGE_LOOP('',(#1608,#1609,#1631));
#1608 = ORIENTED_EDGE('',*,*,#1554,.T.);
#1609 = ORIENTED_EDGE('',*,*,#1610,.T.);
#1610 = EDGE_CURVE('',#1057,#1611,#1613,.T.);
#1611 = VERTEX_POINT('',#1612);
#1612 = CARTESIAN_POINT('',(-186.7460021972,70.91300201416,-1.));
#1613 = SURFACE_CURVE('',#1614,(#1618,#1625),.PCURVE_S1.);
#1614 = LINE('',#1615,#1616);
#1615 = CARTESIAN_POINT('',(-186.7460021972,70.91300201416,1.));
#1616 = VECTOR('',#1617,1.);
#1617 = DIRECTION('',(0.,0.,-1.));
#1618 = PCURVE('',#1569,#1619);
#1619 = DEFINITIONAL_REPRESENTATION('',(#1620),#1624);
#1620 = LINE('',#1621,#1622);
#1621 = CARTESIAN_POINT('',(-0.183276904839,1.134116127401));
#1622 = VECTOR('',#1623,1.);
#1623 = DIRECTION('',(-0.,-1.));
#1624 = ( GEOMETRIC_REPRESENTATION_CONTEXT(2) 
PARAMETRIC_REPRESENTATION_CONTEXT() REPRESENTATION_CONTEXT('2D SPACE',''
  ) );
#1625 = PCURVE('',#1098,#1626);
#1626 = DEFINITIONAL_REPRESENTATION('',(#1627),#1630);
#1627 = B_SPLINE_CURVE_WITH_KNOTS('',1,(#1628,#1629),.UNSPECIFIED.,.F.,
  .F.,(2,2),(0.,2.),.PIECEWISE_BEZIER_KNOTS.);
#1628 = CARTESIAN_POINT('',(0.177764677467,0.868859588455));
#1629 = CARTESIAN_POINT('',(0.177764677467,-1.131140411545));
#1630 = ( GEOMETRIC_REPRESENTATION_CONTEXT(2) 
PARAMETRIC_REPRESENTATION_CONTEXT() REPRESENTATION_CONTEXT('2D SPACE',''
  ) );
#1631 = ORIENTED_EDGE('',*,*,#1632,.T.);
#1632 = EDGE_CURVE('',#1611,#1555,#1633,.T.);
#1633 = SURFACE_CURVE('',#1634,(#1638,#1645),.PCURVE_S1.);
#1634 = LINE('',#1635,#1636);
#1635 = CARTESIAN_POINT('',(-186.7460021972,70.91300201416,-1.));
#1636 = VECTOR('',#1637,1.);
#1637 = DIRECTION('',(-0.221603441283,-0.975136869784,0.));
#1638 = PCURVE('',#1569,#1639);
#1639 = DEFINITIONAL_REPRESENTATION('',(#1640),#1644);
#1640 = LINE('',#1641,#1642);
#1641 = CARTESIAN_POINT('',(-0.183276904839,-0.865883872599));
#1642 = VECTOR('',#1643,1.);
#1643 = DIRECTION('',(1.,0.));
#1644 = ( GEOMETRIC_REPRESENTATION_CONTEXT(2) 
PARAMETRIC_REPRESENTATION_CONTEXT() REPRESENTATION_CONTEXT('2D SPACE',''
  ) );
#1645 = PCURVE('',#1646,#1651);
#1646 = PLANE('',#1647);
#1647 = AXIS2_PLACEMENT_3D('',#1648,#1649,#1650);
#1648 = CARTESIAN_POINT('',(-185.3443867558,72.184327289053,-1.));
#1649 = DIRECTION('',(-0.,-0.,-1.));
#1650 = DIRECTION('',(-1.,0.,0.));
#1651 = DEFINITIONAL_REPRESENTATION('',(#1652),#1655);
#1652 = B_SPLINE_CURVE_WITH_KNOTS('',1,(#1653,#1654),.UNSPECIFIED.,.F.,
  .F.,(2,2),(0.,0.634786064479),.PIECEWISE_BEZIER_KNOTS.);
#1653 = CARTESIAN_POINT('',(1.40161544144,-1.271325274892));
#1654 = CARTESIAN_POINT('',(1.542286217807,-1.890328570791));
#1655 = ( GEOMETRIC_REPRESENTATION_CONTEXT(2) 
PARAMETRIC_REPRESENTATION_CONTEXT() REPRESENTATION_CONTEXT('2D SPACE',''
  ) );
#1656 = ADVANCED_FACE('',(#1657),#1377,.T.);
#1657 = FACE_BOUND('',#1658,.T.);
#1658 = EDGE_LOOP('',(#1659,#1686,#1687));
#1659 = ORIENTED_EDGE('',*,*,#1660,.T.);
#1660 = EDGE_CURVE('',#1661,#604,#1663,.T.);
#1661 = VERTEX_POINT('',#1662);
#1662 = CARTESIAN_POINT('',(-186.7460021972,67.08699798584,1.));
#1663 = SURFACE_CURVE('',#1664,(#1668,#1675),.PCURVE_S1.);
#1664 = LINE('',#1665,#1666);
#1665 = CARTESIAN_POINT('',(-186.7460021972,67.08699798584,1.));
#1666 = VECTOR('',#1667,1.);
#1667 = DIRECTION('',(0.406898044964,0.913473579806,0.));
#1668 = PCURVE('',#1377,#1669);
#1669 = DEFINITIONAL_REPRESENTATION('',(#1670),#1674);
#1670 = LINE('',#1671,#1672);
#1671 = CARTESIAN_POINT('',(-1.440187661766,-3.46897181937));
#1672 = VECTOR('',#1673,1.);
#1673 = DIRECTION('',(0.406898044964,0.913473579806));
#1674 = ( GEOMETRIC_REPRESENTATION_CONTEXT(2) 
PARAMETRIC_REPRESENTATION_CONTEXT() REPRESENTATION_CONTEXT('2D SPACE',''
  ) );
#1675 = PCURVE('',#1676,#1681);
#1676 = PLANE('',#1677);
#1677 = AXIS2_PLACEMENT_3D('',#1678,#1679,#1680);
#1678 = CARTESIAN_POINT('',(-185.2135809338,70.25528206659,1.));
#1679 = DIRECTION('',(0.,0.,1.));
#1680 = DIRECTION('',(1.,0.,-0.));
#1681 = DEFINITIONAL_REPRESENTATION('',(#1682),#1685);
#1682 = B_SPLINE_CURVE_WITH_KNOTS('',1,(#1683,#1684),.UNSPECIFIED.,.F.,
  .F.,(2,2),(0.,7.567818234683),.PIECEWISE_BEZIER_KNOTS.);
#1683 = CARTESIAN_POINT('',(-1.532421263445,-3.168284080751));
#1684 = CARTESIAN_POINT('',(1.546909180891,3.74471793341));
#1685 = ( GEOMETRIC_REPRESENTATION_CONTEXT(2) 
PARAMETRIC_REPRESENTATION_CONTEXT() REPRESENTATION_CONTEXT('2D SPACE',''
  ) );
#1686 = ORIENTED_EDGE('',*,*,#1363,.F.);
#1687 = ORIENTED_EDGE('',*,*,#1688,.F.);
#1688 = EDGE_CURVE('',#1661,#1337,#1689,.T.);
#1689 = SURFACE_CURVE('',#1690,(#1694,#1700),.PCURVE_S1.);
#1690 = LINE('',#1691,#1692);
#1691 = CARTESIAN_POINT('',(-186.7460021972,67.08699798584,1.));
#1692 = VECTOR('',#1693,1.);
#1693 = DIRECTION('',(-0.221603441283,0.975136869784,0.));
#1694 = PCURVE('',#1377,#1695);
#1695 = DEFINITIONAL_REPRESENTATION('',(#1696),#1699);
#1696 = B_SPLINE_CURVE_WITH_KNOTS('',1,(#1697,#1698),.UNSPECIFIED.,.F.,
  .F.,(2,2),(0.,0.634786064479),.PIECEWISE_BEZIER_KNOTS.);
#1697 = CARTESIAN_POINT('',(-1.440187661766,-3.46897181937));
#1698 = CARTESIAN_POINT('',(-1.580858438134,-2.849968523472));
#1699 = ( GEOMETRIC_REPRESENTATION_CONTEXT(2) 
PARAMETRIC_REPRESENTATION_CONTEXT() REPRESENTATION_CONTEXT('2D SPACE',''
  ) );
#1700 = PCURVE('',#1701,#1706);
#1701 = PLANE('',#1702);
#1702 = AXIS2_PLACEMENT_3D('',#1703,#1704,#1705);
#1703 = CARTESIAN_POINT('',(-186.78661699,67.265718053128,0.134116127401
    ));
#1704 = DIRECTION('',(-0.975136869784,-0.221603441283,-0.));
#1705 = DIRECTION('',(0.221603441283,-0.975136869784,0.));
#1706 = DEFINITIONAL_REPRESENTATION('',(#1707),#1711);
#1707 = LINE('',#1708,#1709);
#1708 = CARTESIAN_POINT('',(0.183276904839,0.865883872599));
#1709 = VECTOR('',#1710,1.);
#1710 = DIRECTION('',(-1.,0.));
#1711 = ( GEOMETRIC_REPRESENTATION_CONTEXT(2) 
PARAMETRIC_REPRESENTATION_CONTEXT() REPRESENTATION_CONTEXT('2D SPACE',''
  ) );
#1712 = ADVANCED_FACE('',(#1713),#1725,.T.);
#1713 = FACE_BOUND('',#1714,.T.);
#1714 = EDGE_LOOP('',(#1715,#1747,#1769));
#1715 = ORIENTED_EDGE('',*,*,#1716,.T.);
#1716 = EDGE_CURVE('',#1717,#1661,#1719,.T.);
#1717 = VERTEX_POINT('',#1718);
#1718 = CARTESIAN_POINT('',(-186.5533294677,66.5,-1.));
#1719 = SURFACE_CURVE('',#1720,(#1724,#1736),.PCURVE_S1.);
#1720 = LINE('',#1721,#1722);
#1721 = CARTESIAN_POINT('',(-186.5533294677,66.5,-1.));
#1722 = VECTOR('',#1723,1.);
#1723 = DIRECTION('',(-9.204484157569E-02,0.280424410628,0.955452718382)
  );
#1724 = PCURVE('',#1725,#1730);
#1725 = PLANE('',#1726);
#1726 = AXIS2_PLACEMENT_3D('',#1727,#1728,#1729);
#1727 = CARTESIAN_POINT('',(-186.6905638007,66.918099007904,
    -0.131140411545));
#1728 = DIRECTION('',(-0.950126765016,-0.311863961368,2.729085039304E-17
    ));
#1729 = DIRECTION('',(0.311863961368,-0.950126765016,1.54074395551E-33)
  );
#1730 = DEFINITIONAL_REPRESENTATION('',(#1731),#1735);
#1731 = LINE('',#1732,#1733);
#1732 = CARTESIAN_POINT('',(0.440045500557,-0.868859588455));
#1733 = VECTOR('',#1734,1.);
#1734 = DIRECTION('',(-0.295144207019,0.955452718382));
#1735 = ( GEOMETRIC_REPRESENTATION_CONTEXT(2) 
PARAMETRIC_REPRESENTATION_CONTEXT() REPRESENTATION_CONTEXT('2D SPACE',''
  ) );
#1736 = PCURVE('',#1737,#1742);
#1737 = PLANE('',#1738);
#1738 = AXIS2_PLACEMENT_3D('',#1739,#1740,#1741);
#1739 = CARTESIAN_POINT('',(-186.6087678642,66.668898977936,
    0.131140411545));
#1740 = DIRECTION('',(-0.950126765016,-0.311863961368,3.638780052405E-17
    ));
#1741 = DIRECTION('',(0.311863961368,-0.950126765016,0.));
#1742 = DEFINITIONAL_REPRESENTATION('',(#1743),#1746);
#1743 = B_SPLINE_CURVE_WITH_KNOTS('',1,(#1744,#1745),.UNSPECIFIED.,.F.,
  .F.,(2,2),(0.,2.093248531845),.PIECEWISE_BEZIER_KNOTS.);
#1744 = CARTESIAN_POINT('',(0.177764677467,-1.131140411545));
#1745 = CARTESIAN_POINT('',(-0.440045500557,0.868859588455));
#1746 = ( GEOMETRIC_REPRESENTATION_CONTEXT(2) 
PARAMETRIC_REPRESENTATION_CONTEXT() REPRESENTATION_CONTEXT('2D SPACE',''
  ) );
#1747 = ORIENTED_EDGE('',*,*,#1748,.T.);
#1748 = EDGE_CURVE('',#1661,#1749,#1751,.T.);
#1749 = VERTEX_POINT('',#1750);
#1750 = CARTESIAN_POINT('',(-186.7460021972,67.08699798584,-1.));
#1751 = SURFACE_CURVE('',#1752,(#1756,#1763),.PCURVE_S1.);
#1752 = LINE('',#1753,#1754);
#1753 = CARTESIAN_POINT('',(-186.7460021972,67.08699798584,1.));
#1754 = VECTOR('',#1755,1.);
#1755 = DIRECTION('',(0.,0.,-1.));
#1756 = PCURVE('',#1725,#1757);
#1757 = DEFINITIONAL_REPRESENTATION('',(#1758),#1762);
#1758 = LINE('',#1759,#1760);
#1759 = CARTESIAN_POINT('',(-0.177764677467,1.131140411545));
#1760 = VECTOR('',#1761,1.);
#1761 = DIRECTION('',(3.421138828918E-49,-1.));
#1762 = ( GEOMETRIC_REPRESENTATION_CONTEXT(2) 
PARAMETRIC_REPRESENTATION_CONTEXT() REPRESENTATION_CONTEXT('2D SPACE',''
  ) );
#1763 = PCURVE('',#1701,#1764);
#1764 = DEFINITIONAL_REPRESENTATION('',(#1765),#1768);
#1765 = B_SPLINE_CURVE_WITH_KNOTS('',1,(#1766,#1767),.UNSPECIFIED.,.F.,
  .F.,(2,2),(0.,2.),.PIECEWISE_BEZIER_KNOTS.);
#1766 = CARTESIAN_POINT('',(0.183276904839,0.865883872599));
#1767 = CARTESIAN_POINT('',(0.183276904839,-1.134116127401));
#1768 = ( GEOMETRIC_REPRESENTATION_CONTEXT(2) 
PARAMETRIC_REPRESENTATION_CONTEXT() REPRESENTATION_CONTEXT('2D SPACE',''
  ) );
#1769 = ORIENTED_EDGE('',*,*,#1770,.T.);
#1770 = EDGE_CURVE('',#1749,#1717,#1771,.T.);
#1771 = SURFACE_CURVE('',#1772,(#1776,#1783),.PCURVE_S1.);
#1772 = LINE('',#1773,#1774);
#1773 = CARTESIAN_POINT('',(-186.7460021972,67.08699798584,-1.));
#1774 = VECTOR('',#1775,1.);
#1775 = DIRECTION('',(0.311863961368,-0.950126765016,0.));
#1776 = PCURVE('',#1725,#1777);
#1777 = DEFINITIONAL_REPRESENTATION('',(#1778),#1782);
#1778 = LINE('',#1779,#1780);
#1779 = CARTESIAN_POINT('',(-0.177764677467,-0.868859588455));
#1780 = VECTOR('',#1781,1.);
#1781 = DIRECTION('',(1.,-6.111380957815E-33));
#1782 = ( GEOMETRIC_REPRESENTATION_CONTEXT(2) 
PARAMETRIC_REPRESENTATION_CONTEXT() REPRESENTATION_CONTEXT('2D SPACE',''
  ) );
#1783 = PCURVE('',#1784,#1789);
#1784 = PLANE('',#1785);
#1785 = AXIS2_PLACEMENT_3D('',#1786,#1787,#1788);
#1786 = CARTESIAN_POINT('',(-185.2135809338,70.25528206659,-1.));
#1787 = DIRECTION('',(-0.,-0.,-1.));
#1788 = DIRECTION('',(-1.,0.,0.));
#1789 = DEFINITIONAL_REPRESENTATION('',(#1790),#1793);
#1790 = B_SPLINE_CURVE_WITH_KNOTS('',1,(#1791,#1792),.UNSPECIFIED.,.F.,
  .F.,(2,2),(0.,0.617810178024),.PIECEWISE_BEZIER_KNOTS.);
#1791 = CARTESIAN_POINT('',(1.532421263445,-3.168284080751));
#1792 = CARTESIAN_POINT('',(1.339748533953,-3.75528206659));
#1793 = ( GEOMETRIC_REPRESENTATION_CONTEXT(2) 
PARAMETRIC_REPRESENTATION_CONTEXT() REPRESENTATION_CONTEXT('2D SPACE',''
  ) );
#1794 = ADVANCED_FACE('',(#1795),#1737,.T.);
#1795 = FACE_BOUND('',#1796,.T.);
#1796 = EDGE_LOOP('',(#1797,#1819,#1820));
#1797 = ORIENTED_EDGE('',*,*,#1798,.T.);
#1798 = EDGE_CURVE('',#1799,#1661,#1801,.T.);
#1799 = VERTEX_POINT('',#1800);
#1800 = CARTESIAN_POINT('',(-186.5533294677,66.5,1.));
#1801 = SURFACE_CURVE('',#1802,(#1806,#1813),.PCURVE_S1.);
#1802 = LINE('',#1803,#1804);
#1803 = CARTESIAN_POINT('',(-186.5533294677,66.5,1.));
#1804 = VECTOR('',#1805,1.);
#1805 = DIRECTION('',(-0.311863961368,0.950126765016,0.));
#1806 = PCURVE('',#1737,#1807);
#1807 = DEFINITIONAL_REPRESENTATION('',(#1808),#1812);
#1808 = LINE('',#1809,#1810);
#1809 = CARTESIAN_POINT('',(0.177764677467,0.868859588455));
#1810 = VECTOR('',#1811,1.);
#1811 = DIRECTION('',(-1.,6.05978609359E-33));
#1812 = ( GEOMETRIC_REPRESENTATION_CONTEXT(2) 
PARAMETRIC_REPRESENTATION_CONTEXT() REPRESENTATION_CONTEXT('2D SPACE',''
  ) );
#1813 = PCURVE('',#1676,#1814);
#1814 = DEFINITIONAL_REPRESENTATION('',(#1815),#1818);
#1815 = B_SPLINE_CURVE_WITH_KNOTS('',1,(#1816,#1817),.UNSPECIFIED.,.F.,
  .F.,(2,2),(0.,0.617810178024),.PIECEWISE_BEZIER_KNOTS.);
#1816 = CARTESIAN_POINT('',(-1.339748533953,-3.75528206659));
#1817 = CARTESIAN_POINT('',(-1.532421263445,-3.168284080751));
#1818 = ( GEOMETRIC_REPRESENTATION_CONTEXT(2) 
PARAMETRIC_REPRESENTATION_CONTEXT() REPRESENTATION_CONTEXT('2D SPACE',''
  ) );
#1819 = ORIENTED_EDGE('',*,*,#1716,.F.);
#1820 = ORIENTED_EDGE('',*,*,#1821,.F.);
#1821 = EDGE_CURVE('',#1799,#1717,#1822,.T.);
#1822 = SURFACE_CURVE('',#1823,(#1827,#1833),.PCURVE_S1.);
#1823 = LINE('',#1824,#1825);
#1824 = CARTESIAN_POINT('',(-186.5533294677,66.5,1.));
#1825 = VECTOR('',#1826,1.);
#1826 = DIRECTION('',(0.,0.,-1.));
#1827 = PCURVE('',#1737,#1828);
#1828 = DEFINITIONAL_REPRESENTATION('',(#1829),#1832);
#1829 = B_SPLINE_CURVE_WITH_KNOTS('',1,(#1830,#1831),.UNSPECIFIED.,.F.,
  .F.,(2,2),(0.,2.),.PIECEWISE_BEZIER_KNOTS.);
#1830 = CARTESIAN_POINT('',(0.177764677467,0.868859588455));
#1831 = CARTESIAN_POINT('',(0.177764677467,-1.131140411545));
#1832 = ( GEOMETRIC_REPRESENTATION_CONTEXT(2) 
PARAMETRIC_REPRESENTATION_CONTEXT() REPRESENTATION_CONTEXT('2D SPACE',''
  ) );
#1833 = PCURVE('',#1834,#1839);
#1834 = PLANE('',#1835);
#1835 = AXIS2_PLACEMENT_3D('',#1836,#1837,#1838);
#1836 = CARTESIAN_POINT('',(-186.4840183944,66.344186661691,
    0.127162789519));
#1837 = DIRECTION('',(-0.913679396789,-0.406435677424,
    -1.824416105188E-17));
#1838 = DIRECTION('',(0.406435677424,-0.913679396789,7.703719777549E-34)
  );
#1839 = DEFINITIONAL_REPRESENTATION('',(#1840),#1844);
#1840 = LINE('',#1841,#1842);
#1841 = CARTESIAN_POINT('',(-0.170533930016,0.872837210481));
#1842 = VECTOR('',#1843,1.);
#1843 = DIRECTION('',(0.,-1.));
#1844 = ( GEOMETRIC_REPRESENTATION_CONTEXT(2) 
PARAMETRIC_REPRESENTATION_CONTEXT() REPRESENTATION_CONTEXT('2D SPACE',''
  ) );
#1845 = ADVANCED_FACE('',(#1846),#1860,.T.);
#1846 = FACE_BOUND('',#1847,.T.);
#1847 = EDGE_LOOP('',(#1848,#1882,#1909));
#1848 = ORIENTED_EDGE('',*,*,#1849,.T.);
#1849 = EDGE_CURVE('',#1850,#1852,#1854,.T.);
#1850 = VERTEX_POINT('',#1851);
#1851 = CARTESIAN_POINT('',(-186.311340332,65.956001281738,-1.));
#1852 = VERTEX_POINT('',#1853);
#1853 = CARTESIAN_POINT('',(-186.0240020751,65.463996887207,1.));
#1854 = SURFACE_CURVE('',#1855,(#1859,#1871),.PCURVE_S1.);
#1855 = LINE('',#1856,#1857);
#1856 = CARTESIAN_POINT('',(-186.311340332,65.956001281738,-1.));
#1857 = VECTOR('',#1858,1.);
#1858 = DIRECTION('',(0.138171634199,-0.236588931714,0.96173503466));
#1859 = PCURVE('',#1860,#1865);
#1860 = PLANE('',#1861);
#1861 = AXIS2_PLACEMENT_3D('',#1862,#1863,#1864);
#1862 = CARTESIAN_POINT('',(-186.2294731573,65.815821515418,
    0.122547412784));
#1863 = DIRECTION('',(-0.863522358744,-0.504310555065,-0.));
#1864 = DIRECTION('',(0.504310555065,-0.863522358744,0.));
#1865 = DEFINITIONAL_REPRESENTATION('',(#1866),#1870);
#1866 = LINE('',#1867,#1868);
#1867 = CARTESIAN_POINT('',(-0.162334842753,-1.122547412784));
#1868 = VECTOR('',#1869,1.);
#1869 = DIRECTION('',(0.273981245903,0.96173503466));
#1870 = ( GEOMETRIC_REPRESENTATION_CONTEXT(2) 
PARAMETRIC_REPRESENTATION_CONTEXT() REPRESENTATION_CONTEXT('2D SPACE',''
  ) );
#1871 = PCURVE('',#1872,#1877);
#1872 = PLANE('',#1873);
#1873 = AXIS2_PLACEMENT_3D('',#1874,#1875,#1876);
#1874 = CARTESIAN_POINT('',(-186.1058692498,65.604176653527,
    -0.122547412784));
#1875 = DIRECTION('',(-0.863522358744,-0.504310555065,1.830480330989E-17
    ));
#1876 = DIRECTION('',(0.504310555065,-0.863522358744,0.));
#1877 = DEFINITIONAL_REPRESENTATION('',(#1878),#1881);
#1878 = B_SPLINE_CURVE_WITH_KNOTS('',1,(#1879,#1880),.UNSPECIFIED.,.F.,
  .F.,(2,2),(0.,2.079574859936),.PIECEWISE_BEZIER_KNOTS.);
#1879 = CARTESIAN_POINT('',(-0.407429668322,-0.877452587216));
#1880 = CARTESIAN_POINT('',(0.162334842753,1.122547412784));
#1881 = ( GEOMETRIC_REPRESENTATION_CONTEXT(2) 
PARAMETRIC_REPRESENTATION_CONTEXT() REPRESENTATION_CONTEXT('2D SPACE',''
  ) );
#1882 = ORIENTED_EDGE('',*,*,#1883,.T.);
#1883 = EDGE_CURVE('',#1852,#1884,#1886,.T.);
#1884 = VERTEX_POINT('',#1885);
#1885 = CARTESIAN_POINT('',(-186.311340332,65.956001281738,1.));
#1886 = SURFACE_CURVE('',#1887,(#1891,#1898),.PCURVE_S1.);
#1887 = LINE('',#1888,#1889);
#1888 = CARTESIAN_POINT('',(-186.0240020751,65.463996887207,1.));
#1889 = VECTOR('',#1890,1.);
#1890 = DIRECTION('',(-0.504310555065,0.863522358744,0.));
#1891 = PCURVE('',#1860,#1892);
#1892 = DEFINITIONAL_REPRESENTATION('',(#1893),#1897);
#1893 = LINE('',#1894,#1895);
#1894 = CARTESIAN_POINT('',(0.407429668322,0.877452587216));
#1895 = VECTOR('',#1896,1.);
#1896 = DIRECTION('',(-1.,0.));
#1897 = ( GEOMETRIC_REPRESENTATION_CONTEXT(2) 
PARAMETRIC_REPRESENTATION_CONTEXT() REPRESENTATION_CONTEXT('2D SPACE',''
  ) );
#1898 = PCURVE('',#1899,#1904);
#1899 = PLANE('',#1900);
#1900 = AXIS2_PLACEMENT_3D('',#1901,#1902,#1903);
#1901 = CARTESIAN_POINT('',(-184.9554338067,69.720343242687,1.));
#1902 = DIRECTION('',(0.,0.,1.));
#1903 = DIRECTION('',(1.,0.,-0.));
#1904 = DEFINITIONAL_REPRESENTATION('',(#1905),#1908);
#1905 = B_SPLINE_CURVE_WITH_KNOTS('',1,(#1906,#1907),.UNSPECIFIED.,.F.,
  .F.,(2,2),(0.,0.569764511074),.PIECEWISE_BEZIER_KNOTS.);
#1906 = CARTESIAN_POINT('',(-1.068568268427,-4.25634635548));
#1907 = CARTESIAN_POINT('',(-1.355906525263,-3.764341960948));
#1908 = ( GEOMETRIC_REPRESENTATION_CONTEXT(2) 
PARAMETRIC_REPRESENTATION_CONTEXT() REPRESENTATION_CONTEXT('2D SPACE',''
  ) );
#1909 = ORIENTED_EDGE('',*,*,#1910,.T.);
#1910 = EDGE_CURVE('',#1884,#1850,#1911,.T.);
#1911 = SURFACE_CURVE('',#1912,(#1916,#1923),.PCURVE_S1.);
#1912 = LINE('',#1913,#1914);
#1913 = CARTESIAN_POINT('',(-186.311340332,65.956001281738,1.));
#1914 = VECTOR('',#1915,1.);
#1915 = DIRECTION('',(0.,0.,-1.));
#1916 = PCURVE('',#1860,#1917);
#1917 = DEFINITIONAL_REPRESENTATION('',(#1918),#1922);
#1918 = LINE('',#1919,#1920);
#1919 = CARTESIAN_POINT('',(-0.162334842753,0.877452587216));
#1920 = VECTOR('',#1921,1.);
#1921 = DIRECTION('',(0.,-1.));
#1922 = ( GEOMETRIC_REPRESENTATION_CONTEXT(2) 
PARAMETRIC_REPRESENTATION_CONTEXT() REPRESENTATION_CONTEXT('2D SPACE',''
  ) );
#1923 = PCURVE('',#1924,#1929);
#1924 = PLANE('',#1925);
#1925 = AXIS2_PLACEMENT_3D('',#1926,#1927,#1928);
#1926 = CARTESIAN_POINT('',(-186.3806514054,66.111814620047,
    -0.127162789519));
#1927 = DIRECTION('',(-0.913679396789,-0.406435677424,
    -1.824416105188E-17));
#1928 = DIRECTION('',(0.406435677424,-0.913679396789,7.703719777549E-34)
  );
#1929 = DEFINITIONAL_REPRESENTATION('',(#1930),#1933);
#1930 = B_SPLINE_CURVE_WITH_KNOTS('',1,(#1931,#1932),.UNSPECIFIED.,.F.,
  .F.,(2,2),(0.,2.),.PIECEWISE_BEZIER_KNOTS.);
#1931 = CARTESIAN_POINT('',(0.170533930016,1.127162789519));
#1932 = CARTESIAN_POINT('',(0.170533930016,-0.872837210481));
#1933 = ( GEOMETRIC_REPRESENTATION_CONTEXT(2) 
PARAMETRIC_REPRESENTATION_CONTEXT() REPRESENTATION_CONTEXT('2D SPACE',''
  ) );
#1934 = ADVANCED_FACE('',(#1935),#1872,.T.);
#1935 = FACE_BOUND('',#1936,.T.);
#1936 = EDGE_LOOP('',(#1937,#1964,#1965));
#1937 = ORIENTED_EDGE('',*,*,#1938,.T.);
#1938 = EDGE_CURVE('',#1939,#1852,#1941,.T.);
#1939 = VERTEX_POINT('',#1940);
#1940 = CARTESIAN_POINT('',(-186.0240020751,65.463996887207,-1.));
#1941 = SURFACE_CURVE('',#1942,(#1946,#1953),.PCURVE_S1.);
#1942 = LINE('',#1943,#1944);
#1943 = CARTESIAN_POINT('',(-186.0240020751,65.463996887207,-1.));
#1944 = VECTOR('',#1945,1.);
#1945 = DIRECTION('',(0.,0.,1.));
#1946 = PCURVE('',#1872,#1947);
#1947 = DEFINITIONAL_REPRESENTATION('',(#1948),#1952);
#1948 = LINE('',#1949,#1950);
#1949 = CARTESIAN_POINT('',(0.162334842753,-0.877452587216));
#1950 = VECTOR('',#1951,1.);
#1951 = DIRECTION('',(0.,1.));
#1952 = ( GEOMETRIC_REPRESENTATION_CONTEXT(2) 
PARAMETRIC_REPRESENTATION_CONTEXT() REPRESENTATION_CONTEXT('2D SPACE',''
  ) );
#1953 = PCURVE('',#1954,#1959);
#1954 = PLANE('',#1955);
#1955 = AXIS2_PLACEMENT_3D('',#1956,#1957,#1958);
#1956 = CARTESIAN_POINT('',(-185.9310945669,65.34191531493,
    0.117393911669));
#1957 = DIRECTION('',(-0.795767892256,-0.605601735181,3.675090132472E-17
    ));
#1958 = DIRECTION('',(0.605601735181,-0.795767892256,0.));
#1959 = DEFINITIONAL_REPRESENTATION('',(#1960),#1963);
#1960 = B_SPLINE_CURVE_WITH_KNOTS('',1,(#1961,#1962),.UNSPECIFIED.,.F.,
  .F.,(2,2),(0.,2.),.PIECEWISE_BEZIER_KNOTS.);
#1961 = CARTESIAN_POINT('',(-0.153413543654,-1.117393911669));
#1962 = CARTESIAN_POINT('',(-0.153413543654,0.882606088331));
#1963 = ( GEOMETRIC_REPRESENTATION_CONTEXT(2) 
PARAMETRIC_REPRESENTATION_CONTEXT() REPRESENTATION_CONTEXT('2D SPACE',''
  ) );
#1964 = ORIENTED_EDGE('',*,*,#1849,.F.);
#1965 = ORIENTED_EDGE('',*,*,#1966,.T.);
#1966 = EDGE_CURVE('',#1850,#1939,#1967,.T.);
#1967 = SURFACE_CURVE('',#1968,(#1972,#1979),.PCURVE_S1.);
#1968 = LINE('',#1969,#1970);
#1969 = CARTESIAN_POINT('',(-186.311340332,65.956001281738,-1.));
#1970 = VECTOR('',#1971,1.);
#1971 = DIRECTION('',(0.504310555065,-0.863522358744,0.));
#1972 = PCURVE('',#1872,#1973);
#1973 = DEFINITIONAL_REPRESENTATION('',(#1974),#1978);
#1974 = LINE('',#1975,#1976);
#1975 = CARTESIAN_POINT('',(-0.407429668322,-0.877452587216));
#1976 = VECTOR('',#1977,1.);
#1977 = DIRECTION('',(1.,2.032241409587E-33));
#1978 = ( GEOMETRIC_REPRESENTATION_CONTEXT(2) 
PARAMETRIC_REPRESENTATION_CONTEXT() REPRESENTATION_CONTEXT('2D SPACE',''
  ) );
#1979 = PCURVE('',#1980,#1985);
#1980 = PLANE('',#1981);
#1981 = AXIS2_PLACEMENT_3D('',#1982,#1983,#1984);
#1982 = CARTESIAN_POINT('',(-184.9554338067,69.720343242687,-1.));
#1983 = DIRECTION('',(-0.,-0.,-1.));
#1984 = DIRECTION('',(-1.,0.,0.));
#1985 = DEFINITIONAL_REPRESENTATION('',(#1986),#1989);
#1986 = B_SPLINE_CURVE_WITH_KNOTS('',1,(#1987,#1988),.UNSPECIFIED.,.F.,
  .F.,(2,2),(0.,0.569764511074),.PIECEWISE_BEZIER_KNOTS.);
#1987 = CARTESIAN_POINT('',(1.355906525263,-3.764341960948));
#1988 = CARTESIAN_POINT('',(1.068568268427,-4.25634635548));
#1989 = ( GEOMETRIC_REPRESENTATION_CONTEXT(2) 
PARAMETRIC_REPRESENTATION_CONTEXT() REPRESENTATION_CONTEXT('2D SPACE',''
  ) );
#1990 = ADVANCED_FACE('',(#1991),#1924,.T.);
#1991 = FACE_BOUND('',#1992,.T.);
#1992 = EDGE_LOOP('',(#1993,#1994,#2014));
#1993 = ORIENTED_EDGE('',*,*,#1910,.F.);
#1994 = ORIENTED_EDGE('',*,*,#1995,.F.);
#1995 = EDGE_CURVE('',#1717,#1884,#1996,.T.);
#1996 = SURFACE_CURVE('',#1997,(#2001,#2007),.PCURVE_S1.);
#1997 = LINE('',#1998,#1999);
#1998 = CARTESIAN_POINT('',(-186.5533294677,66.5,-1.));
#1999 = VECTOR('',#2000,1.);
#2000 = DIRECTION('',(0.115965032168,-0.260692814449,0.958431723081));
#2001 = PCURVE('',#1924,#2002);
#2002 = DEFINITIONAL_REPRESENTATION('',(#2003),#2006);
#2003 = B_SPLINE_CURVE_WITH_KNOTS('',1,(#2004,#2005),.UNSPECIFIED.,.F.,
  .F.,(2,2),(0.,2.086742280994),.PIECEWISE_BEZIER_KNOTS.);
#2004 = CARTESIAN_POINT('',(-0.424859509054,-0.872837210481));
#2005 = CARTESIAN_POINT('',(0.170533930016,1.127162789519));
#2006 = ( GEOMETRIC_REPRESENTATION_CONTEXT(2) 
PARAMETRIC_REPRESENTATION_CONTEXT() REPRESENTATION_CONTEXT('2D SPACE',''
  ) );
#2007 = PCURVE('',#1834,#2008);
#2008 = DEFINITIONAL_REPRESENTATION('',(#2009),#2013);
#2009 = LINE('',#2010,#2011);
#2010 = CARTESIAN_POINT('',(-0.170533930016,-1.127162789519));
#2011 = VECTOR('',#2012,1.);
#2012 = DIRECTION('',(0.28532197986,0.958431723081));
#2013 = ( GEOMETRIC_REPRESENTATION_CONTEXT(2) 
PARAMETRIC_REPRESENTATION_CONTEXT() REPRESENTATION_CONTEXT('2D SPACE',''
  ) );
#2014 = ORIENTED_EDGE('',*,*,#2015,.T.);
#2015 = EDGE_CURVE('',#1717,#1850,#2016,.T.);
#2016 = SURFACE_CURVE('',#2017,(#2021,#2028),.PCURVE_S1.);
#2017 = LINE('',#2018,#2019);
#2018 = CARTESIAN_POINT('',(-186.5533294677,66.5,-1.));
#2019 = VECTOR('',#2020,1.);
#2020 = DIRECTION('',(0.406435677424,-0.913679396789,0.));
#2021 = PCURVE('',#1924,#2022);
#2022 = DEFINITIONAL_REPRESENTATION('',(#2023),#2027);
#2023 = LINE('',#2024,#2025);
#2024 = CARTESIAN_POINT('',(-0.424859509054,-0.872837210481));
#2025 = VECTOR('',#2026,1.);
#2026 = DIRECTION('',(1.,2.423824054836E-34));
#2027 = ( GEOMETRIC_REPRESENTATION_CONTEXT(2) 
PARAMETRIC_REPRESENTATION_CONTEXT() REPRESENTATION_CONTEXT('2D SPACE',''
  ) );
#2028 = PCURVE('',#2029,#2034);
#2029 = PLANE('',#2030);
#2030 = AXIS2_PLACEMENT_3D('',#2031,#2032,#2033);
#2031 = CARTESIAN_POINT('',(-185.0961273198,69.975261029575,-1.));
#2032 = DIRECTION('',(-0.,-0.,-1.));
#2033 = DIRECTION('',(-1.,0.,0.));
#2034 = DEFINITIONAL_REPRESENTATION('',(#2035),#2038);
#2035 = B_SPLINE_CURVE_WITH_KNOTS('',1,(#2036,#2037),.UNSPECIFIED.,.F.,
  .F.,(2,2),(0.,0.59539343907),.PIECEWISE_BEZIER_KNOTS.);
#2036 = CARTESIAN_POINT('',(1.457202147891,-3.475261029575));
#2037 = CARTESIAN_POINT('',(1.215213012149,-4.019259747837));
#2038 = ( GEOMETRIC_REPRESENTATION_CONTEXT(2) 
PARAMETRIC_REPRESENTATION_CONTEXT() REPRESENTATION_CONTEXT('2D SPACE',''
  ) );
#2039 = ADVANCED_FACE('',(#2040),#1834,.T.);
#2040 = FACE_BOUND('',#2041,.T.);
#2041 = EDGE_LOOP('',(#2042,#2043,#2068));
#2042 = ORIENTED_EDGE('',*,*,#1995,.T.);
#2043 = ORIENTED_EDGE('',*,*,#2044,.T.);
#2044 = EDGE_CURVE('',#1884,#1799,#2045,.T.);
#2045 = SURFACE_CURVE('',#2046,(#2050,#2057),.PCURVE_S1.);
#2046 = LINE('',#2047,#2048);
#2047 = CARTESIAN_POINT('',(-186.311340332,65.956001281738,1.));
#2048 = VECTOR('',#2049,1.);
#2049 = DIRECTION('',(-0.406435677424,0.913679396789,0.));
#2050 = PCURVE('',#1834,#2051);
#2051 = DEFINITIONAL_REPRESENTATION('',(#2052),#2056);
#2052 = LINE('',#2053,#2054);
#2053 = CARTESIAN_POINT('',(0.424859509054,0.872837210481));
#2054 = VECTOR('',#2055,1.);
#2055 = DIRECTION('',(-1.,-2.423824054836E-34));
#2056 = ( GEOMETRIC_REPRESENTATION_CONTEXT(2) 
PARAMETRIC_REPRESENTATION_CONTEXT() REPRESENTATION_CONTEXT('2D SPACE',''
  ) );
#2057 = PCURVE('',#2058,#2063);
#2058 = PLANE('',#2059);
#2059 = AXIS2_PLACEMENT_3D('',#2060,#2061,#2062);
#2060 = CARTESIAN_POINT('',(-185.0961273198,69.975261029575,1.));
#2061 = DIRECTION('',(0.,0.,1.));
#2062 = DIRECTION('',(1.,0.,-0.));
#2063 = DEFINITIONAL_REPRESENTATION('',(#2064),#2067);
#2064 = B_SPLINE_CURVE_WITH_KNOTS('',1,(#2065,#2066),.UNSPECIFIED.,.F.,
  .F.,(2,2),(0.,0.59539343907),.PIECEWISE_BEZIER_KNOTS.);
#2065 = CARTESIAN_POINT('',(-1.215213012149,-4.019259747837));
#2066 = CARTESIAN_POINT('',(-1.457202147891,-3.475261029575));
#2067 = ( GEOMETRIC_REPRESENTATION_CONTEXT(2) 
PARAMETRIC_REPRESENTATION_CONTEXT() REPRESENTATION_CONTEXT('2D SPACE',''
  ) );
#2068 = ORIENTED_EDGE('',*,*,#1821,.T.);
#2069 = ADVANCED_FACE('',(#2070),#1701,.T.);
#2070 = FACE_BOUND('',#2071,.T.);
#2071 = EDGE_LOOP('',(#2072,#2097,#2098));
#2072 = ORIENTED_EDGE('',*,*,#2073,.T.);
#2073 = EDGE_CURVE('',#1337,#1749,#2074,.T.);
#2074 = SURFACE_CURVE('',#2075,(#2079,#2086),.PCURVE_S1.);
#2075 = LINE('',#2076,#2077);
#2076 = CARTESIAN_POINT('',(-186.8866729736,67.706001281738,1.));
#2077 = VECTOR('',#2078,1.);
#2078 = DIRECTION('',(6.703966607992E-02,-0.294999255219,-0.953142760866
    ));
#2079 = PCURVE('',#1701,#2080);
#2080 = DEFINITIONAL_REPRESENTATION('',(#2081),#2085);
#2081 = LINE('',#2082,#2083);
#2082 = CARTESIAN_POINT('',(-0.45150915964,0.865883872599));
#2083 = VECTOR('',#2084,1.);
#2084 = DIRECTION('',(0.302520871029,-0.953142760866));
#2085 = ( GEOMETRIC_REPRESENTATION_CONTEXT(2) 
PARAMETRIC_REPRESENTATION_CONTEXT() REPRESENTATION_CONTEXT('2D SPACE',''
  ) );
#2086 = PCURVE('',#2087,#2092);
#2087 = PLANE('',#2088);
#2088 = AXIS2_PLACEMENT_3D('',#2089,#2090,#2091);
#2089 = CARTESIAN_POINT('',(-186.8460581808,67.52728121445,
    -0.134116127401));
#2090 = DIRECTION('',(-0.975136869784,-0.221603441283,
    -1.815751672535E-17));
#2091 = DIRECTION('',(0.221603441283,-0.975136869784,0.));
#2092 = DEFINITIONAL_REPRESENTATION('',(#2093),#2096);
#2093 = B_SPLINE_CURVE_WITH_KNOTS('',1,(#2094,#2095),.UNSPECIFIED.,.F.,
  .F.,(2,2),(0.,2.098321554876),.PIECEWISE_BEZIER_KNOTS.);
#2094 = CARTESIAN_POINT('',(-0.183276904839,1.134116127401));
#2095 = CARTESIAN_POINT('',(0.45150915964,-0.865883872599));
#2096 = ( GEOMETRIC_REPRESENTATION_CONTEXT(2) 
PARAMETRIC_REPRESENTATION_CONTEXT() REPRESENTATION_CONTEXT('2D SPACE',''
  ) );
#2097 = ORIENTED_EDGE('',*,*,#1748,.F.);
#2098 = ORIENTED_EDGE('',*,*,#1688,.T.);
#2099 = ADVANCED_FACE('',(#2100),#1676,.T.);
#2100 = FACE_BOUND('',#2101,.T.);
#2101 = EDGE_LOOP('',(#2102,#2122,#2123));
#2102 = ORIENTED_EDGE('',*,*,#2103,.T.);
#2103 = EDGE_CURVE('',#1799,#604,#2104,.T.);
#2104 = SURFACE_CURVE('',#2105,(#2109,#2116),.PCURVE_S1.);
#2105 = LINE('',#2106,#2107);
#2106 = CARTESIAN_POINT('',(-186.5533294677,66.5,1.));
#2107 = VECTOR('',#2108,1.);
#2108 = DIRECTION('',(0.359200456421,0.933260431019,0.));
#2109 = PCURVE('',#1676,#2110);
#2110 = DEFINITIONAL_REPRESENTATION('',(#2111),#2115);
#2111 = LINE('',#2112,#2113);
#2112 = CARTESIAN_POINT('',(-1.339748533953,-3.75528206659));
#2113 = VECTOR('',#2114,1.);
#2114 = DIRECTION('',(0.359200456421,0.933260431019));
#2115 = ( GEOMETRIC_REPRESENTATION_CONTEXT(2) 
PARAMETRIC_REPRESENTATION_CONTEXT() REPRESENTATION_CONTEXT('2D SPACE',''
  ) );
#2116 = PCURVE('',#2058,#2117);
#2117 = DEFINITIONAL_REPRESENTATION('',(#2118),#2121);
#2118 = B_SPLINE_CURVE_WITH_KNOTS('',1,(#2119,#2120),.UNSPECIFIED.,.F.,
  .F.,(2,2),(0.,8.03634200135),.PIECEWISE_BEZIER_KNOTS.);
#2119 = CARTESIAN_POINT('',(-1.457202147891,-3.475261029575));
#2120 = CARTESIAN_POINT('',(1.429455566953,4.024738970425));
#2121 = ( GEOMETRIC_REPRESENTATION_CONTEXT(2) 
PARAMETRIC_REPRESENTATION_CONTEXT() REPRESENTATION_CONTEXT('2D SPACE',''
  ) );
#2122 = ORIENTED_EDGE('',*,*,#1660,.F.);
#2123 = ORIENTED_EDGE('',*,*,#1798,.F.);
#2124 = ADVANCED_FACE('',(#2125),#2058,.T.);
#2125 = FACE_BOUND('',#2126,.T.);
#2126 = EDGE_LOOP('',(#2127,#2147,#2148));
#2127 = ORIENTED_EDGE('',*,*,#2128,.T.);
#2128 = EDGE_CURVE('',#1884,#604,#2129,.T.);
#2129 = SURFACE_CURVE('',#2130,(#2134,#2141),.PCURVE_S1.);
#2130 = LINE('',#2131,#2132);
#2131 = CARTESIAN_POINT('',(-186.311340332,65.956001281738,1.));
#2132 = VECTOR('',#2133,1.);
#2133 = DIRECTION('',(0.312328136842,0.949974281197,0.));
#2134 = PCURVE('',#2058,#2135);
#2135 = DEFINITIONAL_REPRESENTATION('',(#2136),#2140);
#2136 = LINE('',#2137,#2138);
#2137 = CARTESIAN_POINT('',(-1.215213012149,-4.019259747837));
#2138 = VECTOR('',#2139,1.);
#2139 = DIRECTION('',(0.312328136842,0.949974281197));
#2140 = ( GEOMETRIC_REPRESENTATION_CONTEXT(2) 
PARAMETRIC_REPRESENTATION_CONTEXT() REPRESENTATION_CONTEXT('2D SPACE',''
  ) );
#2141 = PCURVE('',#1899,#2142);
#2142 = DEFINITIONAL_REPRESENTATION('',(#2143),#2146);
#2143 = B_SPLINE_CURVE_WITH_KNOTS('',1,(#2144,#2145),.UNSPECIFIED.,.F.,
  .F.,(2,2),(0.,8.46759631021),.PIECEWISE_BEZIER_KNOTS.);
#2144 = CARTESIAN_POINT('',(-1.355906525263,-3.764341960948));
#2145 = CARTESIAN_POINT('',(1.288762053838,4.279656757313));
#2146 = ( GEOMETRIC_REPRESENTATION_CONTEXT(2) 
PARAMETRIC_REPRESENTATION_CONTEXT() REPRESENTATION_CONTEXT('2D SPACE',''
  ) );
#2147 = ORIENTED_EDGE('',*,*,#2103,.F.);
#2148 = ORIENTED_EDGE('',*,*,#2044,.F.);
#2149 = ADVANCED_FACE('',(#2150),#1899,.T.);
#2150 = FACE_BOUND('',#2151,.T.);
#2151 = EDGE_LOOP('',(#2152,#2177,#2178));
#2152 = ORIENTED_EDGE('',*,*,#2153,.T.);
#2153 = EDGE_CURVE('',#1852,#604,#2154,.T.);
#2154 = SURFACE_CURVE('',#2155,(#2159,#2166),.PCURVE_S1.);
#2155 = LINE('',#2156,#2157);
#2156 = CARTESIAN_POINT('',(-186.0240020751,65.463996887207,1.));
#2157 = VECTOR('',#2158,1.);
#2158 = DIRECTION('',(0.266198766965,0.963918158594,0.));
#2159 = PCURVE('',#1899,#2160);
#2160 = DEFINITIONAL_REPRESENTATION('',(#2161),#2165);
#2161 = LINE('',#2162,#2163);
#2162 = CARTESIAN_POINT('',(-1.068568268427,-4.25634635548));
#2163 = VECTOR('',#2164,1.);
#2164 = DIRECTION('',(0.266198766965,0.963918158594));
#2165 = ( GEOMETRIC_REPRESENTATION_CONTEXT(2) 
PARAMETRIC_REPRESENTATION_CONTEXT() REPRESENTATION_CONTEXT('2D SPACE',''
  ) );
#2166 = PCURVE('',#2167,#2172);
#2167 = PLANE('',#2168);
#2168 = AXIS2_PLACEMENT_3D('',#2169,#2170,#2171);
#2169 = CARTESIAN_POINT('',(-184.7937937631,69.494807943338,1.));
#2170 = DIRECTION('',(0.,0.,1.));
#2171 = DIRECTION('',(1.,0.,-0.));
#2172 = DEFINITIONAL_REPRESENTATION('',(#2173),#2176);
#2173 = B_SPLINE_CURVE_WITH_KNOTS('',1,(#2174,#2175),.UNSPECIFIED.,.F.,
  .F.,(2,2),(0.,8.855526827348),.PIECEWISE_BEZIER_KNOTS.);
#2174 = CARTESIAN_POINT('',(-1.230208312019,-4.030811056131));
#2175 = CARTESIAN_POINT('',(1.127122010247,4.505192056662));
#2176 = ( GEOMETRIC_REPRESENTATION_CONTEXT(2) 
PARAMETRIC_REPRESENTATION_CONTEXT() REPRESENTATION_CONTEXT('2D SPACE',''
  ) );
#2177 = ORIENTED_EDGE('',*,*,#2128,.F.);
#2178 = ORIENTED_EDGE('',*,*,#1883,.F.);
#2179 = ADVANCED_FACE('',(#2180),#2167,.T.);
#2180 = FACE_BOUND('',#2181,.T.);
#2181 = EDGE_LOOP('',(#2182,#2209,#2210));
#2182 = ORIENTED_EDGE('',*,*,#2183,.T.);
#2183 = EDGE_CURVE('',#2184,#604,#2186,.T.);
#2184 = VERTEX_POINT('',#2185);
#2185 = CARTESIAN_POINT('',(-185.6959991455,65.032997131348,1.));
#2186 = SURFACE_CURVE('',#2187,(#2191,#2198),.PCURVE_S1.);
#2187 = LINE('',#2188,#2189);
#2188 = CARTESIAN_POINT('',(-185.6959991455,65.032997131348,1.));
#2189 = VECTOR('',#2190,1.);
#2190 = DIRECTION('',(0.220728662278,0.975335253976,0.));
#2191 = PCURVE('',#2167,#2192);
#2192 = DEFINITIONAL_REPRESENTATION('',(#2193),#2197);
#2193 = LINE('',#2194,#2195);
#2194 = CARTESIAN_POINT('',(-0.902205382331,-4.461810811991));
#2195 = VECTOR('',#2196,1.);
#2196 = DIRECTION('',(0.220728662278,0.975335253976));
#2197 = ( GEOMETRIC_REPRESENTATION_CONTEXT(2) 
PARAMETRIC_REPRESENTATION_CONTEXT() REPRESENTATION_CONTEXT('2D SPACE',''
  ) );
#2198 = PCURVE('',#2199,#2204);
#2199 = PLANE('',#2200);
#2200 = AXIS2_PLACEMENT_3D('',#2201,#2202,#2203);
#2201 = CARTESIAN_POINT('',(-184.6140397858,69.302059188637,1.));
#2202 = DIRECTION('',(0.,0.,1.));
#2203 = DIRECTION('',(1.,0.,-0.));
#2204 = DEFINITIONAL_REPRESENTATION('',(#2205),#2208);
#2205 = B_SPLINE_CURVE_WITH_KNOTS('',1,(#2206,#2207),.UNSPECIFIED.,.F.,
  .F.,(2,2),(0.,9.193764740991),.PIECEWISE_BEZIER_KNOTS.);
#2206 = CARTESIAN_POINT('',(-1.081959359674,-4.26906205729));
#2207 = CARTESIAN_POINT('',(0.947368032905,4.697940811363));
#2208 = ( GEOMETRIC_REPRESENTATION_CONTEXT(2) 
PARAMETRIC_REPRESENTATION_CONTEXT() REPRESENTATION_CONTEXT('2D SPACE',''
  ) );
#2209 = ORIENTED_EDGE('',*,*,#2153,.F.);
#2210 = ORIENTED_EDGE('',*,*,#2211,.T.);
#2211 = EDGE_CURVE('',#1852,#2184,#2212,.T.);
#2212 = SURFACE_CURVE('',#2213,(#2217,#2224),.PCURVE_S1.);
#2213 = LINE('',#2214,#2215);
#2214 = CARTESIAN_POINT('',(-186.0240020751,65.463996887207,1.));
#2215 = VECTOR('',#2216,1.);
#2216 = DIRECTION('',(0.605601735181,-0.795767892256,0.));
#2217 = PCURVE('',#2167,#2218);
#2218 = DEFINITIONAL_REPRESENTATION('',(#2219),#2223);
#2219 = LINE('',#2220,#2221);
#2220 = CARTESIAN_POINT('',(-1.230208312019,-4.030811056131));
#2221 = VECTOR('',#2222,1.);
#2222 = DIRECTION('',(0.605601735181,-0.795767892256));
#2223 = ( GEOMETRIC_REPRESENTATION_CONTEXT(2) 
PARAMETRIC_REPRESENTATION_CONTEXT() REPRESENTATION_CONTEXT('2D SPACE',''
  ) );
#2224 = PCURVE('',#1954,#2225);
#2225 = DEFINITIONAL_REPRESENTATION('',(#2226),#2229);
#2226 = B_SPLINE_CURVE_WITH_KNOTS('',1,(#2227,#2228),.UNSPECIFIED.,.F.,
  .F.,(2,2),(0.,0.541614910646),.PIECEWISE_BEZIER_KNOTS.);
#2227 = CARTESIAN_POINT('',(-0.153413543654,0.882606088331));
#2228 = CARTESIAN_POINT('',(0.388201366992,0.882606088331));
#2229 = ( GEOMETRIC_REPRESENTATION_CONTEXT(2) 
PARAMETRIC_REPRESENTATION_CONTEXT() REPRESENTATION_CONTEXT('2D SPACE',''
  ) );
#2230 = ADVANCED_FACE('',(#2231),#2199,.T.);
#2231 = FACE_BOUND('',#2232,.T.);
#2232 = EDGE_LOOP('',(#2233,#2260,#2261));
#2233 = ORIENTED_EDGE('',*,*,#2234,.T.);
#2234 = EDGE_CURVE('',#2235,#604,#2237,.T.);
#2235 = VERTEX_POINT('',#2236);
#2236 = CARTESIAN_POINT('',(-185.333328247,64.669998168945,1.));
#2237 = SURFACE_CURVE('',#2238,(#2242,#2249),.PCURVE_S1.);
#2238 = LINE('',#2239,#2240);
#2239 = CARTESIAN_POINT('',(-185.333328247,64.669998168945,1.));
#2240 = VECTOR('',#2241,1.);
#2241 = DIRECTION('',(0.175850427895,0.984416896954,0.));
#2242 = PCURVE('',#2199,#2243);
#2243 = DEFINITIONAL_REPRESENTATION('',(#2244),#2248);
#2244 = LINE('',#2245,#2246);
#2245 = CARTESIAN_POINT('',(-0.719288461236,-4.632061019692));
#2246 = VECTOR('',#2247,1.);
#2247 = DIRECTION('',(0.175850427895,0.984416896954));
#2248 = ( GEOMETRIC_REPRESENTATION_CONTEXT(2) 
PARAMETRIC_REPRESENTATION_CONTEXT() REPRESENTATION_CONTEXT('2D SPACE',''
  ) );
#2249 = PCURVE('',#2250,#2255);
#2250 = PLANE('',#2251);
#2251 = AXIS2_PLACEMENT_3D('',#2252,#2253,#2254);
#2252 = CARTESIAN_POINT('',(-184.4192392846,69.144743540518,1.));
#2253 = DIRECTION('',(0.,0.,1.));
#2254 = DIRECTION('',(1.,0.,-0.));
#2255 = DEFINITIONAL_REPRESENTATION('',(#2256),#2259);
#2256 = B_SPLINE_CURVE_WITH_KNOTS('',1,(#2257,#2258),.UNSPECIFIED.,.F.,
  .F.,(2,2),(0.,9.477693708753),.PIECEWISE_BEZIER_KNOTS.);
#2257 = CARTESIAN_POINT('',(-0.914088962384,-4.474745371573));
#2258 = CARTESIAN_POINT('',(0.752567531757,4.855256459482));
#2259 = ( GEOMETRIC_REPRESENTATION_CONTEXT(2) 
PARAMETRIC_REPRESENTATION_CONTEXT() REPRESENTATION_CONTEXT('2D SPACE',''
  ) );
#2260 = ORIENTED_EDGE('',*,*,#2183,.F.);
#2261 = ORIENTED_EDGE('',*,*,#2262,.T.);
#2262 = EDGE_CURVE('',#2184,#2235,#2263,.T.);
#2263 = SURFACE_CURVE('',#2264,(#2268,#2275),.PCURVE_S1.);
#2264 = LINE('',#2265,#2266);
#2265 = CARTESIAN_POINT('',(-185.6959991455,65.032997131348,1.));
#2266 = VECTOR('',#2267,1.);
#2267 = DIRECTION('',(0.706787037072,-0.707426380782,0.));
#2268 = PCURVE('',#2199,#2269);
#2269 = DEFINITIONAL_REPRESENTATION('',(#2270),#2274);
#2270 = LINE('',#2271,#2272);
#2271 = CARTESIAN_POINT('',(-1.081959359674,-4.26906205729));
#2272 = VECTOR('',#2273,1.);
#2273 = DIRECTION('',(0.706787037072,-0.707426380782));
#2274 = ( GEOMETRIC_REPRESENTATION_CONTEXT(2) 
PARAMETRIC_REPRESENTATION_CONTEXT() REPRESENTATION_CONTEXT('2D SPACE',''
  ) );
#2275 = PCURVE('',#2276,#2281);
#2276 = PLANE('',#2277);
#2277 = AXIS2_PLACEMENT_3D('',#2278,#2279,#2280);
#2278 = CARTESIAN_POINT('',(-185.5938857759,64.930791392301,
    0.112087623969));
#2279 = DIRECTION('',(-0.707426380782,-0.706787037072,1.845141294601E-17
    ));
#2280 = DIRECTION('',(0.706787037072,-0.707426380782,1.54074395551E-33)
  );
#2281 = DEFINITIONAL_REPRESENTATION('',(#2282),#2285);
#2282 = B_SPLINE_CURVE_WITH_KNOTS('',1,(#2283,#2284),.UNSPECIFIED.,.F.,
  .F.,(2,2),(0.,0.513126131939),.PIECEWISE_BEZIER_KNOTS.);
#2283 = CARTESIAN_POINT('',(-0.144475442,0.887912376031));
#2284 = CARTESIAN_POINT('',(0.368650689938,0.887912376031));
#2285 = ( GEOMETRIC_REPRESENTATION_CONTEXT(2) 
PARAMETRIC_REPRESENTATION_CONTEXT() REPRESENTATION_CONTEXT('2D SPACE',''
  ) );
#2286 = ADVANCED_FACE('',(#2287),#2250,.T.);
#2287 = FACE_BOUND('',#2288,.T.);
#2288 = EDGE_LOOP('',(#2289,#2316,#2317));
#2289 = ORIENTED_EDGE('',*,*,#2290,.T.);
#2290 = EDGE_CURVE('',#2291,#604,#2293,.T.);
#2291 = VERTEX_POINT('',#2292);
#2292 = CARTESIAN_POINT('',(-184.9420013427,64.380996704102,1.));
#2293 = SURFACE_CURVE('',#2294,(#2298,#2305),.PCURVE_S1.);
#2294 = LINE('',#2295,#2296);
#2295 = CARTESIAN_POINT('',(-184.9420013427,64.380996704102,1.));
#2296 = VECTOR('',#2297,1.);
#2297 = DIRECTION('',(0.131434197045,0.991324897219,0.));
#2298 = PCURVE('',#2250,#2299);
#2299 = DEFINITIONAL_REPRESENTATION('',(#2300),#2304);
#2300 = LINE('',#2301,#2302);
#2301 = CARTESIAN_POINT('',(-0.522762058087,-4.763746836417));
#2302 = VECTOR('',#2303,1.);
#2303 = DIRECTION('',(0.131434197045,0.991324897219));
#2304 = ( GEOMETRIC_REPRESENTATION_CONTEXT(2) 
PARAMETRIC_REPRESENTATION_CONTEXT() REPRESENTATION_CONTEXT('2D SPACE',''
  ) );
#2305 = PCURVE('',#2306,#2311);
#2306 = PLANE('',#2307);
#2307 = AXIS2_PLACEMENT_3D('',#2308,#2309,#2310);
#2308 = CARTESIAN_POINT('',(-184.2126857386,69.024829568477,1.));
#2309 = DIRECTION('',(0.,0.,1.));
#2310 = DIRECTION('',(1.,0.,-0.));
#2311 = DEFINITIONAL_REPRESENTATION('',(#2312),#2315);
#2312 = B_SPLINE_CURVE_WITH_KNOTS('',1,(#2313,#2314),.UNSPECIFIED.,.F.,
  .F.,(2,2),(0.,9.703179374269),.PIECEWISE_BEZIER_KNOTS.);
#2313 = CARTESIAN_POINT('',(-0.729315604074,-4.643832864375));
#2314 = CARTESIAN_POINT('',(0.54601398577,4.975170431523));
#2315 = ( GEOMETRIC_REPRESENTATION_CONTEXT(2) 
PARAMETRIC_REPRESENTATION_CONTEXT() REPRESENTATION_CONTEXT('2D SPACE',''
  ) );
#2316 = ORIENTED_EDGE('',*,*,#2234,.F.);
#2317 = ORIENTED_EDGE('',*,*,#2318,.T.);
#2318 = EDGE_CURVE('',#2235,#2291,#2319,.T.);
#2319 = SURFACE_CURVE('',#2320,(#2324,#2331),.PCURVE_S1.);
#2320 = LINE('',#2321,#2322);
#2321 = CARTESIAN_POINT('',(-185.333328247,64.669998168945,1.));
#2322 = VECTOR('',#2323,1.);
#2323 = DIRECTION('',(0.804412051531,-0.594071756063,0.));
#2324 = PCURVE('',#2250,#2325);
#2325 = DEFINITIONAL_REPRESENTATION('',(#2326),#2330);
#2326 = LINE('',#2327,#2328);
#2327 = CARTESIAN_POINT('',(-0.914088962384,-4.474745371573));
#2328 = VECTOR('',#2329,1.);
#2329 = DIRECTION('',(0.804412051531,-0.594071756063));
#2330 = ( GEOMETRIC_REPRESENTATION_CONTEXT(2) 
PARAMETRIC_REPRESENTATION_CONTEXT() REPRESENTATION_CONTEXT('2D SPACE',''
  ) );
#2331 = PCURVE('',#2332,#2337);
#2332 = PLANE('',#2333);
#2333 = AXIS2_PLACEMENT_3D('',#2334,#2335,#2336);
#2334 = CARTESIAN_POINT('',(-185.2237692987,64.589087052954,
    0.107040295691));
#2335 = DIRECTION('',(-0.594071756063,-0.804412051531,1.852668803652E-17
    ));
#2336 = DIRECTION('',(-0.804412051531,0.594071756063,-1.54074395551E-33)
  );
#2337 = DEFINITIONAL_REPRESENTATION('',(#2338),#2341);
#2338 = B_SPLINE_CURVE_WITH_KNOTS('',1,(#2339,#2340),.UNSPECIFIED.,.F.,
  .F.,(2,2),(0.,0.486475685629),.PIECEWISE_BEZIER_KNOTS.);
#2339 = CARTESIAN_POINT('',(0.136197547124,-0.892959704309));
#2340 = CARTESIAN_POINT('',(-0.350278138505,-0.892959704309));
#2341 = ( GEOMETRIC_REPRESENTATION_CONTEXT(2) 
PARAMETRIC_REPRESENTATION_CONTEXT() REPRESENTATION_CONTEXT('2D SPACE',''
  ) );
#2342 = ADVANCED_FACE('',(#2343),#2306,.T.);
#2343 = FACE_BOUND('',#2344,.T.);
#2344 = EDGE_LOOP('',(#2345,#2372,#2373));
#2345 = ORIENTED_EDGE('',*,*,#2346,.T.);
#2346 = EDGE_CURVE('',#2347,#604,#2349,.T.);
#2347 = VERTEX_POINT('',#2348);
#2348 = CARTESIAN_POINT('',(-184.5293273925,64.169998168945,1.));
#2349 = SURFACE_CURVE('',#2350,(#2354,#2361),.PCURVE_S1.);
#2350 = LINE('',#2351,#2352);
#2351 = CARTESIAN_POINT('',(-184.5293273925,64.169998168945,1.));
#2352 = VECTOR('',#2353,1.);
#2353 = DIRECTION('',(8.742143753305E-02,0.996171417106,0.));
#2354 = PCURVE('',#2306,#2355);
#2355 = DEFINITIONAL_REPRESENTATION('',(#2356),#2360);
#2356 = LINE('',#2357,#2358);
#2357 = CARTESIAN_POINT('',(-0.316641653879,-4.854831399531));
#2358 = VECTOR('',#2359,1.);
#2359 = DIRECTION('',(8.742143753305E-02,0.996171417106));
#2360 = ( GEOMETRIC_REPRESENTATION_CONTEXT(2) 
PARAMETRIC_REPRESENTATION_CONTEXT() REPRESENTATION_CONTEXT('2D SPACE',''
  ) );
#2361 = PCURVE('',#2362,#2367);
#2362 = PLANE('',#2363);
#2363 = AXIS2_PLACEMENT_3D('',#2364,#2365,#2366);
#2364 = CARTESIAN_POINT('',(-183.9977819491,68.94435579576,1.));
#2365 = DIRECTION('',(0.,0.,1.));
#2366 = DIRECTION('',(1.,0.,-0.));
#2367 = DEFINITIONAL_REPRESENTATION('',(#2368),#2371);
#2368 = B_SPLINE_CURVE_WITH_KNOTS('',1,(#2369,#2370),.UNSPECIFIED.,.F.,
  .F.,(2,2),(0.,9.867781450314),.PIECEWISE_BEZIER_KNOTS.);
#2369 = CARTESIAN_POINT('',(-0.531545443392,-4.774357626815));
#2370 = CARTESIAN_POINT('',(0.331110196257,5.05564420424));
#2371 = ( GEOMETRIC_REPRESENTATION_CONTEXT(2) 
PARAMETRIC_REPRESENTATION_CONTEXT() REPRESENTATION_CONTEXT('2D SPACE',''
  ) );
#2372 = ORIENTED_EDGE('',*,*,#2290,.F.);
#2373 = ORIENTED_EDGE('',*,*,#2374,.T.);
#2374 = EDGE_CURVE('',#2291,#2347,#2375,.T.);
#2375 = SURFACE_CURVE('',#2376,(#2380,#2387),.PCURVE_S1.);
#2376 = LINE('',#2377,#2378);
#2377 = CARTESIAN_POINT('',(-184.9420013427,64.380996704102,1.));
#2378 = VECTOR('',#2379,1.);
#2379 = DIRECTION('',(0.89036796554,-0.455241568774,0.));
#2380 = PCURVE('',#2306,#2381);
#2381 = DEFINITIONAL_REPRESENTATION('',(#2382),#2386);
#2382 = LINE('',#2383,#2384);
#2383 = CARTESIAN_POINT('',(-0.729315604074,-4.643832864375));
#2384 = VECTOR('',#2385,1.);
#2385 = DIRECTION('',(0.89036796554,-0.455241568774));
#2386 = ( GEOMETRIC_REPRESENTATION_CONTEXT(2) 
PARAMETRIC_REPRESENTATION_CONTEXT() REPRESENTATION_CONTEXT('2D SPACE',''
  ) );
#2387 = PCURVE('',#2388,#2393);
#2388 = PLANE('',#2389);
#2389 = AXIS2_PLACEMENT_3D('',#2390,#2391,#2392);
#2390 = CARTESIAN_POINT('',(-184.827034874,64.322214809888,
    0.102621062242));
#2391 = DIRECTION('',(-0.455241568774,-0.89036796554,-9.297502842886E-18
    ));
#2392 = DIRECTION('',(-0.89036796554,0.455241568774,0.));
#2393 = DEFINITIONAL_REPRESENTATION('',(#2394),#2397);
#2394 = B_SPLINE_CURVE_WITH_KNOTS('',1,(#2395,#2396),.UNSPECIFIED.,.F.,
  .F.,(2,2),(0.,0.46348696962),.PIECEWISE_BEZIER_KNOTS.);
#2395 = CARTESIAN_POINT('',(0.129122422568,-0.897378937758));
#2396 = CARTESIAN_POINT('',(-0.334364547052,-0.897378937758));
#2397 = ( GEOMETRIC_REPRESENTATION_CONTEXT(2) 
PARAMETRIC_REPRESENTATION_CONTEXT() REPRESENTATION_CONTEXT('2D SPACE',''
  ) );
#2398 = ADVANCED_FACE('',(#2399),#2362,.T.);
#2399 = FACE_BOUND('',#2400,.T.);
#2400 = EDGE_LOOP('',(#2401,#2428,#2429));
#2401 = ORIENTED_EDGE('',*,*,#2402,.T.);
#2402 = EDGE_CURVE('',#2403,#604,#2405,.T.);
#2403 = VERTEX_POINT('',#2404);
#2404 = CARTESIAN_POINT('',(-184.1020050048,64.042999267578,1.));
#2405 = SURFACE_CURVE('',#2406,(#2410,#2417),.PCURVE_S1.);
#2406 = LINE('',#2407,#2408);
#2407 = CARTESIAN_POINT('',(-184.1020050048,64.042999267578,1.));
#2408 = VECTOR('',#2409,1.);
#2409 = DIRECTION('',(4.367959566067E-02,0.999045591013,0.));
#2410 = PCURVE('',#2362,#2411);
#2411 = DEFINITIONAL_REPRESENTATION('',(#2412),#2416);
#2412 = LINE('',#2413,#2414);
#2413 = CARTESIAN_POINT('',(-0.104223055696,-4.901356528182));
#2414 = VECTOR('',#2415,1.);
#2415 = DIRECTION('',(4.367959566067E-02,0.999045591013));
#2416 = ( GEOMETRIC_REPRESENTATION_CONTEXT(2) 
PARAMETRIC_REPRESENTATION_CONTEXT() REPRESENTATION_CONTEXT('2D SPACE',''
  ) );
#2417 = PCURVE('',#2418,#2423);
#2418 = PLANE('',#2419);
#2419 = AXIS2_PLACEMENT_3D('',#2420,#2421,#2422);
#2420 = CARTESIAN_POINT('',(-183.7776597844,68.903764927845,1.));
#2421 = DIRECTION('',(0.,0.,1.));
#2422 = DIRECTION('',(1.,0.,-0.));
#2423 = DEFINITIONAL_REPRESENTATION('',(#2424),#2427);
#2424 = B_SPLINE_CURVE_WITH_KNOTS('',1,(#2425,#2426),.UNSPECIFIED.,.F.,
  .F.,(2,2),(0.,9.966512861864),.PIECEWISE_BEZIER_KNOTS.);
#2425 = CARTESIAN_POINT('',(-0.324345220457,-4.860765660267));
#2426 = CARTESIAN_POINT('',(0.110988031496,5.096235072155));
#2427 = ( GEOMETRIC_REPRESENTATION_CONTEXT(2) 
PARAMETRIC_REPRESENTATION_CONTEXT() REPRESENTATION_CONTEXT('2D SPACE',''
  ) );
#2428 = ORIENTED_EDGE('',*,*,#2346,.F.);
#2429 = ORIENTED_EDGE('',*,*,#2430,.T.);
#2430 = EDGE_CURVE('',#2347,#2403,#2431,.T.);
#2431 = SURFACE_CURVE('',#2432,(#2436,#2443),.PCURVE_S1.);
#2432 = LINE('',#2433,#2434);
#2433 = CARTESIAN_POINT('',(-184.5293273925,64.169998168945,1.));
#2434 = VECTOR('',#2435,1.);
#2435 = DIRECTION('',(0.958562632162,-0.284881870647,0.));
#2436 = PCURVE('',#2362,#2437);
#2437 = DEFINITIONAL_REPRESENTATION('',(#2438),#2442);
#2438 = LINE('',#2439,#2440);
#2439 = CARTESIAN_POINT('',(-0.531545443392,-4.774357626815));
#2440 = VECTOR('',#2441,1.);
#2441 = DIRECTION('',(0.958562632162,-0.284881870647));
#2442 = ( GEOMETRIC_REPRESENTATION_CONTEXT(2) 
PARAMETRIC_REPRESENTATION_CONTEXT() REPRESENTATION_CONTEXT('2D SPACE',''
  ) );
#2443 = PCURVE('',#2444,#2449);
#2444 = PLANE('',#2445);
#2445 = AXIS2_PLACEMENT_3D('',#2446,#2447,#2448);
#2446 = CARTESIAN_POINT('',(-184.4107349808,64.134752868365,
    9.917847716582E-02));
#2447 = DIRECTION('',(-0.284881870647,-0.958562632162,
    -9.324890334839E-18));
#2448 = DIRECTION('',(-0.958562632162,0.284881870647,-3.851859888774E-34
    ));
#2449 = DEFINITIONAL_REPRESENTATION('',(#2450),#2453);
#2450 = B_SPLINE_CURVE_WITH_KNOTS('',1,(#2451,#2452),.UNSPECIFIED.,.F.,
  .F.,(2,2),(0.,0.445794957322),.PIECEWISE_BEZIER_KNOTS.);
#2451 = CARTESIAN_POINT('',(0.123719001495,-0.900821522834));
#2452 = CARTESIAN_POINT('',(-0.322075955827,-0.900821522834));
#2453 = ( GEOMETRIC_REPRESENTATION_CONTEXT(2) 
PARAMETRIC_REPRESENTATION_CONTEXT() REPRESENTATION_CONTEXT('2D SPACE',''
  ) );
#2454 = ADVANCED_FACE('',(#2455),#2418,.T.);
#2455 = FACE_BOUND('',#2456,.T.);
#2456 = EDGE_LOOP('',(#2457,#2484,#2485));
#2457 = ORIENTED_EDGE('',*,*,#2458,.T.);
#2458 = EDGE_CURVE('',#2459,#604,#2461,.T.);
#2459 = VERTEX_POINT('',#2460);
#2460 = CARTESIAN_POINT('',(-183.6666717529,64.,1.));
#2461 = SURFACE_CURVE('',#2462,(#2466,#2473),.PCURVE_S1.);
#2462 = LINE('',#2463,#2464);
#2463 = CARTESIAN_POINT('',(-183.6666717529,64.,1.));
#2464 = VECTOR('',#2465,1.);
#2465 = DIRECTION('',(0.,1.,0.));
#2466 = PCURVE('',#2418,#2467);
#2467 = DEFINITIONAL_REPRESENTATION('',(#2468),#2472);
#2468 = LINE('',#2469,#2470);
#2469 = CARTESIAN_POINT('',(0.110988031496,-4.903764927845));
#2470 = VECTOR('',#2471,1.);
#2471 = DIRECTION('',(0.,1.));
#2472 = ( GEOMETRIC_REPRESENTATION_CONTEXT(2) 
PARAMETRIC_REPRESENTATION_CONTEXT() REPRESENTATION_CONTEXT('2D SPACE',''
  ) );
#2473 = PCURVE('',#2474,#2479);
#2474 = PLANE('',#2475);
#2475 = AXIS2_PLACEMENT_3D('',#2476,#2477,#2478);
#2476 = CARTESIAN_POINT('',(-178.6666671752,67.333332824707,1.));
#2477 = DIRECTION('',(0.,0.,1.));
#2478 = DIRECTION('',(1.,0.,-0.));
#2479 = DEFINITIONAL_REPRESENTATION('',(#2480),#2483);
#2480 = B_SPLINE_CURVE_WITH_KNOTS('',1,(#2481,#2482),.UNSPECIFIED.,.F.,
  .F.,(2,2),(0.,10.),.PIECEWISE_BEZIER_KNOTS.);
#2481 = CARTESIAN_POINT('',(-5.000004577637,-3.333332824707));
#2482 = CARTESIAN_POINT('',(-5.000004577637,6.666667175293));
#2483 = ( GEOMETRIC_REPRESENTATION_CONTEXT(2) 
PARAMETRIC_REPRESENTATION_CONTEXT() REPRESENTATION_CONTEXT('2D SPACE',''
  ) );
#2484 = ORIENTED_EDGE('',*,*,#2402,.F.);
#2485 = ORIENTED_EDGE('',*,*,#2486,.T.);
#2486 = EDGE_CURVE('',#2403,#2459,#2487,.T.);
#2487 = SURFACE_CURVE('',#2488,(#2492,#2499),.PCURVE_S1.);
#2488 = LINE('',#2489,#2490);
#2489 = CARTESIAN_POINT('',(-184.1020050048,64.042999267578,1.));
#2490 = VECTOR('',#2491,1.);
#2491 = DIRECTION('',(0.995157331071,-9.829489516156E-02,0.));
#2492 = PCURVE('',#2418,#2493);
#2493 = DEFINITIONAL_REPRESENTATION('',(#2494),#2498);
#2494 = LINE('',#2495,#2496);
#2495 = CARTESIAN_POINT('',(-0.324345220457,-4.860765660267));
#2496 = VECTOR('',#2497,1.);
#2497 = DIRECTION('',(0.995157331071,-9.829489516156E-02));
#2498 = ( GEOMETRIC_REPRESENTATION_CONTEXT(2) 
PARAMETRIC_REPRESENTATION_CONTEXT() REPRESENTATION_CONTEXT('2D SPACE',''
  ) );
#2499 = PCURVE('',#2500,#2505);
#2500 = PLANE('',#2501);
#2501 = AXIS2_PLACEMENT_3D('',#2502,#2503,#2504);
#2502 = CARTESIAN_POINT('',(-183.7872683468,64.011911714042,
    9.754239761328E-02));
#2503 = DIRECTION('',(-9.829489516156E-02,-0.995157331071,
    2.334536153373E-18));
#2504 = DIRECTION('',(-0.995157331071,9.829489516156E-02,
    4.814824860968E-35));
#2505 = DEFINITIONAL_REPRESENTATION('',(#2506),#2509);
#2506 = B_SPLINE_CURVE_WITH_KNOTS('',1,(#2507,#2508),.UNSPECIFIED.,.F.,
  .F.,(2,2),(0.,0.437451685639),.PIECEWISE_BEZIER_KNOTS.);
#2507 = CARTESIAN_POINT('',(0.316268240433,-0.902457602387));
#2508 = CARTESIAN_POINT('',(-0.121183445206,-0.902457602387));
#2509 = ( GEOMETRIC_REPRESENTATION_CONTEXT(2) 
PARAMETRIC_REPRESENTATION_CONTEXT() REPRESENTATION_CONTEXT('2D SPACE',''
  ) );
#2510 = ADVANCED_FACE('',(#2511),#1098,.T.);
#2511 = FACE_BOUND('',#2512,.T.);
#2512 = EDGE_LOOP('',(#2513,#2514,#2539));
#2513 = ORIENTED_EDGE('',*,*,#1084,.F.);
#2514 = ORIENTED_EDGE('',*,*,#2515,.F.);
#2515 = EDGE_CURVE('',#1611,#1006,#2516,.T.);
#2516 = SURFACE_CURVE('',#2517,(#2521,#2527),.PCURVE_S1.);
#2517 = LINE('',#2518,#2519);
#2518 = CARTESIAN_POINT('',(-186.7460021972,70.91300201416,-1.));
#2519 = VECTOR('',#2520,1.);
#2520 = DIRECTION('',(9.204484157569E-02,0.280424410628,0.955452718382)
  );
#2521 = PCURVE('',#1098,#2522);
#2522 = DEFINITIONAL_REPRESENTATION('',(#2523),#2526);
#2523 = B_SPLINE_CURVE_WITH_KNOTS('',1,(#2524,#2525),.UNSPECIFIED.,.F.,
  .F.,(2,2),(0.,2.093248531845),.PIECEWISE_BEZIER_KNOTS.);
#2524 = CARTESIAN_POINT('',(0.177764677467,-1.131140411545));
#2525 = CARTESIAN_POINT('',(-0.440045500557,0.868859588455));
#2526 = ( GEOMETRIC_REPRESENTATION_CONTEXT(2) 
PARAMETRIC_REPRESENTATION_CONTEXT() REPRESENTATION_CONTEXT('2D SPACE',''
  ) );
#2527 = PCURVE('',#2528,#2533);
#2528 = PLANE('',#2529);
#2529 = AXIS2_PLACEMENT_3D('',#2530,#2531,#2532);
#2530 = CARTESIAN_POINT('',(-186.6087678642,71.331101022064,
    -0.131140411545));
#2531 = DIRECTION('',(-0.950126765016,0.311863961368,-2.729085039304E-17
    ));
#2532 = DIRECTION('',(-0.311863961368,-0.950126765016,0.));
#2533 = DEFINITIONAL_REPRESENTATION('',(#2534),#2538);
#2534 = LINE('',#2535,#2536);
#2535 = CARTESIAN_POINT('',(0.440045500557,-0.868859588455));
#2536 = VECTOR('',#2537,1.);
#2537 = DIRECTION('',(-0.295144207019,0.955452718382));
#2538 = ( GEOMETRIC_REPRESENTATION_CONTEXT(2) 
PARAMETRIC_REPRESENTATION_CONTEXT() REPRESENTATION_CONTEXT('2D SPACE',''
  ) );
#2539 = ORIENTED_EDGE('',*,*,#1610,.F.);
#2540 = ADVANCED_FACE('',(#2541),#2528,.T.);
#2541 = FACE_BOUND('',#2542,.T.);
#2542 = EDGE_LOOP('',(#2543,#2544,#2564));
#2543 = ORIENTED_EDGE('',*,*,#2515,.T.);
#2544 = ORIENTED_EDGE('',*,*,#2545,.T.);
#2545 = EDGE_CURVE('',#1006,#37,#2546,.T.);
#2546 = SURFACE_CURVE('',#2547,(#2551,#2558),.PCURVE_S1.);
#2547 = LINE('',#2548,#2549);
#2548 = CARTESIAN_POINT('',(-186.5533294677,71.5,1.));
#2549 = VECTOR('',#2550,1.);
#2550 = DIRECTION('',(0.,0.,-1.));
#2551 = PCURVE('',#2528,#2552);
#2552 = DEFINITIONAL_REPRESENTATION('',(#2553),#2557);
#2553 = LINE('',#2554,#2555);
#2554 = CARTESIAN_POINT('',(-0.177764677467,1.131140411545));
#2555 = VECTOR('',#2556,1.);
#2556 = DIRECTION('',(1.54074395551E-33,-1.));
#2557 = ( GEOMETRIC_REPRESENTATION_CONTEXT(2) 
PARAMETRIC_REPRESENTATION_CONTEXT() REPRESENTATION_CONTEXT('2D SPACE',''
  ) );
#2558 = PCURVE('',#59,#2559);
#2559 = DEFINITIONAL_REPRESENTATION('',(#2560),#2563);
#2560 = B_SPLINE_CURVE_WITH_KNOTS('',1,(#2561,#2562),.UNSPECIFIED.,.F.,
  .F.,(2,2),(0.,2.),.PIECEWISE_BEZIER_KNOTS.);
#2561 = CARTESIAN_POINT('',(0.170533930016,0.872837210481));
#2562 = CARTESIAN_POINT('',(0.170533930016,-1.127162789519));
#2563 = ( GEOMETRIC_REPRESENTATION_CONTEXT(2) 
PARAMETRIC_REPRESENTATION_CONTEXT() REPRESENTATION_CONTEXT('2D SPACE',''
  ) );
#2564 = ORIENTED_EDGE('',*,*,#2565,.T.);
#2565 = EDGE_CURVE('',#37,#1611,#2566,.T.);
#2566 = SURFACE_CURVE('',#2567,(#2571,#2578),.PCURVE_S1.);
#2567 = LINE('',#2568,#2569);
#2568 = CARTESIAN_POINT('',(-186.5533294677,71.5,-1.));
#2569 = VECTOR('',#2570,1.);
#2570 = DIRECTION('',(-0.311863961368,-0.950126765016,0.));
#2571 = PCURVE('',#2528,#2572);
#2572 = DEFINITIONAL_REPRESENTATION('',(#2573),#2577);
#2573 = LINE('',#2574,#2575);
#2574 = CARTESIAN_POINT('',(-0.177764677467,-0.868859588455));
#2575 = VECTOR('',#2576,1.);
#2576 = DIRECTION('',(1.,-4.570637002305E-33));
#2577 = ( GEOMETRIC_REPRESENTATION_CONTEXT(2) 
PARAMETRIC_REPRESENTATION_CONTEXT() REPRESENTATION_CONTEXT('2D SPACE',''
  ) );
#2578 = PCURVE('',#2579,#2584);
#2579 = PLANE('',#2580);
#2580 = AXIS2_PLACEMENT_3D('',#2581,#2582,#2583);
#2581 = CARTESIAN_POINT('',(-185.4760782315,72.466978630227,-1.));
#2582 = DIRECTION('',(-0.,-0.,-1.));
#2583 = DIRECTION('',(-1.,0.,0.));
#2584 = DEFINITIONAL_REPRESENTATION('',(#2585),#2588);
#2585 = B_SPLINE_CURVE_WITH_KNOTS('',1,(#2586,#2587),.UNSPECIFIED.,.F.,
  .F.,(2,2),(0.,0.617810178024),.PIECEWISE_BEZIER_KNOTS.);
#2586 = CARTESIAN_POINT('',(1.077251236238,-0.966978630227));
#2587 = CARTESIAN_POINT('',(1.26992396573,-1.553976616067));
#2588 = ( GEOMETRIC_REPRESENTATION_CONTEXT(2) 
PARAMETRIC_REPRESENTATION_CONTEXT() REPRESENTATION_CONTEXT('2D SPACE',''
  ) );
#2589 = ADVANCED_FACE('',(#2590),#651,.T.);
#2590 = FACE_BOUND('',#2591,.T.);
#2591 = EDGE_LOOP('',(#2592,#2614,#2639));
#2592 = ORIENTED_EDGE('',*,*,#2593,.T.);
#2593 = EDGE_CURVE('',#604,#2594,#2596,.T.);
#2594 = VERTEX_POINT('',#2595);
#2595 = CARTESIAN_POINT('',(-170.333328247,64.,1.));
#2596 = SURFACE_CURVE('',#2597,(#2601,#2608),.PCURVE_S1.);
#2597 = LINE('',#2598,#2599);
#2598 = CARTESIAN_POINT('',(-183.6666717529,74.,1.));
#2599 = VECTOR('',#2600,1.);
#2600 = DIRECTION('',(0.800000219726,-0.599999707031,0.));
#2601 = PCURVE('',#651,#2602);
#2602 = DEFINITIONAL_REPRESENTATION('',(#2603),#2607);
#2603 = LINE('',#2604,#2605);
#2604 = CARTESIAN_POINT('',(-8.333338928222,3.333332824707));
#2605 = VECTOR('',#2606,1.);
#2606 = DIRECTION('',(0.800000219726,-0.599999707031));
#2607 = ( GEOMETRIC_REPRESENTATION_CONTEXT(2) 
PARAMETRIC_REPRESENTATION_CONTEXT() REPRESENTATION_CONTEXT('2D SPACE',''
  ) );
#2608 = PCURVE('',#2474,#2609);
#2609 = DEFINITIONAL_REPRESENTATION('',(#2610),#2613);
#2610 = B_SPLINE_CURVE_WITH_KNOTS('',1,(#2611,#2612),.UNSPECIFIED.,.F.,
  .F.,(2,2),(0.,16.666674804689),.PIECEWISE_BEZIER_KNOTS.);
#2611 = CARTESIAN_POINT('',(-5.000004577637,6.666667175293));
#2612 = CARTESIAN_POINT('',(8.333338928222,-3.333332824707));
#2613 = ( GEOMETRIC_REPRESENTATION_CONTEXT(2) 
PARAMETRIC_REPRESENTATION_CONTEXT() REPRESENTATION_CONTEXT('2D SPACE',''
  ) );
#2614 = ORIENTED_EDGE('',*,*,#2615,.T.);
#2615 = EDGE_CURVE('',#2594,#636,#2616,.T.);
#2616 = SURFACE_CURVE('',#2617,(#2621,#2628),.PCURVE_S1.);
#2617 = LINE('',#2618,#2619);
#2618 = CARTESIAN_POINT('',(-170.333328247,64.,1.));
#2619 = VECTOR('',#2620,1.);
#2620 = DIRECTION('',(0.,1.,0.));
#2621 = PCURVE('',#651,#2622);
#2622 = DEFINITIONAL_REPRESENTATION('',(#2623),#2627);
#2623 = LINE('',#2624,#2625);
#2624 = CARTESIAN_POINT('',(5.000004577637,-6.666667175293));
#2625 = VECTOR('',#2626,1.);
#2626 = DIRECTION('',(0.,1.));
#2627 = ( GEOMETRIC_REPRESENTATION_CONTEXT(2) 
PARAMETRIC_REPRESENTATION_CONTEXT() REPRESENTATION_CONTEXT('2D SPACE',''
  ) );
#2628 = PCURVE('',#2629,#2634);
#2629 = PLANE('',#2630);
#2630 = AXIS2_PLACEMENT_3D('',#2631,#2632,#2633);
#2631 = CARTESIAN_POINT('',(-170.2223402155,69.096235072155,1.));
#2632 = DIRECTION('',(0.,0.,1.));
#2633 = DIRECTION('',(1.,0.,-0.));
#2634 = DEFINITIONAL_REPRESENTATION('',(#2635),#2638);
#2635 = B_SPLINE_CURVE_WITH_KNOTS('',1,(#2636,#2637),.UNSPECIFIED.,.F.,
  .F.,(2,2),(0.,10.),.PIECEWISE_BEZIER_KNOTS.);
#2636 = CARTESIAN_POINT('',(-0.110988031496,-5.096235072155));
#2637 = CARTESIAN_POINT('',(-0.110988031496,4.903764927845));
#2638 = ( GEOMETRIC_REPRESENTATION_CONTEXT(2) 
PARAMETRIC_REPRESENTATION_CONTEXT() REPRESENTATION_CONTEXT('2D SPACE',''
  ) );
#2639 = ORIENTED_EDGE('',*,*,#635,.F.);
#2640 = ADVANCED_FACE('',(#2641),#2474,.T.);
#2641 = FACE_BOUND('',#2642,.T.);
#2642 = EDGE_LOOP('',(#2643,#2644,#2669));
#2643 = ORIENTED_EDGE('',*,*,#2458,.F.);
#2644 = ORIENTED_EDGE('',*,*,#2645,.F.);
#2645 = EDGE_CURVE('',#2594,#2459,#2646,.T.);
#2646 = SURFACE_CURVE('',#2647,(#2651,#2657),.PCURVE_S1.);
#2647 = LINE('',#2648,#2649);
#2648 = CARTESIAN_POINT('',(-170.333328247,64.,1.));
#2649 = VECTOR('',#2650,1.);
#2650 = DIRECTION('',(-1.,0.,0.));
#2651 = PCURVE('',#2474,#2652);
#2652 = DEFINITIONAL_REPRESENTATION('',(#2653),#2656);
#2653 = B_SPLINE_CURVE_WITH_KNOTS('',1,(#2654,#2655),.UNSPECIFIED.,.F.,
  .F.,(2,2),(0.,13.333343505859),.PIECEWISE_BEZIER_KNOTS.);
#2654 = CARTESIAN_POINT('',(8.333338928222,-3.333332824707));
#2655 = CARTESIAN_POINT('',(-5.000004577637,-3.333332824707));
#2656 = ( GEOMETRIC_REPRESENTATION_CONTEXT(2) 
PARAMETRIC_REPRESENTATION_CONTEXT() REPRESENTATION_CONTEXT('2D SPACE',''
  ) );
#2657 = PCURVE('',#2658,#2663);
#2658 = PLANE('',#2659);
#2659 = AXIS2_PLACEMENT_3D('',#2660,#2661,#2662);
#2660 = CARTESIAN_POINT('',(-177.4627086254,64.,0.462708625444));
#2661 = DIRECTION('',(-0.,-1.,-0.));
#2662 = DIRECTION('',(0.,0.,-1.));
#2663 = DEFINITIONAL_REPRESENTATION('',(#2664),#2668);
#2664 = LINE('',#2665,#2666);
#2665 = CARTESIAN_POINT('',(-0.537291374556,7.129380378373));
#2666 = VECTOR('',#2667,1.);
#2667 = DIRECTION('',(0.,-1.));
#2668 = ( GEOMETRIC_REPRESENTATION_CONTEXT(2) 
PARAMETRIC_REPRESENTATION_CONTEXT() REPRESENTATION_CONTEXT('2D SPACE',''
  ) );
#2669 = ORIENTED_EDGE('',*,*,#2593,.F.);
#2670 = ADVANCED_FACE('',(#2671),#2685,.T.);
#2671 = FACE_BOUND('',#2672,.T.);
#2672 = EDGE_LOOP('',(#2673,#2707,#2734));
#2673 = ORIENTED_EDGE('',*,*,#2674,.T.);
#2674 = EDGE_CURVE('',#2675,#2677,#2679,.T.);
#2675 = VERTEX_POINT('',#2676);
#2676 = CARTESIAN_POINT('',(-169.8979949951,73.957000732422,-1.));
#2677 = VERTEX_POINT('',#2678);
#2678 = CARTESIAN_POINT('',(-169.4706726074,73.830001831055,-1.));
#2679 = SURFACE_CURVE('',#2680,(#2684,#2696),.PCURVE_S1.);
#2680 = LINE('',#2681,#2682);
#2681 = CARTESIAN_POINT('',(-169.8979949951,73.957000732422,-1.));
#2682 = VECTOR('',#2683,1.);
#2683 = DIRECTION('',(0.958562632162,-0.284881870647,0.));
#2684 = PCURVE('',#2685,#2690);
#2685 = PLANE('',#2686);
#2686 = AXIS2_PLACEMENT_3D('',#2687,#2688,#2689);
#2687 = CARTESIAN_POINT('',(-169.4741145977,73.797700357188,-1.));
#2688 = DIRECTION('',(-0.,-0.,-1.));
#2689 = DIRECTION('',(-1.,0.,0.));
#2690 = DEFINITIONAL_REPRESENTATION('',(#2691),#2695);
#2691 = LINE('',#2692,#2693);
#2692 = CARTESIAN_POINT('',(0.423880397412,0.159300375233));
#2693 = VECTOR('',#2694,1.);
#2694 = DIRECTION('',(-0.958562632162,-0.284881870647));
#2695 = ( GEOMETRIC_REPRESENTATION_CONTEXT(2) 
PARAMETRIC_REPRESENTATION_CONTEXT() REPRESENTATION_CONTEXT('2D SPACE',''
  ) );
#2696 = PCURVE('',#2697,#2702);
#2697 = PLANE('',#2698);
#2698 = AXIS2_PLACEMENT_3D('',#2699,#2700,#2701);
#2699 = CARTESIAN_POINT('',(-169.7794025833,73.921755431841,
    -9.917847716582E-02));
#2700 = DIRECTION('',(0.284881870647,0.958562632162,-9.324890334839E-18)
  );
#2701 = DIRECTION('',(0.958562632162,-0.284881870647,-3.851859888774E-34
    ));
#2702 = DEFINITIONAL_REPRESENTATION('',(#2703),#2706);
#2703 = B_SPLINE_CURVE_WITH_KNOTS('',1,(#2704,#2705),.UNSPECIFIED.,.F.,
  .F.,(2,2),(0.,0.445794957322),.PIECEWISE_BEZIER_KNOTS.);
#2704 = CARTESIAN_POINT('',(-0.123719001495,0.900821522834));
#2705 = CARTESIAN_POINT('',(0.322075955827,0.900821522834));
#2706 = ( GEOMETRIC_REPRESENTATION_CONTEXT(2) 
PARAMETRIC_REPRESENTATION_CONTEXT() REPRESENTATION_CONTEXT('2D SPACE',''
  ) );
#2707 = ORIENTED_EDGE('',*,*,#2708,.T.);
#2708 = EDGE_CURVE('',#2677,#2709,#2711,.T.);
#2709 = VERTEX_POINT('',#2710);
#2710 = CARTESIAN_POINT('',(-169.0579986572,73.619003295898,-1.));
#2711 = SURFACE_CURVE('',#2712,(#2716,#2723),.PCURVE_S1.);
#2712 = LINE('',#2713,#2714);
#2713 = CARTESIAN_POINT('',(-169.4706726074,73.830001831055,-1.));
#2714 = VECTOR('',#2715,1.);
#2715 = DIRECTION('',(0.89036796554,-0.455241568774,0.));
#2716 = PCURVE('',#2685,#2717);
#2717 = DEFINITIONAL_REPRESENTATION('',(#2718),#2722);
#2718 = LINE('',#2719,#2720);
#2719 = CARTESIAN_POINT('',(-3.441990283591E-03,3.230147386623E-02));
#2720 = VECTOR('',#2721,1.);
#2721 = DIRECTION('',(-0.89036796554,-0.455241568774));
#2722 = ( GEOMETRIC_REPRESENTATION_CONTEXT(2) 
PARAMETRIC_REPRESENTATION_CONTEXT() REPRESENTATION_CONTEXT('2D SPACE',''
  ) );
#2723 = PCURVE('',#2724,#2729);
#2724 = PLANE('',#2725);
#2725 = AXIS2_PLACEMENT_3D('',#2726,#2727,#2728);
#2726 = CARTESIAN_POINT('',(-169.3557061387,73.771219936841,
    -0.102621062242));
#2727 = DIRECTION('',(0.455241568774,0.89036796554,0.));
#2728 = DIRECTION('',(0.89036796554,-0.455241568774,0.));
#2729 = DEFINITIONAL_REPRESENTATION('',(#2730),#2733);
#2730 = B_SPLINE_CURVE_WITH_KNOTS('',1,(#2731,#2732),.UNSPECIFIED.,.F.,
  .F.,(2,2),(0.,0.46348696962),.PIECEWISE_BEZIER_KNOTS.);
#2731 = CARTESIAN_POINT('',(-0.129122422568,0.897378937758));
#2732 = CARTESIAN_POINT('',(0.334364547052,0.897378937758));
#2733 = ( GEOMETRIC_REPRESENTATION_CONTEXT(2) 
PARAMETRIC_REPRESENTATION_CONTEXT() REPRESENTATION_CONTEXT('2D SPACE',''
  ) );
#2734 = ORIENTED_EDGE('',*,*,#2735,.T.);
#2735 = EDGE_CURVE('',#2709,#2675,#2736,.T.);
#2736 = SURFACE_CURVE('',#2737,(#2741,#2748),.PCURVE_S1.);
#2737 = LINE('',#2738,#2739);
#2738 = CARTESIAN_POINT('',(-169.0579986572,73.619003295898,-1.));
#2739 = VECTOR('',#2740,1.);
#2740 = DIRECTION('',(-0.927713485966,0.373293032291,0.));
#2741 = PCURVE('',#2685,#2742);
#2742 = DEFINITIONAL_REPRESENTATION('',(#2743),#2747);
#2743 = LINE('',#2744,#2745);
#2744 = CARTESIAN_POINT('',(-0.416115940479,-0.17869706129));
#2745 = VECTOR('',#2746,1.);
#2746 = DIRECTION('',(0.927713485966,0.373293032291));
#2747 = ( GEOMETRIC_REPRESENTATION_CONTEXT(2) 
PARAMETRIC_REPRESENTATION_CONTEXT() REPRESENTATION_CONTEXT('2D SPACE',''
  ) );
#2748 = PCURVE('',#2749,#2754);
#2749 = PLANE('',#2750);
#2750 = AXIS2_PLACEMENT_3D('',#2751,#2752,#2753);
#2751 = CARTESIAN_POINT('',(-169.6906682049,73.829869461612,-1.));
#2752 = DIRECTION('',(-0.,-0.,-1.));
#2753 = DIRECTION('',(-1.,0.,0.));
#2754 = DEFINITIONAL_REPRESENTATION('',(#2755),#2758);
#2755 = B_SPLINE_CURVE_WITH_KNOTS('',1,(#2756,#2757),.UNSPECIFIED.,.F.,
  .F.,(2,2),(0.,0.90544801881),.PIECEWISE_BEZIER_KNOTS.);
#2756 = CARTESIAN_POINT('',(-0.632669547739,-0.210866165714));
#2757 = CARTESIAN_POINT('',(0.207326790152,0.12713127081));
#2758 = ( GEOMETRIC_REPRESENTATION_CONTEXT(2) 
PARAMETRIC_REPRESENTATION_CONTEXT() REPRESENTATION_CONTEXT('2D SPACE',''
  ) );
#2759 = ADVANCED_FACE('',(#2760),#2749,.T.);
#2760 = FACE_BOUND('',#2761,.T.);
#2761 = EDGE_LOOP('',(#2762,#2787,#2812));
#2762 = ORIENTED_EDGE('',*,*,#2763,.T.);
#2763 = EDGE_CURVE('',#2709,#602,#2764,.T.);
#2764 = SURFACE_CURVE('',#2765,(#2769,#2776),.PCURVE_S1.);
#2765 = LINE('',#2766,#2767);
#2766 = CARTESIAN_POINT('',(-169.0579986572,73.619003295898,-1.));
#2767 = VECTOR('',#2768,1.);
#2768 = DIRECTION('',(-0.958156946245,0.286243369117,0.));
#2769 = PCURVE('',#2749,#2770);
#2770 = DEFINITIONAL_REPRESENTATION('',(#2771),#2775);
#2771 = LINE('',#2772,#2773);
#2772 = CARTESIAN_POINT('',(-0.632669547739,-0.210866165714));
#2773 = VECTOR('',#2774,1.);
#2774 = DIRECTION('',(0.958156946245,0.286243369117));
#2775 = ( GEOMETRIC_REPRESENTATION_CONTEXT(2) 
PARAMETRIC_REPRESENTATION_CONTEXT() REPRESENTATION_CONTEXT('2D SPACE',''
  ) );
#2776 = PCURVE('',#2777,#2782);
#2777 = PLANE('',#2778);
#2778 = AXIS2_PLACEMENT_3D('',#2779,#2780,#2781);
#2779 = CARTESIAN_POINT('',(-169.4862261502,73.692578949623,-1.));
#2780 = DIRECTION('',(-0.,-0.,-1.));
#2781 = DIRECTION('',(-1.,0.,0.));
#2782 = DEFINITIONAL_REPRESENTATION('',(#2783),#2786);
#2783 = B_SPLINE_CURVE_WITH_KNOTS('',1,(#2784,#2785),.UNSPECIFIED.,.F.,
  .F.,(2,2),(0.,1.331023685464),.PIECEWISE_BEZIER_KNOTS.);
#2784 = CARTESIAN_POINT('',(-0.42822749303,-7.357565372469E-02));
#2785 = CARTESIAN_POINT('',(0.847102096813,0.307421050377));
#2786 = ( GEOMETRIC_REPRESENTATION_CONTEXT(2) 
PARAMETRIC_REPRESENTATION_CONTEXT() REPRESENTATION_CONTEXT('2D SPACE',''
  ) );
#2787 = ORIENTED_EDGE('',*,*,#2788,.T.);
#2788 = EDGE_CURVE('',#602,#2675,#2789,.T.);
#2789 = SURFACE_CURVE('',#2790,(#2794,#2801),.PCURVE_S1.);
#2790 = LINE('',#2791,#2792);
#2791 = CARTESIAN_POINT('',(-170.333328247,74.,-1.));
#2792 = VECTOR('',#2793,1.);
#2793 = DIRECTION('',(0.995157331071,-9.829489516156E-02,0.));
#2794 = PCURVE('',#2749,#2795);
#2795 = DEFINITIONAL_REPRESENTATION('',(#2796),#2800);
#2796 = LINE('',#2797,#2798);
#2797 = CARTESIAN_POINT('',(0.642660042105,0.170130538388));
#2798 = VECTOR('',#2799,1.);
#2799 = DIRECTION('',(-0.995157331071,-9.829489516156E-02));
#2800 = ( GEOMETRIC_REPRESENTATION_CONTEXT(2) 
PARAMETRIC_REPRESENTATION_CONTEXT() REPRESENTATION_CONTEXT('2D SPACE',''
  ) );
#2801 = PCURVE('',#2802,#2807);
#2802 = PLANE('',#2803);
#2803 = AXIS2_PLACEMENT_3D('',#2804,#2805,#2806);
#2804 = CARTESIAN_POINT('',(-170.018591589,73.968912446464,
    -9.754239761328E-02));
#2805 = DIRECTION('',(9.829489516156E-02,0.995157331071,
    4.669072306745E-18));
#2806 = DIRECTION('',(0.995157331071,-9.829489516156E-02,0.));
#2807 = DEFINITIONAL_REPRESENTATION('',(#2808),#2811);
#2808 = B_SPLINE_CURVE_WITH_KNOTS('',1,(#2809,#2810),.UNSPECIFIED.,.F.,
  .F.,(2,2),(0.,0.437451685639),.PIECEWISE_BEZIER_KNOTS.);
#2809 = CARTESIAN_POINT('',(-0.316268240433,0.902457602387));
#2810 = CARTESIAN_POINT('',(0.121183445206,0.902457602387));
#2811 = ( GEOMETRIC_REPRESENTATION_CONTEXT(2) 
PARAMETRIC_REPRESENTATION_CONTEXT() REPRESENTATION_CONTEXT('2D SPACE',''
  ) );
#2812 = ORIENTED_EDGE('',*,*,#2735,.F.);
#2813 = ADVANCED_FACE('',(#2814),#2777,.T.);
#2814 = FACE_BOUND('',#2815,.T.);
#2815 = EDGE_LOOP('',(#2816,#2843,#2844));
#2816 = ORIENTED_EDGE('',*,*,#2817,.T.);
#2817 = EDGE_CURVE('',#2818,#602,#2820,.T.);
#2818 = VERTEX_POINT('',#2819);
#2819 = CARTESIAN_POINT('',(-168.6666717529,73.330001831055,-1.));
#2820 = SURFACE_CURVE('',#2821,(#2825,#2832),.PCURVE_S1.);
#2821 = LINE('',#2822,#2823);
#2822 = CARTESIAN_POINT('',(-168.6666717529,73.330001831055,-1.));
#2823 = VECTOR('',#2824,1.);
#2824 = DIRECTION('',(-0.927834991184,0.372990923662,0.));
#2825 = PCURVE('',#2777,#2826);
#2826 = DEFINITIONAL_REPRESENTATION('',(#2827),#2831);
#2827 = LINE('',#2828,#2829);
#2828 = CARTESIAN_POINT('',(-0.819554397327,-0.362577118568));
#2829 = VECTOR('',#2830,1.);
#2830 = DIRECTION('',(0.927834991184,0.372990923662));
#2831 = ( GEOMETRIC_REPRESENTATION_CONTEXT(2) 
PARAMETRIC_REPRESENTATION_CONTEXT() REPRESENTATION_CONTEXT('2D SPACE',''
  ) );
#2832 = PCURVE('',#2833,#2838);
#2833 = PLANE('',#2834);
#2834 = AXIS2_PLACEMENT_3D('',#2835,#2836,#2837);
#2835 = CARTESIAN_POINT('',(-169.2964533481,73.517105969237,-1.));
#2836 = DIRECTION('',(-0.,-0.,-1.));
#2837 = DIRECTION('',(-1.,0.,0.));
#2838 = DEFINITIONAL_REPRESENTATION('',(#2839),#2842);
#2839 = B_SPLINE_CURVE_WITH_KNOTS('',1,(#2840,#2841),.UNSPECIFIED.,.F.,
  .F.,(2,2),(0.,1.796285449435),.PIECEWISE_BEZIER_KNOTS.);
#2840 = CARTESIAN_POINT('',(-0.629781595263,-0.187104138182));
#2841 = CARTESIAN_POINT('',(1.036874898877,0.482894030763));
#2842 = ( GEOMETRIC_REPRESENTATION_CONTEXT(2) 
PARAMETRIC_REPRESENTATION_CONTEXT() REPRESENTATION_CONTEXT('2D SPACE',''
  ) );
#2843 = ORIENTED_EDGE('',*,*,#2763,.F.);
#2844 = ORIENTED_EDGE('',*,*,#2845,.F.);
#2845 = EDGE_CURVE('',#2818,#2709,#2846,.T.);
#2846 = SURFACE_CURVE('',#2847,(#2851,#2857),.PCURVE_S1.);
#2847 = LINE('',#2848,#2849);
#2848 = CARTESIAN_POINT('',(-168.6666717529,73.330001831055,-1.));
#2849 = VECTOR('',#2850,1.);
#2850 = DIRECTION('',(-0.804412051531,0.594071756063,0.));
#2851 = PCURVE('',#2777,#2852);
#2852 = DEFINITIONAL_REPRESENTATION('',(#2853),#2856);
#2853 = B_SPLINE_CURVE_WITH_KNOTS('',1,(#2854,#2855),.UNSPECIFIED.,.F.,
  .F.,(2,2),(0.,0.486475685629),.PIECEWISE_BEZIER_KNOTS.);
#2854 = CARTESIAN_POINT('',(-0.819554397327,-0.362577118568));
#2855 = CARTESIAN_POINT('',(-0.42822749303,-7.357565372469E-02));
#2856 = ( GEOMETRIC_REPRESENTATION_CONTEXT(2) 
PARAMETRIC_REPRESENTATION_CONTEXT() REPRESENTATION_CONTEXT('2D SPACE',''
  ) );
#2857 = PCURVE('',#2858,#2863);
#2858 = PLANE('',#2859);
#2859 = AXIS2_PLACEMENT_3D('',#2860,#2861,#2862);
#2860 = CARTESIAN_POINT('',(-168.9484397089,73.538092179907,
    -0.107040295691));
#2861 = DIRECTION('',(0.594071756063,0.804412051531,0.));
#2862 = DIRECTION('',(0.804412051531,-0.594071756063,0.));
#2863 = DEFINITIONAL_REPRESENTATION('',(#2864),#2868);
#2864 = LINE('',#2865,#2866);
#2865 = CARTESIAN_POINT('',(0.350278138505,0.892959704309));
#2866 = VECTOR('',#2867,1.);
#2867 = DIRECTION('',(-1.,0.));
#2868 = ( GEOMETRIC_REPRESENTATION_CONTEXT(2) 
PARAMETRIC_REPRESENTATION_CONTEXT() REPRESENTATION_CONTEXT('2D SPACE',''
  ) );
#2869 = ADVANCED_FACE('',(#2870),#2882,.T.);
#2870 = FACE_BOUND('',#2871,.T.);
#2871 = EDGE_LOOP('',(#2872,#2899,#2926));
#2872 = ORIENTED_EDGE('',*,*,#2873,.T.);
#2873 = EDGE_CURVE('',#2818,#2874,#2876,.T.);
#2874 = VERTEX_POINT('',#2875);
#2875 = CARTESIAN_POINT('',(-169.0579986572,73.619003295898,1.));
#2876 = SURFACE_CURVE('',#2877,(#2881,#2893),.PCURVE_S1.);
#2877 = LINE('',#2878,#2879);
#2878 = CARTESIAN_POINT('',(-168.6666717529,73.330001831055,-1.));
#2879 = VECTOR('',#2880,1.);
#2880 = DIRECTION('',(-0.190120073367,0.140406854463,0.971668808248));
#2881 = PCURVE('',#2882,#2887);
#2882 = PLANE('',#2883);
#2883 = AXIS2_PLACEMENT_3D('',#2884,#2885,#2886);
#2884 = CARTESIAN_POINT('',(-168.7762307012,73.410912947046,
    0.107040295691));
#2885 = DIRECTION('',(0.594071756063,0.804412051531,1.852668803652E-17)
  );
#2886 = DIRECTION('',(0.804412051531,-0.594071756063,-1.54074395551E-33)
  );
#2887 = DEFINITIONAL_REPRESENTATION('',(#2888),#2892);
#2888 = LINE('',#2889,#2890);
#2889 = CARTESIAN_POINT('',(0.136197547124,1.107040295691));
#2890 = VECTOR('',#2891,1.);
#2891 = DIRECTION('',(-0.236346624849,-0.971668808248));
#2892 = ( GEOMETRIC_REPRESENTATION_CONTEXT(2) 
PARAMETRIC_REPRESENTATION_CONTEXT() REPRESENTATION_CONTEXT('2D SPACE',''
  ) );
#2893 = PCURVE('',#2858,#2894);
#2894 = DEFINITIONAL_REPRESENTATION('',(#2895),#2898);
#2895 = B_SPLINE_CURVE_WITH_KNOTS('',1,(#2896,#2897),.UNSPECIFIED.,.F.,
  .F.,(2,2),(0.,2.058314502866),.PIECEWISE_BEZIER_KNOTS.);
#2896 = CARTESIAN_POINT('',(0.350278138505,0.892959704309));
#2897 = CARTESIAN_POINT('',(-0.136197547124,-1.107040295691));
#2898 = ( GEOMETRIC_REPRESENTATION_CONTEXT(2) 
PARAMETRIC_REPRESENTATION_CONTEXT() REPRESENTATION_CONTEXT('2D SPACE',''
  ) );
#2899 = ORIENTED_EDGE('',*,*,#2900,.T.);
#2900 = EDGE_CURVE('',#2874,#2901,#2903,.T.);
#2901 = VERTEX_POINT('',#2902);
#2902 = CARTESIAN_POINT('',(-168.6666717529,73.330001831055,1.));
#2903 = SURFACE_CURVE('',#2904,(#2908,#2915),.PCURVE_S1.);
#2904 = LINE('',#2905,#2906);
#2905 = CARTESIAN_POINT('',(-169.0579986572,73.619003295898,1.));
#2906 = VECTOR('',#2907,1.);
#2907 = DIRECTION('',(0.804412051531,-0.594071756063,0.));
#2908 = PCURVE('',#2882,#2909);
#2909 = DEFINITIONAL_REPRESENTATION('',(#2910),#2914);
#2910 = LINE('',#2911,#2912);
#2911 = CARTESIAN_POINT('',(-0.350278138505,-0.892959704309));
#2912 = VECTOR('',#2913,1.);
#2913 = DIRECTION('',(1.,1.544569388718E-33));
#2914 = ( GEOMETRIC_REPRESENTATION_CONTEXT(2) 
PARAMETRIC_REPRESENTATION_CONTEXT() REPRESENTATION_CONTEXT('2D SPACE',''
  ) );
#2915 = PCURVE('',#2916,#2921);
#2916 = PLANE('',#2917);
#2917 = AXIS2_PLACEMENT_3D('',#2918,#2919,#2920);
#2918 = CARTESIAN_POINT('',(-169.5807607153,68.855256459482,1.));
#2919 = DIRECTION('',(0.,0.,1.));
#2920 = DIRECTION('',(1.,0.,-0.));
#2921 = DEFINITIONAL_REPRESENTATION('',(#2922),#2925);
#2922 = B_SPLINE_CURVE_WITH_KNOTS('',1,(#2923,#2924),.UNSPECIFIED.,.F.,
  .F.,(2,2),(0.,0.486475685629),.PIECEWISE_BEZIER_KNOTS.);
#2923 = CARTESIAN_POINT('',(0.522762058087,4.763746836417));
#2924 = CARTESIAN_POINT('',(0.914088962384,4.474745371573));
#2925 = ( GEOMETRIC_REPRESENTATION_CONTEXT(2) 
PARAMETRIC_REPRESENTATION_CONTEXT() REPRESENTATION_CONTEXT('2D SPACE',''
  ) );
#2926 = ORIENTED_EDGE('',*,*,#2927,.T.);
#2927 = EDGE_CURVE('',#2901,#2818,#2928,.T.);
#2928 = SURFACE_CURVE('',#2929,(#2933,#2940),.PCURVE_S1.);
#2929 = LINE('',#2930,#2931);
#2930 = CARTESIAN_POINT('',(-168.6666717529,73.330001831055,1.));
#2931 = VECTOR('',#2932,1.);
#2932 = DIRECTION('',(0.,0.,-1.));
#2933 = PCURVE('',#2882,#2934);
#2934 = DEFINITIONAL_REPRESENTATION('',(#2935),#2939);
#2935 = LINE('',#2936,#2937);
#2936 = CARTESIAN_POINT('',(0.136197547124,-0.892959704309));
#2937 = VECTOR('',#2938,1.);
#2938 = DIRECTION('',(0.,1.));
#2939 = ( GEOMETRIC_REPRESENTATION_CONTEXT(2) 
PARAMETRIC_REPRESENTATION_CONTEXT() REPRESENTATION_CONTEXT('2D SPACE',''
  ) );
#2940 = PCURVE('',#2941,#2946);
#2941 = PLANE('',#2942);
#2942 = AXIS2_PLACEMENT_3D('',#2943,#2944,#2945);
#2943 = CARTESIAN_POINT('',(-168.5645583833,73.227796092008,
    -0.112087623969));
#2944 = DIRECTION('',(0.707426380782,0.706787037072,1.845141294601E-17)
  );
#2945 = DIRECTION('',(-0.706787037072,0.707426380782,0.));
#2946 = DEFINITIONAL_REPRESENTATION('',(#2947),#2950);
#2947 = B_SPLINE_CURVE_WITH_KNOTS('',1,(#2948,#2949),.UNSPECIFIED.,.F.,
  .F.,(2,2),(0.,2.),.PIECEWISE_BEZIER_KNOTS.);
#2948 = CARTESIAN_POINT('',(0.144475442,1.112087623969));
#2949 = CARTESIAN_POINT('',(0.144475442,-0.887912376031));
#2950 = ( GEOMETRIC_REPRESENTATION_CONTEXT(2) 
PARAMETRIC_REPRESENTATION_CONTEXT() REPRESENTATION_CONTEXT('2D SPACE',''
  ) );
#2951 = ADVANCED_FACE('',(#2952),#2858,.T.);
#2952 = FACE_BOUND('',#2953,.T.);
#2953 = EDGE_LOOP('',(#2954,#2979,#2980));
#2954 = ORIENTED_EDGE('',*,*,#2955,.T.);
#2955 = EDGE_CURVE('',#2709,#2874,#2956,.T.);
#2956 = SURFACE_CURVE('',#2957,(#2961,#2968),.PCURVE_S1.);
#2957 = LINE('',#2958,#2959);
#2958 = CARTESIAN_POINT('',(-169.0579986572,73.619003295898,-1.));
#2959 = VECTOR('',#2960,1.);
#2960 = DIRECTION('',(0.,0.,1.));
#2961 = PCURVE('',#2858,#2962);
#2962 = DEFINITIONAL_REPRESENTATION('',(#2963),#2967);
#2963 = LINE('',#2964,#2965);
#2964 = CARTESIAN_POINT('',(-0.136197547124,0.892959704309));
#2965 = VECTOR('',#2966,1.);
#2966 = DIRECTION('',(0.,-1.));
#2967 = ( GEOMETRIC_REPRESENTATION_CONTEXT(2) 
PARAMETRIC_REPRESENTATION_CONTEXT() REPRESENTATION_CONTEXT('2D SPACE',''
  ) );
#2968 = PCURVE('',#2969,#2974);
#2969 = PLANE('',#2970);
#2970 = AXIS2_PLACEMENT_3D('',#2971,#2972,#2973);
#2971 = CARTESIAN_POINT('',(-169.1729651259,73.677785190112,
    0.102621062242));
#2972 = DIRECTION('',(0.455241568774,0.89036796554,-9.297502842886E-18)
  );
#2973 = DIRECTION('',(0.89036796554,-0.455241568774,0.));
#2974 = DEFINITIONAL_REPRESENTATION('',(#2975),#2978);
#2975 = B_SPLINE_CURVE_WITH_KNOTS('',1,(#2976,#2977),.UNSPECIFIED.,.F.,
  .F.,(2,2),(0.,2.),.PIECEWISE_BEZIER_KNOTS.);
#2976 = CARTESIAN_POINT('',(0.129122422568,1.102621062242));
#2977 = CARTESIAN_POINT('',(0.129122422568,-0.897378937758));
#2978 = ( GEOMETRIC_REPRESENTATION_CONTEXT(2) 
PARAMETRIC_REPRESENTATION_CONTEXT() REPRESENTATION_CONTEXT('2D SPACE',''
  ) );
#2979 = ORIENTED_EDGE('',*,*,#2873,.F.);
#2980 = ORIENTED_EDGE('',*,*,#2845,.T.);
#2981 = ADVANCED_FACE('',(#2982),#2941,.T.);
#2982 = FACE_BOUND('',#2983,.T.);
#2983 = EDGE_LOOP('',(#2984,#2985,#3012));
#2984 = ORIENTED_EDGE('',*,*,#2927,.F.);
#2985 = ORIENTED_EDGE('',*,*,#2986,.F.);
#2986 = EDGE_CURVE('',#2987,#2901,#2989,.T.);
#2987 = VERTEX_POINT('',#2988);
#2988 = CARTESIAN_POINT('',(-168.3040008544,72.967002868652,-1.));
#2989 = SURFACE_CURVE('',#2990,(#2994,#3000),.PCURVE_S1.);
#2990 = LINE('',#2991,#2992);
#2991 = CARTESIAN_POINT('',(-168.3040008544,72.967002868652,-1.));
#2992 = VECTOR('',#2993,1.);
#2993 = DIRECTION('',(-0.175646637873,0.175805523885,0.968628244671));
#2994 = PCURVE('',#2941,#2995);
#2995 = DEFINITIONAL_REPRESENTATION('',(#2996),#2999);
#2996 = B_SPLINE_CURVE_WITH_KNOTS('',1,(#2997,#2998),.UNSPECIFIED.,.F.,
  .F.,(2,2),(0.,2.064775636063),.PIECEWISE_BEZIER_KNOTS.);
#2997 = CARTESIAN_POINT('',(-0.368650689939,-0.887912376031));
#2998 = CARTESIAN_POINT('',(0.144475442,1.112087623969));
#2999 = ( GEOMETRIC_REPRESENTATION_CONTEXT(2) 
PARAMETRIC_REPRESENTATION_CONTEXT() REPRESENTATION_CONTEXT('2D SPACE',''
  ) );
#3000 = PCURVE('',#3001,#3006);
#3001 = PLANE('',#3002);
#3002 = AXIS2_PLACEMENT_3D('',#3003,#3004,#3005);
#3003 = CARTESIAN_POINT('',(-168.406114224,73.069208607699,
    0.112087623969));
#3004 = DIRECTION('',(0.707426380782,0.706787037072,1.845141294601E-17)
  );
#3005 = DIRECTION('',(-0.706787037072,0.707426380782,-1.54074395551E-33)
  );
#3006 = DEFINITIONAL_REPRESENTATION('',(#3007),#3011);
#3007 = LINE('',#3008,#3009);
#3008 = CARTESIAN_POINT('',(-0.144475442,-1.112087623969));
#3009 = VECTOR('',#3010,1.);
#3010 = DIRECTION('',(0.248514232238,0.968628244671));
#3011 = ( GEOMETRIC_REPRESENTATION_CONTEXT(2) 
PARAMETRIC_REPRESENTATION_CONTEXT() REPRESENTATION_CONTEXT('2D SPACE',''
  ) );
#3012 = ORIENTED_EDGE('',*,*,#3013,.T.);
#3013 = EDGE_CURVE('',#2987,#2818,#3014,.T.);
#3014 = SURFACE_CURVE('',#3015,(#3019,#3026),.PCURVE_S1.);
#3015 = LINE('',#3016,#3017);
#3016 = CARTESIAN_POINT('',(-168.3040008544,72.967002868652,-1.));
#3017 = VECTOR('',#3018,1.);
#3018 = DIRECTION('',(-0.706787037072,0.707426380782,0.));
#3019 = PCURVE('',#2941,#3020);
#3020 = DEFINITIONAL_REPRESENTATION('',(#3021),#3025);
#3021 = LINE('',#3022,#3023);
#3022 = CARTESIAN_POINT('',(-0.368650689939,-0.887912376031));
#3023 = VECTOR('',#3024,1.);
#3024 = DIRECTION('',(1.,3.580551916872E-33));
#3025 = ( GEOMETRIC_REPRESENTATION_CONTEXT(2) 
PARAMETRIC_REPRESENTATION_CONTEXT() REPRESENTATION_CONTEXT('2D SPACE',''
  ) );
#3026 = PCURVE('',#2833,#3027);
#3027 = DEFINITIONAL_REPRESENTATION('',(#3028),#3031);
#3028 = B_SPLINE_CURVE_WITH_KNOTS('',1,(#3029,#3030),.UNSPECIFIED.,.F.,
  .F.,(2,2),(0.,0.513126131939),.PIECEWISE_BEZIER_KNOTS.);
#3029 = CARTESIAN_POINT('',(-0.992452493701,-0.550103100584));
#3030 = CARTESIAN_POINT('',(-0.629781595263,-0.187104138182));
#3031 = ( GEOMETRIC_REPRESENTATION_CONTEXT(2) 
PARAMETRIC_REPRESENTATION_CONTEXT() REPRESENTATION_CONTEXT('2D SPACE',''
  ) );
#3032 = ADVANCED_FACE('',(#3033),#3001,.T.);
#3033 = FACE_BOUND('',#3034,.T.);
#3034 = EDGE_LOOP('',(#3035,#3036,#3063));
#3035 = ORIENTED_EDGE('',*,*,#2986,.T.);
#3036 = ORIENTED_EDGE('',*,*,#3037,.T.);
#3037 = EDGE_CURVE('',#2901,#3038,#3040,.T.);
#3038 = VERTEX_POINT('',#3039);
#3039 = CARTESIAN_POINT('',(-168.3040008544,72.967002868652,1.));
#3040 = SURFACE_CURVE('',#3041,(#3045,#3052),.PCURVE_S1.);
#3041 = LINE('',#3042,#3043);
#3042 = CARTESIAN_POINT('',(-168.6666717529,73.330001831055,1.));
#3043 = VECTOR('',#3044,1.);
#3044 = DIRECTION('',(0.706787037072,-0.707426380782,0.));
#3045 = PCURVE('',#3001,#3046);
#3046 = DEFINITIONAL_REPRESENTATION('',(#3047),#3051);
#3047 = LINE('',#3048,#3049);
#3048 = CARTESIAN_POINT('',(0.368650689939,0.887912376031));
#3049 = VECTOR('',#3050,1.);
#3050 = DIRECTION('',(-1.,-5.121295872382E-33));
#3051 = ( GEOMETRIC_REPRESENTATION_CONTEXT(2) 
PARAMETRIC_REPRESENTATION_CONTEXT() REPRESENTATION_CONTEXT('2D SPACE',''
  ) );
#3052 = PCURVE('',#3053,#3058);
#3053 = PLANE('',#3054);
#3054 = AXIS2_PLACEMENT_3D('',#3055,#3056,#3057);
#3055 = CARTESIAN_POINT('',(-169.3859602141,68.697940811363,1.));
#3056 = DIRECTION('',(0.,0.,1.));
#3057 = DIRECTION('',(1.,0.,-0.));
#3058 = DEFINITIONAL_REPRESENTATION('',(#3059),#3062);
#3059 = B_SPLINE_CURVE_WITH_KNOTS('',1,(#3060,#3061),.UNSPECIFIED.,.F.,
  .F.,(2,2),(0.,0.513126131939),.PIECEWISE_BEZIER_KNOTS.);
#3060 = CARTESIAN_POINT('',(0.719288461236,4.632061019692));
#3061 = CARTESIAN_POINT('',(1.081959359674,4.26906205729));
#3062 = ( GEOMETRIC_REPRESENTATION_CONTEXT(2) 
PARAMETRIC_REPRESENTATION_CONTEXT() REPRESENTATION_CONTEXT('2D SPACE',''
  ) );
#3063 = ORIENTED_EDGE('',*,*,#3064,.T.);
#3064 = EDGE_CURVE('',#3038,#2987,#3065,.T.);
#3065 = SURFACE_CURVE('',#3066,(#3070,#3077),.PCURVE_S1.);
#3066 = LINE('',#3067,#3068);
#3067 = CARTESIAN_POINT('',(-168.3040008544,72.967002868652,1.));
#3068 = VECTOR('',#3069,1.);
#3069 = DIRECTION('',(0.,0.,-1.));
#3070 = PCURVE('',#3001,#3071);
#3071 = DEFINITIONAL_REPRESENTATION('',(#3072),#3076);
#3072 = LINE('',#3073,#3074);
#3073 = CARTESIAN_POINT('',(-0.144475442,0.887912376031));
#3074 = VECTOR('',#3075,1.);
#3075 = DIRECTION('',(0.,-1.));
#3076 = ( GEOMETRIC_REPRESENTATION_CONTEXT(2) 
PARAMETRIC_REPRESENTATION_CONTEXT() REPRESENTATION_CONTEXT('2D SPACE',''
  ) );
#3077 = PCURVE('',#3078,#3083);
#3078 = PLANE('',#3079);
#3079 = AXIS2_PLACEMENT_3D('',#3080,#3081,#3082);
#3080 = CARTESIAN_POINT('',(-168.2110933462,72.844921296375,
    -0.117393911669));
#3081 = DIRECTION('',(0.795767892256,0.605601735181,0.));
#3082 = DIRECTION('',(-0.605601735181,0.795767892256,0.));
#3083 = DEFINITIONAL_REPRESENTATION('',(#3084),#3087);
#3084 = B_SPLINE_CURVE_WITH_KNOTS('',1,(#3085,#3086),.UNSPECIFIED.,.F.,
  .F.,(2,2),(0.,2.),.PIECEWISE_BEZIER_KNOTS.);
#3085 = CARTESIAN_POINT('',(0.153413543654,1.117393911669));
#3086 = CARTESIAN_POINT('',(0.153413543654,-0.882606088331));
#3087 = ( GEOMETRIC_REPRESENTATION_CONTEXT(2) 
PARAMETRIC_REPRESENTATION_CONTEXT() REPRESENTATION_CONTEXT('2D SPACE',''
  ) );
#3088 = ADVANCED_FACE('',(#3089),#3078,.T.);
#3089 = FACE_BOUND('',#3090,.T.);
#3090 = EDGE_LOOP('',(#3091,#3092,#3119));
#3091 = ORIENTED_EDGE('',*,*,#3064,.F.);
#3092 = ORIENTED_EDGE('',*,*,#3093,.F.);
#3093 = EDGE_CURVE('',#3094,#3038,#3096,.T.);
#3094 = VERTEX_POINT('',#3095);
#3095 = CARTESIAN_POINT('',(-167.9759979248,72.536003112793,-1.));
#3096 = SURFACE_CURVE('',#3097,(#3101,#3107),.PCURVE_S1.);
#3097 = LINE('',#3098,#3099);
#3098 = CARTESIAN_POINT('',(-167.9759979248,72.536003112793,-1.));
#3099 = VECTOR('',#3100,1.);
#3100 = DIRECTION('',(-0.158299572499,0.208007523484,0.965232674292));
#3101 = PCURVE('',#3078,#3102);
#3102 = DEFINITIONAL_REPRESENTATION('',(#3103),#3106);
#3103 = B_SPLINE_CURVE_WITH_KNOTS('',1,(#3104,#3105),.UNSPECIFIED.,.F.,
  .F.,(2,2),(0.,2.07203926397),.PIECEWISE_BEZIER_KNOTS.);
#3104 = CARTESIAN_POINT('',(-0.388201366992,-0.882606088331));
#3105 = CARTESIAN_POINT('',(0.153413543654,1.117393911669));
#3106 = ( GEOMETRIC_REPRESENTATION_CONTEXT(2) 
PARAMETRIC_REPRESENTATION_CONTEXT() REPRESENTATION_CONTEXT('2D SPACE',''
  ) );
#3107 = PCURVE('',#3108,#3113);
#3108 = PLANE('',#3109);
#3109 = AXIS2_PLACEMENT_3D('',#3110,#3111,#3112);
#3110 = CARTESIAN_POINT('',(-168.068905433,72.65808468507,0.117393911669
    ));
#3111 = DIRECTION('',(0.795767892256,0.605601735181,3.675090132472E-17)
  );
#3112 = DIRECTION('',(-0.605601735181,0.795767892256,0.));
#3113 = DEFINITIONAL_REPRESENTATION('',(#3114),#3118);
#3114 = LINE('',#3115,#3116);
#3115 = CARTESIAN_POINT('',(-0.153413543654,-1.117393911669));
#3116 = VECTOR('',#3117,1.);
#3117 = DIRECTION('',(0.26139220432,0.965232674292));
#3118 = ( GEOMETRIC_REPRESENTATION_CONTEXT(2) 
PARAMETRIC_REPRESENTATION_CONTEXT() REPRESENTATION_CONTEXT('2D SPACE',''
  ) );
#3119 = ORIENTED_EDGE('',*,*,#3120,.T.);
#3120 = EDGE_CURVE('',#3094,#2987,#3121,.T.);
#3121 = SURFACE_CURVE('',#3122,(#3126,#3133),.PCURVE_S1.);
#3122 = LINE('',#3123,#3124);
#3123 = CARTESIAN_POINT('',(-167.9759979248,72.536003112793,-1.));
#3124 = VECTOR('',#3125,1.);
#3125 = DIRECTION('',(-0.605601735181,0.795767892256,0.));
#3126 = PCURVE('',#3078,#3127);
#3127 = DEFINITIONAL_REPRESENTATION('',(#3128),#3132);
#3128 = LINE('',#3129,#3130);
#3129 = CARTESIAN_POINT('',(-0.388201366992,-0.882606088331));
#3130 = VECTOR('',#3131,1.);
#3131 = DIRECTION('',(1.,0.));
#3132 = ( GEOMETRIC_REPRESENTATION_CONTEXT(2) 
PARAMETRIC_REPRESENTATION_CONTEXT() REPRESENTATION_CONTEXT('2D SPACE',''
  ) );
#3133 = PCURVE('',#3134,#3139);
#3134 = PLANE('',#3135);
#3135 = AXIS2_PLACEMENT_3D('',#3136,#3137,#3138);
#3136 = CARTESIAN_POINT('',(-169.123179858,73.305718239069,-1.));
#3137 = DIRECTION('',(-0.,-0.,-1.));
#3138 = DIRECTION('',(-1.,0.,0.));
#3139 = DEFINITIONAL_REPRESENTATION('',(#3140),#3143);
#3140 = B_SPLINE_CURVE_WITH_KNOTS('',1,(#3141,#3142),.UNSPECIFIED.,.F.,
  .F.,(2,2),(0.,0.541614910646),.PIECEWISE_BEZIER_KNOTS.);
#3141 = CARTESIAN_POINT('',(-1.147181933256,-0.769715126276));
#3142 = CARTESIAN_POINT('',(-0.819179003568,-0.338715370417));
#3143 = ( GEOMETRIC_REPRESENTATION_CONTEXT(2) 
PARAMETRIC_REPRESENTATION_CONTEXT() REPRESENTATION_CONTEXT('2D SPACE',''
  ) );
#3144 = ADVANCED_FACE('',(#3145),#3108,.T.);
#3145 = FACE_BOUND('',#3146,.T.);
#3146 = EDGE_LOOP('',(#3147,#3148,#3175));
#3147 = ORIENTED_EDGE('',*,*,#3093,.T.);
#3148 = ORIENTED_EDGE('',*,*,#3149,.T.);
#3149 = EDGE_CURVE('',#3038,#3150,#3152,.T.);
#3150 = VERTEX_POINT('',#3151);
#3151 = CARTESIAN_POINT('',(-167.9759979248,72.536003112793,1.));
#3152 = SURFACE_CURVE('',#3153,(#3157,#3164),.PCURVE_S1.);
#3153 = LINE('',#3154,#3155);
#3154 = CARTESIAN_POINT('',(-168.3040008544,72.967002868652,1.));
#3155 = VECTOR('',#3156,1.);
#3156 = DIRECTION('',(0.605601735181,-0.795767892256,0.));
#3157 = PCURVE('',#3108,#3158);
#3158 = DEFINITIONAL_REPRESENTATION('',(#3159),#3163);
#3159 = LINE('',#3160,#3161);
#3160 = CARTESIAN_POINT('',(0.388201366992,0.882606088331));
#3161 = VECTOR('',#3162,1.);
#3162 = DIRECTION('',(-1.,-4.080169682643E-33));
#3163 = ( GEOMETRIC_REPRESENTATION_CONTEXT(2) 
PARAMETRIC_REPRESENTATION_CONTEXT() REPRESENTATION_CONTEXT('2D SPACE',''
  ) );
#3164 = PCURVE('',#3165,#3170);
#3165 = PLANE('',#3166);
#3166 = AXIS2_PLACEMENT_3D('',#3167,#3168,#3169);
#3167 = CARTESIAN_POINT('',(-169.2062062368,68.505192056662,1.));
#3168 = DIRECTION('',(0.,0.,1.));
#3169 = DIRECTION('',(1.,0.,-0.));
#3170 = DEFINITIONAL_REPRESENTATION('',(#3171),#3174);
#3171 = B_SPLINE_CURVE_WITH_KNOTS('',1,(#3172,#3173),.UNSPECIFIED.,.F.,
  .F.,(2,2),(0.,0.541614910646),.PIECEWISE_BEZIER_KNOTS.);
#3172 = CARTESIAN_POINT('',(0.902205382331,4.461810811991));
#3173 = CARTESIAN_POINT('',(1.230208312019,4.030811056131));
#3174 = ( GEOMETRIC_REPRESENTATION_CONTEXT(2) 
PARAMETRIC_REPRESENTATION_CONTEXT() REPRESENTATION_CONTEXT('2D SPACE',''
  ) );
#3175 = ORIENTED_EDGE('',*,*,#3176,.T.);
#3176 = EDGE_CURVE('',#3150,#3094,#3177,.T.);
#3177 = SURFACE_CURVE('',#3178,(#3182,#3189),.PCURVE_S1.);
#3178 = LINE('',#3179,#3180);
#3179 = CARTESIAN_POINT('',(-167.9759979248,72.536003112793,1.));
#3180 = VECTOR('',#3181,1.);
#3181 = DIRECTION('',(0.,0.,-1.));
#3182 = PCURVE('',#3108,#3183);
#3183 = DEFINITIONAL_REPRESENTATION('',(#3184),#3188);
#3184 = LINE('',#3185,#3186);
#3185 = CARTESIAN_POINT('',(-0.153413543654,0.882606088331));
#3186 = VECTOR('',#3187,1.);
#3187 = DIRECTION('',(0.,-1.));
#3188 = ( GEOMETRIC_REPRESENTATION_CONTEXT(2) 
PARAMETRIC_REPRESENTATION_CONTEXT() REPRESENTATION_CONTEXT('2D SPACE',''
  ) );
#3189 = PCURVE('',#3190,#3195);
#3190 = PLANE('',#3191);
#3191 = AXIS2_PLACEMENT_3D('',#3192,#3193,#3194);
#3192 = CARTESIAN_POINT('',(-167.8941307501,72.395823346473,
    -0.122547412784));
#3193 = DIRECTION('',(0.863522358744,0.504310555065,0.));
#3194 = DIRECTION('',(-0.504310555065,0.863522358744,0.));
#3195 = DEFINITIONAL_REPRESENTATION('',(#3196),#3199);
#3196 = B_SPLINE_CURVE_WITH_KNOTS('',1,(#3197,#3198),.UNSPECIFIED.,.F.,
  .F.,(2,2),(0.,2.),.PIECEWISE_BEZIER_KNOTS.);
#3197 = CARTESIAN_POINT('',(0.162334842753,1.122547412784));
#3198 = CARTESIAN_POINT('',(0.162334842753,-0.877452587216));
#3199 = ( GEOMETRIC_REPRESENTATION_CONTEXT(2) 
PARAMETRIC_REPRESENTATION_CONTEXT() REPRESENTATION_CONTEXT('2D SPACE',''
  ) );
#3200 = ADVANCED_FACE('',(#3201),#3190,.T.);
#3201 = FACE_BOUND('',#3202,.T.);
#3202 = EDGE_LOOP('',(#3203,#3204,#3231));
#3203 = ORIENTED_EDGE('',*,*,#3176,.F.);
#3204 = ORIENTED_EDGE('',*,*,#3205,.F.);
#3205 = EDGE_CURVE('',#3206,#3150,#3208,.T.);
#3206 = VERTEX_POINT('',#3207);
#3207 = CARTESIAN_POINT('',(-167.6886596679,72.043998718262,-1.));
#3208 = SURFACE_CURVE('',#3209,(#3213,#3219),.PCURVE_S1.);
#3209 = LINE('',#3210,#3211);
#3210 = CARTESIAN_POINT('',(-167.6886596679,72.043998718262,-1.));
#3211 = VECTOR('',#3212,1.);
#3212 = DIRECTION('',(-0.138171634199,0.236588931714,0.96173503466));
#3213 = PCURVE('',#3190,#3214);
#3214 = DEFINITIONAL_REPRESENTATION('',(#3215),#3218);
#3215 = B_SPLINE_CURVE_WITH_KNOTS('',1,(#3216,#3217),.UNSPECIFIED.,.F.,
  .F.,(2,2),(0.,2.079574859936),.PIECEWISE_BEZIER_KNOTS.);
#3216 = CARTESIAN_POINT('',(-0.407429668322,-0.877452587216));
#3217 = CARTESIAN_POINT('',(0.162334842753,1.122547412784));
#3218 = ( GEOMETRIC_REPRESENTATION_CONTEXT(2) 
PARAMETRIC_REPRESENTATION_CONTEXT() REPRESENTATION_CONTEXT('2D SPACE',''
  ) );
#3219 = PCURVE('',#3220,#3225);
#3220 = PLANE('',#3221);
#3221 = AXIS2_PLACEMENT_3D('',#3222,#3223,#3224);
#3222 = CARTESIAN_POINT('',(-167.7705268426,72.184178484582,
    0.122547412784));
#3223 = DIRECTION('',(0.863522358744,0.504310555065,-1.830480330989E-17)
  );
#3224 = DIRECTION('',(-0.504310555065,0.863522358744,0.));
#3225 = DEFINITIONAL_REPRESENTATION('',(#3226),#3230);
#3226 = LINE('',#3227,#3228);
#3227 = CARTESIAN_POINT('',(-0.162334842753,-1.122547412784));
#3228 = VECTOR('',#3229,1.);
#3229 = DIRECTION('',(0.273981245903,0.96173503466));
#3230 = ( GEOMETRIC_REPRESENTATION_CONTEXT(2) 
PARAMETRIC_REPRESENTATION_CONTEXT() REPRESENTATION_CONTEXT('2D SPACE',''
  ) );
#3231 = ORIENTED_EDGE('',*,*,#3232,.T.);
#3232 = EDGE_CURVE('',#3206,#3094,#3233,.T.);
#3233 = SURFACE_CURVE('',#3234,(#3238,#3245),.PCURVE_S1.);
#3234 = LINE('',#3235,#3236);
#3235 = CARTESIAN_POINT('',(-167.6886596679,72.043998718262,-1.));
#3236 = VECTOR('',#3237,1.);
#3237 = DIRECTION('',(-0.504310555065,0.863522358744,0.));
#3238 = PCURVE('',#3190,#3239);
#3239 = DEFINITIONAL_REPRESENTATION('',(#3240),#3244);
#3240 = LINE('',#3241,#3242);
#3241 = CARTESIAN_POINT('',(-0.407429668322,-0.877452587216));
#3242 = VECTOR('',#3243,1.);
#3243 = DIRECTION('',(1.,0.));
#3244 = ( GEOMETRIC_REPRESENTATION_CONTEXT(2) 
PARAMETRIC_REPRESENTATION_CONTEXT() REPRESENTATION_CONTEXT('2D SPACE',''
  ) );
#3245 = PCURVE('',#3246,#3251);
#3246 = PLANE('',#3247);
#3247 = AXIS2_PLACEMENT_3D('',#3248,#3249,#3250);
#3248 = CARTESIAN_POINT('',(-168.9698598524,73.062031028068,-1.));
#3249 = DIRECTION('',(-0.,-0.,-1.));
#3250 = DIRECTION('',(-1.,0.,0.));
#3251 = DEFINITIONAL_REPRESENTATION('',(#3252),#3255);
#3252 = B_SPLINE_CURVE_WITH_KNOTS('',1,(#3253,#3254),.UNSPECIFIED.,.F.,
  .F.,(2,2),(0.,0.569764511074),.PIECEWISE_BEZIER_KNOTS.);
#3253 = CARTESIAN_POINT('',(-1.281200184508,-1.018032309806));
#3254 = CARTESIAN_POINT('',(-0.993861927672,-0.526027915275));
#3255 = ( GEOMETRIC_REPRESENTATION_CONTEXT(2) 
PARAMETRIC_REPRESENTATION_CONTEXT() REPRESENTATION_CONTEXT('2D SPACE',''
  ) );
#3256 = ADVANCED_FACE('',(#3257),#3220,.T.);
#3257 = FACE_BOUND('',#3258,.T.);
#3258 = EDGE_LOOP('',(#3259,#3260,#3287));
#3259 = ORIENTED_EDGE('',*,*,#3205,.T.);
#3260 = ORIENTED_EDGE('',*,*,#3261,.T.);
#3261 = EDGE_CURVE('',#3150,#3262,#3264,.T.);
#3262 = VERTEX_POINT('',#3263);
#3263 = CARTESIAN_POINT('',(-167.6886596679,72.043998718262,1.));
#3264 = SURFACE_CURVE('',#3265,(#3269,#3276),.PCURVE_S1.);
#3265 = LINE('',#3266,#3267);
#3266 = CARTESIAN_POINT('',(-167.9759979248,72.536003112793,1.));
#3267 = VECTOR('',#3268,1.);
#3268 = DIRECTION('',(0.504310555065,-0.863522358744,0.));
#3269 = PCURVE('',#3220,#3270);
#3270 = DEFINITIONAL_REPRESENTATION('',(#3271),#3275);
#3271 = LINE('',#3272,#3273);
#3272 = CARTESIAN_POINT('',(0.407429668322,0.877452587216));
#3273 = VECTOR('',#3274,1.);
#3274 = DIRECTION('',(-1.,-4.914974540775E-34));
#3275 = ( GEOMETRIC_REPRESENTATION_CONTEXT(2) 
PARAMETRIC_REPRESENTATION_CONTEXT() REPRESENTATION_CONTEXT('2D SPACE',''
  ) );
#3276 = PCURVE('',#3277,#3282);
#3277 = PLANE('',#3278);
#3278 = AXIS2_PLACEMENT_3D('',#3279,#3280,#3281);
#3279 = CARTESIAN_POINT('',(-169.0445661932,68.279656757313,1.));
#3280 = DIRECTION('',(0.,0.,1.));
#3281 = DIRECTION('',(1.,0.,-0.));
#3282 = DEFINITIONAL_REPRESENTATION('',(#3283),#3286);
#3283 = B_SPLINE_CURVE_WITH_KNOTS('',1,(#3284,#3285),.UNSPECIFIED.,.F.,
  .F.,(2,2),(0.,0.569764511074),.PIECEWISE_BEZIER_KNOTS.);
#3284 = CARTESIAN_POINT('',(1.068568268427,4.25634635548));
#3285 = CARTESIAN_POINT('',(1.355906525263,3.764341960948));
#3286 = ( GEOMETRIC_REPRESENTATION_CONTEXT(2) 
PARAMETRIC_REPRESENTATION_CONTEXT() REPRESENTATION_CONTEXT('2D SPACE',''
  ) );
#3287 = ORIENTED_EDGE('',*,*,#3288,.T.);
#3288 = EDGE_CURVE('',#3262,#3206,#3289,.T.);
#3289 = SURFACE_CURVE('',#3290,(#3294,#3301),.PCURVE_S1.);
#3290 = LINE('',#3291,#3292);
#3291 = CARTESIAN_POINT('',(-167.6886596679,72.043998718262,1.));
#3292 = VECTOR('',#3293,1.);
#3293 = DIRECTION('',(0.,0.,-1.));
#3294 = PCURVE('',#3220,#3295);
#3295 = DEFINITIONAL_REPRESENTATION('',(#3296),#3300);
#3296 = LINE('',#3297,#3298);
#3297 = CARTESIAN_POINT('',(-0.162334842753,0.877452587216));
#3298 = VECTOR('',#3299,1.);
#3299 = DIRECTION('',(0.,-1.));
#3300 = ( GEOMETRIC_REPRESENTATION_CONTEXT(2) 
PARAMETRIC_REPRESENTATION_CONTEXT() REPRESENTATION_CONTEXT('2D SPACE',''
  ) );
#3301 = PCURVE('',#3302,#3307);
#3302 = PLANE('',#3303);
#3303 = AXIS2_PLACEMENT_3D('',#3304,#3305,#3306);
#3304 = CARTESIAN_POINT('',(-167.6193485945,71.888185379953,
    0.127162789519));
#3305 = DIRECTION('',(0.913679396789,0.406435677424,-1.824416105188E-17)
  );
#3306 = DIRECTION('',(-0.406435677424,0.913679396789,0.));
#3307 = DEFINITIONAL_REPRESENTATION('',(#3308),#3311);
#3308 = B_SPLINE_CURVE_WITH_KNOTS('',1,(#3309,#3310),.UNSPECIFIED.,.F.,
  .F.,(2,2),(0.,2.),.PIECEWISE_BEZIER_KNOTS.);
#3309 = CARTESIAN_POINT('',(0.170533930016,0.872837210481));
#3310 = CARTESIAN_POINT('',(0.170533930016,-1.127162789519));
#3311 = ( GEOMETRIC_REPRESENTATION_CONTEXT(2) 
PARAMETRIC_REPRESENTATION_CONTEXT() REPRESENTATION_CONTEXT('2D SPACE',''
  ) );
#3312 = ADVANCED_FACE('',(#3313),#2833,.T.);
#3313 = FACE_BOUND('',#3314,.T.);
#3314 = EDGE_LOOP('',(#3315,#3335,#3336));
#3315 = ORIENTED_EDGE('',*,*,#3316,.T.);
#3316 = EDGE_CURVE('',#2987,#602,#3317,.T.);
#3317 = SURFACE_CURVE('',#3318,(#3322,#3329),.PCURVE_S1.);
#3318 = LINE('',#3319,#3320);
#3319 = CARTESIAN_POINT('',(-168.3040008544,72.967002868652,-1.));
#3320 = VECTOR('',#3321,1.);
#3321 = DIRECTION('',(-0.891183532393,0.453642934025,0.));
#3322 = PCURVE('',#2833,#3323);
#3323 = DEFINITIONAL_REPRESENTATION('',(#3324),#3328);
#3324 = LINE('',#3325,#3326);
#3325 = CARTESIAN_POINT('',(-0.992452493701,-0.550103100584));
#3326 = VECTOR('',#3327,1.);
#3327 = DIRECTION('',(0.891183532393,0.453642934025));
#3328 = ( GEOMETRIC_REPRESENTATION_CONTEXT(2) 
PARAMETRIC_REPRESENTATION_CONTEXT() REPRESENTATION_CONTEXT('2D SPACE',''
  ) );
#3329 = PCURVE('',#3134,#3330);
#3330 = DEFINITIONAL_REPRESENTATION('',(#3331),#3334);
#3331 = B_SPLINE_CURVE_WITH_KNOTS('',1,(#3332,#3333),.UNSPECIFIED.,.F.,
  .F.,(2,2),(0.,2.277115003604),.PIECEWISE_BEZIER_KNOTS.);
#3332 = CARTESIAN_POINT('',(-0.819179003568,-0.338715370417));
#3333 = CARTESIAN_POINT('',(1.21014838901,0.694281760931));
#3334 = ( GEOMETRIC_REPRESENTATION_CONTEXT(2) 
PARAMETRIC_REPRESENTATION_CONTEXT() REPRESENTATION_CONTEXT('2D SPACE',''
  ) );
#3335 = ORIENTED_EDGE('',*,*,#2817,.F.);
#3336 = ORIENTED_EDGE('',*,*,#3013,.F.);
#3337 = ADVANCED_FACE('',(#3338),#3134,.T.);
#3338 = FACE_BOUND('',#3339,.T.);
#3339 = EDGE_LOOP('',(#3340,#3360,#3361));
#3340 = ORIENTED_EDGE('',*,*,#3341,.T.);
#3341 = EDGE_CURVE('',#3094,#602,#3342,.T.);
#3342 = SURFACE_CURVE('',#3343,(#3347,#3354),.PCURVE_S1.);
#3343 = LINE('',#3344,#3345);
#3344 = CARTESIAN_POINT('',(-167.9759979248,72.536003112793,-1.));
#3345 = VECTOR('',#3346,1.);
#3346 = DIRECTION('',(-0.849506709779,0.527577814204,0.));
#3347 = PCURVE('',#3134,#3348);
#3348 = DEFINITIONAL_REPRESENTATION('',(#3349),#3353);
#3349 = LINE('',#3350,#3351);
#3350 = CARTESIAN_POINT('',(-1.147181933256,-0.769715126276));
#3351 = VECTOR('',#3352,1.);
#3352 = DIRECTION('',(0.849506709779,0.527577814204));
#3353 = ( GEOMETRIC_REPRESENTATION_CONTEXT(2) 
PARAMETRIC_REPRESENTATION_CONTEXT() REPRESENTATION_CONTEXT('2D SPACE',''
  ) );
#3354 = PCURVE('',#3246,#3355);
#3355 = DEFINITIONAL_REPRESENTATION('',(#3356),#3359);
#3356 = B_SPLINE_CURVE_WITH_KNOTS('',1,(#3357,#3358),.UNSPECIFIED.,.F.,
  .F.,(2,2),(0.,2.774940203685),.PIECEWISE_BEZIER_KNOTS.);
#3357 = CARTESIAN_POINT('',(-0.993861927672,-0.526027915275));
#3358 = CARTESIAN_POINT('',(1.363468394594,0.937968971932));
#3359 = ( GEOMETRIC_REPRESENTATION_CONTEXT(2) 
PARAMETRIC_REPRESENTATION_CONTEXT() REPRESENTATION_CONTEXT('2D SPACE',''
  ) );
#3360 = ORIENTED_EDGE('',*,*,#3316,.F.);
#3361 = ORIENTED_EDGE('',*,*,#3120,.F.);
#3362 = ADVANCED_FACE('',(#3363),#3246,.T.);
#3363 = FACE_BOUND('',#3364,.T.);
#3364 = EDGE_LOOP('',(#3365,#3390,#3391));
#3365 = ORIENTED_EDGE('',*,*,#3366,.T.);
#3366 = EDGE_CURVE('',#3206,#602,#3367,.T.);
#3367 = SURFACE_CURVE('',#3368,(#3372,#3379),.PCURVE_S1.);
#3368 = LINE('',#3369,#3370);
#3369 = CARTESIAN_POINT('',(-167.6886596679,72.043998718262,-1.));
#3370 = VECTOR('',#3371,1.);
#3371 = DIRECTION('',(-0.803995008089,0.594636045802,0.));
#3372 = PCURVE('',#3246,#3373);
#3373 = DEFINITIONAL_REPRESENTATION('',(#3374),#3378);
#3374 = LINE('',#3375,#3376);
#3375 = CARTESIAN_POINT('',(-1.281200184508,-1.018032309806));
#3376 = VECTOR('',#3377,1.);
#3377 = DIRECTION('',(0.803995008089,0.594636045802));
#3378 = ( GEOMETRIC_REPRESENTATION_CONTEXT(2) 
PARAMETRIC_REPRESENTATION_CONTEXT() REPRESENTATION_CONTEXT('2D SPACE',''
  ) );
#3379 = PCURVE('',#3380,#3385);
#3380 = PLANE('',#3381);
#3381 = AXIS2_PLACEMENT_3D('',#3382,#3383,#3384);
#3382 = CARTESIAN_POINT('',(-168.8394631082,72.790555618556,-1.));
#3383 = DIRECTION('',(-0.,-0.,-1.));
#3384 = DIRECTION('',(-1.,0.,0.));
#3385 = DEFINITIONAL_REPRESENTATION('',(#3386),#3389);
#3386 = B_SPLINE_CURVE_WITH_KNOTS('',1,(#3387,#3388),.UNSPECIFIED.,.F.,
  .F.,(2,2),(0.,3.289409203406),.PIECEWISE_BEZIER_KNOTS.);
#3387 = CARTESIAN_POINT('',(-1.150803440268,-0.746556900295));
#3388 = CARTESIAN_POINT('',(1.493865138833,1.209444381444));
#3389 = ( GEOMETRIC_REPRESENTATION_CONTEXT(2) 
PARAMETRIC_REPRESENTATION_CONTEXT() REPRESENTATION_CONTEXT('2D SPACE',''
  ) );
#3390 = ORIENTED_EDGE('',*,*,#3341,.F.);
#3391 = ORIENTED_EDGE('',*,*,#3232,.F.);
#3392 = ADVANCED_FACE('',(#3393),#3302,.T.);
#3393 = FACE_BOUND('',#3394,.T.);
#3394 = EDGE_LOOP('',(#3395,#3396,#3423));
#3395 = ORIENTED_EDGE('',*,*,#3288,.F.);
#3396 = ORIENTED_EDGE('',*,*,#3397,.F.);
#3397 = EDGE_CURVE('',#3398,#3262,#3400,.T.);
#3398 = VERTEX_POINT('',#3399);
#3399 = CARTESIAN_POINT('',(-167.4466705322,71.5,1.));
#3400 = SURFACE_CURVE('',#3401,(#3405,#3411),.PCURVE_S1.);
#3401 = LINE('',#3402,#3403);
#3402 = CARTESIAN_POINT('',(-167.4466705322,71.5,1.));
#3403 = VECTOR('',#3404,1.);
#3404 = DIRECTION('',(-0.406435677424,0.913679396789,0.));
#3405 = PCURVE('',#3302,#3406);
#3406 = DEFINITIONAL_REPRESENTATION('',(#3407),#3410);
#3407 = B_SPLINE_CURVE_WITH_KNOTS('',1,(#3408,#3409),.UNSPECIFIED.,.F.,
  .F.,(2,2),(0.,0.59539343907),.PIECEWISE_BEZIER_KNOTS.);
#3408 = CARTESIAN_POINT('',(-0.424859509054,0.872837210481));
#3409 = CARTESIAN_POINT('',(0.170533930016,0.872837210481));
#3410 = ( GEOMETRIC_REPRESENTATION_CONTEXT(2) 
PARAMETRIC_REPRESENTATION_CONTEXT() REPRESENTATION_CONTEXT('2D SPACE',''
  ) );
#3411 = PCURVE('',#3412,#3417);
#3412 = PLANE('',#3413);
#3413 = AXIS2_PLACEMENT_3D('',#3414,#3415,#3416);
#3414 = CARTESIAN_POINT('',(-168.9038726801,68.024738970425,1.));
#3415 = DIRECTION('',(0.,0.,1.));
#3416 = DIRECTION('',(1.,0.,-0.));
#3417 = DEFINITIONAL_REPRESENTATION('',(#3418),#3422);
#3418 = LINE('',#3419,#3420);
#3419 = CARTESIAN_POINT('',(1.457202147891,3.475261029575));
#3420 = VECTOR('',#3421,1.);
#3421 = DIRECTION('',(-0.406435677424,0.913679396789));
#3422 = ( GEOMETRIC_REPRESENTATION_CONTEXT(2) 
PARAMETRIC_REPRESENTATION_CONTEXT() REPRESENTATION_CONTEXT('2D SPACE',''
  ) );
#3423 = ORIENTED_EDGE('',*,*,#3424,.F.);
#3424 = EDGE_CURVE('',#3206,#3398,#3425,.T.);
#3425 = SURFACE_CURVE('',#3426,(#3430,#3436),.PCURVE_S1.);
#3426 = LINE('',#3427,#3428);
#3427 = CARTESIAN_POINT('',(-167.6886596679,72.043998718262,-1.));
#3428 = VECTOR('',#3429,1.);
#3429 = DIRECTION('',(0.115965032168,-0.260692814449,0.958431723081));
#3430 = PCURVE('',#3302,#3431);
#3431 = DEFINITIONAL_REPRESENTATION('',(#3432),#3435);
#3432 = B_SPLINE_CURVE_WITH_KNOTS('',1,(#3433,#3434),.UNSPECIFIED.,.F.,
  .F.,(2,2),(0.,2.086742280994),.PIECEWISE_BEZIER_KNOTS.);
#3433 = CARTESIAN_POINT('',(0.170533930016,-1.127162789519));
#3434 = CARTESIAN_POINT('',(-0.424859509054,0.872837210481));
#3435 = ( GEOMETRIC_REPRESENTATION_CONTEXT(2) 
PARAMETRIC_REPRESENTATION_CONTEXT() REPRESENTATION_CONTEXT('2D SPACE',''
  ) );
#3436 = PCURVE('',#3437,#3442);
#3437 = PLANE('',#3438);
#3438 = AXIS2_PLACEMENT_3D('',#3439,#3440,#3441);
#3439 = CARTESIAN_POINT('',(-167.5159816055,71.655813338309,
    -0.127162789519));
#3440 = DIRECTION('',(0.913679396789,0.406435677424,0.));
#3441 = DIRECTION('',(-0.406435677424,0.913679396789,0.));
#3442 = DEFINITIONAL_REPRESENTATION('',(#3443),#3447);
#3443 = LINE('',#3444,#3445);
#3444 = CARTESIAN_POINT('',(0.424859509054,-0.872837210481));
#3445 = VECTOR('',#3446,1.);
#3446 = DIRECTION('',(-0.28532197986,0.958431723081));
#3447 = ( GEOMETRIC_REPRESENTATION_CONTEXT(2) 
PARAMETRIC_REPRESENTATION_CONTEXT() REPRESENTATION_CONTEXT('2D SPACE',''
  ) );
#3448 = ADVANCED_FACE('',(#3449),#3461,.T.);
#3449 = FACE_BOUND('',#3450,.T.);
#3450 = EDGE_LOOP('',(#3451,#3483,#3510));
#3451 = ORIENTED_EDGE('',*,*,#3452,.T.);
#3452 = EDGE_CURVE('',#3453,#2594,#3455,.T.);
#3453 = VERTEX_POINT('',#3454);
#3454 = CARTESIAN_POINT('',(-167.0286712646,68.34700012207,1.));
#3455 = SURFACE_CURVE('',#3456,(#3460,#3472),.PCURVE_S1.);
#3456 = LINE('',#3457,#3458);
#3457 = CARTESIAN_POINT('',(-167.0286712646,68.34700012207,1.));
#3458 = VECTOR('',#3459,1.);
#3459 = DIRECTION('',(-0.605192019171,-0.79607953116,0.));
#3460 = PCURVE('',#3461,#3466);
#3461 = PLANE('',#3462);
#3462 = AXIS2_PLACEMENT_3D('',#3463,#3464,#3465);
#3463 = CARTESIAN_POINT('',(-168.6053714277,66.139424407207,1.));
#3464 = DIRECTION('',(0.,0.,1.));
#3465 = DIRECTION('',(1.,0.,-0.));
#3466 = DEFINITIONAL_REPRESENTATION('',(#3467),#3471);
#3467 = LINE('',#3468,#3469);
#3468 = CARTESIAN_POINT('',(1.576700163086,2.207575714863));
#3469 = VECTOR('',#3470,1.);
#3470 = DIRECTION('',(-0.605192019171,-0.79607953116));
#3471 = ( GEOMETRIC_REPRESENTATION_CONTEXT(2) 
PARAMETRIC_REPRESENTATION_CONTEXT() REPRESENTATION_CONTEXT('2D SPACE',''
  ) );
#3472 = PCURVE('',#3473,#3478);
#3473 = PLANE('',#3474);
#3474 = AXIS2_PLACEMENT_3D('',#3475,#3476,#3477);
#3475 = CARTESIAN_POINT('',(-168.5840362343,66.470124404481,1.));
#3476 = DIRECTION('',(0.,0.,1.));
#3477 = DIRECTION('',(1.,0.,-0.));
#3478 = DEFINITIONAL_REPRESENTATION('',(#3479),#3482);
#3479 = B_SPLINE_CURVE_WITH_KNOTS('',1,(#3480,#3481),.UNSPECIFIED.,.F.,
  .F.,(2,2),(0.,5.460509850989),.PIECEWISE_BEZIER_KNOTS.);
#3480 = CARTESIAN_POINT('',(1.555364969732,1.876875717589));
#3481 = CARTESIAN_POINT('',(-1.74929201269,-2.470124404481));
#3482 = ( GEOMETRIC_REPRESENTATION_CONTEXT(2) 
PARAMETRIC_REPRESENTATION_CONTEXT() REPRESENTATION_CONTEXT('2D SPACE',''
  ) );
#3483 = ORIENTED_EDGE('',*,*,#3484,.T.);
#3484 = EDGE_CURVE('',#2594,#3485,#3487,.T.);
#3485 = VERTEX_POINT('',#3486);
#3486 = CARTESIAN_POINT('',(-167.1133270263,67.706001281738,1.));
#3487 = SURFACE_CURVE('',#3488,(#3492,#3499),.PCURVE_S1.);
#3488 = LINE('',#3489,#3490);
#3489 = CARTESIAN_POINT('',(-170.333328247,64.,1.));
#3490 = VECTOR('',#3491,1.);
#3491 = DIRECTION('',(0.655876102209,0.754868557135,0.));
#3492 = PCURVE('',#3461,#3493);
#3493 = DEFINITIONAL_REPRESENTATION('',(#3494),#3498);
#3494 = LINE('',#3495,#3496);
#3495 = CARTESIAN_POINT('',(-1.727956819336,-2.139424407207));
#3496 = VECTOR('',#3497,1.);
#3497 = DIRECTION('',(0.655876102209,0.754868557135));
#3498 = ( GEOMETRIC_REPRESENTATION_CONTEXT(2) 
PARAMETRIC_REPRESENTATION_CONTEXT() REPRESENTATION_CONTEXT('2D SPACE',''
  ) );
#3499 = PCURVE('',#3500,#3505);
#3500 = PLANE('',#3501);
#3501 = AXIS2_PLACEMENT_3D('',#3502,#3503,#3504);
#3502 = CARTESIAN_POINT('',(-168.6556132441,65.815672710947,1.));
#3503 = DIRECTION('',(0.,0.,1.));
#3504 = DIRECTION('',(1.,0.,-0.));
#3505 = DEFINITIONAL_REPRESENTATION('',(#3506),#3509);
#3506 = B_SPLINE_CURVE_WITH_KNOTS('',1,(#3507,#3508),.UNSPECIFIED.,.F.,
  .F.,(2,2),(0.,4.909465690029),.PIECEWISE_BEZIER_KNOTS.);
#3507 = CARTESIAN_POINT('',(-1.677715002896,-1.815672710947));
#3508 = CARTESIAN_POINT('',(1.542286217807,1.890328570791));
#3509 = ( GEOMETRIC_REPRESENTATION_CONTEXT(2) 
PARAMETRIC_REPRESENTATION_CONTEXT() REPRESENTATION_CONTEXT('2D SPACE',''
  ) );
#3510 = ORIENTED_EDGE('',*,*,#3511,.T.);
#3511 = EDGE_CURVE('',#3485,#3453,#3512,.T.);
#3512 = SURFACE_CURVE('',#3513,(#3517,#3524),.PCURVE_S1.);
#3513 = LINE('',#3514,#3515);
#3514 = CARTESIAN_POINT('',(-167.1133270263,67.706001281738,1.));
#3515 = VECTOR('',#3516,1.);
#3516 = DIRECTION('',(0.130931585759,0.99139140598,0.));
#3517 = PCURVE('',#3461,#3518);
#3518 = DEFINITIONAL_REPRESENTATION('',(#3519),#3523);
#3519 = LINE('',#3520,#3521);
#3520 = CARTESIAN_POINT('',(1.492044401367,1.566576874531));
#3521 = VECTOR('',#3522,1.);
#3522 = DIRECTION('',(0.130931585759,0.99139140598));
#3523 = ( GEOMETRIC_REPRESENTATION_CONTEXT(2) 
PARAMETRIC_REPRESENTATION_CONTEXT() REPRESENTATION_CONTEXT('2D SPACE',''
  ) );
#3524 = PCURVE('',#3525,#3530);
#3525 = PLANE('',#3526);
#3526 = AXIS2_PLACEMENT_3D('',#3527,#3528,#3529);
#3527 = CARTESIAN_POINT('',(-167.0888271171,67.89151037283,
    0.136162496729));
#3528 = DIRECTION('',(0.99139140598,-0.130931585759,-4.533275752004E-18)
  );
#3529 = DIRECTION('',(0.130931585759,0.99139140598,9.629649721936E-35));
#3530 = DEFINITIONAL_REPRESENTATION('',(#3531),#3534);
#3531 = B_SPLINE_CURVE_WITH_KNOTS('',1,(#3532,#3533),.UNSPECIFIED.,.F.,
  .F.,(2,2),(0.,0.646564854674),.PIECEWISE_BEZIER_KNOTS.);
#3532 = CARTESIAN_POINT('',(-0.187119930608,0.863837503271));
#3533 = CARTESIAN_POINT('',(0.459444924066,0.863837503271));
#3534 = ( GEOMETRIC_REPRESENTATION_CONTEXT(2) 
PARAMETRIC_REPRESENTATION_CONTEXT() REPRESENTATION_CONTEXT('2D SPACE',''
  ) );
#3535 = ADVANCED_FACE('',(#3536),#3473,.T.);
#3536 = FACE_BOUND('',#3537,.T.);
#3537 = EDGE_LOOP('',(#3538,#3565,#3566));
#3538 = ORIENTED_EDGE('',*,*,#3539,.T.);
#3539 = EDGE_CURVE('',#3540,#2594,#3542,.T.);
#3540 = VERTEX_POINT('',#3541);
#3541 = CARTESIAN_POINT('',(-167.,69.,1.));
#3542 = SURFACE_CURVE('',#3543,(#3547,#3554),.PCURVE_S1.);
#3543 = LINE('',#3544,#3545);
#3544 = CARTESIAN_POINT('',(-167.,69.,1.));
#3545 = VECTOR('',#3546,1.);
#3546 = DIRECTION('',(-0.554699610252,-0.832050684986,0.));
#3547 = PCURVE('',#3473,#3548);
#3548 = DEFINITIONAL_REPRESENTATION('',(#3549),#3553);
#3549 = LINE('',#3550,#3551);
#3550 = CARTESIAN_POINT('',(1.58403623438,2.529875595519));
#3551 = VECTOR('',#3552,1.);
#3552 = DIRECTION('',(-0.554699610252,-0.832050684986));
#3553 = ( GEOMETRIC_REPRESENTATION_CONTEXT(2) 
PARAMETRIC_REPRESENTATION_CONTEXT() REPRESENTATION_CONTEXT('2D SPACE',''
  ) );
#3554 = PCURVE('',#3555,#3560);
#3555 = PLANE('',#3556);
#3556 = AXIS2_PLACEMENT_3D('',#3557,#3558,#3559);
#3557 = CARTESIAN_POINT('',(-168.592018499,66.801676050127,1.));
#3558 = DIRECTION('',(0.,0.,1.));
#3559 = DIRECTION('',(1.,0.,-0.));
#3560 = DEFINITIONAL_REPRESENTATION('',(#3561),#3564);
#3561 = B_SPLINE_CURVE_WITH_KNOTS('',1,(#3562,#3563),.UNSPECIFIED.,.F.,
  .F.,(2,2),(0.,6.009249304424),.PIECEWISE_BEZIER_KNOTS.);
#3562 = CARTESIAN_POINT('',(1.592018499045,2.198323949873));
#3563 = CARTESIAN_POINT('',(-1.741309748026,-2.801676050127));
#3564 = ( GEOMETRIC_REPRESENTATION_CONTEXT(2) 
PARAMETRIC_REPRESENTATION_CONTEXT() REPRESENTATION_CONTEXT('2D SPACE',''
  ) );
#3565 = ORIENTED_EDGE('',*,*,#3452,.F.);
#3566 = ORIENTED_EDGE('',*,*,#3567,.T.);
#3567 = EDGE_CURVE('',#3453,#3540,#3568,.T.);
#3568 = SURFACE_CURVE('',#3569,(#3573,#3580),.PCURVE_S1.);
#3569 = LINE('',#3570,#3571);
#3570 = CARTESIAN_POINT('',(-167.0286712646,68.34700012207,1.));
#3571 = VECTOR('',#3572,1.);
#3572 = DIRECTION('',(4.386473708171E-02,0.999037479197,0.));
#3573 = PCURVE('',#3473,#3574);
#3574 = DEFINITIONAL_REPRESENTATION('',(#3575),#3579);
#3575 = LINE('',#3576,#3577);
#3576 = CARTESIAN_POINT('',(1.555364969732,1.876875717589));
#3577 = VECTOR('',#3578,1.);
#3578 = DIRECTION('',(4.386473708171E-02,0.999037479197));
#3579 = ( GEOMETRIC_REPRESENTATION_CONTEXT(2) 
PARAMETRIC_REPRESENTATION_CONTEXT() REPRESENTATION_CONTEXT('2D SPACE',''
  ) );
#3580 = PCURVE('',#3581,#3586);
#3581 = PLANE('',#3582);
#3582 = AXIS2_PLACEMENT_3D('',#3583,#3584,#3585);
#3583 = CARTESIAN_POINT('',(-167.0083093804,68.810750431953,
    0.137382604532));
#3584 = DIRECTION('',(0.999037479197,-4.386473708171E-02,
    1.375860285695E-18));
#3585 = DIRECTION('',(4.386473708171E-02,0.999037479197,0.));
#3586 = DEFINITIONAL_REPRESENTATION('',(#3587),#3590);
#3587 = B_SPLINE_CURVE_WITH_KNOTS('',1,(#3588,#3589),.UNSPECIFIED.,.F.,
  .F.,(2,2),(0.,0.653629009449),.PIECEWISE_BEZIER_KNOTS.);
#3588 = CARTESIAN_POINT('',(-0.464197109257,0.862617395468));
#3589 = CARTESIAN_POINT('',(0.189431900192,0.862617395468));
#3590 = ( GEOMETRIC_REPRESENTATION_CONTEXT(2) 
PARAMETRIC_REPRESENTATION_CONTEXT() REPRESENTATION_CONTEXT('2D SPACE',''
  ) );
#3591 = ADVANCED_FACE('',(#3592),#3555,.T.);
#3592 = FACE_BOUND('',#3593,.T.);
#3593 = EDGE_LOOP('',(#3594,#3621,#3622));
#3594 = ORIENTED_EDGE('',*,*,#3595,.T.);
#3595 = EDGE_CURVE('',#3596,#2594,#3598,.T.);
#3596 = VERTEX_POINT('',#3597);
#3597 = CARTESIAN_POINT('',(-167.0286712646,69.65299987793,1.));
#3598 = SURFACE_CURVE('',#3599,(#3603,#3610),.PCURVE_S1.);
#3599 = LINE('',#3600,#3601);
#3600 = CARTESIAN_POINT('',(-167.0286712646,69.65299987793,1.));
#3601 = VECTOR('',#3602,1.);
#3602 = DIRECTION('',(-0.504676815424,-0.863308352776,0.));
#3603 = PCURVE('',#3555,#3604);
#3604 = DEFINITIONAL_REPRESENTATION('',(#3605),#3609);
#3605 = LINE('',#3606,#3607);
#3606 = CARTESIAN_POINT('',(1.563347234396,2.851323827802));
#3607 = VECTOR('',#3608,1.);
#3608 = DIRECTION('',(-0.504676815424,-0.863308352776));
#3609 = ( GEOMETRIC_REPRESENTATION_CONTEXT(2) 
PARAMETRIC_REPRESENTATION_CONTEXT() REPRESENTATION_CONTEXT('2D SPACE',''
  ) );
#3610 = PCURVE('',#3611,#3616);
#3611 = PLANE('',#3612);
#3612 = AXIS2_PLACEMENT_3D('',#3613,#3614,#3615);
#3613 = CARTESIAN_POINT('',(-168.6290022288,67.127991608107,1.));
#3614 = DIRECTION('',(0.,0.,1.));
#3615 = DIRECTION('',(1.,0.,-0.));
#3616 = DEFINITIONAL_REPRESENTATION('',(#3617),#3620);
#3617 = B_SPLINE_CURVE_WITH_KNOTS('',1,(#3618,#3619),.UNSPECIFIED.,.F.,
  .F.,(2,2),(0.,6.548065774818),.PIECEWISE_BEZIER_KNOTS.);
#3618 = CARTESIAN_POINT('',(1.60033096417,2.525008269823));
#3619 = CARTESIAN_POINT('',(-1.704326018252,-3.127991608107));
#3620 = ( GEOMETRIC_REPRESENTATION_CONTEXT(2) 
PARAMETRIC_REPRESENTATION_CONTEXT() REPRESENTATION_CONTEXT('2D SPACE',''
  ) );
#3621 = ORIENTED_EDGE('',*,*,#3539,.F.);
#3622 = ORIENTED_EDGE('',*,*,#3623,.T.);
#3623 = EDGE_CURVE('',#3540,#3596,#3624,.T.);
#3624 = SURFACE_CURVE('',#3625,(#3629,#3636),.PCURVE_S1.);
#3625 = LINE('',#3626,#3627);
#3626 = CARTESIAN_POINT('',(-167.,69.,1.));
#3627 = VECTOR('',#3628,1.);
#3628 = DIRECTION('',(-4.386473708171E-02,0.999037479197,0.));
#3629 = PCURVE('',#3555,#3630);
#3630 = DEFINITIONAL_REPRESENTATION('',(#3631),#3635);
#3631 = LINE('',#3632,#3633);
#3632 = CARTESIAN_POINT('',(1.592018499045,2.198323949873));
#3633 = VECTOR('',#3634,1.);
#3634 = DIRECTION('',(-4.386473708171E-02,0.999037479197));
#3635 = ( GEOMETRIC_REPRESENTATION_CONTEXT(2) 
PARAMETRIC_REPRESENTATION_CONTEXT() REPRESENTATION_CONTEXT('2D SPACE',''
  ) );
#3636 = PCURVE('',#3637,#3642);
#3637 = PLANE('',#3638);
#3638 = AXIS2_PLACEMENT_3D('',#3639,#3640,#3641);
#3639 = CARTESIAN_POINT('',(-167.0083093804,69.189249568047,
    0.137382604532));
#3640 = DIRECTION('',(0.999037479197,4.386473708171E-02,
    -3.502999860208E-18));
#3641 = DIRECTION('',(-4.386473708171E-02,0.999037479197,0.));
#3642 = DEFINITIONAL_REPRESENTATION('',(#3643),#3646);
#3643 = B_SPLINE_CURVE_WITH_KNOTS('',1,(#3644,#3645),.UNSPECIFIED.,.F.,
  .F.,(2,2),(0.,0.653629009449),.PIECEWISE_BEZIER_KNOTS.);
#3644 = CARTESIAN_POINT('',(-0.189431900192,0.862617395468));
#3645 = CARTESIAN_POINT('',(0.464197109257,0.862617395468));
#3646 = ( GEOMETRIC_REPRESENTATION_CONTEXT(2) 
PARAMETRIC_REPRESENTATION_CONTEXT() REPRESENTATION_CONTEXT('2D SPACE',''
  ) );
#3647 = ADVANCED_FACE('',(#3648),#3611,.T.);
#3648 = FACE_BOUND('',#3649,.T.);
#3649 = EDGE_LOOP('',(#3650,#3677,#3678));
#3650 = ORIENTED_EDGE('',*,*,#3651,.T.);
#3651 = EDGE_CURVE('',#3652,#2594,#3654,.T.);
#3652 = VERTEX_POINT('',#3653);
#3653 = CARTESIAN_POINT('',(-167.1133270263,70.293998718262,1.));
#3654 = SURFACE_CURVE('',#3655,(#3659,#3666),.PCURVE_S1.);
#3655 = LINE('',#3656,#3657);
#3656 = CARTESIAN_POINT('',(-167.1133270263,70.293998718262,1.));
#3657 = VECTOR('',#3658,1.);
#3658 = DIRECTION('',(-0.455455158438,-0.890258725681,0.));
#3659 = PCURVE('',#3611,#3660);
#3660 = DEFINITIONAL_REPRESENTATION('',(#3661),#3665);
#3661 = LINE('',#3662,#3663);
#3662 = CARTESIAN_POINT('',(1.515675202451,3.166007110155));
#3663 = VECTOR('',#3664,1.);
#3664 = DIRECTION('',(-0.455455158438,-0.890258725681));
#3665 = ( GEOMETRIC_REPRESENTATION_CONTEXT(2) 
PARAMETRIC_REPRESENTATION_CONTEXT() REPRESENTATION_CONTEXT('2D SPACE',''
  ) );
#3666 = PCURVE('',#3667,#3672);
#3667 = PLANE('',#3668);
#3668 = AXIS2_PLACEMENT_3D('',#3669,#3670,#3671);
#3669 = CARTESIAN_POINT('',(-168.6941854645,67.44403019479,1.));
#3670 = DIRECTION('',(0.,0.,1.));
#3671 = DIRECTION('',(1.,0.,-0.));
#3672 = DEFINITIONAL_REPRESENTATION('',(#3673),#3676);
#3673 = B_SPLINE_CURVE_WITH_KNOTS('',1,(#3674,#3675),.UNSPECIFIED.,.F.,
  .F.,(2,2),(0.,7.069853444507),.PIECEWISE_BEZIER_KNOTS.);
#3674 = CARTESIAN_POINT('',(1.580858438134,2.849968523472));
#3675 = CARTESIAN_POINT('',(-1.639142782569,-3.44403019479));
#3676 = ( GEOMETRIC_REPRESENTATION_CONTEXT(2) 
PARAMETRIC_REPRESENTATION_CONTEXT() REPRESENTATION_CONTEXT('2D SPACE',''
  ) );
#3677 = ORIENTED_EDGE('',*,*,#3595,.F.);
#3678 = ORIENTED_EDGE('',*,*,#3679,.T.);
#3679 = EDGE_CURVE('',#3596,#3652,#3680,.T.);
#3680 = SURFACE_CURVE('',#3681,(#3685,#3692),.PCURVE_S1.);
#3681 = LINE('',#3682,#3683);
#3682 = CARTESIAN_POINT('',(-167.0286712646,69.65299987793,1.));
#3683 = VECTOR('',#3684,1.);
#3684 = DIRECTION('',(-0.130931585759,0.99139140598,0.));
#3685 = PCURVE('',#3611,#3686);
#3686 = DEFINITIONAL_REPRESENTATION('',(#3687),#3691);
#3687 = LINE('',#3688,#3689);
#3688 = CARTESIAN_POINT('',(1.60033096417,2.525008269823));
#3689 = VECTOR('',#3690,1.);
#3690 = DIRECTION('',(-0.130931585759,0.99139140598));
#3691 = ( GEOMETRIC_REPRESENTATION_CONTEXT(2) 
PARAMETRIC_REPRESENTATION_CONTEXT() REPRESENTATION_CONTEXT('2D SPACE',''
  ) );
#3692 = PCURVE('',#3693,#3698);
#3693 = PLANE('',#3694);
#3694 = AXIS2_PLACEMENT_3D('',#3695,#3696,#3697);
#3695 = CARTESIAN_POINT('',(-167.0531711738,69.838508969022,
    0.136162496729));
#3696 = DIRECTION('',(0.99139140598,0.130931585759,4.533275752004E-18));
#3697 = DIRECTION('',(-0.130931585759,0.99139140598,9.629649721936E-35)
  );
#3698 = DEFINITIONAL_REPRESENTATION('',(#3699),#3702);
#3699 = B_SPLINE_CURVE_WITH_KNOTS('',1,(#3700,#3701),.UNSPECIFIED.,.F.,
  .F.,(2,2),(0.,0.646564854674),.PIECEWISE_BEZIER_KNOTS.);
#3700 = CARTESIAN_POINT('',(-0.187119930608,0.863837503271));
#3701 = CARTESIAN_POINT('',(0.459444924066,0.863837503271));
#3702 = ( GEOMETRIC_REPRESENTATION_CONTEXT(2) 
PARAMETRIC_REPRESENTATION_CONTEXT() REPRESENTATION_CONTEXT('2D SPACE',''
  ) );
#3703 = ADVANCED_FACE('',(#3704),#3667,.T.);
#3704 = FACE_BOUND('',#3705,.T.);
#3705 = EDGE_LOOP('',(#3706,#3733,#3734));
#3706 = ORIENTED_EDGE('',*,*,#3707,.T.);
#3707 = EDGE_CURVE('',#3708,#2594,#3710,.T.);
#3708 = VERTEX_POINT('',#3709);
#3709 = CARTESIAN_POINT('',(-167.2539978027,70.91300201416,1.));
#3710 = SURFACE_CURVE('',#3711,(#3715,#3722),.PCURVE_S1.);
#3711 = LINE('',#3712,#3713);
#3712 = CARTESIAN_POINT('',(-167.2539978027,70.91300201416,1.));
#3713 = VECTOR('',#3714,1.);
#3714 = DIRECTION('',(-0.406898044964,-0.913473579806,0.));
#3715 = PCURVE('',#3667,#3716);
#3716 = DEFINITIONAL_REPRESENTATION('',(#3717),#3721);
#3717 = LINE('',#3718,#3719);
#3718 = CARTESIAN_POINT('',(1.440187661767,3.46897181937));
#3719 = VECTOR('',#3720,1.);
#3720 = DIRECTION('',(-0.406898044964,-0.913473579806));
#3721 = ( GEOMETRIC_REPRESENTATION_CONTEXT(2) 
PARAMETRIC_REPRESENTATION_CONTEXT() REPRESENTATION_CONTEXT('2D SPACE',''
  ) );
#3722 = PCURVE('',#3723,#3728);
#3723 = PLANE('',#3724);
#3724 = AXIS2_PLACEMENT_3D('',#3725,#3726,#3727);
#3725 = CARTESIAN_POINT('',(-168.7864190661,67.74471793341,1.));
#3726 = DIRECTION('',(0.,0.,1.));
#3727 = DIRECTION('',(1.,0.,-0.));
#3728 = DEFINITIONAL_REPRESENTATION('',(#3729),#3732);
#3729 = B_SPLINE_CURVE_WITH_KNOTS('',1,(#3730,#3731),.UNSPECIFIED.,.F.,
  .F.,(2,2),(0.,7.567818234683),.PIECEWISE_BEZIER_KNOTS.);
#3730 = CARTESIAN_POINT('',(1.532421263445,3.168284080751));
#3731 = CARTESIAN_POINT('',(-1.546909180891,-3.74471793341));
#3732 = ( GEOMETRIC_REPRESENTATION_CONTEXT(2) 
PARAMETRIC_REPRESENTATION_CONTEXT() REPRESENTATION_CONTEXT('2D SPACE',''
  ) );
#3733 = ORIENTED_EDGE('',*,*,#3651,.F.);
#3734 = ORIENTED_EDGE('',*,*,#3735,.T.);
#3735 = EDGE_CURVE('',#3652,#3708,#3736,.T.);
#3736 = SURFACE_CURVE('',#3737,(#3741,#3748),.PCURVE_S1.);
#3737 = LINE('',#3738,#3739);
#3738 = CARTESIAN_POINT('',(-167.1133270263,70.293998718262,1.));
#3739 = VECTOR('',#3740,1.);
#3740 = DIRECTION('',(-0.221603441283,0.975136869784,0.));
#3741 = PCURVE('',#3667,#3742);
#3742 = DEFINITIONAL_REPRESENTATION('',(#3743),#3747);
#3743 = LINE('',#3744,#3745);
#3744 = CARTESIAN_POINT('',(1.580858438134,2.849968523472));
#3745 = VECTOR('',#3746,1.);
#3746 = DIRECTION('',(-0.221603441283,0.975136869784));
#3747 = ( GEOMETRIC_REPRESENTATION_CONTEXT(2) 
PARAMETRIC_REPRESENTATION_CONTEXT() REPRESENTATION_CONTEXT('2D SPACE',''
  ) );
#3748 = PCURVE('',#3749,#3754);
#3749 = PLANE('',#3750);
#3750 = AXIS2_PLACEMENT_3D('',#3751,#3752,#3753);
#3751 = CARTESIAN_POINT('',(-167.1539418191,70.47271878555,
    0.134116127401));
#3752 = DIRECTION('',(0.975136869784,0.221603441283,0.));
#3753 = DIRECTION('',(-0.221603441283,0.975136869784,0.));
#3754 = DEFINITIONAL_REPRESENTATION('',(#3755),#3758);
#3755 = B_SPLINE_CURVE_WITH_KNOTS('',1,(#3756,#3757),.UNSPECIFIED.,.F.,
  .F.,(2,2),(0.,0.634786064479),.PIECEWISE_BEZIER_KNOTS.);
#3756 = CARTESIAN_POINT('',(-0.183276904839,0.865883872599));
#3757 = CARTESIAN_POINT('',(0.45150915964,0.865883872599));
#3758 = ( GEOMETRIC_REPRESENTATION_CONTEXT(2) 
PARAMETRIC_REPRESENTATION_CONTEXT() REPRESENTATION_CONTEXT('2D SPACE',''
  ) );
#3759 = ADVANCED_FACE('',(#3760),#3723,.T.);
#3760 = FACE_BOUND('',#3761,.T.);
#3761 = EDGE_LOOP('',(#3762,#3782,#3783));
#3762 = ORIENTED_EDGE('',*,*,#3763,.T.);
#3763 = EDGE_CURVE('',#3398,#2594,#3764,.T.);
#3764 = SURFACE_CURVE('',#3765,(#3769,#3776),.PCURVE_S1.);
#3765 = LINE('',#3766,#3767);
#3766 = CARTESIAN_POINT('',(-167.4466705322,71.5,1.));
#3767 = VECTOR('',#3768,1.);
#3768 = DIRECTION('',(-0.359200456421,-0.933260431019,0.));
#3769 = PCURVE('',#3723,#3770);
#3770 = DEFINITIONAL_REPRESENTATION('',(#3771),#3775);
#3771 = LINE('',#3772,#3773);
#3772 = CARTESIAN_POINT('',(1.339748533953,3.75528206659));
#3773 = VECTOR('',#3774,1.);
#3774 = DIRECTION('',(-0.359200456421,-0.933260431019));
#3775 = ( GEOMETRIC_REPRESENTATION_CONTEXT(2) 
PARAMETRIC_REPRESENTATION_CONTEXT() REPRESENTATION_CONTEXT('2D SPACE',''
  ) );
#3776 = PCURVE('',#3412,#3777);
#3777 = DEFINITIONAL_REPRESENTATION('',(#3778),#3781);
#3778 = B_SPLINE_CURVE_WITH_KNOTS('',1,(#3779,#3780),.UNSPECIFIED.,.F.,
  .F.,(2,2),(0.,8.03634200135),.PIECEWISE_BEZIER_KNOTS.);
#3779 = CARTESIAN_POINT('',(1.457202147891,3.475261029575));
#3780 = CARTESIAN_POINT('',(-1.429455566953,-4.024738970425));
#3781 = ( GEOMETRIC_REPRESENTATION_CONTEXT(2) 
PARAMETRIC_REPRESENTATION_CONTEXT() REPRESENTATION_CONTEXT('2D SPACE',''
  ) );
#3782 = ORIENTED_EDGE('',*,*,#3707,.F.);
#3783 = ORIENTED_EDGE('',*,*,#3784,.T.);
#3784 = EDGE_CURVE('',#3708,#3398,#3785,.T.);
#3785 = SURFACE_CURVE('',#3786,(#3790,#3797),.PCURVE_S1.);
#3786 = LINE('',#3787,#3788);
#3787 = CARTESIAN_POINT('',(-167.2539978027,70.91300201416,1.));
#3788 = VECTOR('',#3789,1.);
#3789 = DIRECTION('',(-0.311863961368,0.950126765016,0.));
#3790 = PCURVE('',#3723,#3791);
#3791 = DEFINITIONAL_REPRESENTATION('',(#3792),#3796);
#3792 = LINE('',#3793,#3794);
#3793 = CARTESIAN_POINT('',(1.532421263445,3.168284080751));
#3794 = VECTOR('',#3795,1.);
#3795 = DIRECTION('',(-0.311863961368,0.950126765016));
#3796 = ( GEOMETRIC_REPRESENTATION_CONTEXT(2) 
PARAMETRIC_REPRESENTATION_CONTEXT() REPRESENTATION_CONTEXT('2D SPACE',''
  ) );
#3797 = PCURVE('',#3798,#3803);
#3798 = PLANE('',#3799);
#3799 = AXIS2_PLACEMENT_3D('',#3800,#3801,#3802);
#3800 = CARTESIAN_POINT('',(-167.3094361992,71.081900992096,
    0.131140411545));
#3801 = DIRECTION('',(0.950126765016,0.311863961368,-2.729085039304E-17)
  );
#3802 = DIRECTION('',(-0.311863961368,0.950126765016,0.));
#3803 = DEFINITIONAL_REPRESENTATION('',(#3804),#3807);
#3804 = B_SPLINE_CURVE_WITH_KNOTS('',1,(#3805,#3806),.UNSPECIFIED.,.F.,
  .F.,(2,2),(0.,0.617810178024),.PIECEWISE_BEZIER_KNOTS.);
#3805 = CARTESIAN_POINT('',(-0.177764677467,0.868859588455));
#3806 = CARTESIAN_POINT('',(0.440045500557,0.868859588455));
#3807 = ( GEOMETRIC_REPRESENTATION_CONTEXT(2) 
PARAMETRIC_REPRESENTATION_CONTEXT() REPRESENTATION_CONTEXT('2D SPACE',''
  ) );
#3808 = ADVANCED_FACE('',(#3809),#3412,.T.);
#3809 = FACE_BOUND('',#3810,.T.);
#3810 = EDGE_LOOP('',(#3811,#3831,#3832));
#3811 = ORIENTED_EDGE('',*,*,#3812,.T.);
#3812 = EDGE_CURVE('',#3262,#2594,#3813,.T.);
#3813 = SURFACE_CURVE('',#3814,(#3818,#3825),.PCURVE_S1.);
#3814 = LINE('',#3815,#3816);
#3815 = CARTESIAN_POINT('',(-167.6886596679,72.043998718262,1.));
#3816 = VECTOR('',#3817,1.);
#3817 = DIRECTION('',(-0.312328136842,-0.949974281197,0.));
#3818 = PCURVE('',#3412,#3819);
#3819 = DEFINITIONAL_REPRESENTATION('',(#3820),#3824);
#3820 = LINE('',#3821,#3822);
#3821 = CARTESIAN_POINT('',(1.215213012149,4.019259747837));
#3822 = VECTOR('',#3823,1.);
#3823 = DIRECTION('',(-0.312328136842,-0.949974281197));
#3824 = ( GEOMETRIC_REPRESENTATION_CONTEXT(2) 
PARAMETRIC_REPRESENTATION_CONTEXT() REPRESENTATION_CONTEXT('2D SPACE',''
  ) );
#3825 = PCURVE('',#3277,#3826);
#3826 = DEFINITIONAL_REPRESENTATION('',(#3827),#3830);
#3827 = B_SPLINE_CURVE_WITH_KNOTS('',1,(#3828,#3829),.UNSPECIFIED.,.F.,
  .F.,(2,2),(0.,8.46759631021),.PIECEWISE_BEZIER_KNOTS.);
#3828 = CARTESIAN_POINT('',(1.355906525263,3.764341960948));
#3829 = CARTESIAN_POINT('',(-1.288762053838,-4.279656757313));
#3830 = ( GEOMETRIC_REPRESENTATION_CONTEXT(2) 
PARAMETRIC_REPRESENTATION_CONTEXT() REPRESENTATION_CONTEXT('2D SPACE',''
  ) );
#3831 = ORIENTED_EDGE('',*,*,#3763,.F.);
#3832 = ORIENTED_EDGE('',*,*,#3397,.T.);
#3833 = ADVANCED_FACE('',(#3834),#3437,.T.);
#3834 = FACE_BOUND('',#3835,.T.);
#3835 = EDGE_LOOP('',(#3836,#3863,#3883));
#3836 = ORIENTED_EDGE('',*,*,#3837,.T.);
#3837 = EDGE_CURVE('',#3398,#3838,#3840,.T.);
#3838 = VERTEX_POINT('',#3839);
#3839 = CARTESIAN_POINT('',(-167.4466705322,71.5,-1.));
#3840 = SURFACE_CURVE('',#3841,(#3845,#3852),.PCURVE_S1.);
#3841 = LINE('',#3842,#3843);
#3842 = CARTESIAN_POINT('',(-167.4466705322,71.5,1.));
#3843 = VECTOR('',#3844,1.);
#3844 = DIRECTION('',(0.,0.,-1.));
#3845 = PCURVE('',#3437,#3846);
#3846 = DEFINITIONAL_REPRESENTATION('',(#3847),#3851);
#3847 = LINE('',#3848,#3849);
#3848 = CARTESIAN_POINT('',(-0.170533930016,1.127162789519));
#3849 = VECTOR('',#3850,1.);
#3850 = DIRECTION('',(0.,-1.));
#3851 = ( GEOMETRIC_REPRESENTATION_CONTEXT(2) 
PARAMETRIC_REPRESENTATION_CONTEXT() REPRESENTATION_CONTEXT('2D SPACE',''
  ) );
#3852 = PCURVE('',#3853,#3858);
#3853 = PLANE('',#3854);
#3854 = AXIS2_PLACEMENT_3D('',#3855,#3856,#3857);
#3855 = CARTESIAN_POINT('',(-167.3912321357,71.331101022064,
    -0.131140411545));
#3856 = DIRECTION('',(0.950126765016,0.311863961368,-2.729085039304E-17)
  );
#3857 = DIRECTION('',(-0.311863961368,0.950126765016,0.));
#3858 = DEFINITIONAL_REPRESENTATION('',(#3859),#3862);
#3859 = B_SPLINE_CURVE_WITH_KNOTS('',1,(#3860,#3861),.UNSPECIFIED.,.F.,
  .F.,(2,2),(0.,2.),.PIECEWISE_BEZIER_KNOTS.);
#3860 = CARTESIAN_POINT('',(0.177764677467,1.131140411545));
#3861 = CARTESIAN_POINT('',(0.177764677467,-0.868859588455));
#3862 = ( GEOMETRIC_REPRESENTATION_CONTEXT(2) 
PARAMETRIC_REPRESENTATION_CONTEXT() REPRESENTATION_CONTEXT('2D SPACE',''
  ) );
#3863 = ORIENTED_EDGE('',*,*,#3864,.T.);
#3864 = EDGE_CURVE('',#3838,#3206,#3865,.T.);
#3865 = SURFACE_CURVE('',#3866,(#3870,#3877),.PCURVE_S1.);
#3866 = LINE('',#3867,#3868);
#3867 = CARTESIAN_POINT('',(-167.4466705322,71.5,-1.));
#3868 = VECTOR('',#3869,1.);
#3869 = DIRECTION('',(-0.406435677424,0.913679396789,0.));
#3870 = PCURVE('',#3437,#3871);
#3871 = DEFINITIONAL_REPRESENTATION('',(#3872),#3876);
#3872 = LINE('',#3873,#3874);
#3873 = CARTESIAN_POINT('',(-0.170533930016,-0.872837210481));
#3874 = VECTOR('',#3875,1.);
#3875 = DIRECTION('',(1.,0.));
#3876 = ( GEOMETRIC_REPRESENTATION_CONTEXT(2) 
PARAMETRIC_REPRESENTATION_CONTEXT() REPRESENTATION_CONTEXT('2D SPACE',''
  ) );
#3877 = PCURVE('',#3380,#3878);
#3878 = DEFINITIONAL_REPRESENTATION('',(#3879),#3882);
#3879 = B_SPLINE_CURVE_WITH_KNOTS('',1,(#3880,#3881),.UNSPECIFIED.,.F.,
  .F.,(2,2),(0.,0.59539343907),.PIECEWISE_BEZIER_KNOTS.);
#3880 = CARTESIAN_POINT('',(-1.39279257601,-1.290555618556));
#3881 = CARTESIAN_POINT('',(-1.150803440268,-0.746556900295));
#3882 = ( GEOMETRIC_REPRESENTATION_CONTEXT(2) 
PARAMETRIC_REPRESENTATION_CONTEXT() REPRESENTATION_CONTEXT('2D SPACE',''
  ) );
#3883 = ORIENTED_EDGE('',*,*,#3424,.T.);
#3884 = ADVANCED_FACE('',(#3885),#3798,.T.);
#3885 = FACE_BOUND('',#3886,.T.);
#3886 = EDGE_LOOP('',(#3887,#3909,#3910));
#3887 = ORIENTED_EDGE('',*,*,#3888,.T.);
#3888 = EDGE_CURVE('',#3889,#3398,#3891,.T.);
#3889 = VERTEX_POINT('',#3890);
#3890 = CARTESIAN_POINT('',(-167.2539978027,70.91300201416,-1.));
#3891 = SURFACE_CURVE('',#3892,(#3896,#3903),.PCURVE_S1.);
#3892 = LINE('',#3893,#3894);
#3893 = CARTESIAN_POINT('',(-167.2539978027,70.91300201416,-1.));
#3894 = VECTOR('',#3895,1.);
#3895 = DIRECTION('',(-9.204484157569E-02,0.280424410628,0.955452718382)
  );
#3896 = PCURVE('',#3798,#3897);
#3897 = DEFINITIONAL_REPRESENTATION('',(#3898),#3902);
#3898 = LINE('',#3899,#3900);
#3899 = CARTESIAN_POINT('',(-0.177764677467,-1.131140411545));
#3900 = VECTOR('',#3901,1.);
#3901 = DIRECTION('',(0.295144207019,0.955452718382));
#3902 = ( GEOMETRIC_REPRESENTATION_CONTEXT(2) 
PARAMETRIC_REPRESENTATION_CONTEXT() REPRESENTATION_CONTEXT('2D SPACE',''
  ) );
#3903 = PCURVE('',#3853,#3904);
#3904 = DEFINITIONAL_REPRESENTATION('',(#3905),#3908);
#3905 = B_SPLINE_CURVE_WITH_KNOTS('',1,(#3906,#3907),.UNSPECIFIED.,.F.,
  .F.,(2,2),(0.,2.093248531845),.PIECEWISE_BEZIER_KNOTS.);
#3906 = CARTESIAN_POINT('',(-0.440045500557,-0.868859588455));
#3907 = CARTESIAN_POINT('',(0.177764677467,1.131140411545));
#3908 = ( GEOMETRIC_REPRESENTATION_CONTEXT(2) 
PARAMETRIC_REPRESENTATION_CONTEXT() REPRESENTATION_CONTEXT('2D SPACE',''
  ) );
#3909 = ORIENTED_EDGE('',*,*,#3784,.F.);
#3910 = ORIENTED_EDGE('',*,*,#3911,.T.);
#3911 = EDGE_CURVE('',#3708,#3889,#3912,.T.);
#3912 = SURFACE_CURVE('',#3913,(#3917,#3924),.PCURVE_S1.);
#3913 = LINE('',#3914,#3915);
#3914 = CARTESIAN_POINT('',(-167.2539978027,70.91300201416,1.));
#3915 = VECTOR('',#3916,1.);
#3916 = DIRECTION('',(0.,0.,-1.));
#3917 = PCURVE('',#3798,#3918);
#3918 = DEFINITIONAL_REPRESENTATION('',(#3919),#3923);
#3919 = LINE('',#3920,#3921);
#3920 = CARTESIAN_POINT('',(-0.177764677467,0.868859588455));
#3921 = VECTOR('',#3922,1.);
#3922 = DIRECTION('',(-1.54074395551E-33,-1.));
#3923 = ( GEOMETRIC_REPRESENTATION_CONTEXT(2) 
PARAMETRIC_REPRESENTATION_CONTEXT() REPRESENTATION_CONTEXT('2D SPACE',''
  ) );
#3924 = PCURVE('',#3925,#3930);
#3925 = PLANE('',#3926);
#3926 = AXIS2_PLACEMENT_3D('',#3927,#3928,#3929);
#3927 = CARTESIAN_POINT('',(-167.2133830099,70.734281946872,
    -0.134116127401));
#3928 = DIRECTION('',(0.975136869784,0.221603441283,0.));
#3929 = DIRECTION('',(-0.221603441283,0.975136869784,0.));
#3930 = DEFINITIONAL_REPRESENTATION('',(#3931),#3934);
#3931 = B_SPLINE_CURVE_WITH_KNOTS('',1,(#3932,#3933),.UNSPECIFIED.,.F.,
  .F.,(2,2),(0.,2.),.PIECEWISE_BEZIER_KNOTS.);
#3932 = CARTESIAN_POINT('',(0.183276904839,1.134116127401));
#3933 = CARTESIAN_POINT('',(0.183276904839,-0.865883872599));
#3934 = ( GEOMETRIC_REPRESENTATION_CONTEXT(2) 
PARAMETRIC_REPRESENTATION_CONTEXT() REPRESENTATION_CONTEXT('2D SPACE',''
  ) );
#3935 = ADVANCED_FACE('',(#3936),#3853,.T.);
#3936 = FACE_BOUND('',#3937,.T.);
#3937 = EDGE_LOOP('',(#3938,#3939,#3940));
#3938 = ORIENTED_EDGE('',*,*,#3837,.F.);
#3939 = ORIENTED_EDGE('',*,*,#3888,.F.);
#3940 = ORIENTED_EDGE('',*,*,#3941,.T.);
#3941 = EDGE_CURVE('',#3889,#3838,#3942,.T.);
#3942 = SURFACE_CURVE('',#3943,(#3947,#3954),.PCURVE_S1.);
#3943 = LINE('',#3944,#3945);
#3944 = CARTESIAN_POINT('',(-167.2539978027,70.91300201416,-1.));
#3945 = VECTOR('',#3946,1.);
#3946 = DIRECTION('',(-0.311863961368,0.950126765016,0.));
#3947 = PCURVE('',#3853,#3948);
#3948 = DEFINITIONAL_REPRESENTATION('',(#3949),#3953);
#3949 = LINE('',#3950,#3951);
#3950 = CARTESIAN_POINT('',(-0.440045500557,-0.868859588455));
#3951 = VECTOR('',#3952,1.);
#3952 = DIRECTION('',(1.,4.570637002305E-33));
#3953 = ( GEOMETRIC_REPRESENTATION_CONTEXT(2) 
PARAMETRIC_REPRESENTATION_CONTEXT() REPRESENTATION_CONTEXT('2D SPACE',''
  ) );
#3954 = PCURVE('',#3955,#3960);
#3955 = PLANE('',#3956);
#3956 = AXIS2_PLACEMENT_3D('',#3957,#3958,#3959);
#3957 = CARTESIAN_POINT('',(-168.7341164851,72.496121546411,-1.));
#3958 = DIRECTION('',(-0.,-0.,-1.));
#3959 = DIRECTION('',(-1.,0.,0.));
#3960 = DEFINITIONAL_REPRESENTATION('',(#3961),#3964);
#3961 = B_SPLINE_CURVE_WITH_KNOTS('',1,(#3962,#3963),.UNSPECIFIED.,.F.,
  .F.,(2,2),(0.,0.617810178024),.PIECEWISE_BEZIER_KNOTS.);
#3962 = CARTESIAN_POINT('',(-1.480118682389,-1.583119532251));
#3963 = CARTESIAN_POINT('',(-1.287445952897,-0.996121546411));
#3964 = ( GEOMETRIC_REPRESENTATION_CONTEXT(2) 
PARAMETRIC_REPRESENTATION_CONTEXT() REPRESENTATION_CONTEXT('2D SPACE',''
  ) );
#3965 = ADVANCED_FACE('',(#3966),#3749,.T.);
#3966 = FACE_BOUND('',#3967,.T.);
#3967 = EDGE_LOOP('',(#3968,#3990,#3991));
#3968 = ORIENTED_EDGE('',*,*,#3969,.T.);
#3969 = EDGE_CURVE('',#3970,#3708,#3972,.T.);
#3970 = VERTEX_POINT('',#3971);
#3971 = CARTESIAN_POINT('',(-167.1133270263,70.293998718262,-1.));
#3972 = SURFACE_CURVE('',#3973,(#3977,#3984),.PCURVE_S1.);
#3973 = LINE('',#3974,#3975);
#3974 = CARTESIAN_POINT('',(-167.1133270263,70.293998718262,-1.));
#3975 = VECTOR('',#3976,1.);
#3976 = DIRECTION('',(-6.703966607992E-02,0.294999255219,0.953142760866)
  );
#3977 = PCURVE('',#3749,#3978);
#3978 = DEFINITIONAL_REPRESENTATION('',(#3979),#3983);
#3979 = LINE('',#3980,#3981);
#3980 = CARTESIAN_POINT('',(-0.183276904839,-1.134116127401));
#3981 = VECTOR('',#3982,1.);
#3982 = DIRECTION('',(0.302520871029,0.953142760866));
#3983 = ( GEOMETRIC_REPRESENTATION_CONTEXT(2) 
PARAMETRIC_REPRESENTATION_CONTEXT() REPRESENTATION_CONTEXT('2D SPACE',''
  ) );
#3984 = PCURVE('',#3925,#3985);
#3985 = DEFINITIONAL_REPRESENTATION('',(#3986),#3989);
#3986 = B_SPLINE_CURVE_WITH_KNOTS('',1,(#3987,#3988),.UNSPECIFIED.,.F.,
  .F.,(2,2),(0.,2.098321554876),.PIECEWISE_BEZIER_KNOTS.);
#3987 = CARTESIAN_POINT('',(-0.45150915964,-0.865883872599));
#3988 = CARTESIAN_POINT('',(0.183276904839,1.134116127401));
#3989 = ( GEOMETRIC_REPRESENTATION_CONTEXT(2) 
PARAMETRIC_REPRESENTATION_CONTEXT() REPRESENTATION_CONTEXT('2D SPACE',''
  ) );
#3990 = ORIENTED_EDGE('',*,*,#3735,.F.);
#3991 = ORIENTED_EDGE('',*,*,#3992,.T.);
#3992 = EDGE_CURVE('',#3652,#3970,#3993,.T.);
#3993 = SURFACE_CURVE('',#3994,(#3998,#4005),.PCURVE_S1.);
#3994 = LINE('',#3995,#3996);
#3995 = CARTESIAN_POINT('',(-167.1133270263,70.293998718262,1.));
#3996 = VECTOR('',#3997,1.);
#3997 = DIRECTION('',(0.,0.,-1.));
#3998 = PCURVE('',#3749,#3999);
#3999 = DEFINITIONAL_REPRESENTATION('',(#4000),#4004);
#4000 = LINE('',#4001,#4002);
#4001 = CARTESIAN_POINT('',(-0.183276904839,0.865883872599));
#4002 = VECTOR('',#4003,1.);
#4003 = DIRECTION('',(0.,-1.));
#4004 = ( GEOMETRIC_REPRESENTATION_CONTEXT(2) 
PARAMETRIC_REPRESENTATION_CONTEXT() REPRESENTATION_CONTEXT('2D SPACE',''
  ) );
#4005 = PCURVE('',#4006,#4011);
#4006 = PLANE('',#4007);
#4007 = AXIS2_PLACEMENT_3D('',#4008,#4009,#4010);
#4008 = CARTESIAN_POINT('',(-167.0888271171,70.10848962717,
    -0.136162496729));
#4009 = DIRECTION('',(0.99139140598,0.130931585759,0.));
#4010 = DIRECTION('',(-0.130931585759,0.99139140598,0.));
#4011 = DEFINITIONAL_REPRESENTATION('',(#4012),#4015);
#4012 = B_SPLINE_CURVE_WITH_KNOTS('',1,(#4013,#4014),.UNSPECIFIED.,.F.,
  .F.,(2,2),(0.,2.),.PIECEWISE_BEZIER_KNOTS.);
#4013 = CARTESIAN_POINT('',(0.187119930608,1.136162496729));
#4014 = CARTESIAN_POINT('',(0.187119930608,-0.863837503271));
#4015 = ( GEOMETRIC_REPRESENTATION_CONTEXT(2) 
PARAMETRIC_REPRESENTATION_CONTEXT() REPRESENTATION_CONTEXT('2D SPACE',''
  ) );
#4016 = ADVANCED_FACE('',(#4017),#3925,.T.);
#4017 = FACE_BOUND('',#4018,.T.);
#4018 = EDGE_LOOP('',(#4019,#4020,#4021));
#4019 = ORIENTED_EDGE('',*,*,#3911,.F.);
#4020 = ORIENTED_EDGE('',*,*,#3969,.F.);
#4021 = ORIENTED_EDGE('',*,*,#4022,.T.);
#4022 = EDGE_CURVE('',#3970,#3889,#4023,.T.);
#4023 = SURFACE_CURVE('',#4024,(#4028,#4035),.PCURVE_S1.);
#4024 = LINE('',#4025,#4026);
#4025 = CARTESIAN_POINT('',(-167.1133270263,70.293998718262,-1.));
#4026 = VECTOR('',#4027,1.);
#4027 = DIRECTION('',(-0.221603441283,0.975136869784,0.));
#4028 = PCURVE('',#3925,#4029);
#4029 = DEFINITIONAL_REPRESENTATION('',(#4030),#4034);
#4030 = LINE('',#4031,#4032);
#4031 = CARTESIAN_POINT('',(-0.45150915964,-0.865883872599));
#4032 = VECTOR('',#4033,1.);
#4033 = DIRECTION('',(1.,0.));
#4034 = ( GEOMETRIC_REPRESENTATION_CONTEXT(2) 
PARAMETRIC_REPRESENTATION_CONTEXT() REPRESENTATION_CONTEXT('2D SPACE',''
  ) );
#4035 = PCURVE('',#4036,#4041);
#4036 = PLANE('',#4037);
#4037 = AXIS2_PLACEMENT_3D('',#4038,#4039,#4040);
#4038 = CARTESIAN_POINT('',(-168.6556132441,72.184327289053,-1.));
#4039 = DIRECTION('',(-0.,-0.,-1.));
#4040 = DIRECTION('',(-1.,0.,0.));
#4041 = DEFINITIONAL_REPRESENTATION('',(#4042),#4045);
#4042 = B_SPLINE_CURVE_WITH_KNOTS('',1,(#4043,#4044),.UNSPECIFIED.,.F.,
  .F.,(2,2),(0.,0.634786064479),.PIECEWISE_BEZIER_KNOTS.);
#4043 = CARTESIAN_POINT('',(-1.542286217807,-1.890328570791));
#4044 = CARTESIAN_POINT('',(-1.40161544144,-1.271325274893));
#4045 = ( GEOMETRIC_REPRESENTATION_CONTEXT(2) 
PARAMETRIC_REPRESENTATION_CONTEXT() REPRESENTATION_CONTEXT('2D SPACE',''
  ) );
#4046 = ADVANCED_FACE('',(#4047),#3500,.T.);
#4047 = FACE_BOUND('',#4048,.T.);
#4048 = EDGE_LOOP('',(#4049,#4076,#4077));
#4049 = ORIENTED_EDGE('',*,*,#4050,.T.);
#4050 = EDGE_CURVE('',#4051,#3485,#4053,.T.);
#4051 = VERTEX_POINT('',#4052);
#4052 = CARTESIAN_POINT('',(-167.2539978027,67.08699798584,1.));
#4053 = SURFACE_CURVE('',#4054,(#4058,#4065),.PCURVE_S1.);
#4054 = LINE('',#4055,#4056);
#4055 = CARTESIAN_POINT('',(-167.2539978027,67.08699798584,1.));
#4056 = VECTOR('',#4057,1.);
#4057 = DIRECTION('',(0.221603441283,0.975136869784,0.));
#4058 = PCURVE('',#3500,#4059);
#4059 = DEFINITIONAL_REPRESENTATION('',(#4060),#4064);
#4060 = LINE('',#4061,#4062);
#4061 = CARTESIAN_POINT('',(1.40161544144,1.271325274893));
#4062 = VECTOR('',#4063,1.);
#4063 = DIRECTION('',(0.221603441283,0.975136869784));
#4064 = ( GEOMETRIC_REPRESENTATION_CONTEXT(2) 
PARAMETRIC_REPRESENTATION_CONTEXT() REPRESENTATION_CONTEXT('2D SPACE',''
  ) );
#4065 = PCURVE('',#4066,#4071);
#4066 = PLANE('',#4067);
#4067 = AXIS2_PLACEMENT_3D('',#4068,#4069,#4070);
#4068 = CARTESIAN_POINT('',(-167.2133830099,67.265718053128,
    0.134116127401));
#4069 = DIRECTION('',(0.975136869784,-0.221603441283,0.));
#4070 = DIRECTION('',(0.221603441283,0.975136869784,0.));
#4071 = DEFINITIONAL_REPRESENTATION('',(#4072),#4075);
#4072 = B_SPLINE_CURVE_WITH_KNOTS('',1,(#4073,#4074),.UNSPECIFIED.,.F.,
  .F.,(2,2),(0.,0.634786064479),.PIECEWISE_BEZIER_KNOTS.);
#4073 = CARTESIAN_POINT('',(-0.183276904839,0.865883872599));
#4074 = CARTESIAN_POINT('',(0.45150915964,0.865883872599));
#4075 = ( GEOMETRIC_REPRESENTATION_CONTEXT(2) 
PARAMETRIC_REPRESENTATION_CONTEXT() REPRESENTATION_CONTEXT('2D SPACE',''
  ) );
#4076 = ORIENTED_EDGE('',*,*,#3484,.F.);
#4077 = ORIENTED_EDGE('',*,*,#4078,.F.);
#4078 = EDGE_CURVE('',#4051,#2594,#4079,.T.);
#4079 = SURFACE_CURVE('',#4080,(#4084,#4090),.PCURVE_S1.);
#4080 = LINE('',#4081,#4082);
#4081 = CARTESIAN_POINT('',(-167.2539978027,67.08699798584,1.));
#4082 = VECTOR('',#4083,1.);
#4083 = DIRECTION('',(-0.706226980943,-0.70798548812,0.));
#4084 = PCURVE('',#3500,#4085);
#4085 = DEFINITIONAL_REPRESENTATION('',(#4086),#4089);
#4086 = B_SPLINE_CURVE_WITH_KNOTS('',1,(#4087,#4088),.UNSPECIFIED.,.F.,
  .F.,(2,2),(0.,4.360256018859),.PIECEWISE_BEZIER_KNOTS.);
#4087 = CARTESIAN_POINT('',(1.40161544144,1.271325274893));
#4088 = CARTESIAN_POINT('',(-1.677715002896,-1.815672710947));
#4089 = ( GEOMETRIC_REPRESENTATION_CONTEXT(2) 
PARAMETRIC_REPRESENTATION_CONTEXT() REPRESENTATION_CONTEXT('2D SPACE',''
  ) );
#4090 = PCURVE('',#4091,#4096);
#4091 = PLANE('',#4092);
#4092 = AXIS2_PLACEMENT_3D('',#4093,#4094,#4095);
#4093 = CARTESIAN_POINT('',(-168.7341164851,65.503878453589,1.));
#4094 = DIRECTION('',(0.,0.,1.));
#4095 = DIRECTION('',(1.,0.,-0.));
#4096 = DEFINITIONAL_REPRESENTATION('',(#4097),#4101);
#4097 = LINE('',#4098,#4099);
#4098 = CARTESIAN_POINT('',(1.480118682389,1.583119532251));
#4099 = VECTOR('',#4100,1.);
#4100 = DIRECTION('',(-0.706226980943,-0.70798548812));
#4101 = ( GEOMETRIC_REPRESENTATION_CONTEXT(2) 
PARAMETRIC_REPRESENTATION_CONTEXT() REPRESENTATION_CONTEXT('2D SPACE',''
  ) );
#4102 = ADVANCED_FACE('',(#4103),#4117,.T.);
#4103 = FACE_BOUND('',#4104,.T.);
#4104 = EDGE_LOOP('',(#4105,#4139,#4166));
#4105 = ORIENTED_EDGE('',*,*,#4106,.T.);
#4106 = EDGE_CURVE('',#4107,#4109,#4111,.T.);
#4107 = VERTEX_POINT('',#4108);
#4108 = CARTESIAN_POINT('',(-169.8979949951,64.042999267578,1.));
#4109 = VERTEX_POINT('',#4110);
#4110 = CARTESIAN_POINT('',(-169.4706726074,64.169998168945,1.));
#4111 = SURFACE_CURVE('',#4112,(#4116,#4128),.PCURVE_S1.);
#4112 = LINE('',#4113,#4114);
#4113 = CARTESIAN_POINT('',(-169.8979949951,64.042999267578,1.));
#4114 = VECTOR('',#4115,1.);
#4115 = DIRECTION('',(0.958562632162,0.284881870647,0.));
#4116 = PCURVE('',#4117,#4122);
#4117 = PLANE('',#4118);
#4118 = AXIS2_PLACEMENT_3D('',#4119,#4120,#4121);
#4119 = CARTESIAN_POINT('',(-169.4741145977,64.202299642812,1.));
#4120 = DIRECTION('',(0.,0.,1.));
#4121 = DIRECTION('',(1.,0.,-0.));
#4122 = DEFINITIONAL_REPRESENTATION('',(#4123),#4127);
#4123 = LINE('',#4124,#4125);
#4124 = CARTESIAN_POINT('',(-0.423880397412,-0.159300375233));
#4125 = VECTOR('',#4126,1.);
#4126 = DIRECTION('',(0.958562632162,0.284881870647));
#4127 = ( GEOMETRIC_REPRESENTATION_CONTEXT(2) 
PARAMETRIC_REPRESENTATION_CONTEXT() REPRESENTATION_CONTEXT('2D SPACE',''
  ) );
#4128 = PCURVE('',#4129,#4134);
#4129 = PLANE('',#4130);
#4130 = AXIS2_PLACEMENT_3D('',#4131,#4132,#4133);
#4131 = CARTESIAN_POINT('',(-169.5892650191,64.134752868365,
    9.917847716582E-02));
#4132 = DIRECTION('',(0.284881870647,-0.958562632162,9.324890334839E-18)
  );
#4133 = DIRECTION('',(-0.958562632162,-0.284881870647,0.));
#4134 = DEFINITIONAL_REPRESENTATION('',(#4135),#4138);
#4135 = B_SPLINE_CURVE_WITH_KNOTS('',1,(#4136,#4137),.UNSPECIFIED.,.F.,
  .F.,(2,2),(0.,0.445794957322),.PIECEWISE_BEZIER_KNOTS.);
#4136 = CARTESIAN_POINT('',(0.322075955827,-0.900821522834));
#4137 = CARTESIAN_POINT('',(-0.123719001495,-0.900821522834));
#4138 = ( GEOMETRIC_REPRESENTATION_CONTEXT(2) 
PARAMETRIC_REPRESENTATION_CONTEXT() REPRESENTATION_CONTEXT('2D SPACE',''
  ) );
#4139 = ORIENTED_EDGE('',*,*,#4140,.T.);
#4140 = EDGE_CURVE('',#4109,#4141,#4143,.T.);
#4141 = VERTEX_POINT('',#4142);
#4142 = CARTESIAN_POINT('',(-169.0579986572,64.380996704102,1.));
#4143 = SURFACE_CURVE('',#4144,(#4148,#4155),.PCURVE_S1.);
#4144 = LINE('',#4145,#4146);
#4145 = CARTESIAN_POINT('',(-169.4706726074,64.169998168945,1.));
#4146 = VECTOR('',#4147,1.);
#4147 = DIRECTION('',(0.89036796554,0.455241568774,0.));
#4148 = PCURVE('',#4117,#4149);
#4149 = DEFINITIONAL_REPRESENTATION('',(#4150),#4154);
#4150 = LINE('',#4151,#4152);
#4151 = CARTESIAN_POINT('',(3.441990283591E-03,-3.230147386624E-02));
#4152 = VECTOR('',#4153,1.);
#4153 = DIRECTION('',(0.89036796554,0.455241568774));
#4154 = ( GEOMETRIC_REPRESENTATION_CONTEXT(2) 
PARAMETRIC_REPRESENTATION_CONTEXT() REPRESENTATION_CONTEXT('2D SPACE',''
  ) );
#4155 = PCURVE('',#4156,#4161);
#4156 = PLANE('',#4157);
#4157 = AXIS2_PLACEMENT_3D('',#4158,#4159,#4160);
#4158 = CARTESIAN_POINT('',(-169.1729651259,64.322214809888,
    0.102621062242));
#4159 = DIRECTION('',(0.455241568774,-0.89036796554,-0.));
#4160 = DIRECTION('',(-0.89036796554,-0.455241568774,0.));
#4161 = DEFINITIONAL_REPRESENTATION('',(#4162),#4165);
#4162 = B_SPLINE_CURVE_WITH_KNOTS('',1,(#4163,#4164),.UNSPECIFIED.,.F.,
  .F.,(2,2),(0.,0.46348696962),.PIECEWISE_BEZIER_KNOTS.);
#4163 = CARTESIAN_POINT('',(0.334364547052,-0.897378937758));
#4164 = CARTESIAN_POINT('',(-0.129122422568,-0.897378937758));
#4165 = ( GEOMETRIC_REPRESENTATION_CONTEXT(2) 
PARAMETRIC_REPRESENTATION_CONTEXT() REPRESENTATION_CONTEXT('2D SPACE',''
  ) );
#4166 = ORIENTED_EDGE('',*,*,#4167,.T.);
#4167 = EDGE_CURVE('',#4141,#4107,#4168,.T.);
#4168 = SURFACE_CURVE('',#4169,(#4173,#4180),.PCURVE_S1.);
#4169 = LINE('',#4170,#4171);
#4170 = CARTESIAN_POINT('',(-169.0579986572,64.380996704102,1.));
#4171 = VECTOR('',#4172,1.);
#4172 = DIRECTION('',(-0.927713485966,-0.373293032291,0.));
#4173 = PCURVE('',#4117,#4174);
#4174 = DEFINITIONAL_REPRESENTATION('',(#4175),#4179);
#4175 = LINE('',#4176,#4177);
#4176 = CARTESIAN_POINT('',(0.416115940479,0.17869706129));
#4177 = VECTOR('',#4178,1.);
#4178 = DIRECTION('',(-0.927713485966,-0.373293032291));
#4179 = ( GEOMETRIC_REPRESENTATION_CONTEXT(2) 
PARAMETRIC_REPRESENTATION_CONTEXT() REPRESENTATION_CONTEXT('2D SPACE',''
  ) );
#4180 = PCURVE('',#4181,#4186);
#4181 = PLANE('',#4182);
#4182 = AXIS2_PLACEMENT_3D('',#4183,#4184,#4185);
#4183 = CARTESIAN_POINT('',(-169.6906682049,64.170130538388,1.));
#4184 = DIRECTION('',(0.,0.,1.));
#4185 = DIRECTION('',(1.,0.,-0.));
#4186 = DEFINITIONAL_REPRESENTATION('',(#4187),#4190);
#4187 = B_SPLINE_CURVE_WITH_KNOTS('',1,(#4188,#4189),.UNSPECIFIED.,.F.,
  .F.,(2,2),(0.,0.90544801881),.PIECEWISE_BEZIER_KNOTS.);
#4188 = CARTESIAN_POINT('',(0.632669547739,0.210866165714));
#4189 = CARTESIAN_POINT('',(-0.207326790152,-0.12713127081));
#4190 = ( GEOMETRIC_REPRESENTATION_CONTEXT(2) 
PARAMETRIC_REPRESENTATION_CONTEXT() REPRESENTATION_CONTEXT('2D SPACE',''
  ) );
#4191 = ADVANCED_FACE('',(#4192),#4181,.T.);
#4192 = FACE_BOUND('',#4193,.T.);
#4193 = EDGE_LOOP('',(#4194,#4219,#4244));
#4194 = ORIENTED_EDGE('',*,*,#4195,.T.);
#4195 = EDGE_CURVE('',#4141,#2594,#4196,.T.);
#4196 = SURFACE_CURVE('',#4197,(#4201,#4208),.PCURVE_S1.);
#4197 = LINE('',#4198,#4199);
#4198 = CARTESIAN_POINT('',(-169.0579986572,64.380996704102,1.));
#4199 = VECTOR('',#4200,1.);
#4200 = DIRECTION('',(-0.958156946245,-0.286243369117,0.));
#4201 = PCURVE('',#4181,#4202);
#4202 = DEFINITIONAL_REPRESENTATION('',(#4203),#4207);
#4203 = LINE('',#4204,#4205);
#4204 = CARTESIAN_POINT('',(0.632669547739,0.210866165714));
#4205 = VECTOR('',#4206,1.);
#4206 = DIRECTION('',(-0.958156946245,-0.286243369117));
#4207 = ( GEOMETRIC_REPRESENTATION_CONTEXT(2) 
PARAMETRIC_REPRESENTATION_CONTEXT() REPRESENTATION_CONTEXT('2D SPACE',''
  ) );
#4208 = PCURVE('',#4209,#4214);
#4209 = PLANE('',#4210);
#4210 = AXIS2_PLACEMENT_3D('',#4211,#4212,#4213);
#4211 = CARTESIAN_POINT('',(-169.4862261502,64.307421050377,1.));
#4212 = DIRECTION('',(0.,0.,1.));
#4213 = DIRECTION('',(1.,0.,-0.));
#4214 = DEFINITIONAL_REPRESENTATION('',(#4215),#4218);
#4215 = B_SPLINE_CURVE_WITH_KNOTS('',1,(#4216,#4217),.UNSPECIFIED.,.F.,
  .F.,(2,2),(0.,1.331023685464),.PIECEWISE_BEZIER_KNOTS.);
#4216 = CARTESIAN_POINT('',(0.42822749303,7.357565372469E-02));
#4217 = CARTESIAN_POINT('',(-0.847102096813,-0.307421050377));
#4218 = ( GEOMETRIC_REPRESENTATION_CONTEXT(2) 
PARAMETRIC_REPRESENTATION_CONTEXT() REPRESENTATION_CONTEXT('2D SPACE',''
  ) );
#4219 = ORIENTED_EDGE('',*,*,#4220,.T.);
#4220 = EDGE_CURVE('',#2594,#4107,#4221,.T.);
#4221 = SURFACE_CURVE('',#4222,(#4226,#4233),.PCURVE_S1.);
#4222 = LINE('',#4223,#4224);
#4223 = CARTESIAN_POINT('',(-170.333328247,64.,1.));
#4224 = VECTOR('',#4225,1.);
#4225 = DIRECTION('',(0.995157331071,9.829489516156E-02,0.));
#4226 = PCURVE('',#4181,#4227);
#4227 = DEFINITIONAL_REPRESENTATION('',(#4228),#4232);
#4228 = LINE('',#4229,#4230);
#4229 = CARTESIAN_POINT('',(-0.642660042105,-0.170130538388));
#4230 = VECTOR('',#4231,1.);
#4231 = DIRECTION('',(0.995157331071,9.829489516156E-02));
#4232 = ( GEOMETRIC_REPRESENTATION_CONTEXT(2) 
PARAMETRIC_REPRESENTATION_CONTEXT() REPRESENTATION_CONTEXT('2D SPACE',''
  ) );
#4233 = PCURVE('',#4234,#4239);
#4234 = PLANE('',#4235);
#4235 = AXIS2_PLACEMENT_3D('',#4236,#4237,#4238);
#4236 = CARTESIAN_POINT('',(-170.018591589,64.031087553536,
    9.754239761328E-02));
#4237 = DIRECTION('',(9.829489516156E-02,-0.995157331071,
    -4.669072306745E-18));
#4238 = DIRECTION('',(-0.995157331071,-9.829489516156E-02,0.));
#4239 = DEFINITIONAL_REPRESENTATION('',(#4240),#4243);
#4240 = B_SPLINE_CURVE_WITH_KNOTS('',1,(#4241,#4242),.UNSPECIFIED.,.F.,
  .F.,(2,2),(0.,0.437451685639),.PIECEWISE_BEZIER_KNOTS.);
#4241 = CARTESIAN_POINT('',(0.316268240433,-0.902457602387));
#4242 = CARTESIAN_POINT('',(-0.121183445206,-0.902457602387));
#4243 = ( GEOMETRIC_REPRESENTATION_CONTEXT(2) 
PARAMETRIC_REPRESENTATION_CONTEXT() REPRESENTATION_CONTEXT('2D SPACE',''
  ) );
#4244 = ORIENTED_EDGE('',*,*,#4167,.F.);
#4245 = ADVANCED_FACE('',(#4246),#4209,.T.);
#4246 = FACE_BOUND('',#4247,.T.);
#4247 = EDGE_LOOP('',(#4248,#4275,#4276));
#4248 = ORIENTED_EDGE('',*,*,#4249,.T.);
#4249 = EDGE_CURVE('',#4250,#2594,#4252,.T.);
#4250 = VERTEX_POINT('',#4251);
#4251 = CARTESIAN_POINT('',(-168.6666717529,64.669998168945,1.));
#4252 = SURFACE_CURVE('',#4253,(#4257,#4264),.PCURVE_S1.);
#4253 = LINE('',#4254,#4255);
#4254 = CARTESIAN_POINT('',(-168.6666717529,64.669998168945,1.));
#4255 = VECTOR('',#4256,1.);
#4256 = DIRECTION('',(-0.927834991184,-0.372990923662,0.));
#4257 = PCURVE('',#4209,#4258);
#4258 = DEFINITIONAL_REPRESENTATION('',(#4259),#4263);
#4259 = LINE('',#4260,#4261);
#4260 = CARTESIAN_POINT('',(0.819554397327,0.362577118568));
#4261 = VECTOR('',#4262,1.);
#4262 = DIRECTION('',(-0.927834991184,-0.372990923662));
#4263 = ( GEOMETRIC_REPRESENTATION_CONTEXT(2) 
PARAMETRIC_REPRESENTATION_CONTEXT() REPRESENTATION_CONTEXT('2D SPACE',''
  ) );
#4264 = PCURVE('',#4265,#4270);
#4265 = PLANE('',#4266);
#4266 = AXIS2_PLACEMENT_3D('',#4267,#4268,#4269);
#4267 = CARTESIAN_POINT('',(-169.2964533481,64.482894030763,1.));
#4268 = DIRECTION('',(0.,0.,1.));
#4269 = DIRECTION('',(1.,0.,-0.));
#4270 = DEFINITIONAL_REPRESENTATION('',(#4271),#4274);
#4271 = B_SPLINE_CURVE_WITH_KNOTS('',1,(#4272,#4273),.UNSPECIFIED.,.F.,
  .F.,(2,2),(0.,1.796285449435),.PIECEWISE_BEZIER_KNOTS.);
#4272 = CARTESIAN_POINT('',(0.629781595263,0.187104138182));
#4273 = CARTESIAN_POINT('',(-1.036874898877,-0.482894030763));
#4274 = ( GEOMETRIC_REPRESENTATION_CONTEXT(2) 
PARAMETRIC_REPRESENTATION_CONTEXT() REPRESENTATION_CONTEXT('2D SPACE',''
  ) );
#4275 = ORIENTED_EDGE('',*,*,#4195,.F.);
#4276 = ORIENTED_EDGE('',*,*,#4277,.T.);
#4277 = EDGE_CURVE('',#4141,#4250,#4278,.T.);
#4278 = SURFACE_CURVE('',#4279,(#4283,#4290),.PCURVE_S1.);
#4279 = LINE('',#4280,#4281);
#4280 = CARTESIAN_POINT('',(-169.0579986572,64.380996704102,1.));
#4281 = VECTOR('',#4282,1.);
#4282 = DIRECTION('',(0.804412051531,0.594071756063,0.));
#4283 = PCURVE('',#4209,#4284);
#4284 = DEFINITIONAL_REPRESENTATION('',(#4285),#4289);
#4285 = LINE('',#4286,#4287);
#4286 = CARTESIAN_POINT('',(0.42822749303,7.357565372469E-02));
#4287 = VECTOR('',#4288,1.);
#4288 = DIRECTION('',(0.804412051531,0.594071756063));
#4289 = ( GEOMETRIC_REPRESENTATION_CONTEXT(2) 
PARAMETRIC_REPRESENTATION_CONTEXT() REPRESENTATION_CONTEXT('2D SPACE',''
  ) );
#4290 = PCURVE('',#4291,#4296);
#4291 = PLANE('',#4292);
#4292 = AXIS2_PLACEMENT_3D('',#4293,#4294,#4295);
#4293 = CARTESIAN_POINT('',(-168.7762307012,64.589087052954,
    0.107040295691));
#4294 = DIRECTION('',(0.594071756063,-0.804412051531,1.852668803652E-17)
  );
#4295 = DIRECTION('',(-0.804412051531,-0.594071756063,1.54074395551E-33)
  );
#4296 = DEFINITIONAL_REPRESENTATION('',(#4297),#4300);
#4297 = B_SPLINE_CURVE_WITH_KNOTS('',1,(#4298,#4299),.UNSPECIFIED.,.F.,
  .F.,(2,2),(0.,0.486475685629),.PIECEWISE_BEZIER_KNOTS.);
#4298 = CARTESIAN_POINT('',(0.350278138505,-0.892959704309));
#4299 = CARTESIAN_POINT('',(-0.136197547124,-0.892959704309));
#4300 = ( GEOMETRIC_REPRESENTATION_CONTEXT(2) 
PARAMETRIC_REPRESENTATION_CONTEXT() REPRESENTATION_CONTEXT('2D SPACE',''
  ) );
#4301 = ADVANCED_FACE('',(#4302),#4265,.T.);
#4302 = FACE_BOUND('',#4303,.T.);
#4303 = EDGE_LOOP('',(#4304,#4331,#4332));
#4304 = ORIENTED_EDGE('',*,*,#4305,.T.);
#4305 = EDGE_CURVE('',#4306,#2594,#4308,.T.);
#4306 = VERTEX_POINT('',#4307);
#4307 = CARTESIAN_POINT('',(-168.3040008544,65.032997131348,1.));
#4308 = SURFACE_CURVE('',#4309,(#4313,#4320),.PCURVE_S1.);
#4309 = LINE('',#4310,#4311);
#4310 = CARTESIAN_POINT('',(-168.3040008544,65.032997131348,1.));
#4311 = VECTOR('',#4312,1.);
#4312 = DIRECTION('',(-0.891183532393,-0.453642934025,0.));
#4313 = PCURVE('',#4265,#4314);
#4314 = DEFINITIONAL_REPRESENTATION('',(#4315),#4319);
#4315 = LINE('',#4316,#4317);
#4316 = CARTESIAN_POINT('',(0.992452493701,0.550103100584));
#4317 = VECTOR('',#4318,1.);
#4318 = DIRECTION('',(-0.891183532393,-0.453642934025));
#4319 = ( GEOMETRIC_REPRESENTATION_CONTEXT(2) 
PARAMETRIC_REPRESENTATION_CONTEXT() REPRESENTATION_CONTEXT('2D SPACE',''
  ) );
#4320 = PCURVE('',#4321,#4326);
#4321 = PLANE('',#4322);
#4322 = AXIS2_PLACEMENT_3D('',#4323,#4324,#4325);
#4323 = CARTESIAN_POINT('',(-169.123179858,64.694281760931,1.));
#4324 = DIRECTION('',(0.,0.,1.));
#4325 = DIRECTION('',(1.,0.,-0.));
#4326 = DEFINITIONAL_REPRESENTATION('',(#4327),#4330);
#4327 = B_SPLINE_CURVE_WITH_KNOTS('',1,(#4328,#4329),.UNSPECIFIED.,.F.,
  .F.,(2,2),(0.,2.277115003604),.PIECEWISE_BEZIER_KNOTS.);
#4328 = CARTESIAN_POINT('',(0.819179003568,0.338715370417));
#4329 = CARTESIAN_POINT('',(-1.21014838901,-0.694281760931));
#4330 = ( GEOMETRIC_REPRESENTATION_CONTEXT(2) 
PARAMETRIC_REPRESENTATION_CONTEXT() REPRESENTATION_CONTEXT('2D SPACE',''
  ) );
#4331 = ORIENTED_EDGE('',*,*,#4249,.F.);
#4332 = ORIENTED_EDGE('',*,*,#4333,.F.);
#4333 = EDGE_CURVE('',#4306,#4250,#4334,.T.);
#4334 = SURFACE_CURVE('',#4335,(#4339,#4345),.PCURVE_S1.);
#4335 = LINE('',#4336,#4337);
#4336 = CARTESIAN_POINT('',(-168.3040008544,65.032997131348,1.));
#4337 = VECTOR('',#4338,1.);
#4338 = DIRECTION('',(-0.706787037072,-0.707426380782,0.));
#4339 = PCURVE('',#4265,#4340);
#4340 = DEFINITIONAL_REPRESENTATION('',(#4341),#4344);
#4341 = B_SPLINE_CURVE_WITH_KNOTS('',1,(#4342,#4343),.UNSPECIFIED.,.F.,
  .F.,(2,2),(0.,0.513126131939),.PIECEWISE_BEZIER_KNOTS.);
#4342 = CARTESIAN_POINT('',(0.992452493701,0.550103100584));
#4343 = CARTESIAN_POINT('',(0.629781595263,0.187104138182));
#4344 = ( GEOMETRIC_REPRESENTATION_CONTEXT(2) 
PARAMETRIC_REPRESENTATION_CONTEXT() REPRESENTATION_CONTEXT('2D SPACE',''
  ) );
#4345 = PCURVE('',#4346,#4351);
#4346 = PLANE('',#4347);
#4347 = AXIS2_PLACEMENT_3D('',#4348,#4349,#4350);
#4348 = CARTESIAN_POINT('',(-168.406114224,64.930791392301,
    0.112087623969));
#4349 = DIRECTION('',(0.707426380782,-0.706787037072,-1.845141294601E-17
    ));
#4350 = DIRECTION('',(0.706787037072,0.707426380782,1.54074395551E-33));
#4351 = DEFINITIONAL_REPRESENTATION('',(#4352),#4356);
#4352 = LINE('',#4353,#4354);
#4353 = CARTESIAN_POINT('',(0.144475442,0.887912376031));
#4354 = VECTOR('',#4355,1.);
#4355 = DIRECTION('',(-1.,-4.990640058527E-34));
#4356 = ( GEOMETRIC_REPRESENTATION_CONTEXT(2) 
PARAMETRIC_REPRESENTATION_CONTEXT() REPRESENTATION_CONTEXT('2D SPACE',''
  ) );
#4357 = ADVANCED_FACE('',(#4358),#4370,.T.);
#4358 = FACE_BOUND('',#4359,.T.);
#4359 = EDGE_LOOP('',(#4360,#4387,#4409));
#4360 = ORIENTED_EDGE('',*,*,#4361,.T.);
#4361 = EDGE_CURVE('',#4362,#4250,#4364,.T.);
#4362 = VERTEX_POINT('',#4363);
#4363 = CARTESIAN_POINT('',(-168.3040008544,65.032997131348,-1.));
#4364 = SURFACE_CURVE('',#4365,(#4369,#4381),.PCURVE_S1.);
#4365 = LINE('',#4366,#4367);
#4366 = CARTESIAN_POINT('',(-168.3040008544,65.032997131348,-1.));
#4367 = VECTOR('',#4368,1.);
#4368 = DIRECTION('',(-0.175646637873,-0.175805523885,0.968628244671));
#4369 = PCURVE('',#4370,#4375);
#4370 = PLANE('',#4371);
#4371 = AXIS2_PLACEMENT_3D('',#4372,#4373,#4374);
#4372 = CARTESIAN_POINT('',(-168.5645583833,64.772203907992,
    -0.112087623969));
#4373 = DIRECTION('',(0.707426380782,-0.706787037072,-3.690282589202E-17
    ));
#4374 = DIRECTION('',(0.706787037072,0.707426380782,3.08148791102E-33));
#4375 = DEFINITIONAL_REPRESENTATION('',(#4376),#4380);
#4376 = LINE('',#4377,#4378);
#4377 = CARTESIAN_POINT('',(0.368650689939,-0.887912376031));
#4378 = VECTOR('',#4379,1.);
#4379 = DIRECTION('',(-0.248514232238,0.968628244671));
#4380 = ( GEOMETRIC_REPRESENTATION_CONTEXT(2) 
PARAMETRIC_REPRESENTATION_CONTEXT() REPRESENTATION_CONTEXT('2D SPACE',''
  ) );
#4381 = PCURVE('',#4346,#4382);
#4382 = DEFINITIONAL_REPRESENTATION('',(#4383),#4386);
#4383 = B_SPLINE_CURVE_WITH_KNOTS('',1,(#4384,#4385),.UNSPECIFIED.,.F.,
  .F.,(2,2),(0.,2.064775636063),.PIECEWISE_BEZIER_KNOTS.);
#4384 = CARTESIAN_POINT('',(0.144475442,-1.112087623969));
#4385 = CARTESIAN_POINT('',(-0.368650689939,0.887912376031));
#4386 = ( GEOMETRIC_REPRESENTATION_CONTEXT(2) 
PARAMETRIC_REPRESENTATION_CONTEXT() REPRESENTATION_CONTEXT('2D SPACE',''
  ) );
#4387 = ORIENTED_EDGE('',*,*,#4388,.T.);
#4388 = EDGE_CURVE('',#4250,#4389,#4391,.T.);
#4389 = VERTEX_POINT('',#4390);
#4390 = CARTESIAN_POINT('',(-168.6666717529,64.669998168945,-1.));
#4391 = SURFACE_CURVE('',#4392,(#4396,#4403),.PCURVE_S1.);
#4392 = LINE('',#4393,#4394);
#4393 = CARTESIAN_POINT('',(-168.6666717529,64.669998168945,1.));
#4394 = VECTOR('',#4395,1.);
#4395 = DIRECTION('',(0.,0.,-1.));
#4396 = PCURVE('',#4370,#4397);
#4397 = DEFINITIONAL_REPRESENTATION('',(#4398),#4402);
#4398 = LINE('',#4399,#4400);
#4399 = CARTESIAN_POINT('',(-0.144475442,1.112087623969));
#4400 = VECTOR('',#4401,1.);
#4401 = DIRECTION('',(0.,-1.));
#4402 = ( GEOMETRIC_REPRESENTATION_CONTEXT(2) 
PARAMETRIC_REPRESENTATION_CONTEXT() REPRESENTATION_CONTEXT('2D SPACE',''
  ) );
#4403 = PCURVE('',#4291,#4404);
#4404 = DEFINITIONAL_REPRESENTATION('',(#4405),#4408);
#4405 = B_SPLINE_CURVE_WITH_KNOTS('',1,(#4406,#4407),.UNSPECIFIED.,.F.,
  .F.,(2,2),(0.,2.),.PIECEWISE_BEZIER_KNOTS.);
#4406 = CARTESIAN_POINT('',(-0.136197547124,-0.892959704309));
#4407 = CARTESIAN_POINT('',(-0.136197547124,1.107040295691));
#4408 = ( GEOMETRIC_REPRESENTATION_CONTEXT(2) 
PARAMETRIC_REPRESENTATION_CONTEXT() REPRESENTATION_CONTEXT('2D SPACE',''
  ) );
#4409 = ORIENTED_EDGE('',*,*,#4410,.T.);
#4410 = EDGE_CURVE('',#4389,#4362,#4411,.T.);
#4411 = SURFACE_CURVE('',#4412,(#4416,#4423),.PCURVE_S1.);
#4412 = LINE('',#4413,#4414);
#4413 = CARTESIAN_POINT('',(-168.6666717529,64.669998168945,-1.));
#4414 = VECTOR('',#4415,1.);
#4415 = DIRECTION('',(0.706787037072,0.707426380782,0.));
#4416 = PCURVE('',#4370,#4417);
#4417 = DEFINITIONAL_REPRESENTATION('',(#4418),#4422);
#4418 = LINE('',#4419,#4420);
#4419 = CARTESIAN_POINT('',(-0.144475442,-0.887912376031));
#4420 = VECTOR('',#4421,1.);
#4421 = DIRECTION('',(1.,-1.332407965578E-32));
#4422 = ( GEOMETRIC_REPRESENTATION_CONTEXT(2) 
PARAMETRIC_REPRESENTATION_CONTEXT() REPRESENTATION_CONTEXT('2D SPACE',''
  ) );
#4423 = PCURVE('',#4424,#4429);
#4424 = PLANE('',#4425);
#4425 = AXIS2_PLACEMENT_3D('',#4426,#4427,#4428);
#4426 = CARTESIAN_POINT('',(-169.3859602141,69.302059188637,-1.));
#4427 = DIRECTION('',(-0.,-0.,-1.));
#4428 = DIRECTION('',(-1.,0.,0.));
#4429 = DEFINITIONAL_REPRESENTATION('',(#4430),#4433);
#4430 = B_SPLINE_CURVE_WITH_KNOTS('',1,(#4431,#4432),.UNSPECIFIED.,.F.,
  .F.,(2,2),(0.,0.513126131939),.PIECEWISE_BEZIER_KNOTS.);
#4431 = CARTESIAN_POINT('',(-0.719288461236,-4.632061019692));
#4432 = CARTESIAN_POINT('',(-1.081959359674,-4.26906205729));
#4433 = ( GEOMETRIC_REPRESENTATION_CONTEXT(2) 
PARAMETRIC_REPRESENTATION_CONTEXT() REPRESENTATION_CONTEXT('2D SPACE',''
  ) );
#4434 = ADVANCED_FACE('',(#4435),#4346,.T.);
#4435 = FACE_BOUND('',#4436,.T.);
#4436 = EDGE_LOOP('',(#4437,#4438,#4439));
#4437 = ORIENTED_EDGE('',*,*,#4333,.T.);
#4438 = ORIENTED_EDGE('',*,*,#4361,.F.);
#4439 = ORIENTED_EDGE('',*,*,#4440,.T.);
#4440 = EDGE_CURVE('',#4362,#4306,#4441,.T.);
#4441 = SURFACE_CURVE('',#4442,(#4446,#4453),.PCURVE_S1.);
#4442 = LINE('',#4443,#4444);
#4443 = CARTESIAN_POINT('',(-168.3040008544,65.032997131348,-1.));
#4444 = VECTOR('',#4445,1.);
#4445 = DIRECTION('',(0.,0.,1.));
#4446 = PCURVE('',#4346,#4447);
#4447 = DEFINITIONAL_REPRESENTATION('',(#4448),#4452);
#4448 = LINE('',#4449,#4450);
#4449 = CARTESIAN_POINT('',(0.144475442,-1.112087623969));
#4450 = VECTOR('',#4451,1.);
#4451 = DIRECTION('',(0.,1.));
#4452 = ( GEOMETRIC_REPRESENTATION_CONTEXT(2) 
PARAMETRIC_REPRESENTATION_CONTEXT() REPRESENTATION_CONTEXT('2D SPACE',''
  ) );
#4453 = PCURVE('',#4454,#4459);
#4454 = PLANE('',#4455);
#4455 = AXIS2_PLACEMENT_3D('',#4456,#4457,#4458);
#4456 = CARTESIAN_POINT('',(-168.2110933462,65.155078703625,
    -0.117393911669));
#4457 = DIRECTION('',(0.795767892256,-0.605601735181,-1.837545066236E-17
    ));
#4458 = DIRECTION('',(0.605601735181,0.795767892256,-1.54074395551E-33)
  );
#4459 = DEFINITIONAL_REPRESENTATION('',(#4460),#4463);
#4460 = B_SPLINE_CURVE_WITH_KNOTS('',1,(#4461,#4462),.UNSPECIFIED.,.F.,
  .F.,(2,2),(0.,2.),.PIECEWISE_BEZIER_KNOTS.);
#4461 = CARTESIAN_POINT('',(-0.153413543654,-0.882606088331));
#4462 = CARTESIAN_POINT('',(-0.153413543654,1.117393911669));
#4463 = ( GEOMETRIC_REPRESENTATION_CONTEXT(2) 
PARAMETRIC_REPRESENTATION_CONTEXT() REPRESENTATION_CONTEXT('2D SPACE',''
  ) );
#4464 = ADVANCED_FACE('',(#4465),#4321,.T.);
#4465 = FACE_BOUND('',#4466,.T.);
#4466 = EDGE_LOOP('',(#4467,#4494,#4495));
#4467 = ORIENTED_EDGE('',*,*,#4468,.T.);
#4468 = EDGE_CURVE('',#4469,#2594,#4471,.T.);
#4469 = VERTEX_POINT('',#4470);
#4470 = CARTESIAN_POINT('',(-167.9759979248,65.463996887207,1.));
#4471 = SURFACE_CURVE('',#4472,(#4476,#4483),.PCURVE_S1.);
#4472 = LINE('',#4473,#4474);
#4473 = CARTESIAN_POINT('',(-167.9759979248,65.463996887207,1.));
#4474 = VECTOR('',#4475,1.);
#4475 = DIRECTION('',(-0.849506709779,-0.527577814204,0.));
#4476 = PCURVE('',#4321,#4477);
#4477 = DEFINITIONAL_REPRESENTATION('',(#4478),#4482);
#4478 = LINE('',#4479,#4480);
#4479 = CARTESIAN_POINT('',(1.147181933256,0.769715126276));
#4480 = VECTOR('',#4481,1.);
#4481 = DIRECTION('',(-0.849506709779,-0.527577814204));
#4482 = ( GEOMETRIC_REPRESENTATION_CONTEXT(2) 
PARAMETRIC_REPRESENTATION_CONTEXT() REPRESENTATION_CONTEXT('2D SPACE',''
  ) );
#4483 = PCURVE('',#4484,#4489);
#4484 = PLANE('',#4485);
#4485 = AXIS2_PLACEMENT_3D('',#4486,#4487,#4488);
#4486 = CARTESIAN_POINT('',(-168.9698598524,64.937968971932,1.));
#4487 = DIRECTION('',(0.,0.,1.));
#4488 = DIRECTION('',(1.,0.,-0.));
#4489 = DEFINITIONAL_REPRESENTATION('',(#4490),#4493);
#4490 = B_SPLINE_CURVE_WITH_KNOTS('',1,(#4491,#4492),.UNSPECIFIED.,.F.,
  .F.,(2,2),(0.,2.774940203685),.PIECEWISE_BEZIER_KNOTS.);
#4491 = CARTESIAN_POINT('',(0.993861927672,0.526027915275));
#4492 = CARTESIAN_POINT('',(-1.363468394594,-0.937968971932));
#4493 = ( GEOMETRIC_REPRESENTATION_CONTEXT(2) 
PARAMETRIC_REPRESENTATION_CONTEXT() REPRESENTATION_CONTEXT('2D SPACE',''
  ) );
#4494 = ORIENTED_EDGE('',*,*,#4305,.F.);
#4495 = ORIENTED_EDGE('',*,*,#4496,.T.);
#4496 = EDGE_CURVE('',#4306,#4469,#4497,.T.);
#4497 = SURFACE_CURVE('',#4498,(#4502,#4509),.PCURVE_S1.);
#4498 = LINE('',#4499,#4500);
#4499 = CARTESIAN_POINT('',(-168.3040008544,65.032997131348,1.));
#4500 = VECTOR('',#4501,1.);
#4501 = DIRECTION('',(0.605601735181,0.795767892256,0.));
#4502 = PCURVE('',#4321,#4503);
#4503 = DEFINITIONAL_REPRESENTATION('',(#4504),#4508);
#4504 = LINE('',#4505,#4506);
#4505 = CARTESIAN_POINT('',(0.819179003568,0.338715370417));
#4506 = VECTOR('',#4507,1.);
#4507 = DIRECTION('',(0.605601735181,0.795767892256));
#4508 = ( GEOMETRIC_REPRESENTATION_CONTEXT(2) 
PARAMETRIC_REPRESENTATION_CONTEXT() REPRESENTATION_CONTEXT('2D SPACE',''
  ) );
#4509 = PCURVE('',#4510,#4515);
#4510 = PLANE('',#4511);
#4511 = AXIS2_PLACEMENT_3D('',#4512,#4513,#4514);
#4512 = CARTESIAN_POINT('',(-168.068905433,65.34191531493,0.117393911669
    ));
#4513 = DIRECTION('',(0.795767892256,-0.605601735181,-1.837545066236E-17
    ));
#4514 = DIRECTION('',(0.605601735181,0.795767892256,0.));
#4515 = DEFINITIONAL_REPRESENTATION('',(#4516),#4519);
#4516 = B_SPLINE_CURVE_WITH_KNOTS('',1,(#4517,#4518),.UNSPECIFIED.,.F.,
  .F.,(2,2),(0.,0.541614910646),.PIECEWISE_BEZIER_KNOTS.);
#4517 = CARTESIAN_POINT('',(-0.388201366992,0.882606088331));
#4518 = CARTESIAN_POINT('',(0.153413543654,0.882606088331));
#4519 = ( GEOMETRIC_REPRESENTATION_CONTEXT(2) 
PARAMETRIC_REPRESENTATION_CONTEXT() REPRESENTATION_CONTEXT('2D SPACE',''
  ) );
#4520 = ADVANCED_FACE('',(#4521),#4484,.T.);
#4521 = FACE_BOUND('',#4522,.T.);
#4522 = EDGE_LOOP('',(#4523,#4550,#4551));
#4523 = ORIENTED_EDGE('',*,*,#4524,.T.);
#4524 = EDGE_CURVE('',#4525,#2594,#4527,.T.);
#4525 = VERTEX_POINT('',#4526);
#4526 = CARTESIAN_POINT('',(-167.6886596679,65.956001281738,1.));
#4527 = SURFACE_CURVE('',#4528,(#4532,#4539),.PCURVE_S1.);
#4528 = LINE('',#4529,#4530);
#4529 = CARTESIAN_POINT('',(-167.6886596679,65.956001281738,1.));
#4530 = VECTOR('',#4531,1.);
#4531 = DIRECTION('',(-0.803995008089,-0.594636045802,0.));
#4532 = PCURVE('',#4484,#4533);
#4533 = DEFINITIONAL_REPRESENTATION('',(#4534),#4538);
#4534 = LINE('',#4535,#4536);
#4535 = CARTESIAN_POINT('',(1.281200184508,1.018032309806));
#4536 = VECTOR('',#4537,1.);
#4537 = DIRECTION('',(-0.803995008089,-0.594636045802));
#4538 = ( GEOMETRIC_REPRESENTATION_CONTEXT(2) 
PARAMETRIC_REPRESENTATION_CONTEXT() REPRESENTATION_CONTEXT('2D SPACE',''
  ) );
#4539 = PCURVE('',#4540,#4545);
#4540 = PLANE('',#4541);
#4541 = AXIS2_PLACEMENT_3D('',#4542,#4543,#4544);
#4542 = CARTESIAN_POINT('',(-168.8394631082,65.209444381444,1.));
#4543 = DIRECTION('',(0.,0.,1.));
#4544 = DIRECTION('',(1.,0.,-0.));
#4545 = DEFINITIONAL_REPRESENTATION('',(#4546),#4549);
#4546 = B_SPLINE_CURVE_WITH_KNOTS('',1,(#4547,#4548),.UNSPECIFIED.,.F.,
  .F.,(2,2),(0.,3.289409203406),.PIECEWISE_BEZIER_KNOTS.);
#4547 = CARTESIAN_POINT('',(1.150803440268,0.746556900295));
#4548 = CARTESIAN_POINT('',(-1.493865138833,-1.209444381444));
#4549 = ( GEOMETRIC_REPRESENTATION_CONTEXT(2) 
PARAMETRIC_REPRESENTATION_CONTEXT() REPRESENTATION_CONTEXT('2D SPACE',''
  ) );
#4550 = ORIENTED_EDGE('',*,*,#4468,.F.);
#4551 = ORIENTED_EDGE('',*,*,#4552,.T.);
#4552 = EDGE_CURVE('',#4469,#4525,#4553,.T.);
#4553 = SURFACE_CURVE('',#4554,(#4558,#4565),.PCURVE_S1.);
#4554 = LINE('',#4555,#4556);
#4555 = CARTESIAN_POINT('',(-167.9759979248,65.463996887207,1.));
#4556 = VECTOR('',#4557,1.);
#4557 = DIRECTION('',(0.504310555065,0.863522358744,0.));
#4558 = PCURVE('',#4484,#4559);
#4559 = DEFINITIONAL_REPRESENTATION('',(#4560),#4564);
#4560 = LINE('',#4561,#4562);
#4561 = CARTESIAN_POINT('',(0.993861927672,0.526027915275));
#4562 = VECTOR('',#4563,1.);
#4563 = DIRECTION('',(0.504310555065,0.863522358744));
#4564 = ( GEOMETRIC_REPRESENTATION_CONTEXT(2) 
PARAMETRIC_REPRESENTATION_CONTEXT() REPRESENTATION_CONTEXT('2D SPACE',''
  ) );
#4565 = PCURVE('',#4566,#4571);
#4566 = PLANE('',#4567);
#4567 = AXIS2_PLACEMENT_3D('',#4568,#4569,#4570);
#4568 = CARTESIAN_POINT('',(-167.8941307501,65.604176653527,
    0.122547412784));
#4569 = DIRECTION('',(0.863522358744,-0.504310555065,1.830480330989E-17)
  );
#4570 = DIRECTION('',(0.504310555065,0.863522358744,0.));
#4571 = DEFINITIONAL_REPRESENTATION('',(#4572),#4575);
#4572 = B_SPLINE_CURVE_WITH_KNOTS('',1,(#4573,#4574),.UNSPECIFIED.,.F.,
  .F.,(2,2),(0.,0.569764511074),.PIECEWISE_BEZIER_KNOTS.);
#4573 = CARTESIAN_POINT('',(-0.162334842753,0.877452587216));
#4574 = CARTESIAN_POINT('',(0.407429668322,0.877452587216));
#4575 = ( GEOMETRIC_REPRESENTATION_CONTEXT(2) 
PARAMETRIC_REPRESENTATION_CONTEXT() REPRESENTATION_CONTEXT('2D SPACE',''
  ) );
#4576 = ADVANCED_FACE('',(#4577),#4540,.T.);
#4577 = FACE_BOUND('',#4578,.T.);
#4578 = EDGE_LOOP('',(#4579,#4606,#4626));
#4579 = ORIENTED_EDGE('',*,*,#4580,.T.);
#4580 = EDGE_CURVE('',#4525,#4581,#4583,.T.);
#4581 = VERTEX_POINT('',#4582);
#4582 = CARTESIAN_POINT('',(-167.4466705322,66.5,1.));
#4583 = SURFACE_CURVE('',#4584,(#4588,#4595),.PCURVE_S1.);
#4584 = LINE('',#4585,#4586);
#4585 = CARTESIAN_POINT('',(-167.6886596679,65.956001281738,1.));
#4586 = VECTOR('',#4587,1.);
#4587 = DIRECTION('',(0.406435677424,0.913679396789,0.));
#4588 = PCURVE('',#4540,#4589);
#4589 = DEFINITIONAL_REPRESENTATION('',(#4590),#4594);
#4590 = LINE('',#4591,#4592);
#4591 = CARTESIAN_POINT('',(1.150803440268,0.746556900295));
#4592 = VECTOR('',#4593,1.);
#4593 = DIRECTION('',(0.406435677424,0.913679396789));
#4594 = ( GEOMETRIC_REPRESENTATION_CONTEXT(2) 
PARAMETRIC_REPRESENTATION_CONTEXT() REPRESENTATION_CONTEXT('2D SPACE',''
  ) );
#4595 = PCURVE('',#4596,#4601);
#4596 = PLANE('',#4597);
#4597 = AXIS2_PLACEMENT_3D('',#4598,#4599,#4600);
#4598 = CARTESIAN_POINT('',(-167.6193485945,66.111814620047,
    0.127162789519));
#4599 = DIRECTION('',(0.913679396789,-0.406435677424,1.824416105188E-17)
  );
#4600 = DIRECTION('',(0.406435677424,0.913679396789,7.703719777549E-34)
  );
#4601 = DEFINITIONAL_REPRESENTATION('',(#4602),#4605);
#4602 = B_SPLINE_CURVE_WITH_KNOTS('',1,(#4603,#4604),.UNSPECIFIED.,.F.,
  .F.,(2,2),(0.,0.59539343907),.PIECEWISE_BEZIER_KNOTS.);
#4603 = CARTESIAN_POINT('',(-0.170533930016,0.872837210481));
#4604 = CARTESIAN_POINT('',(0.424859509054,0.872837210481));
#4605 = ( GEOMETRIC_REPRESENTATION_CONTEXT(2) 
PARAMETRIC_REPRESENTATION_CONTEXT() REPRESENTATION_CONTEXT('2D SPACE',''
  ) );
#4606 = ORIENTED_EDGE('',*,*,#4607,.T.);
#4607 = EDGE_CURVE('',#4581,#2594,#4608,.T.);
#4608 = SURFACE_CURVE('',#4609,(#4613,#4620),.PCURVE_S1.);
#4609 = LINE('',#4610,#4611);
#4610 = CARTESIAN_POINT('',(-167.4466705322,66.5,1.));
#4611 = VECTOR('',#4612,1.);
#4612 = DIRECTION('',(-0.75591843785,-0.654665804299,0.));
#4613 = PCURVE('',#4540,#4614);
#4614 = DEFINITIONAL_REPRESENTATION('',(#4615),#4619);
#4615 = LINE('',#4616,#4617);
#4616 = CARTESIAN_POINT('',(1.39279257601,1.290555618556));
#4617 = VECTOR('',#4618,1.);
#4618 = DIRECTION('',(-0.75591843785,-0.654665804299));
#4619 = ( GEOMETRIC_REPRESENTATION_CONTEXT(2) 
PARAMETRIC_REPRESENTATION_CONTEXT() REPRESENTATION_CONTEXT('2D SPACE',''
  ) );
#4620 = PCURVE('',#4091,#4621);
#4621 = DEFINITIONAL_REPRESENTATION('',(#4622),#4625);
#4622 = B_SPLINE_CURVE_WITH_KNOTS('',1,(#4623,#4624),.UNSPECIFIED.,.F.,
  .F.,(2,2),(0.,3.81874230116),.PIECEWISE_BEZIER_KNOTS.);
#4623 = CARTESIAN_POINT('',(1.287445952897,0.996121546411));
#4624 = CARTESIAN_POINT('',(-1.599211761947,-1.503878453589));
#4625 = ( GEOMETRIC_REPRESENTATION_CONTEXT(2) 
PARAMETRIC_REPRESENTATION_CONTEXT() REPRESENTATION_CONTEXT('2D SPACE',''
  ) );
#4626 = ORIENTED_EDGE('',*,*,#4524,.F.);
#4627 = ADVANCED_FACE('',(#4628),#4091,.T.);
#4628 = FACE_BOUND('',#4629,.T.);
#4629 = EDGE_LOOP('',(#4630,#4655,#4656));
#4630 = ORIENTED_EDGE('',*,*,#4631,.T.);
#4631 = EDGE_CURVE('',#4581,#4051,#4632,.T.);
#4632 = SURFACE_CURVE('',#4633,(#4637,#4644),.PCURVE_S1.);
#4633 = LINE('',#4634,#4635);
#4634 = CARTESIAN_POINT('',(-167.4466705322,66.5,1.));
#4635 = VECTOR('',#4636,1.);
#4636 = DIRECTION('',(0.311863961368,0.950126765016,0.));
#4637 = PCURVE('',#4091,#4638);
#4638 = DEFINITIONAL_REPRESENTATION('',(#4639),#4643);
#4639 = LINE('',#4640,#4641);
#4640 = CARTESIAN_POINT('',(1.287445952897,0.996121546411));
#4641 = VECTOR('',#4642,1.);
#4642 = DIRECTION('',(0.311863961368,0.950126765016));
#4643 = ( GEOMETRIC_REPRESENTATION_CONTEXT(2) 
PARAMETRIC_REPRESENTATION_CONTEXT() REPRESENTATION_CONTEXT('2D SPACE',''
  ) );
#4644 = PCURVE('',#4645,#4650);
#4645 = PLANE('',#4646);
#4646 = AXIS2_PLACEMENT_3D('',#4647,#4648,#4649);
#4647 = CARTESIAN_POINT('',(-167.3912321357,66.668898977936,
    0.131140411545));
#4648 = DIRECTION('',(0.950126765016,-0.311863961368,-9.096950131012E-18
    ));
#4649 = DIRECTION('',(0.311863961368,0.950126765016,3.851859888774E-34)
  );
#4650 = DEFINITIONAL_REPRESENTATION('',(#4651),#4654);
#4651 = B_SPLINE_CURVE_WITH_KNOTS('',1,(#4652,#4653),.UNSPECIFIED.,.F.,
  .F.,(2,2),(0.,0.617810178024),.PIECEWISE_BEZIER_KNOTS.);
#4652 = CARTESIAN_POINT('',(-0.177764677467,0.868859588455));
#4653 = CARTESIAN_POINT('',(0.440045500557,0.868859588455));
#4654 = ( GEOMETRIC_REPRESENTATION_CONTEXT(2) 
PARAMETRIC_REPRESENTATION_CONTEXT() REPRESENTATION_CONTEXT('2D SPACE',''
  ) );
#4655 = ORIENTED_EDGE('',*,*,#4078,.T.);
#4656 = ORIENTED_EDGE('',*,*,#4607,.F.);
#4657 = ADVANCED_FACE('',(#4658),#3637,.T.);
#4658 = FACE_BOUND('',#4659,.T.);
#4659 = EDGE_LOOP('',(#4660,#4687,#4688));
#4660 = ORIENTED_EDGE('',*,*,#4661,.T.);
#4661 = EDGE_CURVE('',#4662,#3596,#4664,.T.);
#4662 = VERTEX_POINT('',#4663);
#4663 = CARTESIAN_POINT('',(-167.,69.,-1.));
#4664 = SURFACE_CURVE('',#4665,(#4669,#4676),.PCURVE_S1.);
#4665 = LINE('',#4666,#4667);
#4666 = CARTESIAN_POINT('',(-167.,69.,-1.));
#4667 = VECTOR('',#4668,1.);
#4668 = DIRECTION('',(-1.362638840533E-02,0.310346616182,0.950525801524)
  );
#4669 = PCURVE('',#3637,#4670);
#4670 = DEFINITIONAL_REPRESENTATION('',(#4671),#4675);
#4671 = LINE('',#4672,#4673);
#4672 = CARTESIAN_POINT('',(-0.189431900192,-1.137382604532));
#4673 = VECTOR('',#4674,1.);
#4674 = DIRECTION('',(0.310645619053,0.950525801524));
#4675 = ( GEOMETRIC_REPRESENTATION_CONTEXT(2) 
PARAMETRIC_REPRESENTATION_CONTEXT() REPRESENTATION_CONTEXT('2D SPACE',''
  ) );
#4676 = PCURVE('',#4677,#4682);
#4677 = PLANE('',#4678);
#4678 = AXIS2_PLACEMENT_3D('',#4679,#4680,#4681);
#4679 = CARTESIAN_POINT('',(-167.0203618841,69.463750309882,
    -0.137382604532));
#4680 = DIRECTION('',(0.999037479197,4.386473708171E-02,
    2.243222023684E-18));
#4681 = DIRECTION('',(-4.386473708171E-02,0.999037479197,
    -1.203706215242E-35));
#4682 = DEFINITIONAL_REPRESENTATION('',(#4683),#4686);
#4683 = B_SPLINE_CURVE_WITH_KNOTS('',1,(#4684,#4685),.UNSPECIFIED.,.F.,
  .F.,(2,2),(0.,2.10409859132),.PIECEWISE_BEZIER_KNOTS.);
#4684 = CARTESIAN_POINT('',(-0.464197109257,-0.862617395468));
#4685 = CARTESIAN_POINT('',(0.189431900192,1.137382604532));
#4686 = ( GEOMETRIC_REPRESENTATION_CONTEXT(2) 
PARAMETRIC_REPRESENTATION_CONTEXT() REPRESENTATION_CONTEXT('2D SPACE',''
  ) );
#4687 = ORIENTED_EDGE('',*,*,#3623,.F.);
#4688 = ORIENTED_EDGE('',*,*,#4689,.T.);
#4689 = EDGE_CURVE('',#3540,#4662,#4690,.T.);
#4690 = SURFACE_CURVE('',#4691,(#4695,#4702),.PCURVE_S1.);
#4691 = LINE('',#4692,#4693);
#4692 = CARTESIAN_POINT('',(-167.,69.,1.));
#4693 = VECTOR('',#4694,1.);
#4694 = DIRECTION('',(0.,0.,-1.));
#4695 = PCURVE('',#3637,#4696);
#4696 = DEFINITIONAL_REPRESENTATION('',(#4697),#4701);
#4697 = LINE('',#4698,#4699);
#4698 = CARTESIAN_POINT('',(-0.189431900192,0.862617395468));
#4699 = VECTOR('',#4700,1.);
#4700 = DIRECTION('',(0.,-1.));
#4701 = ( GEOMETRIC_REPRESENTATION_CONTEXT(2) 
PARAMETRIC_REPRESENTATION_CONTEXT() REPRESENTATION_CONTEXT('2D SPACE',''
  ) );
#4702 = PCURVE('',#3581,#4703);
#4703 = DEFINITIONAL_REPRESENTATION('',(#4704),#4707);
#4704 = B_SPLINE_CURVE_WITH_KNOTS('',1,(#4705,#4706),.UNSPECIFIED.,.F.,
  .F.,(2,2),(0.,2.),.PIECEWISE_BEZIER_KNOTS.);
#4705 = CARTESIAN_POINT('',(0.189431900192,0.862617395468));
#4706 = CARTESIAN_POINT('',(0.189431900192,-1.137382604532));
#4707 = ( GEOMETRIC_REPRESENTATION_CONTEXT(2) 
PARAMETRIC_REPRESENTATION_CONTEXT() REPRESENTATION_CONTEXT('2D SPACE',''
  ) );
#4708 = ADVANCED_FACE('',(#4709),#4677,.T.);
#4709 = FACE_BOUND('',#4710,.T.);
#4710 = EDGE_LOOP('',(#4711,#4733,#4734));
#4711 = ORIENTED_EDGE('',*,*,#4712,.T.);
#4712 = EDGE_CURVE('',#4713,#3596,#4715,.T.);
#4713 = VERTEX_POINT('',#4714);
#4714 = CARTESIAN_POINT('',(-167.0286712646,69.65299987793,-1.));
#4715 = SURFACE_CURVE('',#4716,(#4720,#4727),.PCURVE_S1.);
#4716 = LINE('',#4717,#4718);
#4717 = CARTESIAN_POINT('',(-167.0286712646,69.65299987793,-1.));
#4718 = VECTOR('',#4719,1.);
#4719 = DIRECTION('',(0.,0.,1.));
#4720 = PCURVE('',#4677,#4721);
#4721 = DEFINITIONAL_REPRESENTATION('',(#4722),#4726);
#4722 = LINE('',#4723,#4724);
#4723 = CARTESIAN_POINT('',(0.189431900192,-0.862617395468));
#4724 = VECTOR('',#4725,1.);
#4725 = DIRECTION('',(-1.203706215242E-35,1.));
#4726 = ( GEOMETRIC_REPRESENTATION_CONTEXT(2) 
PARAMETRIC_REPRESENTATION_CONTEXT() REPRESENTATION_CONTEXT('2D SPACE',''
  ) );
#4727 = PCURVE('',#3693,#4728);
#4728 = DEFINITIONAL_REPRESENTATION('',(#4729),#4732);
#4729 = B_SPLINE_CURVE_WITH_KNOTS('',1,(#4730,#4731),.UNSPECIFIED.,.F.,
  .F.,(2,2),(0.,2.),.PIECEWISE_BEZIER_KNOTS.);
#4730 = CARTESIAN_POINT('',(-0.187119930608,-1.136162496729));
#4731 = CARTESIAN_POINT('',(-0.187119930608,0.863837503271));
#4732 = ( GEOMETRIC_REPRESENTATION_CONTEXT(2) 
PARAMETRIC_REPRESENTATION_CONTEXT() REPRESENTATION_CONTEXT('2D SPACE',''
  ) );
#4733 = ORIENTED_EDGE('',*,*,#4661,.F.);
#4734 = ORIENTED_EDGE('',*,*,#4735,.T.);
#4735 = EDGE_CURVE('',#4662,#4713,#4736,.T.);
#4736 = SURFACE_CURVE('',#4737,(#4741,#4748),.PCURVE_S1.);
#4737 = LINE('',#4738,#4739);
#4738 = CARTESIAN_POINT('',(-167.,69.,-1.));
#4739 = VECTOR('',#4740,1.);
#4740 = DIRECTION('',(-4.386473708171E-02,0.999037479197,0.));
#4741 = PCURVE('',#4677,#4742);
#4742 = DEFINITIONAL_REPRESENTATION('',(#4743),#4747);
#4743 = LINE('',#4744,#4745);
#4744 = CARTESIAN_POINT('',(-0.464197109257,-0.862617395468));
#4745 = VECTOR('',#4746,1.);
#4746 = DIRECTION('',(1.,3.963960393009E-35));
#4747 = ( GEOMETRIC_REPRESENTATION_CONTEXT(2) 
PARAMETRIC_REPRESENTATION_CONTEXT() REPRESENTATION_CONTEXT('2D SPACE',''
  ) );
#4748 = PCURVE('',#4749,#4754);
#4749 = PLANE('',#4750);
#4750 = AXIS2_PLACEMENT_3D('',#4751,#4752,#4753);
#4751 = CARTESIAN_POINT('',(-168.5840362343,71.529875595519,-1.));
#4752 = DIRECTION('',(-0.,-0.,-1.));
#4753 = DIRECTION('',(-1.,0.,0.));
#4754 = DEFINITIONAL_REPRESENTATION('',(#4755),#4758);
#4755 = B_SPLINE_CURVE_WITH_KNOTS('',1,(#4756,#4757),.UNSPECIFIED.,.F.,
  .F.,(2,2),(0.,0.653629009449),.PIECEWISE_BEZIER_KNOTS.);
#4756 = CARTESIAN_POINT('',(-1.58403623438,-2.529875595519));
#4757 = CARTESIAN_POINT('',(-1.555364969732,-1.876875717589));
#4758 = ( GEOMETRIC_REPRESENTATION_CONTEXT(2) 
PARAMETRIC_REPRESENTATION_CONTEXT() REPRESENTATION_CONTEXT('2D SPACE',''
  ) );
#4759 = ADVANCED_FACE('',(#4760),#4291,.T.);
#4760 = FACE_BOUND('',#4761,.T.);
#4761 = EDGE_LOOP('',(#4762,#4763,#4788));
#4762 = ORIENTED_EDGE('',*,*,#4277,.F.);
#4763 = ORIENTED_EDGE('',*,*,#4764,.F.);
#4764 = EDGE_CURVE('',#4389,#4141,#4765,.T.);
#4765 = SURFACE_CURVE('',#4766,(#4770,#4776),.PCURVE_S1.);
#4766 = LINE('',#4767,#4768);
#4767 = CARTESIAN_POINT('',(-168.6666717529,64.669998168945,-1.));
#4768 = VECTOR('',#4769,1.);
#4769 = DIRECTION('',(-0.190120073367,-0.140406854463,0.971668808248));
#4770 = PCURVE('',#4291,#4771);
#4771 = DEFINITIONAL_REPRESENTATION('',(#4772),#4775);
#4772 = B_SPLINE_CURVE_WITH_KNOTS('',1,(#4773,#4774),.UNSPECIFIED.,.F.,
  .F.,(2,2),(0.,2.058314502866),.PIECEWISE_BEZIER_KNOTS.);
#4773 = CARTESIAN_POINT('',(-0.136197547124,1.107040295691));
#4774 = CARTESIAN_POINT('',(0.350278138505,-0.892959704309));
#4775 = ( GEOMETRIC_REPRESENTATION_CONTEXT(2) 
PARAMETRIC_REPRESENTATION_CONTEXT() REPRESENTATION_CONTEXT('2D SPACE',''
  ) );
#4776 = PCURVE('',#4777,#4782);
#4777 = PLANE('',#4778);
#4778 = AXIS2_PLACEMENT_3D('',#4779,#4780,#4781);
#4779 = CARTESIAN_POINT('',(-168.9484397089,64.461907820093,
    -0.107040295691));
#4780 = DIRECTION('',(0.594071756063,-0.804412051531,-0.));
#4781 = DIRECTION('',(-0.804412051531,-0.594071756063,0.));
#4782 = DEFINITIONAL_REPRESENTATION('',(#4783),#4787);
#4783 = LINE('',#4784,#4785);
#4784 = CARTESIAN_POINT('',(-0.350278138505,0.892959704309));
#4785 = VECTOR('',#4786,1.);
#4786 = DIRECTION('',(0.236346624849,-0.971668808248));
#4787 = ( GEOMETRIC_REPRESENTATION_CONTEXT(2) 
PARAMETRIC_REPRESENTATION_CONTEXT() REPRESENTATION_CONTEXT('2D SPACE',''
  ) );
#4788 = ORIENTED_EDGE('',*,*,#4388,.F.);
#4789 = ADVANCED_FACE('',(#4790),#4777,.T.);
#4790 = FACE_BOUND('',#4791,.T.);
#4791 = EDGE_LOOP('',(#4792,#4793,#4815));
#4792 = ORIENTED_EDGE('',*,*,#4764,.T.);
#4793 = ORIENTED_EDGE('',*,*,#4794,.T.);
#4794 = EDGE_CURVE('',#4141,#4795,#4797,.T.);
#4795 = VERTEX_POINT('',#4796);
#4796 = CARTESIAN_POINT('',(-169.0579986572,64.380996704102,-1.));
#4797 = SURFACE_CURVE('',#4798,(#4802,#4809),.PCURVE_S1.);
#4798 = LINE('',#4799,#4800);
#4799 = CARTESIAN_POINT('',(-169.0579986572,64.380996704102,1.));
#4800 = VECTOR('',#4801,1.);
#4801 = DIRECTION('',(0.,0.,-1.));
#4802 = PCURVE('',#4777,#4803);
#4803 = DEFINITIONAL_REPRESENTATION('',(#4804),#4808);
#4804 = LINE('',#4805,#4806);
#4805 = CARTESIAN_POINT('',(0.136197547124,-1.107040295691));
#4806 = VECTOR('',#4807,1.);
#4807 = DIRECTION('',(-0.,1.));
#4808 = ( GEOMETRIC_REPRESENTATION_CONTEXT(2) 
PARAMETRIC_REPRESENTATION_CONTEXT() REPRESENTATION_CONTEXT('2D SPACE',''
  ) );
#4809 = PCURVE('',#4156,#4810);
#4810 = DEFINITIONAL_REPRESENTATION('',(#4811),#4814);
#4811 = B_SPLINE_CURVE_WITH_KNOTS('',1,(#4812,#4813),.UNSPECIFIED.,.F.,
  .F.,(2,2),(0.,2.),.PIECEWISE_BEZIER_KNOTS.);
#4812 = CARTESIAN_POINT('',(-0.129122422568,-0.897378937758));
#4813 = CARTESIAN_POINT('',(-0.129122422568,1.102621062242));
#4814 = ( GEOMETRIC_REPRESENTATION_CONTEXT(2) 
PARAMETRIC_REPRESENTATION_CONTEXT() REPRESENTATION_CONTEXT('2D SPACE',''
  ) );
#4815 = ORIENTED_EDGE('',*,*,#4816,.T.);
#4816 = EDGE_CURVE('',#4795,#4389,#4817,.T.);
#4817 = SURFACE_CURVE('',#4818,(#4822,#4829),.PCURVE_S1.);
#4818 = LINE('',#4819,#4820);
#4819 = CARTESIAN_POINT('',(-169.0579986572,64.380996704102,-1.));
#4820 = VECTOR('',#4821,1.);
#4821 = DIRECTION('',(0.804412051531,0.594071756063,0.));
#4822 = PCURVE('',#4777,#4823);
#4823 = DEFINITIONAL_REPRESENTATION('',(#4824),#4828);
#4824 = LINE('',#4825,#4826);
#4825 = CARTESIAN_POINT('',(0.136197547124,0.892959704309));
#4826 = VECTOR('',#4827,1.);
#4827 = DIRECTION('',(-1.,0.));
#4828 = ( GEOMETRIC_REPRESENTATION_CONTEXT(2) 
PARAMETRIC_REPRESENTATION_CONTEXT() REPRESENTATION_CONTEXT('2D SPACE',''
  ) );
#4829 = PCURVE('',#4830,#4835);
#4830 = PLANE('',#4831);
#4831 = AXIS2_PLACEMENT_3D('',#4832,#4833,#4834);
#4832 = CARTESIAN_POINT('',(-169.5807607153,69.144743540518,-1.));
#4833 = DIRECTION('',(-0.,-0.,-1.));
#4834 = DIRECTION('',(-1.,0.,0.));
#4835 = DEFINITIONAL_REPRESENTATION('',(#4836),#4839);
#4836 = B_SPLINE_CURVE_WITH_KNOTS('',1,(#4837,#4838),.UNSPECIFIED.,.F.,
  .F.,(2,2),(0.,0.486475685629),.PIECEWISE_BEZIER_KNOTS.);
#4837 = CARTESIAN_POINT('',(-0.522762058087,-4.763746836417));
#4838 = CARTESIAN_POINT('',(-0.914088962384,-4.474745371573));
#4839 = ( GEOMETRIC_REPRESENTATION_CONTEXT(2) 
PARAMETRIC_REPRESENTATION_CONTEXT() REPRESENTATION_CONTEXT('2D SPACE',''
  ) );
#4840 = ADVANCED_FACE('',(#4841),#3693,.T.);
#4841 = FACE_BOUND('',#4842,.T.);
#4842 = EDGE_LOOP('',(#4843,#4863,#4864));
#4843 = ORIENTED_EDGE('',*,*,#4844,.T.);
#4844 = EDGE_CURVE('',#4713,#3652,#4845,.T.);
#4845 = SURFACE_CURVE('',#4846,(#4850,#4857),.PCURVE_S1.);
#4846 = LINE('',#4847,#4848);
#4847 = CARTESIAN_POINT('',(-167.0286712646,69.65299987793,-1.));
#4848 = VECTOR('',#4849,1.);
#4849 = DIRECTION('',(-4.027554256233E-02,0.304959468228,0.95151332277)
  );
#4850 = PCURVE('',#3693,#4851);
#4851 = DEFINITIONAL_REPRESENTATION('',(#4852),#4856);
#4852 = LINE('',#4853,#4854);
#4853 = CARTESIAN_POINT('',(-0.187119930608,-1.136162496729));
#4854 = VECTOR('',#4855,1.);
#4855 = DIRECTION('',(0.307607536629,0.95151332277));
#4856 = ( GEOMETRIC_REPRESENTATION_CONTEXT(2) 
PARAMETRIC_REPRESENTATION_CONTEXT() REPRESENTATION_CONTEXT('2D SPACE',''
  ) );
#4857 = PCURVE('',#4006,#4858);
#4858 = DEFINITIONAL_REPRESENTATION('',(#4859),#4862);
#4859 = B_SPLINE_CURVE_WITH_KNOTS('',1,(#4860,#4861),.UNSPECIFIED.,.F.,
  .F.,(2,2),(0.,2.101914867757),.PIECEWISE_BEZIER_KNOTS.);
#4860 = CARTESIAN_POINT('',(-0.459444924066,-0.863837503271));
#4861 = CARTESIAN_POINT('',(0.187119930608,1.136162496729));
#4862 = ( GEOMETRIC_REPRESENTATION_CONTEXT(2) 
PARAMETRIC_REPRESENTATION_CONTEXT() REPRESENTATION_CONTEXT('2D SPACE',''
  ) );
#4863 = ORIENTED_EDGE('',*,*,#3679,.F.);
#4864 = ORIENTED_EDGE('',*,*,#4712,.F.);
#4865 = ADVANCED_FACE('',(#4866),#4006,.T.);
#4866 = FACE_BOUND('',#4867,.T.);
#4867 = EDGE_LOOP('',(#4868,#4869,#4870));
#4868 = ORIENTED_EDGE('',*,*,#3992,.F.);
#4869 = ORIENTED_EDGE('',*,*,#4844,.F.);
#4870 = ORIENTED_EDGE('',*,*,#4871,.T.);
#4871 = EDGE_CURVE('',#4713,#3970,#4872,.T.);
#4872 = SURFACE_CURVE('',#4873,(#4877,#4884),.PCURVE_S1.);
#4873 = LINE('',#4874,#4875);
#4874 = CARTESIAN_POINT('',(-167.0286712646,69.65299987793,-1.));
#4875 = VECTOR('',#4876,1.);
#4876 = DIRECTION('',(-0.130931585759,0.99139140598,0.));
#4877 = PCURVE('',#4006,#4878);
#4878 = DEFINITIONAL_REPRESENTATION('',(#4879),#4883);
#4879 = LINE('',#4880,#4881);
#4880 = CARTESIAN_POINT('',(-0.459444924066,-0.863837503271));
#4881 = VECTOR('',#4882,1.);
#4882 = DIRECTION('',(1.,0.));
#4883 = ( GEOMETRIC_REPRESENTATION_CONTEXT(2) 
PARAMETRIC_REPRESENTATION_CONTEXT() REPRESENTATION_CONTEXT('2D SPACE',''
  ) );
#4884 = PCURVE('',#4885,#4890);
#4885 = PLANE('',#4886);
#4886 = AXIS2_PLACEMENT_3D('',#4887,#4888,#4889);
#4887 = CARTESIAN_POINT('',(-168.6053714277,71.860575592793,-1.));
#4888 = DIRECTION('',(-0.,-0.,-1.));
#4889 = DIRECTION('',(-1.,0.,0.));
#4890 = DEFINITIONAL_REPRESENTATION('',(#4891),#4894);
#4891 = B_SPLINE_CURVE_WITH_KNOTS('',1,(#4892,#4893),.UNSPECIFIED.,.F.,
  .F.,(2,2),(0.,0.646564854674),.PIECEWISE_BEZIER_KNOTS.);
#4892 = CARTESIAN_POINT('',(-1.576700163086,-2.207575714863));
#4893 = CARTESIAN_POINT('',(-1.492044401367,-1.566576874531));
#4894 = ( GEOMETRIC_REPRESENTATION_CONTEXT(2) 
PARAMETRIC_REPRESENTATION_CONTEXT() REPRESENTATION_CONTEXT('2D SPACE',''
  ) );
#4895 = ADVANCED_FACE('',(#4896),#4156,.T.);
#4896 = FACE_BOUND('',#4897,.T.);
#4897 = EDGE_LOOP('',(#4898,#4899,#4924));
#4898 = ORIENTED_EDGE('',*,*,#4140,.F.);
#4899 = ORIENTED_EDGE('',*,*,#4900,.F.);
#4900 = EDGE_CURVE('',#4795,#4109,#4901,.T.);
#4901 = SURFACE_CURVE('',#4902,(#4906,#4912),.PCURVE_S1.);
#4902 = LINE('',#4903,#4904);
#4903 = CARTESIAN_POINT('',(-169.0579986572,64.380996704102,-1.));
#4904 = VECTOR('',#4905,1.);
#4905 = DIRECTION('',(-0.201009938294,-0.102775575031,0.974182829804));
#4906 = PCURVE('',#4156,#4907);
#4907 = DEFINITIONAL_REPRESENTATION('',(#4908),#4911);
#4908 = B_SPLINE_CURVE_WITH_KNOTS('',1,(#4909,#4910),.UNSPECIFIED.,.F.,
  .F.,(2,2),(0.,2.053002720653),.PIECEWISE_BEZIER_KNOTS.);
#4909 = CARTESIAN_POINT('',(-0.129122422568,1.102621062242));
#4910 = CARTESIAN_POINT('',(0.334364547052,-0.897378937758));
#4911 = ( GEOMETRIC_REPRESENTATION_CONTEXT(2) 
PARAMETRIC_REPRESENTATION_CONTEXT() REPRESENTATION_CONTEXT('2D SPACE',''
  ) );
#4912 = PCURVE('',#4913,#4918);
#4913 = PLANE('',#4914);
#4914 = AXIS2_PLACEMENT_3D('',#4915,#4916,#4917);
#4915 = CARTESIAN_POINT('',(-169.3557061387,64.228780063159,
    -0.102621062242));
#4916 = DIRECTION('',(0.455241568774,-0.89036796554,-0.));
#4917 = DIRECTION('',(-0.89036796554,-0.455241568774,0.));
#4918 = DEFINITIONAL_REPRESENTATION('',(#4919),#4923);
#4919 = LINE('',#4920,#4921);
#4920 = CARTESIAN_POINT('',(-0.334364547052,0.897378937758));
#4921 = VECTOR('',#4922,1.);
#4922 = DIRECTION('',(0.225760523821,-0.974182829804));
#4923 = ( GEOMETRIC_REPRESENTATION_CONTEXT(2) 
PARAMETRIC_REPRESENTATION_CONTEXT() REPRESENTATION_CONTEXT('2D SPACE',''
  ) );
#4924 = ORIENTED_EDGE('',*,*,#4794,.F.);
#4925 = ADVANCED_FACE('',(#4926),#4913,.T.);
#4926 = FACE_BOUND('',#4927,.T.);
#4927 = EDGE_LOOP('',(#4928,#4929,#4951));
#4928 = ORIENTED_EDGE('',*,*,#4900,.T.);
#4929 = ORIENTED_EDGE('',*,*,#4930,.T.);
#4930 = EDGE_CURVE('',#4109,#4931,#4933,.T.);
#4931 = VERTEX_POINT('',#4932);
#4932 = CARTESIAN_POINT('',(-169.4706726074,64.169998168945,-1.));
#4933 = SURFACE_CURVE('',#4934,(#4938,#4945),.PCURVE_S1.);
#4934 = LINE('',#4935,#4936);
#4935 = CARTESIAN_POINT('',(-169.4706726074,64.169998168945,1.));
#4936 = VECTOR('',#4937,1.);
#4937 = DIRECTION('',(0.,0.,-1.));
#4938 = PCURVE('',#4913,#4939);
#4939 = DEFINITIONAL_REPRESENTATION('',(#4940),#4944);
#4940 = LINE('',#4941,#4942);
#4941 = CARTESIAN_POINT('',(0.129122422568,-1.102621062242));
#4942 = VECTOR('',#4943,1.);
#4943 = DIRECTION('',(-0.,1.));
#4944 = ( GEOMETRIC_REPRESENTATION_CONTEXT(2) 
PARAMETRIC_REPRESENTATION_CONTEXT() REPRESENTATION_CONTEXT('2D SPACE',''
  ) );
#4945 = PCURVE('',#4129,#4946);
#4946 = DEFINITIONAL_REPRESENTATION('',(#4947),#4950);
#4947 = B_SPLINE_CURVE_WITH_KNOTS('',1,(#4948,#4949),.UNSPECIFIED.,.F.,
  .F.,(2,2),(0.,2.),.PIECEWISE_BEZIER_KNOTS.);
#4948 = CARTESIAN_POINT('',(-0.123719001495,-0.900821522834));
#4949 = CARTESIAN_POINT('',(-0.123719001495,1.099178477166));
#4950 = ( GEOMETRIC_REPRESENTATION_CONTEXT(2) 
PARAMETRIC_REPRESENTATION_CONTEXT() REPRESENTATION_CONTEXT('2D SPACE',''
  ) );
#4951 = ORIENTED_EDGE('',*,*,#4952,.T.);
#4952 = EDGE_CURVE('',#4931,#4795,#4953,.T.);
#4953 = SURFACE_CURVE('',#4954,(#4958,#4965),.PCURVE_S1.);
#4954 = LINE('',#4955,#4956);
#4955 = CARTESIAN_POINT('',(-169.4706726074,64.169998168945,-1.));
#4956 = VECTOR('',#4957,1.);
#4957 = DIRECTION('',(0.89036796554,0.455241568774,0.));
#4958 = PCURVE('',#4913,#4959);
#4959 = DEFINITIONAL_REPRESENTATION('',(#4960),#4964);
#4960 = LINE('',#4961,#4962);
#4961 = CARTESIAN_POINT('',(0.129122422568,0.897378937758));
#4962 = VECTOR('',#4963,1.);
#4963 = DIRECTION('',(-1.,0.));
#4964 = ( GEOMETRIC_REPRESENTATION_CONTEXT(2) 
PARAMETRIC_REPRESENTATION_CONTEXT() REPRESENTATION_CONTEXT('2D SPACE',''
  ) );
#4965 = PCURVE('',#4966,#4971);
#4966 = PLANE('',#4967);
#4967 = AXIS2_PLACEMENT_3D('',#4968,#4969,#4970);
#4968 = CARTESIAN_POINT('',(-169.7873142613,69.024829568476,-1.));
#4969 = DIRECTION('',(-0.,-0.,-1.));
#4970 = DIRECTION('',(-1.,0.,0.));
#4971 = DEFINITIONAL_REPRESENTATION('',(#4972),#4975);
#4972 = B_SPLINE_CURVE_WITH_KNOTS('',1,(#4973,#4974),.UNSPECIFIED.,.F.,
  .F.,(2,2),(0.,0.46348696962),.PIECEWISE_BEZIER_KNOTS.);
#4973 = CARTESIAN_POINT('',(-0.316641653879,-4.854831399531));
#4974 = CARTESIAN_POINT('',(-0.729315604074,-4.643832864375));
#4975 = ( GEOMETRIC_REPRESENTATION_CONTEXT(2) 
PARAMETRIC_REPRESENTATION_CONTEXT() REPRESENTATION_CONTEXT('2D SPACE',''
  ) );
#4976 = ADVANCED_FACE('',(#4977),#4129,.T.);
#4977 = FACE_BOUND('',#4978,.T.);
#4978 = EDGE_LOOP('',(#4979,#4980,#5005));
#4979 = ORIENTED_EDGE('',*,*,#4106,.F.);
#4980 = ORIENTED_EDGE('',*,*,#4981,.F.);
#4981 = EDGE_CURVE('',#4931,#4107,#4982,.T.);
#4982 = SURFACE_CURVE('',#4983,(#4987,#4993),.PCURVE_S1.);
#4983 = LINE('',#4984,#4985);
#4984 = CARTESIAN_POINT('',(-169.4706726074,64.169998168945,-1.));
#4985 = VECTOR('',#4986,1.);
#4986 = DIRECTION('',(-0.20854342876,-6.19784666157E-02,0.976047287787)
  );
#4987 = PCURVE('',#4129,#4988);
#4988 = DEFINITIONAL_REPRESENTATION('',(#4989),#4992);
#4989 = B_SPLINE_CURVE_WITH_KNOTS('',1,(#4990,#4991),.UNSPECIFIED.,.F.,
  .F.,(2,2),(0.,2.049081048659),.PIECEWISE_BEZIER_KNOTS.);
#4990 = CARTESIAN_POINT('',(-0.123719001495,1.099178477166));
#4991 = CARTESIAN_POINT('',(0.322075955827,-0.900821522834));
#4992 = ( GEOMETRIC_REPRESENTATION_CONTEXT(2) 
PARAMETRIC_REPRESENTATION_CONTEXT() REPRESENTATION_CONTEXT('2D SPACE',''
  ) );
#4993 = PCURVE('',#4994,#4999);
#4994 = PLANE('',#4995);
#4995 = AXIS2_PLACEMENT_3D('',#4996,#4997,#4998);
#4996 = CARTESIAN_POINT('',(-169.7794025833,64.078244568159,
    -9.917847716582E-02));
#4997 = DIRECTION('',(0.284881870647,-0.958562632162,-0.));
#4998 = DIRECTION('',(-0.958562632162,-0.284881870647,0.));
#4999 = DEFINITIONAL_REPRESENTATION('',(#5000),#5004);
#5000 = LINE('',#5001,#5002);
#5001 = CARTESIAN_POINT('',(-0.322075955827,0.900821522834));
#5002 = VECTOR('',#5003,1.);
#5003 = DIRECTION('',(0.217558479502,-0.976047287787));
#5004 = ( GEOMETRIC_REPRESENTATION_CONTEXT(2) 
PARAMETRIC_REPRESENTATION_CONTEXT() REPRESENTATION_CONTEXT('2D SPACE',''
  ) );
#5005 = ORIENTED_EDGE('',*,*,#4930,.F.);
#5006 = ADVANCED_FACE('',(#5007),#4994,.T.);
#5007 = FACE_BOUND('',#5008,.T.);
#5008 = EDGE_LOOP('',(#5009,#5010,#5032));
#5009 = ORIENTED_EDGE('',*,*,#4981,.T.);
#5010 = ORIENTED_EDGE('',*,*,#5011,.T.);
#5011 = EDGE_CURVE('',#4107,#5012,#5014,.T.);
#5012 = VERTEX_POINT('',#5013);
#5013 = CARTESIAN_POINT('',(-169.8979949951,64.042999267578,-1.));
#5014 = SURFACE_CURVE('',#5015,(#5019,#5026),.PCURVE_S1.);
#5015 = LINE('',#5016,#5017);
#5016 = CARTESIAN_POINT('',(-169.8979949951,64.042999267578,1.));
#5017 = VECTOR('',#5018,1.);
#5018 = DIRECTION('',(0.,0.,-1.));
#5019 = PCURVE('',#4994,#5020);
#5020 = DEFINITIONAL_REPRESENTATION('',(#5021),#5025);
#5021 = LINE('',#5022,#5023);
#5022 = CARTESIAN_POINT('',(0.123719001495,-1.099178477166));
#5023 = VECTOR('',#5024,1.);
#5024 = DIRECTION('',(-0.,1.));
#5025 = ( GEOMETRIC_REPRESENTATION_CONTEXT(2) 
PARAMETRIC_REPRESENTATION_CONTEXT() REPRESENTATION_CONTEXT('2D SPACE',''
  ) );
#5026 = PCURVE('',#4234,#5027);
#5027 = DEFINITIONAL_REPRESENTATION('',(#5028),#5031);
#5028 = B_SPLINE_CURVE_WITH_KNOTS('',1,(#5029,#5030),.UNSPECIFIED.,.F.,
  .F.,(2,2),(0.,2.),.PIECEWISE_BEZIER_KNOTS.);
#5029 = CARTESIAN_POINT('',(-0.121183445206,-0.902457602387));
#5030 = CARTESIAN_POINT('',(-0.121183445206,1.097542397613));
#5031 = ( GEOMETRIC_REPRESENTATION_CONTEXT(2) 
PARAMETRIC_REPRESENTATION_CONTEXT() REPRESENTATION_CONTEXT('2D SPACE',''
  ) );
#5032 = ORIENTED_EDGE('',*,*,#5033,.T.);
#5033 = EDGE_CURVE('',#5012,#4931,#5034,.T.);
#5034 = SURFACE_CURVE('',#5035,(#5039,#5046),.PCURVE_S1.);
#5035 = LINE('',#5036,#5037);
#5036 = CARTESIAN_POINT('',(-169.8979949951,64.042999267578,-1.));
#5037 = VECTOR('',#5038,1.);
#5038 = DIRECTION('',(0.958562632162,0.284881870647,0.));
#5039 = PCURVE('',#4994,#5040);
#5040 = DEFINITIONAL_REPRESENTATION('',(#5041),#5045);
#5041 = LINE('',#5042,#5043);
#5042 = CARTESIAN_POINT('',(0.123719001495,0.900821522834));
#5043 = VECTOR('',#5044,1.);
#5044 = DIRECTION('',(-1.,0.));
#5045 = ( GEOMETRIC_REPRESENTATION_CONTEXT(2) 
PARAMETRIC_REPRESENTATION_CONTEXT() REPRESENTATION_CONTEXT('2D SPACE',''
  ) );
#5046 = PCURVE('',#5047,#5052);
#5047 = PLANE('',#5048);
#5048 = AXIS2_PLACEMENT_3D('',#5049,#5050,#5051);
#5049 = CARTESIAN_POINT('',(-170.0022180508,68.94435579576,-1.));
#5050 = DIRECTION('',(-0.,-0.,-1.));
#5051 = DIRECTION('',(-1.,0.,0.));
#5052 = DEFINITIONAL_REPRESENTATION('',(#5053),#5056);
#5053 = B_SPLINE_CURVE_WITH_KNOTS('',1,(#5054,#5055),.UNSPECIFIED.,.F.,
  .F.,(2,2),(0.,0.445794957322),.PIECEWISE_BEZIER_KNOTS.);
#5054 = CARTESIAN_POINT('',(-0.104223055696,-4.901356528182));
#5055 = CARTESIAN_POINT('',(-0.531545443392,-4.774357626815));
#5056 = ( GEOMETRIC_REPRESENTATION_CONTEXT(2) 
PARAMETRIC_REPRESENTATION_CONTEXT() REPRESENTATION_CONTEXT('2D SPACE',''
  ) );
#5057 = ADVANCED_FACE('',(#5058),#3581,.T.);
#5058 = FACE_BOUND('',#5059,.T.);
#5059 = EDGE_LOOP('',(#5060,#5085,#5086));
#5060 = ORIENTED_EDGE('',*,*,#5061,.T.);
#5061 = EDGE_CURVE('',#3453,#4662,#5062,.T.);
#5062 = SURFACE_CURVE('',#5063,(#5067,#5074),.PCURVE_S1.);
#5063 = LINE('',#5064,#5065);
#5064 = CARTESIAN_POINT('',(-167.0286712646,68.34700012207,1.));
#5065 = VECTOR('',#5066,1.);
#5066 = DIRECTION('',(1.362638840533E-02,0.310346616182,-0.950525801524)
  );
#5067 = PCURVE('',#3581,#5068);
#5068 = DEFINITIONAL_REPRESENTATION('',(#5069),#5073);
#5069 = LINE('',#5070,#5071);
#5070 = CARTESIAN_POINT('',(-0.464197109257,0.862617395468));
#5071 = VECTOR('',#5072,1.);
#5072 = DIRECTION('',(0.310645619053,-0.950525801524));
#5073 = ( GEOMETRIC_REPRESENTATION_CONTEXT(2) 
PARAMETRIC_REPRESENTATION_CONTEXT() REPRESENTATION_CONTEXT('2D SPACE',''
  ) );
#5074 = PCURVE('',#5075,#5080);
#5075 = PLANE('',#5076);
#5076 = AXIS2_PLACEMENT_3D('',#5077,#5078,#5079);
#5077 = CARTESIAN_POINT('',(-167.0203618841,68.536249690118,
    -0.137382604532));
#5078 = DIRECTION('',(0.999037479197,-4.386473708171E-02,
    -1.768276384181E-18));
#5079 = DIRECTION('',(4.386473708171E-02,0.999037479197,
    1.203706215242E-35));
#5080 = DEFINITIONAL_REPRESENTATION('',(#5081),#5084);
#5081 = B_SPLINE_CURVE_WITH_KNOTS('',1,(#5082,#5083),.UNSPECIFIED.,.F.,
  .F.,(2,2),(0.,2.10409859132),.PIECEWISE_BEZIER_KNOTS.);
#5082 = CARTESIAN_POINT('',(-0.189431900192,1.137382604532));
#5083 = CARTESIAN_POINT('',(0.464197109257,-0.862617395468));
#5084 = ( GEOMETRIC_REPRESENTATION_CONTEXT(2) 
PARAMETRIC_REPRESENTATION_CONTEXT() REPRESENTATION_CONTEXT('2D SPACE',''
  ) );
#5085 = ORIENTED_EDGE('',*,*,#4689,.F.);
#5086 = ORIENTED_EDGE('',*,*,#3567,.F.);
#5087 = ADVANCED_FACE('',(#5088),#5075,.T.);
#5088 = FACE_BOUND('',#5089,.T.);
#5089 = EDGE_LOOP('',(#5090,#5117,#5118));
#5090 = ORIENTED_EDGE('',*,*,#5091,.T.);
#5091 = EDGE_CURVE('',#5092,#4662,#5094,.T.);
#5092 = VERTEX_POINT('',#5093);
#5093 = CARTESIAN_POINT('',(-167.0286712646,68.34700012207,-1.));
#5094 = SURFACE_CURVE('',#5095,(#5099,#5106),.PCURVE_S1.);
#5095 = LINE('',#5096,#5097);
#5096 = CARTESIAN_POINT('',(-167.0286712646,68.34700012207,-1.));
#5097 = VECTOR('',#5098,1.);
#5098 = DIRECTION('',(4.386473708171E-02,0.999037479197,0.));
#5099 = PCURVE('',#5075,#5100);
#5100 = DEFINITIONAL_REPRESENTATION('',(#5101),#5105);
#5101 = LINE('',#5102,#5103);
#5102 = CARTESIAN_POINT('',(-0.189431900192,-0.862617395468));
#5103 = VECTOR('',#5104,1.);
#5104 = DIRECTION('',(1.,-1.203706215242E-35));
#5105 = ( GEOMETRIC_REPRESENTATION_CONTEXT(2) 
PARAMETRIC_REPRESENTATION_CONTEXT() REPRESENTATION_CONTEXT('2D SPACE',''
  ) );
#5106 = PCURVE('',#5107,#5112);
#5107 = PLANE('',#5108);
#5108 = AXIS2_PLACEMENT_3D('',#5109,#5110,#5111);
#5109 = CARTESIAN_POINT('',(-168.592018499,71.198323949873,-1.));
#5110 = DIRECTION('',(-0.,-0.,-1.));
#5111 = DIRECTION('',(-1.,0.,0.));
#5112 = DEFINITIONAL_REPRESENTATION('',(#5113),#5116);
#5113 = B_SPLINE_CURVE_WITH_KNOTS('',1,(#5114,#5115),.UNSPECIFIED.,.F.,
  .F.,(2,2),(0.,0.653629009449),.PIECEWISE_BEZIER_KNOTS.);
#5114 = CARTESIAN_POINT('',(-1.563347234396,-2.851323827802));
#5115 = CARTESIAN_POINT('',(-1.592018499045,-2.198323949873));
#5116 = ( GEOMETRIC_REPRESENTATION_CONTEXT(2) 
PARAMETRIC_REPRESENTATION_CONTEXT() REPRESENTATION_CONTEXT('2D SPACE',''
  ) );
#5117 = ORIENTED_EDGE('',*,*,#5061,.F.);
#5118 = ORIENTED_EDGE('',*,*,#5119,.T.);
#5119 = EDGE_CURVE('',#3453,#5092,#5120,.T.);
#5120 = SURFACE_CURVE('',#5121,(#5125,#5132),.PCURVE_S1.);
#5121 = LINE('',#5122,#5123);
#5122 = CARTESIAN_POINT('',(-167.0286712646,68.34700012207,1.));
#5123 = VECTOR('',#5124,1.);
#5124 = DIRECTION('',(0.,0.,-1.));
#5125 = PCURVE('',#5075,#5126);
#5126 = DEFINITIONAL_REPRESENTATION('',(#5127),#5131);
#5127 = LINE('',#5128,#5129);
#5128 = CARTESIAN_POINT('',(-0.189431900192,1.137382604532));
#5129 = VECTOR('',#5130,1.);
#5130 = DIRECTION('',(-1.203706215242E-35,-1.));
#5131 = ( GEOMETRIC_REPRESENTATION_CONTEXT(2) 
PARAMETRIC_REPRESENTATION_CONTEXT() REPRESENTATION_CONTEXT('2D SPACE',''
  ) );
#5132 = PCURVE('',#5133,#5138);
#5133 = PLANE('',#5134);
#5134 = AXIS2_PLACEMENT_3D('',#5135,#5136,#5137);
#5135 = CARTESIAN_POINT('',(-167.0531711738,68.161491030978,
    -0.136162496729));
#5136 = DIRECTION('',(0.99139140598,-0.130931585759,4.533275752004E-18)
  );
#5137 = DIRECTION('',(0.130931585759,0.99139140598,0.));
#5138 = DEFINITIONAL_REPRESENTATION('',(#5139),#5142);
#5139 = B_SPLINE_CURVE_WITH_KNOTS('',1,(#5140,#5141),.UNSPECIFIED.,.F.,
  .F.,(2,2),(0.,2.),.PIECEWISE_BEZIER_KNOTS.);
#5140 = CARTESIAN_POINT('',(0.187119930608,1.136162496729));
#5141 = CARTESIAN_POINT('',(0.187119930608,-0.863837503271));
#5142 = ( GEOMETRIC_REPRESENTATION_CONTEXT(2) 
PARAMETRIC_REPRESENTATION_CONTEXT() REPRESENTATION_CONTEXT('2D SPACE',''
  ) );
#5143 = ADVANCED_FACE('',(#5144),#4234,.T.);
#5144 = FACE_BOUND('',#5145,.T.);
#5145 = EDGE_LOOP('',(#5146,#5147,#5172));
#5146 = ORIENTED_EDGE('',*,*,#4220,.F.);
#5147 = ORIENTED_EDGE('',*,*,#5148,.F.);
#5148 = EDGE_CURVE('',#5012,#2594,#5149,.T.);
#5149 = SURFACE_CURVE('',#5150,(#5154,#5160),.PCURVE_S1.);
#5150 = LINE('',#5151,#5152);
#5151 = CARTESIAN_POINT('',(-169.8979949951,64.042999267578,-1.));
#5152 = VECTOR('',#5153,1.);
#5153 = DIRECTION('',(-0.212639603002,-2.100309853695E-02,0.976904943732
    ));
#5154 = PCURVE('',#4234,#5155);
#5155 = DEFINITIONAL_REPRESENTATION('',(#5156),#5159);
#5156 = B_SPLINE_CURVE_WITH_KNOTS('',1,(#5157,#5158),.UNSPECIFIED.,.F.,
  .F.,(2,2),(0.,2.047282095186),.PIECEWISE_BEZIER_KNOTS.);
#5157 = CARTESIAN_POINT('',(-0.121183445206,1.097542397613));
#5158 = CARTESIAN_POINT('',(0.316268240433,-0.902457602387));
#5159 = ( GEOMETRIC_REPRESENTATION_CONTEXT(2) 
PARAMETRIC_REPRESENTATION_CONTEXT() REPRESENTATION_CONTEXT('2D SPACE',''
  ) );
#5160 = PCURVE('',#5161,#5166);
#5161 = PLANE('',#5162);
#5162 = AXIS2_PLACEMENT_3D('',#5163,#5164,#5165);
#5163 = CARTESIAN_POINT('',(-170.2127316531,64.011911714042,
    -9.754239761328E-02));
#5164 = DIRECTION('',(9.829489516156E-02,-0.995157331071,
    -2.334536153373E-18));
#5165 = DIRECTION('',(-0.995157331071,-9.829489516156E-02,
    4.814824860968E-35));
#5166 = DEFINITIONAL_REPRESENTATION('',(#5167),#5171);
#5167 = LINE('',#5168,#5169);
#5168 = CARTESIAN_POINT('',(-0.316268240433,0.902457602387));
#5169 = VECTOR('',#5170,1.);
#5170 = DIRECTION('',(0.213674357172,-0.976904943732));
#5171 = ( GEOMETRIC_REPRESENTATION_CONTEXT(2) 
PARAMETRIC_REPRESENTATION_CONTEXT() REPRESENTATION_CONTEXT('2D SPACE',''
  ) );
#5172 = ORIENTED_EDGE('',*,*,#5011,.F.);
#5173 = ADVANCED_FACE('',(#5174),#5186,.T.);
#5174 = FACE_BOUND('',#5175,.T.);
#5175 = EDGE_LOOP('',(#5176,#5203,#5230));
#5176 = ORIENTED_EDGE('',*,*,#5177,.T.);
#5177 = EDGE_CURVE('',#2594,#5178,#5180,.T.);
#5178 = VERTEX_POINT('',#5179);
#5179 = CARTESIAN_POINT('',(-183.6666717529,64.,-1.));
#5180 = SURFACE_CURVE('',#5181,(#5185,#5197),.PCURVE_S1.);
#5181 = LINE('',#5182,#5183);
#5182 = CARTESIAN_POINT('',(-170.333328247,64.,1.));
#5183 = VECTOR('',#5184,1.);
#5184 = DIRECTION('',(-0.988936369471,0.,-0.148340342246));
#5185 = PCURVE('',#5186,#5191);
#5186 = PLANE('',#5187);
#5187 = AXIS2_PLACEMENT_3D('',#5188,#5189,#5190);
#5188 = CARTESIAN_POINT('',(-176.5372913745,64.,-0.462708625444));
#5189 = DIRECTION('',(-0.,-1.,-0.));
#5190 = DIRECTION('',(0.,0.,-1.));
#5191 = DEFINITIONAL_REPRESENTATION('',(#5192),#5196);
#5192 = LINE('',#5193,#5194);
#5193 = CARTESIAN_POINT('',(-1.462708625444,6.203963127486));
#5194 = VECTOR('',#5195,1.);
#5195 = DIRECTION('',(0.148340342246,-0.988936369471));
#5196 = ( GEOMETRIC_REPRESENTATION_CONTEXT(2) 
PARAMETRIC_REPRESENTATION_CONTEXT() REPRESENTATION_CONTEXT('2D SPACE',''
  ) );
#5197 = PCURVE('',#2658,#5198);
#5198 = DEFINITIONAL_REPRESENTATION('',(#5199),#5202);
#5199 = B_SPLINE_CURVE_WITH_KNOTS('',1,(#5200,#5201),.UNSPECIFIED.,.F.,
  .F.,(2,2),(0.,13.482509004085),.PIECEWISE_BEZIER_KNOTS.);
#5200 = CARTESIAN_POINT('',(-0.537291374556,7.129380378373));
#5201 = CARTESIAN_POINT('',(1.462708625444,-6.203963127486));
#5202 = ( GEOMETRIC_REPRESENTATION_CONTEXT(2) 
PARAMETRIC_REPRESENTATION_CONTEXT() REPRESENTATION_CONTEXT('2D SPACE',''
  ) );
#5203 = ORIENTED_EDGE('',*,*,#5204,.T.);
#5204 = EDGE_CURVE('',#5178,#5205,#5207,.T.);
#5205 = VERTEX_POINT('',#5206);
#5206 = CARTESIAN_POINT('',(-170.333328247,64.,-1.));
#5207 = SURFACE_CURVE('',#5208,(#5212,#5219),.PCURVE_S1.);
#5208 = LINE('',#5209,#5210);
#5209 = CARTESIAN_POINT('',(-183.6666717529,64.,-1.));
#5210 = VECTOR('',#5211,1.);
#5211 = DIRECTION('',(1.,0.,0.));
#5212 = PCURVE('',#5186,#5213);
#5213 = DEFINITIONAL_REPRESENTATION('',(#5214),#5218);
#5214 = LINE('',#5215,#5216);
#5215 = CARTESIAN_POINT('',(0.537291374556,-7.129380378373));
#5216 = VECTOR('',#5217,1.);
#5217 = DIRECTION('',(0.,1.));
#5218 = ( GEOMETRIC_REPRESENTATION_CONTEXT(2) 
PARAMETRIC_REPRESENTATION_CONTEXT() REPRESENTATION_CONTEXT('2D SPACE',''
  ) );
#5219 = PCURVE('',#5220,#5225);
#5220 = PLANE('',#5221);
#5221 = AXIS2_PLACEMENT_3D('',#5222,#5223,#5224);
#5222 = CARTESIAN_POINT('',(-178.6666671752,67.333332824707,-1.));
#5223 = DIRECTION('',(-0.,-0.,-1.));
#5224 = DIRECTION('',(-1.,0.,0.));
#5225 = DEFINITIONAL_REPRESENTATION('',(#5226),#5229);
#5226 = B_SPLINE_CURVE_WITH_KNOTS('',1,(#5227,#5228),.UNSPECIFIED.,.F.,
  .F.,(2,2),(0.,13.333343505859),.PIECEWISE_BEZIER_KNOTS.);
#5227 = CARTESIAN_POINT('',(5.000004577637,-3.333332824707));
#5228 = CARTESIAN_POINT('',(-8.333338928222,-3.333332824707));
#5229 = ( GEOMETRIC_REPRESENTATION_CONTEXT(2) 
PARAMETRIC_REPRESENTATION_CONTEXT() REPRESENTATION_CONTEXT('2D SPACE',''
  ) );
#5230 = ORIENTED_EDGE('',*,*,#5231,.T.);
#5231 = EDGE_CURVE('',#5205,#2594,#5232,.T.);
#5232 = SURFACE_CURVE('',#5233,(#5237,#5244),.PCURVE_S1.);
#5233 = LINE('',#5234,#5235);
#5234 = CARTESIAN_POINT('',(-170.333328247,64.,-1.));
#5235 = VECTOR('',#5236,1.);
#5236 = DIRECTION('',(0.,0.,1.));
#5237 = PCURVE('',#5186,#5238);
#5238 = DEFINITIONAL_REPRESENTATION('',(#5239),#5243);
#5239 = LINE('',#5240,#5241);
#5240 = CARTESIAN_POINT('',(0.537291374556,6.203963127486));
#5241 = VECTOR('',#5242,1.);
#5242 = DIRECTION('',(-1.,0.));
#5243 = ( GEOMETRIC_REPRESENTATION_CONTEXT(2) 
PARAMETRIC_REPRESENTATION_CONTEXT() REPRESENTATION_CONTEXT('2D SPACE',''
  ) );
#5244 = PCURVE('',#5161,#5245);
#5245 = DEFINITIONAL_REPRESENTATION('',(#5246),#5249);
#5246 = B_SPLINE_CURVE_WITH_KNOTS('',1,(#5247,#5248),.UNSPECIFIED.,.F.,
  .F.,(2,2),(0.,2.),.PIECEWISE_BEZIER_KNOTS.);
#5247 = CARTESIAN_POINT('',(0.121183445206,0.902457602387));
#5248 = CARTESIAN_POINT('',(0.121183445206,-1.097542397613));
#5249 = ( GEOMETRIC_REPRESENTATION_CONTEXT(2) 
PARAMETRIC_REPRESENTATION_CONTEXT() REPRESENTATION_CONTEXT('2D SPACE',''
  ) );
#5250 = ADVANCED_FACE('',(#5251),#2658,.T.);
#5251 = FACE_BOUND('',#5252,.T.);
#5252 = EDGE_LOOP('',(#5253,#5273,#5274));
#5253 = ORIENTED_EDGE('',*,*,#5254,.T.);
#5254 = EDGE_CURVE('',#2459,#5178,#5255,.T.);
#5255 = SURFACE_CURVE('',#5256,(#5260,#5267),.PCURVE_S1.);
#5256 = LINE('',#5257,#5258);
#5257 = CARTESIAN_POINT('',(-183.6666717529,64.,1.));
#5258 = VECTOR('',#5259,1.);
#5259 = DIRECTION('',(0.,0.,-1.));
#5260 = PCURVE('',#2658,#5261);
#5261 = DEFINITIONAL_REPRESENTATION('',(#5262),#5266);
#5262 = LINE('',#5263,#5264);
#5263 = CARTESIAN_POINT('',(-0.537291374556,-6.203963127486));
#5264 = VECTOR('',#5265,1.);
#5265 = DIRECTION('',(1.,0.));
#5266 = ( GEOMETRIC_REPRESENTATION_CONTEXT(2) 
PARAMETRIC_REPRESENTATION_CONTEXT() REPRESENTATION_CONTEXT('2D SPACE',''
  ) );
#5267 = PCURVE('',#2500,#5268);
#5268 = DEFINITIONAL_REPRESENTATION('',(#5269),#5272);
#5269 = B_SPLINE_CURVE_WITH_KNOTS('',1,(#5270,#5271),.UNSPECIFIED.,.F.,
  .F.,(2,2),(0.,2.),.PIECEWISE_BEZIER_KNOTS.);
#5270 = CARTESIAN_POINT('',(-0.121183445206,-0.902457602387));
#5271 = CARTESIAN_POINT('',(-0.121183445206,1.097542397613));
#5272 = ( GEOMETRIC_REPRESENTATION_CONTEXT(2) 
PARAMETRIC_REPRESENTATION_CONTEXT() REPRESENTATION_CONTEXT('2D SPACE',''
  ) );
#5273 = ORIENTED_EDGE('',*,*,#5177,.F.);
#5274 = ORIENTED_EDGE('',*,*,#2645,.T.);
#5275 = ADVANCED_FACE('',(#5276),#5161,.T.);
#5276 = FACE_BOUND('',#5277,.T.);
#5277 = EDGE_LOOP('',(#5278,#5279,#5280));
#5278 = ORIENTED_EDGE('',*,*,#5148,.T.);
#5279 = ORIENTED_EDGE('',*,*,#5231,.F.);
#5280 = ORIENTED_EDGE('',*,*,#5281,.T.);
#5281 = EDGE_CURVE('',#5205,#5012,#5282,.T.);
#5282 = SURFACE_CURVE('',#5283,(#5287,#5294),.PCURVE_S1.);
#5283 = LINE('',#5284,#5285);
#5284 = CARTESIAN_POINT('',(-170.333328247,64.,-1.));
#5285 = VECTOR('',#5286,1.);
#5286 = DIRECTION('',(0.995157331071,9.829489516156E-02,0.));
#5287 = PCURVE('',#5161,#5288);
#5288 = DEFINITIONAL_REPRESENTATION('',(#5289),#5293);
#5289 = LINE('',#5290,#5291);
#5290 = CARTESIAN_POINT('',(0.121183445206,0.902457602387));
#5291 = VECTOR('',#5292,1.);
#5292 = DIRECTION('',(-1.,-6.389829985319E-35));
#5293 = ( GEOMETRIC_REPRESENTATION_CONTEXT(2) 
PARAMETRIC_REPRESENTATION_CONTEXT() REPRESENTATION_CONTEXT('2D SPACE',''
  ) );
#5294 = PCURVE('',#5295,#5300);
#5295 = PLANE('',#5296);
#5296 = AXIS2_PLACEMENT_3D('',#5297,#5298,#5299);
#5297 = CARTESIAN_POINT('',(-170.2223402155,68.903764927845,-1.));
#5298 = DIRECTION('',(-0.,-0.,-1.));
#5299 = DIRECTION('',(-1.,0.,0.));
#5300 = DEFINITIONAL_REPRESENTATION('',(#5301),#5304);
#5301 = B_SPLINE_CURVE_WITH_KNOTS('',1,(#5302,#5303),.UNSPECIFIED.,.F.,
  .F.,(2,2),(0.,0.437451685639),.PIECEWISE_BEZIER_KNOTS.);
#5302 = CARTESIAN_POINT('',(0.110988031496,-4.903764927845));
#5303 = CARTESIAN_POINT('',(-0.324345220457,-4.860765660267));
#5304 = ( GEOMETRIC_REPRESENTATION_CONTEXT(2) 
PARAMETRIC_REPRESENTATION_CONTEXT() REPRESENTATION_CONTEXT('2D SPACE',''
  ) );
#5305 = ADVANCED_FACE('',(#5306),#3525,.T.);
#5306 = FACE_BOUND('',#5307,.T.);
#5307 = EDGE_LOOP('',(#5308,#5330,#5331));
#5308 = ORIENTED_EDGE('',*,*,#5309,.T.);
#5309 = EDGE_CURVE('',#5310,#3453,#5312,.T.);
#5310 = VERTEX_POINT('',#5311);
#5311 = CARTESIAN_POINT('',(-167.1133270263,67.706001281738,-1.));
#5312 = SURFACE_CURVE('',#5313,(#5317,#5324),.PCURVE_S1.);
#5313 = LINE('',#5314,#5315);
#5314 = CARTESIAN_POINT('',(-167.1133270263,67.706001281738,-1.));
#5315 = VECTOR('',#5316,1.);
#5316 = DIRECTION('',(4.027554256233E-02,0.304959468228,0.95151332277));
#5317 = PCURVE('',#3525,#5318);
#5318 = DEFINITIONAL_REPRESENTATION('',(#5319),#5323);
#5319 = LINE('',#5320,#5321);
#5320 = CARTESIAN_POINT('',(-0.187119930608,-1.136162496729));
#5321 = VECTOR('',#5322,1.);
#5322 = DIRECTION('',(0.307607536629,0.95151332277));
#5323 = ( GEOMETRIC_REPRESENTATION_CONTEXT(2) 
PARAMETRIC_REPRESENTATION_CONTEXT() REPRESENTATION_CONTEXT('2D SPACE',''
  ) );
#5324 = PCURVE('',#5133,#5325);
#5325 = DEFINITIONAL_REPRESENTATION('',(#5326),#5329);
#5326 = B_SPLINE_CURVE_WITH_KNOTS('',1,(#5327,#5328),.UNSPECIFIED.,.F.,
  .F.,(2,2),(0.,2.101914867757),.PIECEWISE_BEZIER_KNOTS.);
#5327 = CARTESIAN_POINT('',(-0.459444924066,-0.863837503271));
#5328 = CARTESIAN_POINT('',(0.187119930608,1.136162496729));
#5329 = ( GEOMETRIC_REPRESENTATION_CONTEXT(2) 
PARAMETRIC_REPRESENTATION_CONTEXT() REPRESENTATION_CONTEXT('2D SPACE',''
  ) );
#5330 = ORIENTED_EDGE('',*,*,#3511,.F.);
#5331 = ORIENTED_EDGE('',*,*,#5332,.T.);
#5332 = EDGE_CURVE('',#3485,#5310,#5333,.T.);
#5333 = SURFACE_CURVE('',#5334,(#5338,#5345),.PCURVE_S1.);
#5334 = LINE('',#5335,#5336);
#5335 = CARTESIAN_POINT('',(-167.1133270263,67.706001281738,1.));
#5336 = VECTOR('',#5337,1.);
#5337 = DIRECTION('',(0.,0.,-1.));
#5338 = PCURVE('',#3525,#5339);
#5339 = DEFINITIONAL_REPRESENTATION('',(#5340),#5344);
#5340 = LINE('',#5341,#5342);
#5341 = CARTESIAN_POINT('',(-0.187119930608,0.863837503271));
#5342 = VECTOR('',#5343,1.);
#5343 = DIRECTION('',(0.,-1.));
#5344 = ( GEOMETRIC_REPRESENTATION_CONTEXT(2) 
PARAMETRIC_REPRESENTATION_CONTEXT() REPRESENTATION_CONTEXT('2D SPACE',''
  ) );
#5345 = PCURVE('',#5346,#5351);
#5346 = PLANE('',#5347);
#5347 = AXIS2_PLACEMENT_3D('',#5348,#5349,#5350);
#5348 = CARTESIAN_POINT('',(-167.1539418191,67.52728121445,
    -0.134116127401));
#5349 = DIRECTION('',(0.975136869784,-0.221603441283,0.));
#5350 = DIRECTION('',(0.221603441283,0.975136869784,0.));
#5351 = DEFINITIONAL_REPRESENTATION('',(#5352),#5355);
#5352 = B_SPLINE_CURVE_WITH_KNOTS('',1,(#5353,#5354),.UNSPECIFIED.,.F.,
  .F.,(2,2),(0.,2.),.PIECEWISE_BEZIER_KNOTS.);
#5353 = CARTESIAN_POINT('',(0.183276904839,1.134116127401));
#5354 = CARTESIAN_POINT('',(0.183276904839,-0.865883872599));
#5355 = ( GEOMETRIC_REPRESENTATION_CONTEXT(2) 
PARAMETRIC_REPRESENTATION_CONTEXT() REPRESENTATION_CONTEXT('2D SPACE',''
  ) );
#5356 = ADVANCED_FACE('',(#5357),#5133,.T.);
#5357 = FACE_BOUND('',#5358,.T.);
#5358 = EDGE_LOOP('',(#5359,#5360,#5361));
#5359 = ORIENTED_EDGE('',*,*,#5119,.F.);
#5360 = ORIENTED_EDGE('',*,*,#5309,.F.);
#5361 = ORIENTED_EDGE('',*,*,#5362,.T.);
#5362 = EDGE_CURVE('',#5310,#5092,#5363,.T.);
#5363 = SURFACE_CURVE('',#5364,(#5368,#5375),.PCURVE_S1.);
#5364 = LINE('',#5365,#5366);
#5365 = CARTESIAN_POINT('',(-167.1133270263,67.706001281738,-1.));
#5366 = VECTOR('',#5367,1.);
#5367 = DIRECTION('',(0.130931585759,0.99139140598,0.));
#5368 = PCURVE('',#5133,#5369);
#5369 = DEFINITIONAL_REPRESENTATION('',(#5370),#5374);
#5370 = LINE('',#5371,#5372);
#5371 = CARTESIAN_POINT('',(-0.459444924066,-0.863837503271));
#5372 = VECTOR('',#5373,1.);
#5373 = DIRECTION('',(1.,1.258236779212E-34));
#5374 = ( GEOMETRIC_REPRESENTATION_CONTEXT(2) 
PARAMETRIC_REPRESENTATION_CONTEXT() REPRESENTATION_CONTEXT('2D SPACE',''
  ) );
#5375 = PCURVE('',#5376,#5381);
#5376 = PLANE('',#5377);
#5377 = AXIS2_PLACEMENT_3D('',#5378,#5379,#5380);
#5378 = CARTESIAN_POINT('',(-168.6290022288,70.872008391893,-1.));
#5379 = DIRECTION('',(-0.,-0.,-1.));
#5380 = DIRECTION('',(-1.,0.,0.));
#5381 = DEFINITIONAL_REPRESENTATION('',(#5382),#5385);
#5382 = B_SPLINE_CURVE_WITH_KNOTS('',1,(#5383,#5384),.UNSPECIFIED.,.F.,
  .F.,(2,2),(0.,0.646564854674),.PIECEWISE_BEZIER_KNOTS.);
#5383 = CARTESIAN_POINT('',(-1.515675202451,-3.166007110155));
#5384 = CARTESIAN_POINT('',(-1.60033096417,-2.525008269823));
#5385 = ( GEOMETRIC_REPRESENTATION_CONTEXT(2) 
PARAMETRIC_REPRESENTATION_CONTEXT() REPRESENTATION_CONTEXT('2D SPACE',''
  ) );
#5386 = ADVANCED_FACE('',(#5387),#3380,.T.);
#5387 = FACE_BOUND('',#5388,.T.);
#5388 = EDGE_LOOP('',(#5389,#5409,#5410));
#5389 = ORIENTED_EDGE('',*,*,#5390,.T.);
#5390 = EDGE_CURVE('',#3838,#602,#5391,.T.);
#5391 = SURFACE_CURVE('',#5392,(#5396,#5403),.PCURVE_S1.);
#5392 = LINE('',#5393,#5394);
#5393 = CARTESIAN_POINT('',(-167.4466705322,71.5,-1.));
#5394 = VECTOR('',#5395,1.);
#5395 = DIRECTION('',(-0.75591843785,0.654665804299,0.));
#5396 = PCURVE('',#3380,#5397);
#5397 = DEFINITIONAL_REPRESENTATION('',(#5398),#5402);
#5398 = LINE('',#5399,#5400);
#5399 = CARTESIAN_POINT('',(-1.39279257601,-1.290555618556));
#5400 = VECTOR('',#5401,1.);
#5401 = DIRECTION('',(0.75591843785,0.654665804299));
#5402 = ( GEOMETRIC_REPRESENTATION_CONTEXT(2) 
PARAMETRIC_REPRESENTATION_CONTEXT() REPRESENTATION_CONTEXT('2D SPACE',''
  ) );
#5403 = PCURVE('',#3955,#5404);
#5404 = DEFINITIONAL_REPRESENTATION('',(#5405),#5408);
#5405 = B_SPLINE_CURVE_WITH_KNOTS('',1,(#5406,#5407),.UNSPECIFIED.,.F.,
  .F.,(2,2),(0.,3.81874230116),.PIECEWISE_BEZIER_KNOTS.);
#5406 = CARTESIAN_POINT('',(-1.287445952897,-0.996121546411));
#5407 = CARTESIAN_POINT('',(1.599211761947,1.503878453589));
#5408 = ( GEOMETRIC_REPRESENTATION_CONTEXT(2) 
PARAMETRIC_REPRESENTATION_CONTEXT() REPRESENTATION_CONTEXT('2D SPACE',''
  ) );
#5409 = ORIENTED_EDGE('',*,*,#3366,.F.);
#5410 = ORIENTED_EDGE('',*,*,#3864,.F.);
#5411 = ADVANCED_FACE('',(#5412),#3955,.T.);
#5412 = FACE_BOUND('',#5413,.T.);
#5413 = EDGE_LOOP('',(#5414,#5434,#5435));
#5414 = ORIENTED_EDGE('',*,*,#5415,.T.);
#5415 = EDGE_CURVE('',#3889,#602,#5416,.T.);
#5416 = SURFACE_CURVE('',#5417,(#5421,#5428),.PCURVE_S1.);
#5417 = LINE('',#5418,#5419);
#5418 = CARTESIAN_POINT('',(-167.2539978027,70.91300201416,-1.));
#5419 = VECTOR('',#5420,1.);
#5420 = DIRECTION('',(-0.706226980943,0.70798548812,0.));
#5421 = PCURVE('',#3955,#5422);
#5422 = DEFINITIONAL_REPRESENTATION('',(#5423),#5427);
#5423 = LINE('',#5424,#5425);
#5424 = CARTESIAN_POINT('',(-1.480118682389,-1.583119532251));
#5425 = VECTOR('',#5426,1.);
#5426 = DIRECTION('',(0.706226980943,0.70798548812));
#5427 = ( GEOMETRIC_REPRESENTATION_CONTEXT(2) 
PARAMETRIC_REPRESENTATION_CONTEXT() REPRESENTATION_CONTEXT('2D SPACE',''
  ) );
#5428 = PCURVE('',#4036,#5429);
#5429 = DEFINITIONAL_REPRESENTATION('',(#5430),#5433);
#5430 = B_SPLINE_CURVE_WITH_KNOTS('',1,(#5431,#5432),.UNSPECIFIED.,.F.,
  .F.,(2,2),(0.,4.360256018859),.PIECEWISE_BEZIER_KNOTS.);
#5431 = CARTESIAN_POINT('',(-1.40161544144,-1.271325274893));
#5432 = CARTESIAN_POINT('',(1.677715002896,1.815672710947));
#5433 = ( GEOMETRIC_REPRESENTATION_CONTEXT(2) 
PARAMETRIC_REPRESENTATION_CONTEXT() REPRESENTATION_CONTEXT('2D SPACE',''
  ) );
#5434 = ORIENTED_EDGE('',*,*,#5390,.F.);
#5435 = ORIENTED_EDGE('',*,*,#3941,.F.);
#5436 = ADVANCED_FACE('',(#5437),#4036,.T.);
#5437 = FACE_BOUND('',#5438,.T.);
#5438 = EDGE_LOOP('',(#5439,#5459,#5460));
#5439 = ORIENTED_EDGE('',*,*,#5440,.T.);
#5440 = EDGE_CURVE('',#3970,#602,#5441,.T.);
#5441 = SURFACE_CURVE('',#5442,(#5446,#5453),.PCURVE_S1.);
#5442 = LINE('',#5443,#5444);
#5443 = CARTESIAN_POINT('',(-167.1133270263,70.293998718262,-1.));
#5444 = VECTOR('',#5445,1.);
#5445 = DIRECTION('',(-0.655876102209,0.754868557135,0.));
#5446 = PCURVE('',#4036,#5447);
#5447 = DEFINITIONAL_REPRESENTATION('',(#5448),#5452);
#5448 = LINE('',#5449,#5450);
#5449 = CARTESIAN_POINT('',(-1.542286217807,-1.890328570791));
#5450 = VECTOR('',#5451,1.);
#5451 = DIRECTION('',(0.655876102209,0.754868557135));
#5452 = ( GEOMETRIC_REPRESENTATION_CONTEXT(2) 
PARAMETRIC_REPRESENTATION_CONTEXT() REPRESENTATION_CONTEXT('2D SPACE',''
  ) );
#5453 = PCURVE('',#4885,#5454);
#5454 = DEFINITIONAL_REPRESENTATION('',(#5455),#5458);
#5455 = B_SPLINE_CURVE_WITH_KNOTS('',1,(#5456,#5457),.UNSPECIFIED.,.F.,
  .F.,(2,2),(0.,4.909465690029),.PIECEWISE_BEZIER_KNOTS.);
#5456 = CARTESIAN_POINT('',(-1.492044401367,-1.566576874531));
#5457 = CARTESIAN_POINT('',(1.727956819336,2.139424407207));
#5458 = ( GEOMETRIC_REPRESENTATION_CONTEXT(2) 
PARAMETRIC_REPRESENTATION_CONTEXT() REPRESENTATION_CONTEXT('2D SPACE',''
  ) );
#5459 = ORIENTED_EDGE('',*,*,#5415,.F.);
#5460 = ORIENTED_EDGE('',*,*,#4022,.F.);
#5461 = ADVANCED_FACE('',(#5462),#4885,.T.);
#5462 = FACE_BOUND('',#5463,.T.);
#5463 = EDGE_LOOP('',(#5464,#5484,#5485));
#5464 = ORIENTED_EDGE('',*,*,#5465,.T.);
#5465 = EDGE_CURVE('',#4713,#602,#5466,.T.);
#5466 = SURFACE_CURVE('',#5467,(#5471,#5478),.PCURVE_S1.);
#5467 = LINE('',#5468,#5469);
#5468 = CARTESIAN_POINT('',(-167.0286712646,69.65299987793,-1.));
#5469 = VECTOR('',#5470,1.);
#5470 = DIRECTION('',(-0.605192019171,0.79607953116,0.));
#5471 = PCURVE('',#4885,#5472);
#5472 = DEFINITIONAL_REPRESENTATION('',(#5473),#5477);
#5473 = LINE('',#5474,#5475);
#5474 = CARTESIAN_POINT('',(-1.576700163086,-2.207575714863));
#5475 = VECTOR('',#5476,1.);
#5476 = DIRECTION('',(0.605192019171,0.79607953116));
#5477 = ( GEOMETRIC_REPRESENTATION_CONTEXT(2) 
PARAMETRIC_REPRESENTATION_CONTEXT() REPRESENTATION_CONTEXT('2D SPACE',''
  ) );
#5478 = PCURVE('',#4749,#5479);
#5479 = DEFINITIONAL_REPRESENTATION('',(#5480),#5483);
#5480 = B_SPLINE_CURVE_WITH_KNOTS('',1,(#5481,#5482),.UNSPECIFIED.,.F.,
  .F.,(2,2),(0.,5.460509850989),.PIECEWISE_BEZIER_KNOTS.);
#5481 = CARTESIAN_POINT('',(-1.555364969732,-1.876875717589));
#5482 = CARTESIAN_POINT('',(1.74929201269,2.470124404481));
#5483 = ( GEOMETRIC_REPRESENTATION_CONTEXT(2) 
PARAMETRIC_REPRESENTATION_CONTEXT() REPRESENTATION_CONTEXT('2D SPACE',''
  ) );
#5484 = ORIENTED_EDGE('',*,*,#5440,.F.);
#5485 = ORIENTED_EDGE('',*,*,#4871,.F.);
#5486 = ADVANCED_FACE('',(#5487),#4749,.T.);
#5487 = FACE_BOUND('',#5488,.T.);
#5488 = EDGE_LOOP('',(#5489,#5509,#5510));
#5489 = ORIENTED_EDGE('',*,*,#5490,.T.);
#5490 = EDGE_CURVE('',#4662,#602,#5491,.T.);
#5491 = SURFACE_CURVE('',#5492,(#5496,#5503),.PCURVE_S1.);
#5492 = LINE('',#5493,#5494);
#5493 = CARTESIAN_POINT('',(-167.,69.,-1.));
#5494 = VECTOR('',#5495,1.);
#5495 = DIRECTION('',(-0.554699610252,0.832050684986,0.));
#5496 = PCURVE('',#4749,#5497);
#5497 = DEFINITIONAL_REPRESENTATION('',(#5498),#5502);
#5498 = LINE('',#5499,#5500);
#5499 = CARTESIAN_POINT('',(-1.58403623438,-2.529875595519));
#5500 = VECTOR('',#5501,1.);
#5501 = DIRECTION('',(0.554699610252,0.832050684986));
#5502 = ( GEOMETRIC_REPRESENTATION_CONTEXT(2) 
PARAMETRIC_REPRESENTATION_CONTEXT() REPRESENTATION_CONTEXT('2D SPACE',''
  ) );
#5503 = PCURVE('',#5107,#5504);
#5504 = DEFINITIONAL_REPRESENTATION('',(#5505),#5508);
#5505 = B_SPLINE_CURVE_WITH_KNOTS('',1,(#5506,#5507),.UNSPECIFIED.,.F.,
  .F.,(2,2),(0.,6.009249304424),.PIECEWISE_BEZIER_KNOTS.);
#5506 = CARTESIAN_POINT('',(-1.592018499045,-2.198323949873));
#5507 = CARTESIAN_POINT('',(1.741309748026,2.801676050127));
#5508 = ( GEOMETRIC_REPRESENTATION_CONTEXT(2) 
PARAMETRIC_REPRESENTATION_CONTEXT() REPRESENTATION_CONTEXT('2D SPACE',''
  ) );
#5509 = ORIENTED_EDGE('',*,*,#5465,.F.);
#5510 = ORIENTED_EDGE('',*,*,#4735,.F.);
#5511 = ADVANCED_FACE('',(#5512),#5107,.T.);
#5512 = FACE_BOUND('',#5513,.T.);
#5513 = EDGE_LOOP('',(#5514,#5534,#5535));
#5514 = ORIENTED_EDGE('',*,*,#5515,.T.);
#5515 = EDGE_CURVE('',#5092,#602,#5516,.T.);
#5516 = SURFACE_CURVE('',#5517,(#5521,#5528),.PCURVE_S1.);
#5517 = LINE('',#5518,#5519);
#5518 = CARTESIAN_POINT('',(-167.0286712646,68.34700012207,-1.));
#5519 = VECTOR('',#5520,1.);
#5520 = DIRECTION('',(-0.504676815424,0.863308352776,0.));
#5521 = PCURVE('',#5107,#5522);
#5522 = DEFINITIONAL_REPRESENTATION('',(#5523),#5527);
#5523 = LINE('',#5524,#5525);
#5524 = CARTESIAN_POINT('',(-1.563347234396,-2.851323827802));
#5525 = VECTOR('',#5526,1.);
#5526 = DIRECTION('',(0.504676815424,0.863308352776));
#5527 = ( GEOMETRIC_REPRESENTATION_CONTEXT(2) 
PARAMETRIC_REPRESENTATION_CONTEXT() REPRESENTATION_CONTEXT('2D SPACE',''
  ) );
#5528 = PCURVE('',#5376,#5529);
#5529 = DEFINITIONAL_REPRESENTATION('',(#5530),#5533);
#5530 = B_SPLINE_CURVE_WITH_KNOTS('',1,(#5531,#5532),.UNSPECIFIED.,.F.,
  .F.,(2,2),(0.,6.548065774818),.PIECEWISE_BEZIER_KNOTS.);
#5531 = CARTESIAN_POINT('',(-1.60033096417,-2.525008269823));
#5532 = CARTESIAN_POINT('',(1.704326018252,3.127991608107));
#5533 = ( GEOMETRIC_REPRESENTATION_CONTEXT(2) 
PARAMETRIC_REPRESENTATION_CONTEXT() REPRESENTATION_CONTEXT('2D SPACE',''
  ) );
#5534 = ORIENTED_EDGE('',*,*,#5490,.F.);
#5535 = ORIENTED_EDGE('',*,*,#5091,.F.);
#5536 = ADVANCED_FACE('',(#5537),#5376,.T.);
#5537 = FACE_BOUND('',#5538,.T.);
#5538 = EDGE_LOOP('',(#5539,#5540,#5541));
#5539 = ORIENTED_EDGE('',*,*,#5515,.F.);
#5540 = ORIENTED_EDGE('',*,*,#5362,.F.);
#5541 = ORIENTED_EDGE('',*,*,#5542,.F.);
#5542 = EDGE_CURVE('',#602,#5310,#5543,.T.);
#5543 = SURFACE_CURVE('',#5544,(#5548,#5554),.PCURVE_S1.);
#5544 = LINE('',#5545,#5546);
#5545 = CARTESIAN_POINT('',(-170.333328247,74.,-1.));
#5546 = VECTOR('',#5547,1.);
#5547 = DIRECTION('',(0.455455158438,-0.890258725681,0.));
#5548 = PCURVE('',#5376,#5549);
#5549 = DEFINITIONAL_REPRESENTATION('',(#5550),#5553);
#5550 = B_SPLINE_CURVE_WITH_KNOTS('',1,(#5551,#5552),.UNSPECIFIED.,.F.,
  .F.,(2,2),(0.,7.069853444507),.PIECEWISE_BEZIER_KNOTS.);
#5551 = CARTESIAN_POINT('',(1.704326018252,3.127991608107));
#5552 = CARTESIAN_POINT('',(-1.515675202451,-3.166007110155));
#5553 = ( GEOMETRIC_REPRESENTATION_CONTEXT(2) 
PARAMETRIC_REPRESENTATION_CONTEXT() REPRESENTATION_CONTEXT('2D SPACE',''
  ) );
#5554 = PCURVE('',#5555,#5560);
#5555 = PLANE('',#5556);
#5556 = AXIS2_PLACEMENT_3D('',#5557,#5558,#5559);
#5557 = CARTESIAN_POINT('',(-168.6941854645,70.55596980521,-1.));
#5558 = DIRECTION('',(-0.,-0.,-1.));
#5559 = DIRECTION('',(-1.,0.,0.));
#5560 = DEFINITIONAL_REPRESENTATION('',(#5561),#5565);
#5561 = LINE('',#5562,#5563);
#5562 = CARTESIAN_POINT('',(1.639142782569,3.44403019479));
#5563 = VECTOR('',#5564,1.);
#5564 = DIRECTION('',(-0.455455158438,-0.890258725681));
#5565 = ( GEOMETRIC_REPRESENTATION_CONTEXT(2) 
PARAMETRIC_REPRESENTATION_CONTEXT() REPRESENTATION_CONTEXT('2D SPACE',''
  ) );
#5566 = ADVANCED_FACE('',(#5567),#5555,.T.);
#5567 = FACE_BOUND('',#5568,.T.);
#5568 = EDGE_LOOP('',(#5569,#5570,#5592));
#5569 = ORIENTED_EDGE('',*,*,#5542,.T.);
#5570 = ORIENTED_EDGE('',*,*,#5571,.T.);
#5571 = EDGE_CURVE('',#5310,#5572,#5574,.T.);
#5572 = VERTEX_POINT('',#5573);
#5573 = CARTESIAN_POINT('',(-167.2539978027,67.08699798584,-1.));
#5574 = SURFACE_CURVE('',#5575,(#5579,#5586),.PCURVE_S1.);
#5575 = LINE('',#5576,#5577);
#5576 = CARTESIAN_POINT('',(-167.1133270263,67.706001281738,-1.));
#5577 = VECTOR('',#5578,1.);
#5578 = DIRECTION('',(-0.221603441283,-0.975136869784,0.));
#5579 = PCURVE('',#5555,#5580);
#5580 = DEFINITIONAL_REPRESENTATION('',(#5581),#5585);
#5581 = LINE('',#5582,#5583);
#5582 = CARTESIAN_POINT('',(-1.580858438134,-2.849968523472));
#5583 = VECTOR('',#5584,1.);
#5584 = DIRECTION('',(0.221603441283,-0.975136869784));
#5585 = ( GEOMETRIC_REPRESENTATION_CONTEXT(2) 
PARAMETRIC_REPRESENTATION_CONTEXT() REPRESENTATION_CONTEXT('2D SPACE',''
  ) );
#5586 = PCURVE('',#5346,#5587);
#5587 = DEFINITIONAL_REPRESENTATION('',(#5588),#5591);
#5588 = B_SPLINE_CURVE_WITH_KNOTS('',1,(#5589,#5590),.UNSPECIFIED.,.F.,
  .F.,(2,2),(0.,0.634786064479),.PIECEWISE_BEZIER_KNOTS.);
#5589 = CARTESIAN_POINT('',(0.183276904839,-0.865883872599));
#5590 = CARTESIAN_POINT('',(-0.45150915964,-0.865883872599));
#5591 = ( GEOMETRIC_REPRESENTATION_CONTEXT(2) 
PARAMETRIC_REPRESENTATION_CONTEXT() REPRESENTATION_CONTEXT('2D SPACE',''
  ) );
#5592 = ORIENTED_EDGE('',*,*,#5593,.T.);
#5593 = EDGE_CURVE('',#5572,#602,#5594,.T.);
#5594 = SURFACE_CURVE('',#5595,(#5599,#5606),.PCURVE_S1.);
#5595 = LINE('',#5596,#5597);
#5596 = CARTESIAN_POINT('',(-167.2539978027,67.08699798584,-1.));
#5597 = VECTOR('',#5598,1.);
#5598 = DIRECTION('',(-0.406898044964,0.913473579806,0.));
#5599 = PCURVE('',#5555,#5600);
#5600 = DEFINITIONAL_REPRESENTATION('',(#5601),#5605);
#5601 = LINE('',#5602,#5603);
#5602 = CARTESIAN_POINT('',(-1.440187661767,-3.46897181937));
#5603 = VECTOR('',#5604,1.);
#5604 = DIRECTION('',(0.406898044964,0.913473579806));
#5605 = ( GEOMETRIC_REPRESENTATION_CONTEXT(2) 
PARAMETRIC_REPRESENTATION_CONTEXT() REPRESENTATION_CONTEXT('2D SPACE',''
  ) );
#5606 = PCURVE('',#5607,#5612);
#5607 = PLANE('',#5608);
#5608 = AXIS2_PLACEMENT_3D('',#5609,#5610,#5611);
#5609 = CARTESIAN_POINT('',(-168.7864190661,70.25528206659,-1.));
#5610 = DIRECTION('',(-0.,-0.,-1.));
#5611 = DIRECTION('',(-1.,0.,0.));
#5612 = DEFINITIONAL_REPRESENTATION('',(#5613),#5616);
#5613 = B_SPLINE_CURVE_WITH_KNOTS('',1,(#5614,#5615),.UNSPECIFIED.,.F.,
  .F.,(2,2),(0.,7.567818234683),.PIECEWISE_BEZIER_KNOTS.);
#5614 = CARTESIAN_POINT('',(-1.532421263445,-3.168284080751));
#5615 = CARTESIAN_POINT('',(1.546909180891,3.74471793341));
#5616 = ( GEOMETRIC_REPRESENTATION_CONTEXT(2) 
PARAMETRIC_REPRESENTATION_CONTEXT() REPRESENTATION_CONTEXT('2D SPACE',''
  ) );
#5617 = ADVANCED_FACE('',(#5618),#4066,.T.);
#5618 = FACE_BOUND('',#5619,.T.);
#5619 = EDGE_LOOP('',(#5620,#5640,#5641));
#5620 = ORIENTED_EDGE('',*,*,#5621,.T.);
#5621 = EDGE_CURVE('',#5572,#3485,#5622,.T.);
#5622 = SURFACE_CURVE('',#5623,(#5627,#5634),.PCURVE_S1.);
#5623 = LINE('',#5624,#5625);
#5624 = CARTESIAN_POINT('',(-167.2539978027,67.08699798584,-1.));
#5625 = VECTOR('',#5626,1.);
#5626 = DIRECTION('',(6.703966607992E-02,0.294999255219,0.953142760866)
  );
#5627 = PCURVE('',#4066,#5628);
#5628 = DEFINITIONAL_REPRESENTATION('',(#5629),#5633);
#5629 = LINE('',#5630,#5631);
#5630 = CARTESIAN_POINT('',(-0.183276904839,-1.134116127401));
#5631 = VECTOR('',#5632,1.);
#5632 = DIRECTION('',(0.302520871029,0.953142760866));
#5633 = ( GEOMETRIC_REPRESENTATION_CONTEXT(2) 
PARAMETRIC_REPRESENTATION_CONTEXT() REPRESENTATION_CONTEXT('2D SPACE',''
  ) );
#5634 = PCURVE('',#5346,#5635);
#5635 = DEFINITIONAL_REPRESENTATION('',(#5636),#5639);
#5636 = B_SPLINE_CURVE_WITH_KNOTS('',1,(#5637,#5638),.UNSPECIFIED.,.F.,
  .F.,(2,2),(0.,2.098321554876),.PIECEWISE_BEZIER_KNOTS.);
#5637 = CARTESIAN_POINT('',(-0.45150915964,-0.865883872599));
#5638 = CARTESIAN_POINT('',(0.183276904839,1.134116127401));
#5639 = ( GEOMETRIC_REPRESENTATION_CONTEXT(2) 
PARAMETRIC_REPRESENTATION_CONTEXT() REPRESENTATION_CONTEXT('2D SPACE',''
  ) );
#5640 = ORIENTED_EDGE('',*,*,#4050,.F.);
#5641 = ORIENTED_EDGE('',*,*,#5642,.T.);
#5642 = EDGE_CURVE('',#4051,#5572,#5643,.T.);
#5643 = SURFACE_CURVE('',#5644,(#5648,#5655),.PCURVE_S1.);
#5644 = LINE('',#5645,#5646);
#5645 = CARTESIAN_POINT('',(-167.2539978027,67.08699798584,1.));
#5646 = VECTOR('',#5647,1.);
#5647 = DIRECTION('',(0.,0.,-1.));
#5648 = PCURVE('',#4066,#5649);
#5649 = DEFINITIONAL_REPRESENTATION('',(#5650),#5654);
#5650 = LINE('',#5651,#5652);
#5651 = CARTESIAN_POINT('',(-0.183276904839,0.865883872599));
#5652 = VECTOR('',#5653,1.);
#5653 = DIRECTION('',(0.,-1.));
#5654 = ( GEOMETRIC_REPRESENTATION_CONTEXT(2) 
PARAMETRIC_REPRESENTATION_CONTEXT() REPRESENTATION_CONTEXT('2D SPACE',''
  ) );
#5655 = PCURVE('',#5656,#5661);
#5656 = PLANE('',#5657);
#5657 = AXIS2_PLACEMENT_3D('',#5658,#5659,#5660);
#5658 = CARTESIAN_POINT('',(-167.3094361992,66.918099007904,
    -0.131140411545));
#5659 = DIRECTION('',(0.950126765016,-0.311863961368,-1.819390026202E-17
    ));
#5660 = DIRECTION('',(0.311863961368,0.950126765016,0.));
#5661 = DEFINITIONAL_REPRESENTATION('',(#5662),#5665);
#5662 = B_SPLINE_CURVE_WITH_KNOTS('',1,(#5663,#5664),.UNSPECIFIED.,.F.,
  .F.,(2,2),(0.,2.),.PIECEWISE_BEZIER_KNOTS.);
#5663 = CARTESIAN_POINT('',(0.177764677467,1.131140411545));
#5664 = CARTESIAN_POINT('',(0.177764677467,-0.868859588455));
#5665 = ( GEOMETRIC_REPRESENTATION_CONTEXT(2) 
PARAMETRIC_REPRESENTATION_CONTEXT() REPRESENTATION_CONTEXT('2D SPACE',''
  ) );
#5666 = ADVANCED_FACE('',(#5667),#5346,.T.);
#5667 = FACE_BOUND('',#5668,.T.);
#5668 = EDGE_LOOP('',(#5669,#5670,#5671));
#5669 = ORIENTED_EDGE('',*,*,#5332,.F.);
#5670 = ORIENTED_EDGE('',*,*,#5621,.F.);
#5671 = ORIENTED_EDGE('',*,*,#5571,.F.);
#5672 = ADVANCED_FACE('',(#5673),#4645,.T.);
#5673 = FACE_BOUND('',#5674,.T.);
#5674 = EDGE_LOOP('',(#5675,#5697,#5698));
#5675 = ORIENTED_EDGE('',*,*,#5676,.T.);
#5676 = EDGE_CURVE('',#5677,#4051,#5679,.T.);
#5677 = VERTEX_POINT('',#5678);
#5678 = CARTESIAN_POINT('',(-167.4466705322,66.5,-1.));
#5679 = SURFACE_CURVE('',#5680,(#5684,#5691),.PCURVE_S1.);
#5680 = LINE('',#5681,#5682);
#5681 = CARTESIAN_POINT('',(-167.4466705322,66.5,-1.));
#5682 = VECTOR('',#5683,1.);
#5683 = DIRECTION('',(9.204484157569E-02,0.280424410628,0.955452718382)
  );
#5684 = PCURVE('',#4645,#5685);
#5685 = DEFINITIONAL_REPRESENTATION('',(#5686),#5690);
#5686 = LINE('',#5687,#5688);
#5687 = CARTESIAN_POINT('',(-0.177764677467,-1.131140411545));
#5688 = VECTOR('',#5689,1.);
#5689 = DIRECTION('',(0.295144207019,0.955452718382));
#5690 = ( GEOMETRIC_REPRESENTATION_CONTEXT(2) 
PARAMETRIC_REPRESENTATION_CONTEXT() REPRESENTATION_CONTEXT('2D SPACE',''
  ) );
#5691 = PCURVE('',#5656,#5692);
#5692 = DEFINITIONAL_REPRESENTATION('',(#5693),#5696);
#5693 = B_SPLINE_CURVE_WITH_KNOTS('',1,(#5694,#5695),.UNSPECIFIED.,.F.,
  .F.,(2,2),(0.,2.093248531845),.PIECEWISE_BEZIER_KNOTS.);
#5694 = CARTESIAN_POINT('',(-0.440045500557,-0.868859588455));
#5695 = CARTESIAN_POINT('',(0.177764677467,1.131140411545));
#5696 = ( GEOMETRIC_REPRESENTATION_CONTEXT(2) 
PARAMETRIC_REPRESENTATION_CONTEXT() REPRESENTATION_CONTEXT('2D SPACE',''
  ) );
#5697 = ORIENTED_EDGE('',*,*,#4631,.F.);
#5698 = ORIENTED_EDGE('',*,*,#5699,.T.);
#5699 = EDGE_CURVE('',#4581,#5677,#5700,.T.);
#5700 = SURFACE_CURVE('',#5701,(#5705,#5712),.PCURVE_S1.);
#5701 = LINE('',#5702,#5703);
#5702 = CARTESIAN_POINT('',(-167.4466705322,66.5,1.));
#5703 = VECTOR('',#5704,1.);
#5704 = DIRECTION('',(0.,0.,-1.));
#5705 = PCURVE('',#4645,#5706);
#5706 = DEFINITIONAL_REPRESENTATION('',(#5707),#5711);
#5707 = LINE('',#5708,#5709);
#5708 = CARTESIAN_POINT('',(-0.177764677467,0.868859588455));
#5709 = VECTOR('',#5710,1.);
#5710 = DIRECTION('',(0.,-1.));
#5711 = ( GEOMETRIC_REPRESENTATION_CONTEXT(2) 
PARAMETRIC_REPRESENTATION_CONTEXT() REPRESENTATION_CONTEXT('2D SPACE',''
  ) );
#5712 = PCURVE('',#5713,#5718);
#5713 = PLANE('',#5714);
#5714 = AXIS2_PLACEMENT_3D('',#5715,#5716,#5717);
#5715 = CARTESIAN_POINT('',(-167.5159816055,66.344186661691,
    -0.127162789519));
#5716 = DIRECTION('',(0.913679396789,-0.406435677424,0.));
#5717 = DIRECTION('',(0.406435677424,0.913679396789,0.));
#5718 = DEFINITIONAL_REPRESENTATION('',(#5719),#5722);
#5719 = B_SPLINE_CURVE_WITH_KNOTS('',1,(#5720,#5721),.UNSPECIFIED.,.F.,
  .F.,(2,2),(0.,2.),.PIECEWISE_BEZIER_KNOTS.);
#5720 = CARTESIAN_POINT('',(0.170533930016,1.127162789519));
#5721 = CARTESIAN_POINT('',(0.170533930016,-0.872837210481));
#5722 = ( GEOMETRIC_REPRESENTATION_CONTEXT(2) 
PARAMETRIC_REPRESENTATION_CONTEXT() REPRESENTATION_CONTEXT('2D SPACE',''
  ) );
#5723 = ADVANCED_FACE('',(#5724),#5656,.T.);
#5724 = FACE_BOUND('',#5725,.T.);
#5725 = EDGE_LOOP('',(#5726,#5727,#5728));
#5726 = ORIENTED_EDGE('',*,*,#5642,.F.);
#5727 = ORIENTED_EDGE('',*,*,#5676,.F.);
#5728 = ORIENTED_EDGE('',*,*,#5729,.T.);
#5729 = EDGE_CURVE('',#5677,#5572,#5730,.T.);
#5730 = SURFACE_CURVE('',#5731,(#5735,#5742),.PCURVE_S1.);
#5731 = LINE('',#5732,#5733);
#5732 = CARTESIAN_POINT('',(-167.4466705322,66.5,-1.));
#5733 = VECTOR('',#5734,1.);
#5734 = DIRECTION('',(0.311863961368,0.950126765016,0.));
#5735 = PCURVE('',#5656,#5736);
#5736 = DEFINITIONAL_REPRESENTATION('',(#5737),#5741);
#5737 = LINE('',#5738,#5739);
#5738 = CARTESIAN_POINT('',(-0.440045500557,-0.868859588455));
#5739 = VECTOR('',#5740,1.);
#5740 = DIRECTION('',(1.,2.790300675618E-33));
#5741 = ( GEOMETRIC_REPRESENTATION_CONTEXT(2) 
PARAMETRIC_REPRESENTATION_CONTEXT() REPRESENTATION_CONTEXT('2D SPACE',''
  ) );
#5742 = PCURVE('',#5607,#5743);
#5743 = DEFINITIONAL_REPRESENTATION('',(#5744),#5747);
#5744 = B_SPLINE_CURVE_WITH_KNOTS('',1,(#5745,#5746),.UNSPECIFIED.,.F.,
  .F.,(2,2),(0.,0.617810178024),.PIECEWISE_BEZIER_KNOTS.);
#5745 = CARTESIAN_POINT('',(-1.339748533953,-3.75528206659));
#5746 = CARTESIAN_POINT('',(-1.532421263445,-3.168284080751));
#5747 = ( GEOMETRIC_REPRESENTATION_CONTEXT(2) 
PARAMETRIC_REPRESENTATION_CONTEXT() REPRESENTATION_CONTEXT('2D SPACE',''
  ) );
#5748 = ADVANCED_FACE('',(#5749),#5607,.T.);
#5749 = FACE_BOUND('',#5750,.T.);
#5750 = EDGE_LOOP('',(#5751,#5752,#5753));
#5751 = ORIENTED_EDGE('',*,*,#5593,.F.);
#5752 = ORIENTED_EDGE('',*,*,#5729,.F.);
#5753 = ORIENTED_EDGE('',*,*,#5754,.T.);
#5754 = EDGE_CURVE('',#5677,#602,#5755,.T.);
#5755 = SURFACE_CURVE('',#5756,(#5760,#5767),.PCURVE_S1.);
#5756 = LINE('',#5757,#5758);
#5757 = CARTESIAN_POINT('',(-167.4466705322,66.5,-1.));
#5758 = VECTOR('',#5759,1.);
#5759 = DIRECTION('',(-0.359200456421,0.933260431019,0.));
#5760 = PCURVE('',#5607,#5761);
#5761 = DEFINITIONAL_REPRESENTATION('',(#5762),#5766);
#5762 = LINE('',#5763,#5764);
#5763 = CARTESIAN_POINT('',(-1.339748533953,-3.75528206659));
#5764 = VECTOR('',#5765,1.);
#5765 = DIRECTION('',(0.359200456421,0.933260431019));
#5766 = ( GEOMETRIC_REPRESENTATION_CONTEXT(2) 
PARAMETRIC_REPRESENTATION_CONTEXT() REPRESENTATION_CONTEXT('2D SPACE',''
  ) );
#5767 = PCURVE('',#5768,#5773);
#5768 = PLANE('',#5769);
#5769 = AXIS2_PLACEMENT_3D('',#5770,#5771,#5772);
#5770 = CARTESIAN_POINT('',(-168.9038726801,69.975261029575,-1.));
#5771 = DIRECTION('',(-0.,-0.,-1.));
#5772 = DIRECTION('',(-1.,0.,0.));
#5773 = DEFINITIONAL_REPRESENTATION('',(#5774),#5777);
#5774 = B_SPLINE_CURVE_WITH_KNOTS('',1,(#5775,#5776),.UNSPECIFIED.,.F.,
  .F.,(2,2),(0.,8.03634200135),.PIECEWISE_BEZIER_KNOTS.);
#5775 = CARTESIAN_POINT('',(-1.457202147891,-3.475261029575));
#5776 = CARTESIAN_POINT('',(1.429455566953,4.024738970425));
#5777 = ( GEOMETRIC_REPRESENTATION_CONTEXT(2) 
PARAMETRIC_REPRESENTATION_CONTEXT() REPRESENTATION_CONTEXT('2D SPACE',''
  ) );
#5778 = ADVANCED_FACE('',(#5779),#5768,.T.);
#5779 = FACE_BOUND('',#5780,.T.);
#5780 = EDGE_LOOP('',(#5781,#5782,#5804));
#5781 = ORIENTED_EDGE('',*,*,#5754,.F.);
#5782 = ORIENTED_EDGE('',*,*,#5783,.T.);
#5783 = EDGE_CURVE('',#5677,#5784,#5786,.T.);
#5784 = VERTEX_POINT('',#5785);
#5785 = CARTESIAN_POINT('',(-167.6886596679,65.956001281738,-1.));
#5786 = SURFACE_CURVE('',#5787,(#5791,#5798),.PCURVE_S1.);
#5787 = LINE('',#5788,#5789);
#5788 = CARTESIAN_POINT('',(-167.4466705322,66.5,-1.));
#5789 = VECTOR('',#5790,1.);
#5790 = DIRECTION('',(-0.406435677424,-0.913679396789,0.));
#5791 = PCURVE('',#5768,#5792);
#5792 = DEFINITIONAL_REPRESENTATION('',(#5793),#5797);
#5793 = LINE('',#5794,#5795);
#5794 = CARTESIAN_POINT('',(-1.457202147891,-3.475261029575));
#5795 = VECTOR('',#5796,1.);
#5796 = DIRECTION('',(0.406435677424,-0.913679396789));
#5797 = ( GEOMETRIC_REPRESENTATION_CONTEXT(2) 
PARAMETRIC_REPRESENTATION_CONTEXT() REPRESENTATION_CONTEXT('2D SPACE',''
  ) );
#5798 = PCURVE('',#5713,#5799);
#5799 = DEFINITIONAL_REPRESENTATION('',(#5800),#5803);
#5800 = B_SPLINE_CURVE_WITH_KNOTS('',1,(#5801,#5802),.UNSPECIFIED.,.F.,
  .F.,(2,2),(0.,0.59539343907),.PIECEWISE_BEZIER_KNOTS.);
#5801 = CARTESIAN_POINT('',(0.170533930016,-0.872837210481));
#5802 = CARTESIAN_POINT('',(-0.424859509054,-0.872837210481));
#5803 = ( GEOMETRIC_REPRESENTATION_CONTEXT(2) 
PARAMETRIC_REPRESENTATION_CONTEXT() REPRESENTATION_CONTEXT('2D SPACE',''
  ) );
#5804 = ORIENTED_EDGE('',*,*,#5805,.T.);
#5805 = EDGE_CURVE('',#5784,#602,#5806,.T.);
#5806 = SURFACE_CURVE('',#5807,(#5811,#5818),.PCURVE_S1.);
#5807 = LINE('',#5808,#5809);
#5808 = CARTESIAN_POINT('',(-167.6886596679,65.956001281738,-1.));
#5809 = VECTOR('',#5810,1.);
#5810 = DIRECTION('',(-0.312328136842,0.949974281197,0.));
#5811 = PCURVE('',#5768,#5812);
#5812 = DEFINITIONAL_REPRESENTATION('',(#5813),#5817);
#5813 = LINE('',#5814,#5815);
#5814 = CARTESIAN_POINT('',(-1.215213012149,-4.019259747837));
#5815 = VECTOR('',#5816,1.);
#5816 = DIRECTION('',(0.312328136842,0.949974281197));
#5817 = ( GEOMETRIC_REPRESENTATION_CONTEXT(2) 
PARAMETRIC_REPRESENTATION_CONTEXT() REPRESENTATION_CONTEXT('2D SPACE',''
  ) );
#5818 = PCURVE('',#5819,#5824);
#5819 = PLANE('',#5820);
#5820 = AXIS2_PLACEMENT_3D('',#5821,#5822,#5823);
#5821 = CARTESIAN_POINT('',(-169.0445661932,69.720343242687,-1.));
#5822 = DIRECTION('',(-0.,-0.,-1.));
#5823 = DIRECTION('',(-1.,0.,0.));
#5824 = DEFINITIONAL_REPRESENTATION('',(#5825),#5828);
#5825 = B_SPLINE_CURVE_WITH_KNOTS('',1,(#5826,#5827),.UNSPECIFIED.,.F.,
  .F.,(2,2),(0.,8.46759631021),.PIECEWISE_BEZIER_KNOTS.);
#5826 = CARTESIAN_POINT('',(-1.355906525263,-3.764341960948));
#5827 = CARTESIAN_POINT('',(1.288762053838,4.279656757313));
#5828 = ( GEOMETRIC_REPRESENTATION_CONTEXT(2) 
PARAMETRIC_REPRESENTATION_CONTEXT() REPRESENTATION_CONTEXT('2D SPACE',''
  ) );
#5829 = ADVANCED_FACE('',(#5830),#5819,.T.);
#5830 = FACE_BOUND('',#5831,.T.);
#5831 = EDGE_LOOP('',(#5832,#5833,#5860));
#5832 = ORIENTED_EDGE('',*,*,#5805,.F.);
#5833 = ORIENTED_EDGE('',*,*,#5834,.T.);
#5834 = EDGE_CURVE('',#5784,#5835,#5837,.T.);
#5835 = VERTEX_POINT('',#5836);
#5836 = CARTESIAN_POINT('',(-167.9759979248,65.463996887207,-1.));
#5837 = SURFACE_CURVE('',#5838,(#5842,#5849),.PCURVE_S1.);
#5838 = LINE('',#5839,#5840);
#5839 = CARTESIAN_POINT('',(-167.6886596679,65.956001281738,-1.));
#5840 = VECTOR('',#5841,1.);
#5841 = DIRECTION('',(-0.504310555065,-0.863522358744,0.));
#5842 = PCURVE('',#5819,#5843);
#5843 = DEFINITIONAL_REPRESENTATION('',(#5844),#5848);
#5844 = LINE('',#5845,#5846);
#5845 = CARTESIAN_POINT('',(-1.355906525263,-3.764341960948));
#5846 = VECTOR('',#5847,1.);
#5847 = DIRECTION('',(0.504310555065,-0.863522358744));
#5848 = ( GEOMETRIC_REPRESENTATION_CONTEXT(2) 
PARAMETRIC_REPRESENTATION_CONTEXT() REPRESENTATION_CONTEXT('2D SPACE',''
  ) );
#5849 = PCURVE('',#5850,#5855);
#5850 = PLANE('',#5851);
#5851 = AXIS2_PLACEMENT_3D('',#5852,#5853,#5854);
#5852 = CARTESIAN_POINT('',(-167.7705268426,65.815821515418,
    -0.122547412784));
#5853 = DIRECTION('',(0.863522358744,-0.504310555065,0.));
#5854 = DIRECTION('',(0.504310555065,0.863522358744,0.));
#5855 = DEFINITIONAL_REPRESENTATION('',(#5856),#5859);
#5856 = B_SPLINE_CURVE_WITH_KNOTS('',1,(#5857,#5858),.UNSPECIFIED.,.F.,
  .F.,(2,2),(0.,0.569764511074),.PIECEWISE_BEZIER_KNOTS.);
#5857 = CARTESIAN_POINT('',(0.162334842753,-0.877452587216));
#5858 = CARTESIAN_POINT('',(-0.407429668322,-0.877452587216));
#5859 = ( GEOMETRIC_REPRESENTATION_CONTEXT(2) 
PARAMETRIC_REPRESENTATION_CONTEXT() REPRESENTATION_CONTEXT('2D SPACE',''
  ) );
#5860 = ORIENTED_EDGE('',*,*,#5861,.T.);
#5861 = EDGE_CURVE('',#5835,#602,#5862,.T.);
#5862 = SURFACE_CURVE('',#5863,(#5867,#5874),.PCURVE_S1.);
#5863 = LINE('',#5864,#5865);
#5864 = CARTESIAN_POINT('',(-167.9759979248,65.463996887207,-1.));
#5865 = VECTOR('',#5866,1.);
#5866 = DIRECTION('',(-0.266198766965,0.963918158594,0.));
#5867 = PCURVE('',#5819,#5868);
#5868 = DEFINITIONAL_REPRESENTATION('',(#5869),#5873);
#5869 = LINE('',#5870,#5871);
#5870 = CARTESIAN_POINT('',(-1.068568268427,-4.25634635548));
#5871 = VECTOR('',#5872,1.);
#5872 = DIRECTION('',(0.266198766965,0.963918158594));
#5873 = ( GEOMETRIC_REPRESENTATION_CONTEXT(2) 
PARAMETRIC_REPRESENTATION_CONTEXT() REPRESENTATION_CONTEXT('2D SPACE',''
  ) );
#5874 = PCURVE('',#5875,#5880);
#5875 = PLANE('',#5876);
#5876 = AXIS2_PLACEMENT_3D('',#5877,#5878,#5879);
#5877 = CARTESIAN_POINT('',(-169.2062062368,69.494807943338,-1.));
#5878 = DIRECTION('',(-0.,-0.,-1.));
#5879 = DIRECTION('',(-1.,0.,0.));
#5880 = DEFINITIONAL_REPRESENTATION('',(#5881),#5884);
#5881 = B_SPLINE_CURVE_WITH_KNOTS('',1,(#5882,#5883),.UNSPECIFIED.,.F.,
  .F.,(2,2),(0.,8.855526827348),.PIECEWISE_BEZIER_KNOTS.);
#5882 = CARTESIAN_POINT('',(-1.230208312019,-4.030811056131));
#5883 = CARTESIAN_POINT('',(1.127122010247,4.505192056662));
#5884 = ( GEOMETRIC_REPRESENTATION_CONTEXT(2) 
PARAMETRIC_REPRESENTATION_CONTEXT() REPRESENTATION_CONTEXT('2D SPACE',''
  ) );
#5885 = ADVANCED_FACE('',(#5886),#5875,.T.);
#5886 = FACE_BOUND('',#5887,.T.);
#5887 = EDGE_LOOP('',(#5888,#5889,#5909));
#5888 = ORIENTED_EDGE('',*,*,#5861,.F.);
#5889 = ORIENTED_EDGE('',*,*,#5890,.T.);
#5890 = EDGE_CURVE('',#5835,#4362,#5891,.T.);
#5891 = SURFACE_CURVE('',#5892,(#5896,#5903),.PCURVE_S1.);
#5892 = LINE('',#5893,#5894);
#5893 = CARTESIAN_POINT('',(-167.9759979248,65.463996887207,-1.));
#5894 = VECTOR('',#5895,1.);
#5895 = DIRECTION('',(-0.605601735181,-0.795767892256,0.));
#5896 = PCURVE('',#5875,#5897);
#5897 = DEFINITIONAL_REPRESENTATION('',(#5898),#5902);
#5898 = LINE('',#5899,#5900);
#5899 = CARTESIAN_POINT('',(-1.230208312019,-4.030811056131));
#5900 = VECTOR('',#5901,1.);
#5901 = DIRECTION('',(0.605601735181,-0.795767892256));
#5902 = ( GEOMETRIC_REPRESENTATION_CONTEXT(2) 
PARAMETRIC_REPRESENTATION_CONTEXT() REPRESENTATION_CONTEXT('2D SPACE',''
  ) );
#5903 = PCURVE('',#4454,#5904);
#5904 = DEFINITIONAL_REPRESENTATION('',(#5905),#5908);
#5905 = B_SPLINE_CURVE_WITH_KNOTS('',1,(#5906,#5907),.UNSPECIFIED.,.F.,
  .F.,(2,2),(0.,0.541614910646),.PIECEWISE_BEZIER_KNOTS.);
#5906 = CARTESIAN_POINT('',(0.388201366992,-0.882606088331));
#5907 = CARTESIAN_POINT('',(-0.153413543654,-0.882606088331));
#5908 = ( GEOMETRIC_REPRESENTATION_CONTEXT(2) 
PARAMETRIC_REPRESENTATION_CONTEXT() REPRESENTATION_CONTEXT('2D SPACE',''
  ) );
#5909 = ORIENTED_EDGE('',*,*,#5910,.T.);
#5910 = EDGE_CURVE('',#4362,#602,#5911,.T.);
#5911 = SURFACE_CURVE('',#5912,(#5916,#5923),.PCURVE_S1.);
#5912 = LINE('',#5913,#5914);
#5913 = CARTESIAN_POINT('',(-168.3040008544,65.032997131348,-1.));
#5914 = VECTOR('',#5915,1.);
#5915 = DIRECTION('',(-0.220728662278,0.975335253976,0.));
#5916 = PCURVE('',#5875,#5917);
#5917 = DEFINITIONAL_REPRESENTATION('',(#5918),#5922);
#5918 = LINE('',#5919,#5920);
#5919 = CARTESIAN_POINT('',(-0.902205382331,-4.461810811991));
#5920 = VECTOR('',#5921,1.);
#5921 = DIRECTION('',(0.220728662278,0.975335253976));
#5922 = ( GEOMETRIC_REPRESENTATION_CONTEXT(2) 
PARAMETRIC_REPRESENTATION_CONTEXT() REPRESENTATION_CONTEXT('2D SPACE',''
  ) );
#5923 = PCURVE('',#4424,#5924);
#5924 = DEFINITIONAL_REPRESENTATION('',(#5925),#5928);
#5925 = B_SPLINE_CURVE_WITH_KNOTS('',1,(#5926,#5927),.UNSPECIFIED.,.F.,
  .F.,(2,2),(0.,9.193764740991),.PIECEWISE_BEZIER_KNOTS.);
#5926 = CARTESIAN_POINT('',(-1.081959359674,-4.26906205729));
#5927 = CARTESIAN_POINT('',(0.947368032905,4.697940811363));
#5928 = ( GEOMETRIC_REPRESENTATION_CONTEXT(2) 
PARAMETRIC_REPRESENTATION_CONTEXT() REPRESENTATION_CONTEXT('2D SPACE',''
  ) );
#5929 = ADVANCED_FACE('',(#5930),#4424,.T.);
#5930 = FACE_BOUND('',#5931,.T.);
#5931 = EDGE_LOOP('',(#5932,#5933,#5934));
#5932 = ORIENTED_EDGE('',*,*,#5910,.F.);
#5933 = ORIENTED_EDGE('',*,*,#4410,.F.);
#5934 = ORIENTED_EDGE('',*,*,#5935,.T.);
#5935 = EDGE_CURVE('',#4389,#602,#5936,.T.);
#5936 = SURFACE_CURVE('',#5937,(#5941,#5948),.PCURVE_S1.);
#5937 = LINE('',#5938,#5939);
#5938 = CARTESIAN_POINT('',(-168.6666717529,64.669998168945,-1.));
#5939 = VECTOR('',#5940,1.);
#5940 = DIRECTION('',(-0.175850427895,0.984416896954,0.));
#5941 = PCURVE('',#4424,#5942);
#5942 = DEFINITIONAL_REPRESENTATION('',(#5943),#5947);
#5943 = LINE('',#5944,#5945);
#5944 = CARTESIAN_POINT('',(-0.719288461236,-4.632061019692));
#5945 = VECTOR('',#5946,1.);
#5946 = DIRECTION('',(0.175850427895,0.984416896954));
#5947 = ( GEOMETRIC_REPRESENTATION_CONTEXT(2) 
PARAMETRIC_REPRESENTATION_CONTEXT() REPRESENTATION_CONTEXT('2D SPACE',''
  ) );
#5948 = PCURVE('',#4830,#5949);
#5949 = DEFINITIONAL_REPRESENTATION('',(#5950),#5953);
#5950 = B_SPLINE_CURVE_WITH_KNOTS('',1,(#5951,#5952),.UNSPECIFIED.,.F.,
  .F.,(2,2),(0.,9.477693708753),.PIECEWISE_BEZIER_KNOTS.);
#5951 = CARTESIAN_POINT('',(-0.914088962384,-4.474745371573));
#5952 = CARTESIAN_POINT('',(0.752567531757,4.855256459482));
#5953 = ( GEOMETRIC_REPRESENTATION_CONTEXT(2) 
PARAMETRIC_REPRESENTATION_CONTEXT() REPRESENTATION_CONTEXT('2D SPACE',''
  ) );
#5954 = ADVANCED_FACE('',(#5955),#4830,.T.);
#5955 = FACE_BOUND('',#5956,.T.);
#5956 = EDGE_LOOP('',(#5957,#5958,#5959));
#5957 = ORIENTED_EDGE('',*,*,#5935,.F.);
#5958 = ORIENTED_EDGE('',*,*,#4816,.F.);
#5959 = ORIENTED_EDGE('',*,*,#5960,.T.);
#5960 = EDGE_CURVE('',#4795,#602,#5961,.T.);
#5961 = SURFACE_CURVE('',#5962,(#5966,#5973),.PCURVE_S1.);
#5962 = LINE('',#5963,#5964);
#5963 = CARTESIAN_POINT('',(-169.0579986572,64.380996704102,-1.));
#5964 = VECTOR('',#5965,1.);
#5965 = DIRECTION('',(-0.131434197045,0.991324897219,0.));
#5966 = PCURVE('',#4830,#5967);
#5967 = DEFINITIONAL_REPRESENTATION('',(#5968),#5972);
#5968 = LINE('',#5969,#5970);
#5969 = CARTESIAN_POINT('',(-0.522762058087,-4.763746836417));
#5970 = VECTOR('',#5971,1.);
#5971 = DIRECTION('',(0.131434197045,0.991324897219));
#5972 = ( GEOMETRIC_REPRESENTATION_CONTEXT(2) 
PARAMETRIC_REPRESENTATION_CONTEXT() REPRESENTATION_CONTEXT('2D SPACE',''
  ) );
#5973 = PCURVE('',#4966,#5974);
#5974 = DEFINITIONAL_REPRESENTATION('',(#5975),#5978);
#5975 = B_SPLINE_CURVE_WITH_KNOTS('',1,(#5976,#5977),.UNSPECIFIED.,.F.,
  .F.,(2,2),(0.,9.703179374269),.PIECEWISE_BEZIER_KNOTS.);
#5976 = CARTESIAN_POINT('',(-0.729315604074,-4.643832864375));
#5977 = CARTESIAN_POINT('',(0.54601398577,4.975170431524));
#5978 = ( GEOMETRIC_REPRESENTATION_CONTEXT(2) 
PARAMETRIC_REPRESENTATION_CONTEXT() REPRESENTATION_CONTEXT('2D SPACE',''
  ) );
#5979 = ADVANCED_FACE('',(#5980),#4966,.T.);
#5980 = FACE_BOUND('',#5981,.T.);
#5981 = EDGE_LOOP('',(#5982,#5983,#5984));
#5982 = ORIENTED_EDGE('',*,*,#5960,.F.);
#5983 = ORIENTED_EDGE('',*,*,#4952,.F.);
#5984 = ORIENTED_EDGE('',*,*,#5985,.T.);
#5985 = EDGE_CURVE('',#4931,#602,#5986,.T.);
#5986 = SURFACE_CURVE('',#5987,(#5991,#5998),.PCURVE_S1.);
#5987 = LINE('',#5988,#5989);
#5988 = CARTESIAN_POINT('',(-169.4706726074,64.169998168945,-1.));
#5989 = VECTOR('',#5990,1.);
#5990 = DIRECTION('',(-8.742143753305E-02,0.996171417106,0.));
#5991 = PCURVE('',#4966,#5992);
#5992 = DEFINITIONAL_REPRESENTATION('',(#5993),#5997);
#5993 = LINE('',#5994,#5995);
#5994 = CARTESIAN_POINT('',(-0.316641653879,-4.854831399531));
#5995 = VECTOR('',#5996,1.);
#5996 = DIRECTION('',(8.742143753305E-02,0.996171417106));
#5997 = ( GEOMETRIC_REPRESENTATION_CONTEXT(2) 
PARAMETRIC_REPRESENTATION_CONTEXT() REPRESENTATION_CONTEXT('2D SPACE',''
  ) );
#5998 = PCURVE('',#5047,#5999);
#5999 = DEFINITIONAL_REPRESENTATION('',(#6000),#6003);
#6000 = B_SPLINE_CURVE_WITH_KNOTS('',1,(#6001,#6002),.UNSPECIFIED.,.F.,
  .F.,(2,2),(0.,9.867781450314),.PIECEWISE_BEZIER_KNOTS.);
#6001 = CARTESIAN_POINT('',(-0.531545443392,-4.774357626815));
#6002 = CARTESIAN_POINT('',(0.331110196257,5.05564420424));
#6003 = ( GEOMETRIC_REPRESENTATION_CONTEXT(2) 
PARAMETRIC_REPRESENTATION_CONTEXT() REPRESENTATION_CONTEXT('2D SPACE',''
  ) );
#6004 = ADVANCED_FACE('',(#6005),#5047,.T.);
#6005 = FACE_BOUND('',#6006,.T.);
#6006 = EDGE_LOOP('',(#6007,#6008,#6028));
#6007 = ORIENTED_EDGE('',*,*,#5033,.F.);
#6008 = ORIENTED_EDGE('',*,*,#6009,.T.);
#6009 = EDGE_CURVE('',#5012,#602,#6010,.T.);
#6010 = SURFACE_CURVE('',#6011,(#6015,#6022),.PCURVE_S1.);
#6011 = LINE('',#6012,#6013);
#6012 = CARTESIAN_POINT('',(-169.8979949951,64.042999267578,-1.));
#6013 = VECTOR('',#6014,1.);
#6014 = DIRECTION('',(-4.367959566067E-02,0.999045591013,0.));
#6015 = PCURVE('',#5047,#6016);
#6016 = DEFINITIONAL_REPRESENTATION('',(#6017),#6021);
#6017 = LINE('',#6018,#6019);
#6018 = CARTESIAN_POINT('',(-0.104223055696,-4.901356528182));
#6019 = VECTOR('',#6020,1.);
#6020 = DIRECTION('',(4.367959566067E-02,0.999045591013));
#6021 = ( GEOMETRIC_REPRESENTATION_CONTEXT(2) 
PARAMETRIC_REPRESENTATION_CONTEXT() REPRESENTATION_CONTEXT('2D SPACE',''
  ) );
#6022 = PCURVE('',#5295,#6023);
#6023 = DEFINITIONAL_REPRESENTATION('',(#6024),#6027);
#6024 = B_SPLINE_CURVE_WITH_KNOTS('',1,(#6025,#6026),.UNSPECIFIED.,.F.,
  .F.,(2,2),(0.,9.966512861864),.PIECEWISE_BEZIER_KNOTS.);
#6025 = CARTESIAN_POINT('',(-0.324345220457,-4.860765660267));
#6026 = CARTESIAN_POINT('',(0.110988031496,5.096235072155));
#6027 = ( GEOMETRIC_REPRESENTATION_CONTEXT(2) 
PARAMETRIC_REPRESENTATION_CONTEXT() REPRESENTATION_CONTEXT('2D SPACE',''
  ) );
#6028 = ORIENTED_EDGE('',*,*,#5985,.F.);
#6029 = ADVANCED_FACE('',(#6030),#5295,.T.);
#6030 = FACE_BOUND('',#6031,.T.);
#6031 = EDGE_LOOP('',(#6032,#6033,#6053));
#6032 = ORIENTED_EDGE('',*,*,#5281,.F.);
#6033 = ORIENTED_EDGE('',*,*,#6034,.T.);
#6034 = EDGE_CURVE('',#5205,#602,#6035,.T.);
#6035 = SURFACE_CURVE('',#6036,(#6040,#6047),.PCURVE_S1.);
#6036 = LINE('',#6037,#6038);
#6037 = CARTESIAN_POINT('',(-170.333328247,64.,-1.));
#6038 = VECTOR('',#6039,1.);
#6039 = DIRECTION('',(0.,1.,0.));
#6040 = PCURVE('',#5295,#6041);
#6041 = DEFINITIONAL_REPRESENTATION('',(#6042),#6046);
#6042 = LINE('',#6043,#6044);
#6043 = CARTESIAN_POINT('',(0.110988031496,-4.903764927845));
#6044 = VECTOR('',#6045,1.);
#6045 = DIRECTION('',(0.,1.));
#6046 = ( GEOMETRIC_REPRESENTATION_CONTEXT(2) 
PARAMETRIC_REPRESENTATION_CONTEXT() REPRESENTATION_CONTEXT('2D SPACE',''
  ) );
#6047 = PCURVE('',#725,#6048);
#6048 = DEFINITIONAL_REPRESENTATION('',(#6049),#6052);
#6049 = B_SPLINE_CURVE_WITH_KNOTS('',1,(#6050,#6051),.UNSPECIFIED.,.F.,
  .F.,(2,2),(0.,10.),.PIECEWISE_BEZIER_KNOTS.);
#6050 = CARTESIAN_POINT('',(-5.000004577637,-6.666667175293));
#6051 = CARTESIAN_POINT('',(-5.000004577637,3.333332824707));
#6052 = ( GEOMETRIC_REPRESENTATION_CONTEXT(2) 
PARAMETRIC_REPRESENTATION_CONTEXT() REPRESENTATION_CONTEXT('2D SPACE',''
  ) );
#6053 = ORIENTED_EDGE('',*,*,#6009,.F.);
#6054 = ADVANCED_FACE('',(#6055),#4596,.T.);
#6055 = FACE_BOUND('',#6056,.T.);
#6056 = EDGE_LOOP('',(#6057,#6077,#6078));
#6057 = ORIENTED_EDGE('',*,*,#6058,.T.);
#6058 = EDGE_CURVE('',#5784,#4581,#6059,.T.);
#6059 = SURFACE_CURVE('',#6060,(#6064,#6071),.PCURVE_S1.);
#6060 = LINE('',#6061,#6062);
#6061 = CARTESIAN_POINT('',(-167.6886596679,65.956001281738,-1.));
#6062 = VECTOR('',#6063,1.);
#6063 = DIRECTION('',(0.115965032168,0.260692814449,0.958431723081));
#6064 = PCURVE('',#4596,#6065);
#6065 = DEFINITIONAL_REPRESENTATION('',(#6066),#6070);
#6066 = LINE('',#6067,#6068);
#6067 = CARTESIAN_POINT('',(-0.170533930016,-1.127162789519));
#6068 = VECTOR('',#6069,1.);
#6069 = DIRECTION('',(0.28532197986,0.958431723081));
#6070 = ( GEOMETRIC_REPRESENTATION_CONTEXT(2) 
PARAMETRIC_REPRESENTATION_CONTEXT() REPRESENTATION_CONTEXT('2D SPACE',''
  ) );
#6071 = PCURVE('',#5713,#6072);
#6072 = DEFINITIONAL_REPRESENTATION('',(#6073),#6076);
#6073 = B_SPLINE_CURVE_WITH_KNOTS('',1,(#6074,#6075),.UNSPECIFIED.,.F.,
  .F.,(2,2),(0.,2.086742280994),.PIECEWISE_BEZIER_KNOTS.);
#6074 = CARTESIAN_POINT('',(-0.424859509054,-0.872837210481));
#6075 = CARTESIAN_POINT('',(0.170533930016,1.127162789519));
#6076 = ( GEOMETRIC_REPRESENTATION_CONTEXT(2) 
PARAMETRIC_REPRESENTATION_CONTEXT() REPRESENTATION_CONTEXT('2D SPACE',''
  ) );
#6077 = ORIENTED_EDGE('',*,*,#4580,.F.);
#6078 = ORIENTED_EDGE('',*,*,#6079,.T.);
#6079 = EDGE_CURVE('',#4525,#5784,#6080,.T.);
#6080 = SURFACE_CURVE('',#6081,(#6085,#6092),.PCURVE_S1.);
#6081 = LINE('',#6082,#6083);
#6082 = CARTESIAN_POINT('',(-167.6886596679,65.956001281738,1.));
#6083 = VECTOR('',#6084,1.);
#6084 = DIRECTION('',(0.,0.,-1.));
#6085 = PCURVE('',#4596,#6086);
#6086 = DEFINITIONAL_REPRESENTATION('',(#6087),#6091);
#6087 = LINE('',#6088,#6089);
#6088 = CARTESIAN_POINT('',(-0.170533930016,0.872837210481));
#6089 = VECTOR('',#6090,1.);
#6090 = DIRECTION('',(0.,-1.));
#6091 = ( GEOMETRIC_REPRESENTATION_CONTEXT(2) 
PARAMETRIC_REPRESENTATION_CONTEXT() REPRESENTATION_CONTEXT('2D SPACE',''
  ) );
#6092 = PCURVE('',#5850,#6093);
#6093 = DEFINITIONAL_REPRESENTATION('',(#6094),#6097);
#6094 = B_SPLINE_CURVE_WITH_KNOTS('',1,(#6095,#6096),.UNSPECIFIED.,.F.,
  .F.,(2,2),(0.,2.),.PIECEWISE_BEZIER_KNOTS.);
#6095 = CARTESIAN_POINT('',(0.162334842753,1.122547412784));
#6096 = CARTESIAN_POINT('',(0.162334842753,-0.877452587216));
#6097 = ( GEOMETRIC_REPRESENTATION_CONTEXT(2) 
PARAMETRIC_REPRESENTATION_CONTEXT() REPRESENTATION_CONTEXT('2D SPACE',''
  ) );
#6098 = ADVANCED_FACE('',(#6099),#5713,.T.);
#6099 = FACE_BOUND('',#6100,.T.);
#6100 = EDGE_LOOP('',(#6101,#6102,#6103));
#6101 = ORIENTED_EDGE('',*,*,#5699,.F.);
#6102 = ORIENTED_EDGE('',*,*,#6058,.F.);
#6103 = ORIENTED_EDGE('',*,*,#5783,.F.);
#6104 = ADVANCED_FACE('',(#6105),#4566,.T.);
#6105 = FACE_BOUND('',#6106,.T.);
#6106 = EDGE_LOOP('',(#6107,#6127,#6128));
#6107 = ORIENTED_EDGE('',*,*,#6108,.T.);
#6108 = EDGE_CURVE('',#5835,#4525,#6109,.T.);
#6109 = SURFACE_CURVE('',#6110,(#6114,#6121),.PCURVE_S1.);
#6110 = LINE('',#6111,#6112);
#6111 = CARTESIAN_POINT('',(-167.9759979248,65.463996887207,-1.));
#6112 = VECTOR('',#6113,1.);
#6113 = DIRECTION('',(0.138171634199,0.236588931714,0.96173503466));
#6114 = PCURVE('',#4566,#6115);
#6115 = DEFINITIONAL_REPRESENTATION('',(#6116),#6120);
#6116 = LINE('',#6117,#6118);
#6117 = CARTESIAN_POINT('',(-0.162334842753,-1.122547412784));
#6118 = VECTOR('',#6119,1.);
#6119 = DIRECTION('',(0.273981245903,0.96173503466));
#6120 = ( GEOMETRIC_REPRESENTATION_CONTEXT(2) 
PARAMETRIC_REPRESENTATION_CONTEXT() REPRESENTATION_CONTEXT('2D SPACE',''
  ) );
#6121 = PCURVE('',#5850,#6122);
#6122 = DEFINITIONAL_REPRESENTATION('',(#6123),#6126);
#6123 = B_SPLINE_CURVE_WITH_KNOTS('',1,(#6124,#6125),.UNSPECIFIED.,.F.,
  .F.,(2,2),(0.,2.079574859936),.PIECEWISE_BEZIER_KNOTS.);
#6124 = CARTESIAN_POINT('',(-0.407429668322,-0.877452587216));
#6125 = CARTESIAN_POINT('',(0.162334842753,1.122547412784));
#6126 = ( GEOMETRIC_REPRESENTATION_CONTEXT(2) 
PARAMETRIC_REPRESENTATION_CONTEXT() REPRESENTATION_CONTEXT('2D SPACE',''
  ) );
#6127 = ORIENTED_EDGE('',*,*,#4552,.F.);
#6128 = ORIENTED_EDGE('',*,*,#6129,.T.);
#6129 = EDGE_CURVE('',#4469,#5835,#6130,.T.);
#6130 = SURFACE_CURVE('',#6131,(#6135,#6142),.PCURVE_S1.);
#6131 = LINE('',#6132,#6133);
#6132 = CARTESIAN_POINT('',(-167.9759979248,65.463996887207,1.));
#6133 = VECTOR('',#6134,1.);
#6134 = DIRECTION('',(0.,0.,-1.));
#6135 = PCURVE('',#4566,#6136);
#6136 = DEFINITIONAL_REPRESENTATION('',(#6137),#6141);
#6137 = LINE('',#6138,#6139);
#6138 = CARTESIAN_POINT('',(-0.162334842753,0.877452587216));
#6139 = VECTOR('',#6140,1.);
#6140 = DIRECTION('',(0.,-1.));
#6141 = ( GEOMETRIC_REPRESENTATION_CONTEXT(2) 
PARAMETRIC_REPRESENTATION_CONTEXT() REPRESENTATION_CONTEXT('2D SPACE',''
  ) );
#6142 = PCURVE('',#4510,#6143);
#6143 = DEFINITIONAL_REPRESENTATION('',(#6144),#6147);
#6144 = B_SPLINE_CURVE_WITH_KNOTS('',1,(#6145,#6146),.UNSPECIFIED.,.F.,
  .F.,(2,2),(0.,2.),.PIECEWISE_BEZIER_KNOTS.);
#6145 = CARTESIAN_POINT('',(0.153413543654,0.882606088331));
#6146 = CARTESIAN_POINT('',(0.153413543654,-1.117393911669));
#6147 = ( GEOMETRIC_REPRESENTATION_CONTEXT(2) 
PARAMETRIC_REPRESENTATION_CONTEXT() REPRESENTATION_CONTEXT('2D SPACE',''
  ) );
#6148 = ADVANCED_FACE('',(#6149),#5850,.T.);
#6149 = FACE_BOUND('',#6150,.T.);
#6150 = EDGE_LOOP('',(#6151,#6152,#6153));
#6151 = ORIENTED_EDGE('',*,*,#6079,.F.);
#6152 = ORIENTED_EDGE('',*,*,#6108,.F.);
#6153 = ORIENTED_EDGE('',*,*,#5834,.F.);
#6154 = ADVANCED_FACE('',(#6155),#4454,.T.);
#6155 = FACE_BOUND('',#6156,.T.);
#6156 = EDGE_LOOP('',(#6157,#6177,#6178));
#6157 = ORIENTED_EDGE('',*,*,#6158,.T.);
#6158 = EDGE_CURVE('',#5835,#4306,#6159,.T.);
#6159 = SURFACE_CURVE('',#6160,(#6164,#6171),.PCURVE_S1.);
#6160 = LINE('',#6161,#6162);
#6161 = CARTESIAN_POINT('',(-167.9759979248,65.463996887207,-1.));
#6162 = VECTOR('',#6163,1.);
#6163 = DIRECTION('',(-0.158299572499,-0.208007523484,0.965232674292));
#6164 = PCURVE('',#4454,#6165);
#6165 = DEFINITIONAL_REPRESENTATION('',(#6166),#6170);
#6166 = LINE('',#6167,#6168);
#6167 = CARTESIAN_POINT('',(0.388201366992,-0.882606088331));
#6168 = VECTOR('',#6169,1.);
#6169 = DIRECTION('',(-0.26139220432,0.965232674292));
#6170 = ( GEOMETRIC_REPRESENTATION_CONTEXT(2) 
PARAMETRIC_REPRESENTATION_CONTEXT() REPRESENTATION_CONTEXT('2D SPACE',''
  ) );
#6171 = PCURVE('',#4510,#6172);
#6172 = DEFINITIONAL_REPRESENTATION('',(#6173),#6176);
#6173 = B_SPLINE_CURVE_WITH_KNOTS('',1,(#6174,#6175),.UNSPECIFIED.,.F.,
  .F.,(2,2),(0.,2.07203926397),.PIECEWISE_BEZIER_KNOTS.);
#6174 = CARTESIAN_POINT('',(0.153413543654,-1.117393911669));
#6175 = CARTESIAN_POINT('',(-0.388201366992,0.882606088331));
#6176 = ( GEOMETRIC_REPRESENTATION_CONTEXT(2) 
PARAMETRIC_REPRESENTATION_CONTEXT() REPRESENTATION_CONTEXT('2D SPACE',''
  ) );
#6177 = ORIENTED_EDGE('',*,*,#4440,.F.);
#6178 = ORIENTED_EDGE('',*,*,#5890,.F.);
#6179 = ADVANCED_FACE('',(#6180),#4510,.T.);
#6180 = FACE_BOUND('',#6181,.T.);
#6181 = EDGE_LOOP('',(#6182,#6183,#6184));
#6182 = ORIENTED_EDGE('',*,*,#4496,.F.);
#6183 = ORIENTED_EDGE('',*,*,#6158,.F.);
#6184 = ORIENTED_EDGE('',*,*,#6129,.F.);
#6185 = ADVANCED_FACE('',(#6186),#2087,.T.);
#6186 = FACE_BOUND('',#6187,.T.);
#6187 = EDGE_LOOP('',(#6188,#6189,#6216));
#6188 = ORIENTED_EDGE('',*,*,#2073,.F.);
#6189 = ORIENTED_EDGE('',*,*,#6190,.T.);
#6190 = EDGE_CURVE('',#1337,#6191,#6193,.T.);
#6191 = VERTEX_POINT('',#6192);
#6192 = CARTESIAN_POINT('',(-186.8866729736,67.706001281738,-1.));
#6193 = SURFACE_CURVE('',#6194,(#6198,#6205),.PCURVE_S1.);
#6194 = LINE('',#6195,#6196);
#6195 = CARTESIAN_POINT('',(-186.8866729736,67.706001281738,1.));
#6196 = VECTOR('',#6197,1.);
#6197 = DIRECTION('',(0.,0.,-1.));
#6198 = PCURVE('',#2087,#6199);
#6199 = DEFINITIONAL_REPRESENTATION('',(#6200),#6204);
#6200 = LINE('',#6201,#6202);
#6201 = CARTESIAN_POINT('',(-0.183276904839,1.134116127401));
#6202 = VECTOR('',#6203,1.);
#6203 = DIRECTION('',(0.,-1.));
#6204 = ( GEOMETRIC_REPRESENTATION_CONTEXT(2) 
PARAMETRIC_REPRESENTATION_CONTEXT() REPRESENTATION_CONTEXT('2D SPACE',''
  ) );
#6205 = PCURVE('',#6206,#6211);
#6206 = PLANE('',#6207);
#6207 = AXIS2_PLACEMENT_3D('',#6208,#6209,#6210);
#6208 = CARTESIAN_POINT('',(-186.9111728828,67.89151037283,
    -0.136162496729));
#6209 = DIRECTION('',(-0.99139140598,-0.130931585759,-4.533275752004E-18
    ));
#6210 = DIRECTION('',(0.130931585759,-0.99139140598,0.));
#6211 = DEFINITIONAL_REPRESENTATION('',(#6212),#6215);
#6212 = B_SPLINE_CURVE_WITH_KNOTS('',1,(#6213,#6214),.UNSPECIFIED.,.F.,
  .F.,(2,2),(0.,2.),.PIECEWISE_BEZIER_KNOTS.);
#6213 = CARTESIAN_POINT('',(0.187119930608,1.136162496729));
#6214 = CARTESIAN_POINT('',(0.187119930608,-0.863837503271));
#6215 = ( GEOMETRIC_REPRESENTATION_CONTEXT(2) 
PARAMETRIC_REPRESENTATION_CONTEXT() REPRESENTATION_CONTEXT('2D SPACE',''
  ) );
#6216 = ORIENTED_EDGE('',*,*,#6217,.T.);
#6217 = EDGE_CURVE('',#6191,#1749,#6218,.T.);
#6218 = SURFACE_CURVE('',#6219,(#6223,#6230),.PCURVE_S1.);
#6219 = LINE('',#6220,#6221);
#6220 = CARTESIAN_POINT('',(-186.8866729736,67.706001281738,-1.));
#6221 = VECTOR('',#6222,1.);
#6222 = DIRECTION('',(0.221603441283,-0.975136869784,0.));
#6223 = PCURVE('',#2087,#6224);
#6224 = DEFINITIONAL_REPRESENTATION('',(#6225),#6229);
#6225 = LINE('',#6226,#6227);
#6226 = CARTESIAN_POINT('',(-0.183276904839,-0.865883872599));
#6227 = VECTOR('',#6228,1.);
#6228 = DIRECTION('',(1.,-1.007944656925E-33));
#6229 = ( GEOMETRIC_REPRESENTATION_CONTEXT(2) 
PARAMETRIC_REPRESENTATION_CONTEXT() REPRESENTATION_CONTEXT('2D SPACE',''
  ) );
#6230 = PCURVE('',#6231,#6236);
#6231 = PLANE('',#6232);
#6232 = AXIS2_PLACEMENT_3D('',#6233,#6234,#6235);
#6233 = CARTESIAN_POINT('',(-185.3058145354,70.55596980521,-1.));
#6234 = DIRECTION('',(-0.,-0.,-1.));
#6235 = DIRECTION('',(-1.,0.,0.));
#6236 = DEFINITIONAL_REPRESENTATION('',(#6237),#6240);
#6237 = B_SPLINE_CURVE_WITH_KNOTS('',1,(#6238,#6239),.UNSPECIFIED.,.F.,
  .F.,(2,2),(0.,0.634786064479),.PIECEWISE_BEZIER_KNOTS.);
#6238 = CARTESIAN_POINT('',(1.580858438134,-2.849968523472));
#6239 = CARTESIAN_POINT('',(1.440187661766,-3.46897181937));
#6240 = ( GEOMETRIC_REPRESENTATION_CONTEXT(2) 
PARAMETRIC_REPRESENTATION_CONTEXT() REPRESENTATION_CONTEXT('2D SPACE',''
  ) );
#6241 = ADVANCED_FACE('',(#6242),#59,.T.);
#6242 = FACE_BOUND('',#6243,.T.);
#6243 = EDGE_LOOP('',(#6244,#6245,#6246));
#6244 = ORIENTED_EDGE('',*,*,#36,.F.);
#6245 = ORIENTED_EDGE('',*,*,#2545,.F.);
#6246 = ORIENTED_EDGE('',*,*,#1033,.F.);
#6247 = ADVANCED_FACE('',(#6248),#676,.T.);
#6248 = FACE_BOUND('',#6249,.T.);
#6249 = EDGE_LOOP('',(#6250,#6272,#6273));
#6250 = ORIENTED_EDGE('',*,*,#6251,.T.);
#6251 = EDGE_CURVE('',#6252,#602,#6254,.T.);
#6252 = VERTEX_POINT('',#6253);
#6253 = CARTESIAN_POINT('',(-169.8979949951,73.957000732422,1.));
#6254 = SURFACE_CURVE('',#6255,(#6259,#6266),.PCURVE_S1.);
#6255 = LINE('',#6256,#6257);
#6256 = CARTESIAN_POINT('',(-169.8979949951,73.957000732422,1.));
#6257 = VECTOR('',#6258,1.);
#6258 = DIRECTION('',(-0.212639603002,2.100309853695E-02,-0.976904943732
    ));
#6259 = PCURVE('',#676,#6260);
#6260 = DEFINITIONAL_REPRESENTATION('',(#6261),#6265);
#6261 = LINE('',#6262,#6263);
#6262 = CARTESIAN_POINT('',(0.316268240433,-0.902457602387));
#6263 = VECTOR('',#6264,1.);
#6264 = DIRECTION('',(-0.213674357172,0.976904943732));
#6265 = ( GEOMETRIC_REPRESENTATION_CONTEXT(2) 
PARAMETRIC_REPRESENTATION_CONTEXT() REPRESENTATION_CONTEXT('2D SPACE',''
  ) );
#6266 = PCURVE('',#2802,#6267);
#6267 = DEFINITIONAL_REPRESENTATION('',(#6268),#6271);
#6268 = B_SPLINE_CURVE_WITH_KNOTS('',1,(#6269,#6270),.UNSPECIFIED.,.F.,
  .F.,(2,2),(0.,2.047282095186),.PIECEWISE_BEZIER_KNOTS.);
#6269 = CARTESIAN_POINT('',(0.121183445206,-1.097542397613));
#6270 = CARTESIAN_POINT('',(-0.316268240433,0.902457602387));
#6271 = ( GEOMETRIC_REPRESENTATION_CONTEXT(2) 
PARAMETRIC_REPRESENTATION_CONTEXT() REPRESENTATION_CONTEXT('2D SPACE',''
  ) );
#6272 = ORIENTED_EDGE('',*,*,#662,.F.);
#6273 = ORIENTED_EDGE('',*,*,#6274,.T.);
#6274 = EDGE_CURVE('',#636,#6252,#6275,.T.);
#6275 = SURFACE_CURVE('',#6276,(#6280,#6287),.PCURVE_S1.);
#6276 = LINE('',#6277,#6278);
#6277 = CARTESIAN_POINT('',(-170.333328247,74.,1.));
#6278 = VECTOR('',#6279,1.);
#6279 = DIRECTION('',(0.995157331071,-9.829489516156E-02,0.));
#6280 = PCURVE('',#676,#6281);
#6281 = DEFINITIONAL_REPRESENTATION('',(#6282),#6286);
#6282 = LINE('',#6283,#6284);
#6283 = CARTESIAN_POINT('',(-0.121183445206,-0.902457602387));
#6284 = VECTOR('',#6285,1.);
#6285 = DIRECTION('',(1.,6.300020497402E-35));
#6286 = ( GEOMETRIC_REPRESENTATION_CONTEXT(2) 
PARAMETRIC_REPRESENTATION_CONTEXT() REPRESENTATION_CONTEXT('2D SPACE',''
  ) );
#6287 = PCURVE('',#2629,#6288);
#6288 = DEFINITIONAL_REPRESENTATION('',(#6289),#6292);
#6289 = B_SPLINE_CURVE_WITH_KNOTS('',1,(#6290,#6291),.UNSPECIFIED.,.F.,
  .F.,(2,2),(0.,0.437451685639),.PIECEWISE_BEZIER_KNOTS.);
#6290 = CARTESIAN_POINT('',(-0.110988031496,4.903764927845));
#6291 = CARTESIAN_POINT('',(0.324345220457,4.860765660267));
#6292 = ( GEOMETRIC_REPRESENTATION_CONTEXT(2) 
PARAMETRIC_REPRESENTATION_CONTEXT() REPRESENTATION_CONTEXT('2D SPACE',''
  ) );
#6293 = ADVANCED_FACE('',(#6294),#2802,.T.);
#6294 = FACE_BOUND('',#6295,.T.);
#6295 = EDGE_LOOP('',(#6296,#6297,#6298));
#6296 = ORIENTED_EDGE('',*,*,#2788,.F.);
#6297 = ORIENTED_EDGE('',*,*,#6251,.F.);
#6298 = ORIENTED_EDGE('',*,*,#6299,.T.);
#6299 = EDGE_CURVE('',#6252,#2675,#6300,.T.);
#6300 = SURFACE_CURVE('',#6301,(#6305,#6312),.PCURVE_S1.);
#6301 = LINE('',#6302,#6303);
#6302 = CARTESIAN_POINT('',(-169.8979949951,73.957000732422,1.));
#6303 = VECTOR('',#6304,1.);
#6304 = DIRECTION('',(0.,0.,-1.));
#6305 = PCURVE('',#2802,#6306);
#6306 = DEFINITIONAL_REPRESENTATION('',(#6307),#6311);
#6307 = LINE('',#6308,#6309);
#6308 = CARTESIAN_POINT('',(0.121183445206,-1.097542397613));
#6309 = VECTOR('',#6310,1.);
#6310 = DIRECTION('',(0.,1.));
#6311 = ( GEOMETRIC_REPRESENTATION_CONTEXT(2) 
PARAMETRIC_REPRESENTATION_CONTEXT() REPRESENTATION_CONTEXT('2D SPACE',''
  ) );
#6312 = PCURVE('',#2697,#6313);
#6313 = DEFINITIONAL_REPRESENTATION('',(#6314),#6317);
#6314 = B_SPLINE_CURVE_WITH_KNOTS('',1,(#6315,#6316),.UNSPECIFIED.,.F.,
  .F.,(2,2),(0.,2.),.PIECEWISE_BEZIER_KNOTS.);
#6315 = CARTESIAN_POINT('',(-0.123719001495,-1.099178477166));
#6316 = CARTESIAN_POINT('',(-0.123719001495,0.900821522834));
#6317 = ( GEOMETRIC_REPRESENTATION_CONTEXT(2) 
PARAMETRIC_REPRESENTATION_CONTEXT() REPRESENTATION_CONTEXT('2D SPACE',''
  ) );
#6318 = ADVANCED_FACE('',(#6319),#1352,.T.);
#6319 = FACE_BOUND('',#6320,.T.);
#6320 = EDGE_LOOP('',(#6321,#6343,#6344));
#6321 = ORIENTED_EDGE('',*,*,#6322,.T.);
#6322 = EDGE_CURVE('',#6323,#1337,#6325,.T.);
#6323 = VERTEX_POINT('',#6324);
#6324 = CARTESIAN_POINT('',(-186.9713287353,68.34700012207,-1.));
#6325 = SURFACE_CURVE('',#6326,(#6330,#6337),.PCURVE_S1.);
#6326 = LINE('',#6327,#6328);
#6327 = CARTESIAN_POINT('',(-186.9713287353,68.34700012207,-1.));
#6328 = VECTOR('',#6329,1.);
#6329 = DIRECTION('',(4.027554256233E-02,-0.304959468228,0.95151332277)
  );
#6330 = PCURVE('',#1352,#6331);
#6331 = DEFINITIONAL_REPRESENTATION('',(#6332),#6336);
#6332 = LINE('',#6333,#6334);
#6333 = CARTESIAN_POINT('',(-0.187119930608,-1.136162496729));
#6334 = VECTOR('',#6335,1.);
#6335 = DIRECTION('',(0.307607536629,0.95151332277));
#6336 = ( GEOMETRIC_REPRESENTATION_CONTEXT(2) 
PARAMETRIC_REPRESENTATION_CONTEXT() REPRESENTATION_CONTEXT('2D SPACE',''
  ) );
#6337 = PCURVE('',#6206,#6338);
#6338 = DEFINITIONAL_REPRESENTATION('',(#6339),#6342);
#6339 = B_SPLINE_CURVE_WITH_KNOTS('',1,(#6340,#6341),.UNSPECIFIED.,.F.,
  .F.,(2,2),(0.,2.101914867757),.PIECEWISE_BEZIER_KNOTS.);
#6340 = CARTESIAN_POINT('',(-0.459444924066,-0.863837503271));
#6341 = CARTESIAN_POINT('',(0.187119930608,1.136162496729));
#6342 = ( GEOMETRIC_REPRESENTATION_CONTEXT(2) 
PARAMETRIC_REPRESENTATION_CONTEXT() REPRESENTATION_CONTEXT('2D SPACE',''
  ) );
#6343 = ORIENTED_EDGE('',*,*,#1336,.F.);
#6344 = ORIENTED_EDGE('',*,*,#6345,.T.);
#6345 = EDGE_CURVE('',#1281,#6323,#6346,.T.);
#6346 = SURFACE_CURVE('',#6347,(#6351,#6358),.PCURVE_S1.);
#6347 = LINE('',#6348,#6349);
#6348 = CARTESIAN_POINT('',(-186.9713287353,68.34700012207,1.));
#6349 = VECTOR('',#6350,1.);
#6350 = DIRECTION('',(0.,0.,-1.));
#6351 = PCURVE('',#1352,#6352);
#6352 = DEFINITIONAL_REPRESENTATION('',(#6353),#6357);
#6353 = LINE('',#6354,#6355);
#6354 = CARTESIAN_POINT('',(-0.187119930608,0.863837503271));
#6355 = VECTOR('',#6356,1.);
#6356 = DIRECTION('',(0.,-1.));
#6357 = ( GEOMETRIC_REPRESENTATION_CONTEXT(2) 
PARAMETRIC_REPRESENTATION_CONTEXT() REPRESENTATION_CONTEXT('2D SPACE',''
  ) );
#6358 = PCURVE('',#6359,#6364);
#6359 = PLANE('',#6360);
#6360 = AXIS2_PLACEMENT_3D('',#6361,#6362,#6363);
#6361 = CARTESIAN_POINT('',(-186.9796381158,68.536249690118,
    -0.137382604532));
#6362 = DIRECTION('',(-0.999037479197,-4.386473708171E-02,
    -4.478795050208E-18));
#6363 = DIRECTION('',(4.386473708171E-02,-0.999037479197,0.));
#6364 = DEFINITIONAL_REPRESENTATION('',(#6365),#6368);
#6365 = B_SPLINE_CURVE_WITH_KNOTS('',1,(#6366,#6367),.UNSPECIFIED.,.F.,
  .F.,(2,2),(0.,2.),.PIECEWISE_BEZIER_KNOTS.);
#6366 = CARTESIAN_POINT('',(0.189431900192,1.137382604532));
#6367 = CARTESIAN_POINT('',(0.189431900192,-0.862617395468));
#6368 = ( GEOMETRIC_REPRESENTATION_CONTEXT(2) 
PARAMETRIC_REPRESENTATION_CONTEXT() REPRESENTATION_CONTEXT('2D SPACE',''
  ) );
#6369 = ADVANCED_FACE('',(#6370),#6206,.T.);
#6370 = FACE_BOUND('',#6371,.T.);
#6371 = EDGE_LOOP('',(#6372,#6373,#6374));
#6372 = ORIENTED_EDGE('',*,*,#6190,.F.);
#6373 = ORIENTED_EDGE('',*,*,#6322,.F.);
#6374 = ORIENTED_EDGE('',*,*,#6375,.T.);
#6375 = EDGE_CURVE('',#6323,#6191,#6376,.T.);
#6376 = SURFACE_CURVE('',#6377,(#6381,#6388),.PCURVE_S1.);
#6377 = LINE('',#6378,#6379);
#6378 = CARTESIAN_POINT('',(-186.9713287353,68.34700012207,-1.));
#6379 = VECTOR('',#6380,1.);
#6380 = DIRECTION('',(0.130931585759,-0.99139140598,0.));
#6381 = PCURVE('',#6206,#6382);
#6382 = DEFINITIONAL_REPRESENTATION('',(#6383),#6387);
#6383 = LINE('',#6384,#6385);
#6384 = CARTESIAN_POINT('',(-0.459444924066,-0.863837503271));
#6385 = VECTOR('',#6386,1.);
#6386 = DIRECTION('',(1.,1.258236779212E-34));
#6387 = ( GEOMETRIC_REPRESENTATION_CONTEXT(2) 
PARAMETRIC_REPRESENTATION_CONTEXT() REPRESENTATION_CONTEXT('2D SPACE',''
  ) );
#6388 = PCURVE('',#6389,#6394);
#6389 = PLANE('',#6390);
#6390 = AXIS2_PLACEMENT_3D('',#6391,#6392,#6393);
#6391 = CARTESIAN_POINT('',(-185.3709977711,70.872008391893,-1.));
#6392 = DIRECTION('',(-0.,-0.,-1.));
#6393 = DIRECTION('',(-1.,0.,0.));
#6394 = DEFINITIONAL_REPRESENTATION('',(#6395),#6398);
#6395 = B_SPLINE_CURVE_WITH_KNOTS('',1,(#6396,#6397),.UNSPECIFIED.,.F.,
  .F.,(2,2),(0.,0.646564854674),.PIECEWISE_BEZIER_KNOTS.);
#6396 = CARTESIAN_POINT('',(1.60033096417,-2.525008269823));
#6397 = CARTESIAN_POINT('',(1.515675202451,-3.166007110155));
#6398 = ( GEOMETRIC_REPRESENTATION_CONTEXT(2) 
PARAMETRIC_REPRESENTATION_CONTEXT() REPRESENTATION_CONTEXT('2D SPACE',''
  ) );
#6399 = ADVANCED_FACE('',(#6400),#2500,.T.);
#6400 = FACE_BOUND('',#6401,.T.);
#6401 = EDGE_LOOP('',(#6402,#6427,#6428));
#6402 = ORIENTED_EDGE('',*,*,#6403,.T.);
#6403 = EDGE_CURVE('',#2403,#5178,#6404,.T.);
#6404 = SURFACE_CURVE('',#6405,(#6409,#6416),.PCURVE_S1.);
#6405 = LINE('',#6406,#6407);
#6406 = CARTESIAN_POINT('',(-184.1020050048,64.042999267578,1.));
#6407 = VECTOR('',#6408,1.);
#6408 = DIRECTION('',(0.212639603002,-2.100309853695E-02,-0.976904943732
    ));
#6409 = PCURVE('',#2500,#6410);
#6410 = DEFINITIONAL_REPRESENTATION('',(#6411),#6415);
#6411 = LINE('',#6412,#6413);
#6412 = CARTESIAN_POINT('',(0.316268240433,-0.902457602387));
#6413 = VECTOR('',#6414,1.);
#6414 = DIRECTION('',(-0.213674357172,0.976904943732));
#6415 = ( GEOMETRIC_REPRESENTATION_CONTEXT(2) 
PARAMETRIC_REPRESENTATION_CONTEXT() REPRESENTATION_CONTEXT('2D SPACE',''
  ) );
#6416 = PCURVE('',#6417,#6422);
#6417 = PLANE('',#6418);
#6418 = AXIS2_PLACEMENT_3D('',#6419,#6420,#6421);
#6419 = CARTESIAN_POINT('',(-183.9814084109,64.031087553536,
    -9.754239761328E-02));
#6420 = DIRECTION('',(-9.829489516156E-02,-0.995157331071,
    -4.669072306745E-18));
#6421 = DIRECTION('',(-0.995157331071,9.829489516156E-02,0.));
#6422 = DEFINITIONAL_REPRESENTATION('',(#6423),#6426);
#6423 = B_SPLINE_CURVE_WITH_KNOTS('',1,(#6424,#6425),.UNSPECIFIED.,.F.,
  .F.,(2,2),(0.,2.047282095186),.PIECEWISE_BEZIER_KNOTS.);
#6424 = CARTESIAN_POINT('',(0.121183445206,-1.097542397613));
#6425 = CARTESIAN_POINT('',(-0.316268240433,0.902457602387));
#6426 = ( GEOMETRIC_REPRESENTATION_CONTEXT(2) 
PARAMETRIC_REPRESENTATION_CONTEXT() REPRESENTATION_CONTEXT('2D SPACE',''
  ) );
#6427 = ORIENTED_EDGE('',*,*,#5254,.F.);
#6428 = ORIENTED_EDGE('',*,*,#2486,.F.);
#6429 = ADVANCED_FACE('',(#6430),#6417,.T.);
#6430 = FACE_BOUND('',#6431,.T.);
#6431 = EDGE_LOOP('',(#6432,#6459,#6460));
#6432 = ORIENTED_EDGE('',*,*,#6433,.T.);
#6433 = EDGE_CURVE('',#6434,#5178,#6436,.T.);
#6434 = VERTEX_POINT('',#6435);
#6435 = CARTESIAN_POINT('',(-184.1020050048,64.042999267578,-1.));
#6436 = SURFACE_CURVE('',#6437,(#6441,#6448),.PCURVE_S1.);
#6437 = LINE('',#6438,#6439);
#6438 = CARTESIAN_POINT('',(-184.1020050048,64.042999267578,-1.));
#6439 = VECTOR('',#6440,1.);
#6440 = DIRECTION('',(0.995157331071,-9.829489516156E-02,0.));
#6441 = PCURVE('',#6417,#6442);
#6442 = DEFINITIONAL_REPRESENTATION('',(#6443),#6447);
#6443 = LINE('',#6444,#6445);
#6444 = CARTESIAN_POINT('',(0.121183445206,0.902457602387));
#6445 = VECTOR('',#6446,1.);
#6446 = DIRECTION('',(-1.,1.295927894647E-34));
#6447 = ( GEOMETRIC_REPRESENTATION_CONTEXT(2) 
PARAMETRIC_REPRESENTATION_CONTEXT() REPRESENTATION_CONTEXT('2D SPACE',''
  ) );
#6448 = PCURVE('',#6449,#6454);
#6449 = PLANE('',#6450);
#6450 = AXIS2_PLACEMENT_3D('',#6451,#6452,#6453);
#6451 = CARTESIAN_POINT('',(-183.7776597844,68.903764927845,-1.));
#6452 = DIRECTION('',(-0.,-0.,-1.));
#6453 = DIRECTION('',(-1.,0.,0.));
#6454 = DEFINITIONAL_REPRESENTATION('',(#6455),#6458);
#6455 = B_SPLINE_CURVE_WITH_KNOTS('',1,(#6456,#6457),.UNSPECIFIED.,.F.,
  .F.,(2,2),(0.,0.437451685639),.PIECEWISE_BEZIER_KNOTS.);
#6456 = CARTESIAN_POINT('',(0.324345220457,-4.860765660267));
#6457 = CARTESIAN_POINT('',(-0.110988031496,-4.903764927845));
#6458 = ( GEOMETRIC_REPRESENTATION_CONTEXT(2) 
PARAMETRIC_REPRESENTATION_CONTEXT() REPRESENTATION_CONTEXT('2D SPACE',''
  ) );
#6459 = ORIENTED_EDGE('',*,*,#6403,.F.);
#6460 = ORIENTED_EDGE('',*,*,#6461,.T.);
#6461 = EDGE_CURVE('',#2403,#6434,#6462,.T.);
#6462 = SURFACE_CURVE('',#6463,(#6467,#6474),.PCURVE_S1.);
#6463 = LINE('',#6464,#6465);
#6464 = CARTESIAN_POINT('',(-184.1020050048,64.042999267578,1.));
#6465 = VECTOR('',#6466,1.);
#6466 = DIRECTION('',(0.,0.,-1.));
#6467 = PCURVE('',#6417,#6468);
#6468 = DEFINITIONAL_REPRESENTATION('',(#6469),#6473);
#6469 = LINE('',#6470,#6471);
#6470 = CARTESIAN_POINT('',(0.121183445206,-1.097542397613));
#6471 = VECTOR('',#6472,1.);
#6472 = DIRECTION('',(0.,1.));
#6473 = ( GEOMETRIC_REPRESENTATION_CONTEXT(2) 
PARAMETRIC_REPRESENTATION_CONTEXT() REPRESENTATION_CONTEXT('2D SPACE',''
  ) );
#6474 = PCURVE('',#6475,#6480);
#6475 = PLANE('',#6476);
#6476 = AXIS2_PLACEMENT_3D('',#6477,#6478,#6479);
#6477 = CARTESIAN_POINT('',(-184.2205974166,64.078244568159,
    -9.917847716582E-02));
#6478 = DIRECTION('',(-0.284881870647,-0.958562632162,1.864978066968E-17
    ));
#6479 = DIRECTION('',(-0.958562632162,0.284881870647,0.));
#6480 = DEFINITIONAL_REPRESENTATION('',(#6481),#6484);
#6481 = B_SPLINE_CURVE_WITH_KNOTS('',1,(#6482,#6483),.UNSPECIFIED.,.F.,
  .F.,(2,2),(0.,2.),.PIECEWISE_BEZIER_KNOTS.);
#6482 = CARTESIAN_POINT('',(-0.123719001495,-1.099178477166));
#6483 = CARTESIAN_POINT('',(-0.123719001495,0.900821522834));
#6484 = ( GEOMETRIC_REPRESENTATION_CONTEXT(2) 
PARAMETRIC_REPRESENTATION_CONTEXT() REPRESENTATION_CONTEXT('2D SPACE',''
  ) );
#6485 = ADVANCED_FACE('',(#6486),#2697,.T.);
#6486 = FACE_BOUND('',#6487,.T.);
#6487 = EDGE_LOOP('',(#6488,#6489,#6514));
#6488 = ORIENTED_EDGE('',*,*,#6299,.F.);
#6489 = ORIENTED_EDGE('',*,*,#6490,.F.);
#6490 = EDGE_CURVE('',#2677,#6252,#6491,.T.);
#6491 = SURFACE_CURVE('',#6492,(#6496,#6502),.PCURVE_S1.);
#6492 = LINE('',#6493,#6494);
#6493 = CARTESIAN_POINT('',(-169.4706726074,73.830001831055,-1.));
#6494 = VECTOR('',#6495,1.);
#6495 = DIRECTION('',(-0.20854342876,6.19784666157E-02,0.976047287787));
#6496 = PCURVE('',#2697,#6497);
#6497 = DEFINITIONAL_REPRESENTATION('',(#6498),#6501);
#6498 = B_SPLINE_CURVE_WITH_KNOTS('',1,(#6499,#6500),.UNSPECIFIED.,.F.,
  .F.,(2,2),(0.,2.049081048659),.PIECEWISE_BEZIER_KNOTS.);
#6499 = CARTESIAN_POINT('',(0.322075955827,0.900821522834));
#6500 = CARTESIAN_POINT('',(-0.123719001495,-1.099178477166));
#6501 = ( GEOMETRIC_REPRESENTATION_CONTEXT(2) 
PARAMETRIC_REPRESENTATION_CONTEXT() REPRESENTATION_CONTEXT('2D SPACE',''
  ) );
#6502 = PCURVE('',#6503,#6508);
#6503 = PLANE('',#6504);
#6504 = AXIS2_PLACEMENT_3D('',#6505,#6506,#6507);
#6505 = CARTESIAN_POINT('',(-169.5892650191,73.865247131635,
    9.917847716582E-02));
#6506 = DIRECTION('',(0.284881870647,0.958562632162,-9.324890334839E-18)
  );
#6507 = DIRECTION('',(0.958562632162,-0.284881870647,-3.851859888774E-34
    ));
#6508 = DEFINITIONAL_REPRESENTATION('',(#6509),#6513);
#6509 = LINE('',#6510,#6511);
#6510 = CARTESIAN_POINT('',(0.123719001495,1.099178477166));
#6511 = VECTOR('',#6512,1.);
#6512 = DIRECTION('',(-0.217558479502,-0.976047287787));
#6513 = ( GEOMETRIC_REPRESENTATION_CONTEXT(2) 
PARAMETRIC_REPRESENTATION_CONTEXT() REPRESENTATION_CONTEXT('2D SPACE',''
  ) );
#6514 = ORIENTED_EDGE('',*,*,#2674,.F.);
#6515 = ADVANCED_FACE('',(#6516),#6503,.T.);
#6516 = FACE_BOUND('',#6517,.T.);
#6517 = EDGE_LOOP('',(#6518,#6519,#6546));
#6518 = ORIENTED_EDGE('',*,*,#6490,.T.);
#6519 = ORIENTED_EDGE('',*,*,#6520,.T.);
#6520 = EDGE_CURVE('',#6252,#6521,#6523,.T.);
#6521 = VERTEX_POINT('',#6522);
#6522 = CARTESIAN_POINT('',(-169.4706726074,73.830001831055,1.));
#6523 = SURFACE_CURVE('',#6524,(#6528,#6535),.PCURVE_S1.);
#6524 = LINE('',#6525,#6526);
#6525 = CARTESIAN_POINT('',(-169.8979949951,73.957000732422,1.));
#6526 = VECTOR('',#6527,1.);
#6527 = DIRECTION('',(0.958562632162,-0.284881870647,0.));
#6528 = PCURVE('',#6503,#6529);
#6529 = DEFINITIONAL_REPRESENTATION('',(#6530),#6534);
#6530 = LINE('',#6531,#6532);
#6531 = CARTESIAN_POINT('',(-0.322075955827,-0.900821522834));
#6532 = VECTOR('',#6533,1.);
#6533 = DIRECTION('',(1.,-9.028213864696E-34));
#6534 = ( GEOMETRIC_REPRESENTATION_CONTEXT(2) 
PARAMETRIC_REPRESENTATION_CONTEXT() REPRESENTATION_CONTEXT('2D SPACE',''
  ) );
#6535 = PCURVE('',#6536,#6541);
#6536 = PLANE('',#6537);
#6537 = AXIS2_PLACEMENT_3D('',#6538,#6539,#6540);
#6538 = CARTESIAN_POINT('',(-170.0022180508,69.05564420424,1.));
#6539 = DIRECTION('',(0.,0.,1.));
#6540 = DIRECTION('',(1.,0.,-0.));
#6541 = DEFINITIONAL_REPRESENTATION('',(#6542),#6545);
#6542 = B_SPLINE_CURVE_WITH_KNOTS('',1,(#6543,#6544),.UNSPECIFIED.,.F.,
  .F.,(2,2),(0.,0.445794957322),.PIECEWISE_BEZIER_KNOTS.);
#6543 = CARTESIAN_POINT('',(0.104223055696,4.901356528182));
#6544 = CARTESIAN_POINT('',(0.531545443392,4.774357626815));
#6545 = ( GEOMETRIC_REPRESENTATION_CONTEXT(2) 
PARAMETRIC_REPRESENTATION_CONTEXT() REPRESENTATION_CONTEXT('2D SPACE',''
  ) );
#6546 = ORIENTED_EDGE('',*,*,#6547,.T.);
#6547 = EDGE_CURVE('',#6521,#2677,#6548,.T.);
#6548 = SURFACE_CURVE('',#6549,(#6553,#6560),.PCURVE_S1.);
#6549 = LINE('',#6550,#6551);
#6550 = CARTESIAN_POINT('',(-169.4706726074,73.830001831055,1.));
#6551 = VECTOR('',#6552,1.);
#6552 = DIRECTION('',(0.,0.,-1.));
#6553 = PCURVE('',#6503,#6554);
#6554 = DEFINITIONAL_REPRESENTATION('',(#6555),#6559);
#6555 = LINE('',#6556,#6557);
#6556 = CARTESIAN_POINT('',(0.123719001495,-0.900821522834));
#6557 = VECTOR('',#6558,1.);
#6558 = DIRECTION('',(3.851859888774E-34,1.));
#6559 = ( GEOMETRIC_REPRESENTATION_CONTEXT(2) 
PARAMETRIC_REPRESENTATION_CONTEXT() REPRESENTATION_CONTEXT('2D SPACE',''
  ) );
#6560 = PCURVE('',#2724,#6561);
#6561 = DEFINITIONAL_REPRESENTATION('',(#6562),#6565);
#6562 = B_SPLINE_CURVE_WITH_KNOTS('',1,(#6563,#6564),.UNSPECIFIED.,.F.,
  .F.,(2,2),(0.,2.),.PIECEWISE_BEZIER_KNOTS.);
#6563 = CARTESIAN_POINT('',(-0.129122422568,-1.102621062242));
#6564 = CARTESIAN_POINT('',(-0.129122422568,0.897378937758));
#6565 = ( GEOMETRIC_REPRESENTATION_CONTEXT(2) 
PARAMETRIC_REPRESENTATION_CONTEXT() REPRESENTATION_CONTEXT('2D SPACE',''
  ) );
#6566 = ADVANCED_FACE('',(#6567),#1296,.T.);
#6567 = FACE_BOUND('',#6568,.T.);
#6568 = EDGE_LOOP('',(#6569,#6591,#6592));
#6569 = ORIENTED_EDGE('',*,*,#6570,.T.);
#6570 = EDGE_CURVE('',#6571,#1281,#6573,.T.);
#6571 = VERTEX_POINT('',#6572);
#6572 = CARTESIAN_POINT('',(-187.,69.,-1.));
#6573 = SURFACE_CURVE('',#6574,(#6578,#6585),.PCURVE_S1.);
#6574 = LINE('',#6575,#6576);
#6575 = CARTESIAN_POINT('',(-187.,69.,-1.));
#6576 = VECTOR('',#6577,1.);
#6577 = DIRECTION('',(1.362638840533E-02,-0.310346616182,0.950525801524)
  );
#6578 = PCURVE('',#1296,#6579);
#6579 = DEFINITIONAL_REPRESENTATION('',(#6580),#6584);
#6580 = LINE('',#6581,#6582);
#6581 = CARTESIAN_POINT('',(-0.189431900192,-1.137382604532));
#6582 = VECTOR('',#6583,1.);
#6583 = DIRECTION('',(0.310645619053,0.950525801524));
#6584 = ( GEOMETRIC_REPRESENTATION_CONTEXT(2) 
PARAMETRIC_REPRESENTATION_CONTEXT() REPRESENTATION_CONTEXT('2D SPACE',''
  ) );
#6585 = PCURVE('',#6359,#6586);
#6586 = DEFINITIONAL_REPRESENTATION('',(#6587),#6590);
#6587 = B_SPLINE_CURVE_WITH_KNOTS('',1,(#6588,#6589),.UNSPECIFIED.,.F.,
  .F.,(2,2),(0.,2.10409859132),.PIECEWISE_BEZIER_KNOTS.);
#6588 = CARTESIAN_POINT('',(-0.464197109257,-0.862617395468));
#6589 = CARTESIAN_POINT('',(0.189431900192,1.137382604532));
#6590 = ( GEOMETRIC_REPRESENTATION_CONTEXT(2) 
PARAMETRIC_REPRESENTATION_CONTEXT() REPRESENTATION_CONTEXT('2D SPACE',''
  ) );
#6591 = ORIENTED_EDGE('',*,*,#1280,.F.);
#6592 = ORIENTED_EDGE('',*,*,#6593,.T.);
#6593 = EDGE_CURVE('',#1225,#6571,#6594,.T.);
#6594 = SURFACE_CURVE('',#6595,(#6599,#6606),.PCURVE_S1.);
#6595 = LINE('',#6596,#6597);
#6596 = CARTESIAN_POINT('',(-187.,69.,1.));
#6597 = VECTOR('',#6598,1.);
#6598 = DIRECTION('',(0.,0.,-1.));
#6599 = PCURVE('',#1296,#6600);
#6600 = DEFINITIONAL_REPRESENTATION('',(#6601),#6605);
#6601 = LINE('',#6602,#6603);
#6602 = CARTESIAN_POINT('',(-0.189431900192,0.862617395468));
#6603 = VECTOR('',#6604,1.);
#6604 = DIRECTION('',(0.,-1.));
#6605 = ( GEOMETRIC_REPRESENTATION_CONTEXT(2) 
PARAMETRIC_REPRESENTATION_CONTEXT() REPRESENTATION_CONTEXT('2D SPACE',''
  ) );
#6606 = PCURVE('',#1240,#6607);
#6607 = DEFINITIONAL_REPRESENTATION('',(#6608),#6611);
#6608 = B_SPLINE_CURVE_WITH_KNOTS('',1,(#6609,#6610),.UNSPECIFIED.,.F.,
  .F.,(2,2),(0.,2.),.PIECEWISE_BEZIER_KNOTS.);
#6609 = CARTESIAN_POINT('',(0.189431900192,0.862617395468));
#6610 = CARTESIAN_POINT('',(0.189431900192,-1.137382604532));
#6611 = ( GEOMETRIC_REPRESENTATION_CONTEXT(2) 
PARAMETRIC_REPRESENTATION_CONTEXT() REPRESENTATION_CONTEXT('2D SPACE',''
  ) );
#6612 = ADVANCED_FACE('',(#6613),#6359,.T.);
#6613 = FACE_BOUND('',#6614,.T.);
#6614 = EDGE_LOOP('',(#6615,#6616,#6617));
#6615 = ORIENTED_EDGE('',*,*,#6345,.F.);
#6616 = ORIENTED_EDGE('',*,*,#6570,.F.);
#6617 = ORIENTED_EDGE('',*,*,#6618,.T.);
#6618 = EDGE_CURVE('',#6571,#6323,#6619,.T.);
#6619 = SURFACE_CURVE('',#6620,(#6624,#6631),.PCURVE_S1.);
#6620 = LINE('',#6621,#6622);
#6621 = CARTESIAN_POINT('',(-187.,69.,-1.));
#6622 = VECTOR('',#6623,1.);
#6623 = DIRECTION('',(4.386473708171E-02,-0.999037479197,0.));
#6624 = PCURVE('',#6359,#6625);
#6625 = DEFINITIONAL_REPRESENTATION('',(#6626),#6630);
#6626 = LINE('',#6627,#6628);
#6627 = CARTESIAN_POINT('',(-0.464197109257,-0.862617395468));
#6628 = VECTOR('',#6629,1.);
#6629 = DIRECTION('',(1.,7.003759365901E-36));
#6630 = ( GEOMETRIC_REPRESENTATION_CONTEXT(2) 
PARAMETRIC_REPRESENTATION_CONTEXT() REPRESENTATION_CONTEXT('2D SPACE',''
  ) );
#6631 = PCURVE('',#6632,#6637);
#6632 = PLANE('',#6633);
#6633 = AXIS2_PLACEMENT_3D('',#6634,#6635,#6636);
#6634 = CARTESIAN_POINT('',(-185.4079815009,71.198323949873,-1.));
#6635 = DIRECTION('',(-0.,-0.,-1.));
#6636 = DIRECTION('',(-1.,0.,0.));
#6637 = DEFINITIONAL_REPRESENTATION('',(#6638),#6641);
#6638 = B_SPLINE_CURVE_WITH_KNOTS('',1,(#6639,#6640),.UNSPECIFIED.,.F.,
  .F.,(2,2),(0.,0.653629009449),.PIECEWISE_BEZIER_KNOTS.);
#6639 = CARTESIAN_POINT('',(1.592018499045,-2.198323949873));
#6640 = CARTESIAN_POINT('',(1.563347234396,-2.851323827802));
#6641 = ( GEOMETRIC_REPRESENTATION_CONTEXT(2) 
PARAMETRIC_REPRESENTATION_CONTEXT() REPRESENTATION_CONTEXT('2D SPACE',''
  ) );
#6642 = ADVANCED_FACE('',(#6643),#2969,.T.);
#6643 = FACE_BOUND('',#6644,.T.);
#6644 = EDGE_LOOP('',(#6645,#6665,#6690));
#6645 = ORIENTED_EDGE('',*,*,#6646,.T.);
#6646 = EDGE_CURVE('',#2709,#6521,#6647,.T.);
#6647 = SURFACE_CURVE('',#6648,(#6652,#6659),.PCURVE_S1.);
#6648 = LINE('',#6649,#6650);
#6649 = CARTESIAN_POINT('',(-169.0579986572,73.619003295898,-1.));
#6650 = VECTOR('',#6651,1.);
#6651 = DIRECTION('',(-0.201009938294,0.102775575031,0.974182829804));
#6652 = PCURVE('',#2969,#6653);
#6653 = DEFINITIONAL_REPRESENTATION('',(#6654),#6658);
#6654 = LINE('',#6655,#6656);
#6655 = CARTESIAN_POINT('',(0.129122422568,1.102621062242));
#6656 = VECTOR('',#6657,1.);
#6657 = DIRECTION('',(-0.225760523821,-0.974182829804));
#6658 = ( GEOMETRIC_REPRESENTATION_CONTEXT(2) 
PARAMETRIC_REPRESENTATION_CONTEXT() REPRESENTATION_CONTEXT('2D SPACE',''
  ) );
#6659 = PCURVE('',#2724,#6660);
#6660 = DEFINITIONAL_REPRESENTATION('',(#6661),#6664);
#6661 = B_SPLINE_CURVE_WITH_KNOTS('',1,(#6662,#6663),.UNSPECIFIED.,.F.,
  .F.,(2,2),(0.,2.053002720653),.PIECEWISE_BEZIER_KNOTS.);
#6662 = CARTESIAN_POINT('',(0.334364547052,0.897378937758));
#6663 = CARTESIAN_POINT('',(-0.129122422568,-1.102621062242));
#6664 = ( GEOMETRIC_REPRESENTATION_CONTEXT(2) 
PARAMETRIC_REPRESENTATION_CONTEXT() REPRESENTATION_CONTEXT('2D SPACE',''
  ) );
#6665 = ORIENTED_EDGE('',*,*,#6666,.T.);
#6666 = EDGE_CURVE('',#6521,#2874,#6667,.T.);
#6667 = SURFACE_CURVE('',#6668,(#6672,#6679),.PCURVE_S1.);
#6668 = LINE('',#6669,#6670);
#6669 = CARTESIAN_POINT('',(-169.4706726074,73.830001831055,1.));
#6670 = VECTOR('',#6671,1.);
#6671 = DIRECTION('',(0.89036796554,-0.455241568774,0.));
#6672 = PCURVE('',#2969,#6673);
#6673 = DEFINITIONAL_REPRESENTATION('',(#6674),#6678);
#6674 = LINE('',#6675,#6676);
#6675 = CARTESIAN_POINT('',(-0.334364547052,-0.897378937758));
#6676 = VECTOR('',#6677,1.);
#6677 = DIRECTION('',(1.,5.161150863845E-34));
#6678 = ( GEOMETRIC_REPRESENTATION_CONTEXT(2) 
PARAMETRIC_REPRESENTATION_CONTEXT() REPRESENTATION_CONTEXT('2D SPACE',''
  ) );
#6679 = PCURVE('',#6680,#6685);
#6680 = PLANE('',#6681);
#6681 = AXIS2_PLACEMENT_3D('',#6682,#6683,#6684);
#6682 = CARTESIAN_POINT('',(-169.7873142613,68.975170431524,1.));
#6683 = DIRECTION('',(0.,0.,1.));
#6684 = DIRECTION('',(1.,0.,-0.));
#6685 = DEFINITIONAL_REPRESENTATION('',(#6686),#6689);
#6686 = B_SPLINE_CURVE_WITH_KNOTS('',1,(#6687,#6688),.UNSPECIFIED.,.F.,
  .F.,(2,2),(0.,0.46348696962),.PIECEWISE_BEZIER_KNOTS.);
#6687 = CARTESIAN_POINT('',(0.316641653879,4.854831399531));
#6688 = CARTESIAN_POINT('',(0.729315604074,4.643832864375));
#6689 = ( GEOMETRIC_REPRESENTATION_CONTEXT(2) 
PARAMETRIC_REPRESENTATION_CONTEXT() REPRESENTATION_CONTEXT('2D SPACE',''
  ) );
#6690 = ORIENTED_EDGE('',*,*,#2955,.F.);
#6691 = ADVANCED_FACE('',(#6692),#2724,.T.);
#6692 = FACE_BOUND('',#6693,.T.);
#6693 = EDGE_LOOP('',(#6694,#6695,#6696));
#6694 = ORIENTED_EDGE('',*,*,#6547,.F.);
#6695 = ORIENTED_EDGE('',*,*,#6646,.F.);
#6696 = ORIENTED_EDGE('',*,*,#2708,.F.);
#6697 = ADVANCED_FACE('',(#6698),#2444,.T.);
#6698 = FACE_BOUND('',#6699,.T.);
#6699 = EDGE_LOOP('',(#6700,#6722,#6723));
#6700 = ORIENTED_EDGE('',*,*,#6701,.T.);
#6701 = EDGE_CURVE('',#6702,#2403,#6704,.T.);
#6702 = VERTEX_POINT('',#6703);
#6703 = CARTESIAN_POINT('',(-184.5293273925,64.169998168945,-1.));
#6704 = SURFACE_CURVE('',#6705,(#6709,#6716),.PCURVE_S1.);
#6705 = LINE('',#6706,#6707);
#6706 = CARTESIAN_POINT('',(-184.5293273925,64.169998168945,-1.));
#6707 = VECTOR('',#6708,1.);
#6708 = DIRECTION('',(0.20854342876,-6.19784666157E-02,0.976047287787));
#6709 = PCURVE('',#2444,#6710);
#6710 = DEFINITIONAL_REPRESENTATION('',(#6711),#6715);
#6711 = LINE('',#6712,#6713);
#6712 = CARTESIAN_POINT('',(0.123719001495,1.099178477166));
#6713 = VECTOR('',#6714,1.);
#6714 = DIRECTION('',(-0.217558479502,-0.976047287787));
#6715 = ( GEOMETRIC_REPRESENTATION_CONTEXT(2) 
PARAMETRIC_REPRESENTATION_CONTEXT() REPRESENTATION_CONTEXT('2D SPACE',''
  ) );
#6716 = PCURVE('',#6475,#6717);
#6717 = DEFINITIONAL_REPRESENTATION('',(#6718),#6721);
#6718 = B_SPLINE_CURVE_WITH_KNOTS('',1,(#6719,#6720),.UNSPECIFIED.,.F.,
  .F.,(2,2),(0.,2.049081048659),.PIECEWISE_BEZIER_KNOTS.);
#6719 = CARTESIAN_POINT('',(0.322075955827,0.900821522834));
#6720 = CARTESIAN_POINT('',(-0.123719001495,-1.099178477166));
#6721 = ( GEOMETRIC_REPRESENTATION_CONTEXT(2) 
PARAMETRIC_REPRESENTATION_CONTEXT() REPRESENTATION_CONTEXT('2D SPACE',''
  ) );
#6722 = ORIENTED_EDGE('',*,*,#2430,.F.);
#6723 = ORIENTED_EDGE('',*,*,#6724,.T.);
#6724 = EDGE_CURVE('',#2347,#6702,#6725,.T.);
#6725 = SURFACE_CURVE('',#6726,(#6730,#6737),.PCURVE_S1.);
#6726 = LINE('',#6727,#6728);
#6727 = CARTESIAN_POINT('',(-184.5293273925,64.169998168945,1.));
#6728 = VECTOR('',#6729,1.);
#6729 = DIRECTION('',(0.,0.,-1.));
#6730 = PCURVE('',#2444,#6731);
#6731 = DEFINITIONAL_REPRESENTATION('',(#6732),#6736);
#6732 = LINE('',#6733,#6734);
#6733 = CARTESIAN_POINT('',(0.123719001495,-0.900821522834));
#6734 = VECTOR('',#6735,1.);
#6735 = DIRECTION('',(3.851859888774E-34,1.));
#6736 = ( GEOMETRIC_REPRESENTATION_CONTEXT(2) 
PARAMETRIC_REPRESENTATION_CONTEXT() REPRESENTATION_CONTEXT('2D SPACE',''
  ) );
#6737 = PCURVE('',#6738,#6743);
#6738 = PLANE('',#6739);
#6739 = AXIS2_PLACEMENT_3D('',#6740,#6741,#6742);
#6740 = CARTESIAN_POINT('',(-184.6442938612,64.228780063159,
    -0.102621062242));
#6741 = DIRECTION('',(-0.455241568774,-0.89036796554,-0.));
#6742 = DIRECTION('',(-0.89036796554,0.455241568774,0.));
#6743 = DEFINITIONAL_REPRESENTATION('',(#6744),#6747);
#6744 = B_SPLINE_CURVE_WITH_KNOTS('',1,(#6745,#6746),.UNSPECIFIED.,.F.,
  .F.,(2,2),(0.,2.),.PIECEWISE_BEZIER_KNOTS.);
#6745 = CARTESIAN_POINT('',(-0.129122422568,-1.102621062242));
#6746 = CARTESIAN_POINT('',(-0.129122422568,0.897378937758));
#6747 = ( GEOMETRIC_REPRESENTATION_CONTEXT(2) 
PARAMETRIC_REPRESENTATION_CONTEXT() REPRESENTATION_CONTEXT('2D SPACE',''
  ) );
#6748 = ADVANCED_FACE('',(#6749),#6475,.T.);
#6749 = FACE_BOUND('',#6750,.T.);
#6750 = EDGE_LOOP('',(#6751,#6752,#6753));
#6751 = ORIENTED_EDGE('',*,*,#6461,.F.);
#6752 = ORIENTED_EDGE('',*,*,#6701,.F.);
#6753 = ORIENTED_EDGE('',*,*,#6754,.T.);
#6754 = EDGE_CURVE('',#6702,#6434,#6755,.T.);
#6755 = SURFACE_CURVE('',#6756,(#6760,#6767),.PCURVE_S1.);
#6756 = LINE('',#6757,#6758);
#6757 = CARTESIAN_POINT('',(-184.5293273925,64.169998168945,-1.));
#6758 = VECTOR('',#6759,1.);
#6759 = DIRECTION('',(0.958562632162,-0.284881870647,0.));
#6760 = PCURVE('',#6475,#6761);
#6761 = DEFINITIONAL_REPRESENTATION('',(#6762),#6766);
#6762 = LINE('',#6763,#6764);
#6763 = CARTESIAN_POINT('',(0.322075955827,0.900821522834));
#6764 = VECTOR('',#6765,1.);
#6765 = DIRECTION('',(-1.,-2.840913568123E-33));
#6766 = ( GEOMETRIC_REPRESENTATION_CONTEXT(2) 
PARAMETRIC_REPRESENTATION_CONTEXT() REPRESENTATION_CONTEXT('2D SPACE',''
  ) );
#6767 = PCURVE('',#6768,#6773);
#6768 = PLANE('',#6769);
#6769 = AXIS2_PLACEMENT_3D('',#6770,#6771,#6772);
#6770 = CARTESIAN_POINT('',(-183.9977819491,68.94435579576,-1.));
#6771 = DIRECTION('',(-0.,-0.,-1.));
#6772 = DIRECTION('',(-1.,0.,0.));
#6773 = DEFINITIONAL_REPRESENTATION('',(#6774),#6777);
#6774 = B_SPLINE_CURVE_WITH_KNOTS('',1,(#6775,#6776),.UNSPECIFIED.,.F.,
  .F.,(2,2),(0.,0.445794957322),.PIECEWISE_BEZIER_KNOTS.);
#6775 = CARTESIAN_POINT('',(0.531545443392,-4.774357626815));
#6776 = CARTESIAN_POINT('',(0.104223055696,-4.901356528182));
#6777 = ( GEOMETRIC_REPRESENTATION_CONTEXT(2) 
PARAMETRIC_REPRESENTATION_CONTEXT() REPRESENTATION_CONTEXT('2D SPACE',''
  ) );
#6778 = ADVANCED_FACE('',(#6779),#1240,.T.);
#6779 = FACE_BOUND('',#6780,.T.);
#6780 = EDGE_LOOP('',(#6781,#6782,#6807));
#6781 = ORIENTED_EDGE('',*,*,#1224,.F.);
#6782 = ORIENTED_EDGE('',*,*,#6783,.F.);
#6783 = EDGE_CURVE('',#6571,#1169,#6784,.T.);
#6784 = SURFACE_CURVE('',#6785,(#6789,#6795),.PCURVE_S1.);
#6785 = LINE('',#6786,#6787);
#6786 = CARTESIAN_POINT('',(-187.,69.,-1.));
#6787 = VECTOR('',#6788,1.);
#6788 = DIRECTION('',(1.362638840533E-02,0.310346616182,0.950525801524)
  );
#6789 = PCURVE('',#1240,#6790);
#6790 = DEFINITIONAL_REPRESENTATION('',(#6791),#6794);
#6791 = B_SPLINE_CURVE_WITH_KNOTS('',1,(#6792,#6793),.UNSPECIFIED.,.F.,
  .F.,(2,2),(0.,2.10409859132),.PIECEWISE_BEZIER_KNOTS.);
#6792 = CARTESIAN_POINT('',(0.189431900192,-1.137382604532));
#6793 = CARTESIAN_POINT('',(-0.464197109257,0.862617395468));
#6794 = ( GEOMETRIC_REPRESENTATION_CONTEXT(2) 
PARAMETRIC_REPRESENTATION_CONTEXT() REPRESENTATION_CONTEXT('2D SPACE',''
  ) );
#6795 = PCURVE('',#6796,#6801);
#6796 = PLANE('',#6797);
#6797 = AXIS2_PLACEMENT_3D('',#6798,#6799,#6800);
#6798 = CARTESIAN_POINT('',(-186.9796381158,69.463750309882,
    -0.137382604532));
#6799 = DIRECTION('',(-0.999037479197,4.386473708171E-02,
    1.375860285695E-18));
#6800 = DIRECTION('',(-4.386473708171E-02,-0.999037479197,0.));
#6801 = DEFINITIONAL_REPRESENTATION('',(#6802),#6806);
#6802 = LINE('',#6803,#6804);
#6803 = CARTESIAN_POINT('',(0.464197109257,-0.862617395468));
#6804 = VECTOR('',#6805,1.);
#6805 = DIRECTION('',(-0.310645619053,0.950525801524));
#6806 = ( GEOMETRIC_REPRESENTATION_CONTEXT(2) 
PARAMETRIC_REPRESENTATION_CONTEXT() REPRESENTATION_CONTEXT('2D SPACE',''
  ) );
#6807 = ORIENTED_EDGE('',*,*,#6593,.F.);
#6808 = ADVANCED_FACE('',(#6809),#6796,.T.);
#6809 = FACE_BOUND('',#6810,.T.);
#6810 = EDGE_LOOP('',(#6811,#6812,#6834));
#6811 = ORIENTED_EDGE('',*,*,#6783,.T.);
#6812 = ORIENTED_EDGE('',*,*,#6813,.T.);
#6813 = EDGE_CURVE('',#1169,#6814,#6816,.T.);
#6814 = VERTEX_POINT('',#6815);
#6815 = CARTESIAN_POINT('',(-186.9713287353,69.65299987793,-1.));
#6816 = SURFACE_CURVE('',#6817,(#6821,#6828),.PCURVE_S1.);
#6817 = LINE('',#6818,#6819);
#6818 = CARTESIAN_POINT('',(-186.9713287353,69.65299987793,1.));
#6819 = VECTOR('',#6820,1.);
#6820 = DIRECTION('',(0.,0.,-1.));
#6821 = PCURVE('',#6796,#6822);
#6822 = DEFINITIONAL_REPRESENTATION('',(#6823),#6827);
#6823 = LINE('',#6824,#6825);
#6824 = CARTESIAN_POINT('',(-0.189431900192,1.137382604532));
#6825 = VECTOR('',#6826,1.);
#6826 = DIRECTION('',(0.,-1.));
#6827 = ( GEOMETRIC_REPRESENTATION_CONTEXT(2) 
PARAMETRIC_REPRESENTATION_CONTEXT() REPRESENTATION_CONTEXT('2D SPACE',''
  ) );
#6828 = PCURVE('',#1210,#6829);
#6829 = DEFINITIONAL_REPRESENTATION('',(#6830),#6833);
#6830 = B_SPLINE_CURVE_WITH_KNOTS('',1,(#6831,#6832),.UNSPECIFIED.,.F.,
  .F.,(2,2),(0.,2.),.PIECEWISE_BEZIER_KNOTS.);
#6831 = CARTESIAN_POINT('',(0.187119930608,0.863837503271));
#6832 = CARTESIAN_POINT('',(0.187119930608,-1.136162496729));
#6833 = ( GEOMETRIC_REPRESENTATION_CONTEXT(2) 
PARAMETRIC_REPRESENTATION_CONTEXT() REPRESENTATION_CONTEXT('2D SPACE',''
  ) );
#6834 = ORIENTED_EDGE('',*,*,#6835,.T.);
#6835 = EDGE_CURVE('',#6814,#6571,#6836,.T.);
#6836 = SURFACE_CURVE('',#6837,(#6841,#6848),.PCURVE_S1.);
#6837 = LINE('',#6838,#6839);
#6838 = CARTESIAN_POINT('',(-186.9713287353,69.65299987793,-1.));
#6839 = VECTOR('',#6840,1.);
#6840 = DIRECTION('',(-4.386473708171E-02,-0.999037479197,0.));
#6841 = PCURVE('',#6796,#6842);
#6842 = DEFINITIONAL_REPRESENTATION('',(#6843),#6847);
#6843 = LINE('',#6844,#6845);
#6844 = CARTESIAN_POINT('',(-0.189431900192,-0.862617395468));
#6845 = VECTOR('',#6846,1.);
#6846 = DIRECTION('',(1.,-9.54694854904E-36));
#6847 = ( GEOMETRIC_REPRESENTATION_CONTEXT(2) 
PARAMETRIC_REPRESENTATION_CONTEXT() REPRESENTATION_CONTEXT('2D SPACE',''
  ) );
#6848 = PCURVE('',#6849,#6854);
#6849 = PLANE('',#6850);
#6850 = AXIS2_PLACEMENT_3D('',#6851,#6852,#6853);
#6851 = CARTESIAN_POINT('',(-185.4159637656,71.529875595519,-1.));
#6852 = DIRECTION('',(-0.,-0.,-1.));
#6853 = DIRECTION('',(-1.,0.,0.));
#6854 = DEFINITIONAL_REPRESENTATION('',(#6855),#6858);
#6855 = B_SPLINE_CURVE_WITH_KNOTS('',1,(#6856,#6857),.UNSPECIFIED.,.F.,
  .F.,(2,2),(0.,0.653629009449),.PIECEWISE_BEZIER_KNOTS.);
#6856 = CARTESIAN_POINT('',(1.555364969732,-1.876875717589));
#6857 = CARTESIAN_POINT('',(1.58403623438,-2.529875595519));
#6858 = ( GEOMETRIC_REPRESENTATION_CONTEXT(2) 
PARAMETRIC_REPRESENTATION_CONTEXT() REPRESENTATION_CONTEXT('2D SPACE',''
  ) );
#6859 = ADVANCED_FACE('',(#6860),#2388,.T.);
#6860 = FACE_BOUND('',#6861,.T.);
#6861 = EDGE_LOOP('',(#6862,#6884,#6885));
#6862 = ORIENTED_EDGE('',*,*,#6863,.T.);
#6863 = EDGE_CURVE('',#6864,#2347,#6866,.T.);
#6864 = VERTEX_POINT('',#6865);
#6865 = CARTESIAN_POINT('',(-184.9420013427,64.380996704102,-1.));
#6866 = SURFACE_CURVE('',#6867,(#6871,#6878),.PCURVE_S1.);
#6867 = LINE('',#6868,#6869);
#6868 = CARTESIAN_POINT('',(-184.9420013427,64.380996704102,-1.));
#6869 = VECTOR('',#6870,1.);
#6870 = DIRECTION('',(0.201009938294,-0.102775575031,0.974182829804));
#6871 = PCURVE('',#2388,#6872);
#6872 = DEFINITIONAL_REPRESENTATION('',(#6873),#6877);
#6873 = LINE('',#6874,#6875);
#6874 = CARTESIAN_POINT('',(0.129122422568,1.102621062242));
#6875 = VECTOR('',#6876,1.);
#6876 = DIRECTION('',(-0.225760523821,-0.974182829804));
#6877 = ( GEOMETRIC_REPRESENTATION_CONTEXT(2) 
PARAMETRIC_REPRESENTATION_CONTEXT() REPRESENTATION_CONTEXT('2D SPACE',''
  ) );
#6878 = PCURVE('',#6738,#6879);
#6879 = DEFINITIONAL_REPRESENTATION('',(#6880),#6883);
#6880 = B_SPLINE_CURVE_WITH_KNOTS('',1,(#6881,#6882),.UNSPECIFIED.,.F.,
  .F.,(2,2),(0.,2.053002720653),.PIECEWISE_BEZIER_KNOTS.);
#6881 = CARTESIAN_POINT('',(0.334364547052,0.897378937758));
#6882 = CARTESIAN_POINT('',(-0.129122422568,-1.102621062242));
#6883 = ( GEOMETRIC_REPRESENTATION_CONTEXT(2) 
PARAMETRIC_REPRESENTATION_CONTEXT() REPRESENTATION_CONTEXT('2D SPACE',''
  ) );
#6884 = ORIENTED_EDGE('',*,*,#2374,.F.);
#6885 = ORIENTED_EDGE('',*,*,#6886,.T.);
#6886 = EDGE_CURVE('',#2291,#6864,#6887,.T.);
#6887 = SURFACE_CURVE('',#6888,(#6892,#6899),.PCURVE_S1.);
#6888 = LINE('',#6889,#6890);
#6889 = CARTESIAN_POINT('',(-184.9420013427,64.380996704102,1.));
#6890 = VECTOR('',#6891,1.);
#6891 = DIRECTION('',(0.,0.,-1.));
#6892 = PCURVE('',#2388,#6893);
#6893 = DEFINITIONAL_REPRESENTATION('',(#6894),#6898);
#6894 = LINE('',#6895,#6896);
#6895 = CARTESIAN_POINT('',(0.129122422568,-0.897378937758));
#6896 = VECTOR('',#6897,1.);
#6897 = DIRECTION('',(0.,1.));
#6898 = ( GEOMETRIC_REPRESENTATION_CONTEXT(2) 
PARAMETRIC_REPRESENTATION_CONTEXT() REPRESENTATION_CONTEXT('2D SPACE',''
  ) );
#6899 = PCURVE('',#6900,#6905);
#6900 = PLANE('',#6901);
#6901 = AXIS2_PLACEMENT_3D('',#6902,#6903,#6904);
#6902 = CARTESIAN_POINT('',(-185.051560291,64.461907820093,
    -0.107040295691));
#6903 = DIRECTION('',(-0.594071756063,-0.804412051531,-0.));
#6904 = DIRECTION('',(-0.804412051531,0.594071756063,0.));
#6905 = DEFINITIONAL_REPRESENTATION('',(#6906),#6909);
#6906 = B_SPLINE_CURVE_WITH_KNOTS('',1,(#6907,#6908),.UNSPECIFIED.,.F.,
  .F.,(2,2),(0.,2.),.PIECEWISE_BEZIER_KNOTS.);
#6907 = CARTESIAN_POINT('',(-0.136197547124,-1.107040295691));
#6908 = CARTESIAN_POINT('',(-0.136197547124,0.892959704309));
#6909 = ( GEOMETRIC_REPRESENTATION_CONTEXT(2) 
PARAMETRIC_REPRESENTATION_CONTEXT() REPRESENTATION_CONTEXT('2D SPACE',''
  ) );
#6910 = ADVANCED_FACE('',(#6911),#6738,.T.);
#6911 = FACE_BOUND('',#6912,.T.);
#6912 = EDGE_LOOP('',(#6913,#6914,#6915));
#6913 = ORIENTED_EDGE('',*,*,#6724,.F.);
#6914 = ORIENTED_EDGE('',*,*,#6863,.F.);
#6915 = ORIENTED_EDGE('',*,*,#6916,.T.);
#6916 = EDGE_CURVE('',#6864,#6702,#6917,.T.);
#6917 = SURFACE_CURVE('',#6918,(#6922,#6929),.PCURVE_S1.);
#6918 = LINE('',#6919,#6920);
#6919 = CARTESIAN_POINT('',(-184.9420013427,64.380996704102,-1.));
#6920 = VECTOR('',#6921,1.);
#6921 = DIRECTION('',(0.89036796554,-0.455241568774,0.));
#6922 = PCURVE('',#6738,#6923);
#6923 = DEFINITIONAL_REPRESENTATION('',(#6924),#6928);
#6924 = LINE('',#6925,#6926);
#6925 = CARTESIAN_POINT('',(0.334364547052,0.897378937758));
#6926 = VECTOR('',#6927,1.);
#6927 = DIRECTION('',(-1.,0.));
#6928 = ( GEOMETRIC_REPRESENTATION_CONTEXT(2) 
PARAMETRIC_REPRESENTATION_CONTEXT() REPRESENTATION_CONTEXT('2D SPACE',''
  ) );
#6929 = PCURVE('',#6930,#6935);
#6930 = PLANE('',#6931);
#6931 = AXIS2_PLACEMENT_3D('',#6932,#6933,#6934);
#6932 = CARTESIAN_POINT('',(-184.2126857386,69.024829568476,-1.));
#6933 = DIRECTION('',(-0.,-0.,-1.));
#6934 = DIRECTION('',(-1.,0.,0.));
#6935 = DEFINITIONAL_REPRESENTATION('',(#6936),#6939);
#6936 = B_SPLINE_CURVE_WITH_KNOTS('',1,(#6937,#6938),.UNSPECIFIED.,.F.,
  .F.,(2,2),(0.,0.46348696962),.PIECEWISE_BEZIER_KNOTS.);
#6937 = CARTESIAN_POINT('',(0.729315604074,-4.643832864375));
#6938 = CARTESIAN_POINT('',(0.316641653879,-4.854831399531));
#6939 = ( GEOMETRIC_REPRESENTATION_CONTEXT(2) 
PARAMETRIC_REPRESENTATION_CONTEXT() REPRESENTATION_CONTEXT('2D SPACE',''
  ) );
#6940 = ADVANCED_FACE('',(#6941),#1595,.T.);
#6941 = FACE_BOUND('',#6942,.T.);
#6942 = EDGE_LOOP('',(#6943,#6963,#6964));
#6943 = ORIENTED_EDGE('',*,*,#6944,.T.);
#6944 = EDGE_CURVE('',#6814,#1113,#6945,.T.);
#6945 = SURFACE_CURVE('',#6946,(#6950,#6957),.PCURVE_S1.);
#6946 = LINE('',#6947,#6948);
#6947 = CARTESIAN_POINT('',(-186.9713287353,69.65299987793,-1.));
#6948 = VECTOR('',#6949,1.);
#6949 = DIRECTION('',(4.027554256233E-02,0.304959468228,0.95151332277));
#6950 = PCURVE('',#1595,#6951);
#6951 = DEFINITIONAL_REPRESENTATION('',(#6952),#6956);
#6952 = LINE('',#6953,#6954);
#6953 = CARTESIAN_POINT('',(0.459444924066,-0.863837503271));
#6954 = VECTOR('',#6955,1.);
#6955 = DIRECTION('',(-0.307607536629,0.95151332277));
#6956 = ( GEOMETRIC_REPRESENTATION_CONTEXT(2) 
PARAMETRIC_REPRESENTATION_CONTEXT() REPRESENTATION_CONTEXT('2D SPACE',''
  ) );
#6957 = PCURVE('',#1210,#6958);
#6958 = DEFINITIONAL_REPRESENTATION('',(#6959),#6962);
#6959 = B_SPLINE_CURVE_WITH_KNOTS('',1,(#6960,#6961),.UNSPECIFIED.,.F.,
  .F.,(2,2),(0.,2.101914867757),.PIECEWISE_BEZIER_KNOTS.);
#6960 = CARTESIAN_POINT('',(0.187119930608,-1.136162496729));
#6961 = CARTESIAN_POINT('',(-0.459444924066,0.863837503271));
#6962 = ( GEOMETRIC_REPRESENTATION_CONTEXT(2) 
PARAMETRIC_REPRESENTATION_CONTEXT() REPRESENTATION_CONTEXT('2D SPACE',''
  ) );
#6963 = ORIENTED_EDGE('',*,*,#1581,.F.);
#6964 = ORIENTED_EDGE('',*,*,#6965,.T.);
#6965 = EDGE_CURVE('',#1555,#6814,#6966,.T.);
#6966 = SURFACE_CURVE('',#6967,(#6971,#6978),.PCURVE_S1.);
#6967 = LINE('',#6968,#6969);
#6968 = CARTESIAN_POINT('',(-186.8866729736,70.293998718262,-1.));
#6969 = VECTOR('',#6970,1.);
#6970 = DIRECTION('',(-0.130931585759,-0.99139140598,0.));
#6971 = PCURVE('',#1595,#6972);
#6972 = DEFINITIONAL_REPRESENTATION('',(#6973),#6977);
#6973 = LINE('',#6974,#6975);
#6974 = CARTESIAN_POINT('',(-0.187119930608,-0.863837503271));
#6975 = VECTOR('',#6976,1.);
#6976 = DIRECTION('',(1.,0.));
#6977 = ( GEOMETRIC_REPRESENTATION_CONTEXT(2) 
PARAMETRIC_REPRESENTATION_CONTEXT() REPRESENTATION_CONTEXT('2D SPACE',''
  ) );
#6978 = PCURVE('',#6979,#6984);
#6979 = PLANE('',#6980);
#6980 = AXIS2_PLACEMENT_3D('',#6981,#6982,#6983);
#6981 = CARTESIAN_POINT('',(-185.3946285722,71.860575592793,-1.));
#6982 = DIRECTION('',(-0.,-0.,-1.));
#6983 = DIRECTION('',(-1.,0.,0.));
#6984 = DEFINITIONAL_REPRESENTATION('',(#6985),#6988);
#6985 = B_SPLINE_CURVE_WITH_KNOTS('',1,(#6986,#6987),.UNSPECIFIED.,.F.,
  .F.,(2,2),(0.,0.646564854674),.PIECEWISE_BEZIER_KNOTS.);
#6986 = CARTESIAN_POINT('',(1.492044401367,-1.566576874531));
#6987 = CARTESIAN_POINT('',(1.576700163086,-2.207575714863));
#6988 = ( GEOMETRIC_REPRESENTATION_CONTEXT(2) 
PARAMETRIC_REPRESENTATION_CONTEXT() REPRESENTATION_CONTEXT('2D SPACE',''
  ) );
#6989 = ADVANCED_FACE('',(#6990),#1210,.T.);
#6990 = FACE_BOUND('',#6991,.T.);
#6991 = EDGE_LOOP('',(#6992,#6993,#6994));
#6992 = ORIENTED_EDGE('',*,*,#1196,.F.);
#6993 = ORIENTED_EDGE('',*,*,#6944,.F.);
#6994 = ORIENTED_EDGE('',*,*,#6813,.F.);
#6995 = ADVANCED_FACE('',(#6996),#2332,.T.);
#6996 = FACE_BOUND('',#6997,.T.);
#6997 = EDGE_LOOP('',(#6998,#7020,#7021));
#6998 = ORIENTED_EDGE('',*,*,#6999,.T.);
#6999 = EDGE_CURVE('',#7000,#2291,#7002,.T.);
#7000 = VERTEX_POINT('',#7001);
#7001 = CARTESIAN_POINT('',(-185.333328247,64.669998168945,-1.));
#7002 = SURFACE_CURVE('',#7003,(#7007,#7014),.PCURVE_S1.);
#7003 = LINE('',#7004,#7005);
#7004 = CARTESIAN_POINT('',(-185.333328247,64.669998168945,-1.));
#7005 = VECTOR('',#7006,1.);
#7006 = DIRECTION('',(0.190120073367,-0.140406854463,0.971668808248));
#7007 = PCURVE('',#2332,#7008);
#7008 = DEFINITIONAL_REPRESENTATION('',(#7009),#7013);
#7009 = LINE('',#7010,#7011);
#7010 = CARTESIAN_POINT('',(0.136197547124,1.107040295691));
#7011 = VECTOR('',#7012,1.);
#7012 = DIRECTION('',(-0.236346624849,-0.971668808248));
#7013 = ( GEOMETRIC_REPRESENTATION_CONTEXT(2) 
PARAMETRIC_REPRESENTATION_CONTEXT() REPRESENTATION_CONTEXT('2D SPACE',''
  ) );
#7014 = PCURVE('',#6900,#7015);
#7015 = DEFINITIONAL_REPRESENTATION('',(#7016),#7019);
#7016 = B_SPLINE_CURVE_WITH_KNOTS('',1,(#7017,#7018),.UNSPECIFIED.,.F.,
  .F.,(2,2),(0.,2.058314502866),.PIECEWISE_BEZIER_KNOTS.);
#7017 = CARTESIAN_POINT('',(0.350278138505,0.892959704309));
#7018 = CARTESIAN_POINT('',(-0.136197547124,-1.107040295691));
#7019 = ( GEOMETRIC_REPRESENTATION_CONTEXT(2) 
PARAMETRIC_REPRESENTATION_CONTEXT() REPRESENTATION_CONTEXT('2D SPACE',''
  ) );
#7020 = ORIENTED_EDGE('',*,*,#2318,.F.);
#7021 = ORIENTED_EDGE('',*,*,#7022,.T.);
#7022 = EDGE_CURVE('',#2235,#7000,#7023,.T.);
#7023 = SURFACE_CURVE('',#7024,(#7028,#7035),.PCURVE_S1.);
#7024 = LINE('',#7025,#7026);
#7025 = CARTESIAN_POINT('',(-185.333328247,64.669998168945,1.));
#7026 = VECTOR('',#7027,1.);
#7027 = DIRECTION('',(0.,0.,-1.));
#7028 = PCURVE('',#2332,#7029);
#7029 = DEFINITIONAL_REPRESENTATION('',(#7030),#7034);
#7030 = LINE('',#7031,#7032);
#7031 = CARTESIAN_POINT('',(0.136197547124,-0.892959704309));
#7032 = VECTOR('',#7033,1.);
#7033 = DIRECTION('',(0.,1.));
#7034 = ( GEOMETRIC_REPRESENTATION_CONTEXT(2) 
PARAMETRIC_REPRESENTATION_CONTEXT() REPRESENTATION_CONTEXT('2D SPACE',''
  ) );
#7035 = PCURVE('',#7036,#7041);
#7036 = PLANE('',#7037);
#7037 = AXIS2_PLACEMENT_3D('',#7038,#7039,#7040);
#7038 = CARTESIAN_POINT('',(-185.4354416166,64.772203907992,
    -0.112087623969));
#7039 = DIRECTION('',(-0.707426380782,-0.706787037072,1.845141294601E-17
    ));
#7040 = DIRECTION('',(0.706787037072,-0.707426380782,-1.54074395551E-33)
  );
#7041 = DEFINITIONAL_REPRESENTATION('',(#7042),#7045);
#7042 = B_SPLINE_CURVE_WITH_KNOTS('',1,(#7043,#7044),.UNSPECIFIED.,.F.,
  .F.,(2,2),(0.,2.),.PIECEWISE_BEZIER_KNOTS.);
#7043 = CARTESIAN_POINT('',(0.144475442,1.112087623969));
#7044 = CARTESIAN_POINT('',(0.144475442,-0.887912376031));
#7045 = ( GEOMETRIC_REPRESENTATION_CONTEXT(2) 
PARAMETRIC_REPRESENTATION_CONTEXT() REPRESENTATION_CONTEXT('2D SPACE',''
  ) );
#7046 = ADVANCED_FACE('',(#7047),#6900,.T.);
#7047 = FACE_BOUND('',#7048,.T.);
#7048 = EDGE_LOOP('',(#7049,#7050,#7051));
#7049 = ORIENTED_EDGE('',*,*,#6886,.F.);
#7050 = ORIENTED_EDGE('',*,*,#6999,.F.);
#7051 = ORIENTED_EDGE('',*,*,#7052,.T.);
#7052 = EDGE_CURVE('',#7000,#6864,#7053,.T.);
#7053 = SURFACE_CURVE('',#7054,(#7058,#7065),.PCURVE_S1.);
#7054 = LINE('',#7055,#7056);
#7055 = CARTESIAN_POINT('',(-185.333328247,64.669998168945,-1.));
#7056 = VECTOR('',#7057,1.);
#7057 = DIRECTION('',(0.804412051531,-0.594071756063,0.));
#7058 = PCURVE('',#6900,#7059);
#7059 = DEFINITIONAL_REPRESENTATION('',(#7060),#7064);
#7060 = LINE('',#7061,#7062);
#7061 = CARTESIAN_POINT('',(0.350278138505,0.892959704309));
#7062 = VECTOR('',#7063,1.);
#7063 = DIRECTION('',(-1.,0.));
#7064 = ( GEOMETRIC_REPRESENTATION_CONTEXT(2) 
PARAMETRIC_REPRESENTATION_CONTEXT() REPRESENTATION_CONTEXT('2D SPACE',''
  ) );
#7065 = PCURVE('',#7066,#7071);
#7066 = PLANE('',#7067);
#7067 = AXIS2_PLACEMENT_3D('',#7068,#7069,#7070);
#7068 = CARTESIAN_POINT('',(-184.4192392846,69.144743540518,-1.));
#7069 = DIRECTION('',(-0.,-0.,-1.));
#7070 = DIRECTION('',(-1.,0.,0.));
#7071 = DEFINITIONAL_REPRESENTATION('',(#7072),#7075);
#7072 = B_SPLINE_CURVE_WITH_KNOTS('',1,(#7073,#7074),.UNSPECIFIED.,.F.,
  .F.,(2,2),(0.,0.486475685629),.PIECEWISE_BEZIER_KNOTS.);
#7073 = CARTESIAN_POINT('',(0.914088962384,-4.474745371573));
#7074 = CARTESIAN_POINT('',(0.522762058087,-4.763746836417));
#7075 = ( GEOMETRIC_REPRESENTATION_CONTEXT(2) 
PARAMETRIC_REPRESENTATION_CONTEXT() REPRESENTATION_CONTEXT('2D SPACE',''
  ) );
#7076 = ADVANCED_FACE('',(#7077),#2276,.T.);
#7077 = FACE_BOUND('',#7078,.T.);
#7078 = EDGE_LOOP('',(#7079,#7101,#7102));
#7079 = ORIENTED_EDGE('',*,*,#7080,.T.);
#7080 = EDGE_CURVE('',#7081,#2235,#7083,.T.);
#7081 = VERTEX_POINT('',#7082);
#7082 = CARTESIAN_POINT('',(-185.6959991455,65.032997131348,-1.));
#7083 = SURFACE_CURVE('',#7084,(#7088,#7095),.PCURVE_S1.);
#7084 = LINE('',#7085,#7086);
#7085 = CARTESIAN_POINT('',(-185.6959991455,65.032997131348,-1.));
#7086 = VECTOR('',#7087,1.);
#7087 = DIRECTION('',(0.175646637873,-0.175805523885,0.968628244671));
#7088 = PCURVE('',#2276,#7089);
#7089 = DEFINITIONAL_REPRESENTATION('',(#7090),#7094);
#7090 = LINE('',#7091,#7092);
#7091 = CARTESIAN_POINT('',(-0.144475442,-1.112087623969));
#7092 = VECTOR('',#7093,1.);
#7093 = DIRECTION('',(0.248514232238,0.968628244671));
#7094 = ( GEOMETRIC_REPRESENTATION_CONTEXT(2) 
PARAMETRIC_REPRESENTATION_CONTEXT() REPRESENTATION_CONTEXT('2D SPACE',''
  ) );
#7095 = PCURVE('',#7036,#7096);
#7096 = DEFINITIONAL_REPRESENTATION('',(#7097),#7100);
#7097 = B_SPLINE_CURVE_WITH_KNOTS('',1,(#7098,#7099),.UNSPECIFIED.,.F.,
  .F.,(2,2),(0.,2.064775636063),.PIECEWISE_BEZIER_KNOTS.);
#7098 = CARTESIAN_POINT('',(-0.368650689939,-0.887912376031));
#7099 = CARTESIAN_POINT('',(0.144475442,1.112087623969));
#7100 = ( GEOMETRIC_REPRESENTATION_CONTEXT(2) 
PARAMETRIC_REPRESENTATION_CONTEXT() REPRESENTATION_CONTEXT('2D SPACE',''
  ) );
#7101 = ORIENTED_EDGE('',*,*,#2262,.F.);
#7102 = ORIENTED_EDGE('',*,*,#7103,.T.);
#7103 = EDGE_CURVE('',#2184,#7081,#7104,.T.);
#7104 = SURFACE_CURVE('',#7105,(#7109,#7116),.PCURVE_S1.);
#7105 = LINE('',#7106,#7107);
#7106 = CARTESIAN_POINT('',(-185.6959991455,65.032997131348,1.));
#7107 = VECTOR('',#7108,1.);
#7108 = DIRECTION('',(0.,0.,-1.));
#7109 = PCURVE('',#2276,#7110);
#7110 = DEFINITIONAL_REPRESENTATION('',(#7111),#7115);
#7111 = LINE('',#7112,#7113);
#7112 = CARTESIAN_POINT('',(-0.144475442,0.887912376031));
#7113 = VECTOR('',#7114,1.);
#7114 = DIRECTION('',(0.,-1.));
#7115 = ( GEOMETRIC_REPRESENTATION_CONTEXT(2) 
PARAMETRIC_REPRESENTATION_CONTEXT() REPRESENTATION_CONTEXT('2D SPACE',''
  ) );
#7116 = PCURVE('',#7117,#7122);
#7117 = PLANE('',#7118);
#7118 = AXIS2_PLACEMENT_3D('',#7119,#7120,#7121);
#7119 = CARTESIAN_POINT('',(-185.7889066537,65.155078703625,
    -0.117393911669));
#7120 = DIRECTION('',(-0.795767892256,-0.605601735181,
    -1.837545066236E-17));
#7121 = DIRECTION('',(0.605601735181,-0.795767892256,1.54074395551E-33)
  );
#7122 = DEFINITIONAL_REPRESENTATION('',(#7123),#7126);
#7123 = B_SPLINE_CURVE_WITH_KNOTS('',1,(#7124,#7125),.UNSPECIFIED.,.F.,
  .F.,(2,2),(0.,2.),.PIECEWISE_BEZIER_KNOTS.);
#7124 = CARTESIAN_POINT('',(0.153413543654,1.117393911669));
#7125 = CARTESIAN_POINT('',(0.153413543654,-0.882606088331));
#7126 = ( GEOMETRIC_REPRESENTATION_CONTEXT(2) 
PARAMETRIC_REPRESENTATION_CONTEXT() REPRESENTATION_CONTEXT('2D SPACE',''
  ) );
#7127 = ADVANCED_FACE('',(#7128),#7036,.T.);
#7128 = FACE_BOUND('',#7129,.T.);
#7129 = EDGE_LOOP('',(#7130,#7131,#7132));
#7130 = ORIENTED_EDGE('',*,*,#7022,.F.);
#7131 = ORIENTED_EDGE('',*,*,#7080,.F.);
#7132 = ORIENTED_EDGE('',*,*,#7133,.T.);
#7133 = EDGE_CURVE('',#7081,#7000,#7134,.T.);
#7134 = SURFACE_CURVE('',#7135,(#7139,#7146),.PCURVE_S1.);
#7135 = LINE('',#7136,#7137);
#7136 = CARTESIAN_POINT('',(-185.6959991455,65.032997131348,-1.));
#7137 = VECTOR('',#7138,1.);
#7138 = DIRECTION('',(0.706787037072,-0.707426380782,0.));
#7139 = PCURVE('',#7036,#7140);
#7140 = DEFINITIONAL_REPRESENTATION('',(#7141),#7145);
#7141 = LINE('',#7142,#7143);
#7142 = CARTESIAN_POINT('',(-0.368650689939,-0.887912376031));
#7143 = VECTOR('',#7144,1.);
#7144 = DIRECTION('',(1.,5.121295872382E-33));
#7145 = ( GEOMETRIC_REPRESENTATION_CONTEXT(2) 
PARAMETRIC_REPRESENTATION_CONTEXT() REPRESENTATION_CONTEXT('2D SPACE',''
  ) );
#7146 = PCURVE('',#7147,#7152);
#7147 = PLANE('',#7148);
#7148 = AXIS2_PLACEMENT_3D('',#7149,#7150,#7151);
#7149 = CARTESIAN_POINT('',(-184.6140397858,69.302059188637,-1.));
#7150 = DIRECTION('',(-0.,-0.,-1.));
#7151 = DIRECTION('',(-1.,0.,0.));
#7152 = DEFINITIONAL_REPRESENTATION('',(#7153),#7156);
#7153 = B_SPLINE_CURVE_WITH_KNOTS('',1,(#7154,#7155),.UNSPECIFIED.,.F.,
  .F.,(2,2),(0.,0.513126131939),.PIECEWISE_BEZIER_KNOTS.);
#7154 = CARTESIAN_POINT('',(1.081959359674,-4.26906205729));
#7155 = CARTESIAN_POINT('',(0.719288461236,-4.632061019692));
#7156 = ( GEOMETRIC_REPRESENTATION_CONTEXT(2) 
PARAMETRIC_REPRESENTATION_CONTEXT() REPRESENTATION_CONTEXT('2D SPACE',''
  ) );
#7157 = ADVANCED_FACE('',(#7158),#1954,.T.);
#7158 = FACE_BOUND('',#7159,.T.);
#7159 = EDGE_LOOP('',(#7160,#7180,#7181));
#7160 = ORIENTED_EDGE('',*,*,#7161,.T.);
#7161 = EDGE_CURVE('',#1939,#2184,#7162,.T.);
#7162 = SURFACE_CURVE('',#7163,(#7167,#7174),.PCURVE_S1.);
#7163 = LINE('',#7164,#7165);
#7164 = CARTESIAN_POINT('',(-186.0240020751,65.463996887207,-1.));
#7165 = VECTOR('',#7166,1.);
#7166 = DIRECTION('',(0.158299572499,-0.208007523484,0.965232674292));
#7167 = PCURVE('',#1954,#7168);
#7168 = DEFINITIONAL_REPRESENTATION('',(#7169),#7173);
#7169 = LINE('',#7170,#7171);
#7170 = CARTESIAN_POINT('',(-0.153413543654,-1.117393911669));
#7171 = VECTOR('',#7172,1.);
#7172 = DIRECTION('',(0.26139220432,0.965232674292));
#7173 = ( GEOMETRIC_REPRESENTATION_CONTEXT(2) 
PARAMETRIC_REPRESENTATION_CONTEXT() REPRESENTATION_CONTEXT('2D SPACE',''
  ) );
#7174 = PCURVE('',#7117,#7175);
#7175 = DEFINITIONAL_REPRESENTATION('',(#7176),#7179);
#7176 = B_SPLINE_CURVE_WITH_KNOTS('',1,(#7177,#7178),.UNSPECIFIED.,.F.,
  .F.,(2,2),(0.,2.07203926397),.PIECEWISE_BEZIER_KNOTS.);
#7177 = CARTESIAN_POINT('',(-0.388201366992,-0.882606088331));
#7178 = CARTESIAN_POINT('',(0.153413543654,1.117393911669));
#7179 = ( GEOMETRIC_REPRESENTATION_CONTEXT(2) 
PARAMETRIC_REPRESENTATION_CONTEXT() REPRESENTATION_CONTEXT('2D SPACE',''
  ) );
#7180 = ORIENTED_EDGE('',*,*,#2211,.F.);
#7181 = ORIENTED_EDGE('',*,*,#1938,.F.);
#7182 = ADVANCED_FACE('',(#7183),#7117,.T.);
#7183 = FACE_BOUND('',#7184,.T.);
#7184 = EDGE_LOOP('',(#7185,#7186,#7187));
#7185 = ORIENTED_EDGE('',*,*,#7103,.F.);
#7186 = ORIENTED_EDGE('',*,*,#7161,.F.);
#7187 = ORIENTED_EDGE('',*,*,#7188,.T.);
#7188 = EDGE_CURVE('',#1939,#7081,#7189,.T.);
#7189 = SURFACE_CURVE('',#7190,(#7194,#7201),.PCURVE_S1.);
#7190 = LINE('',#7191,#7192);
#7191 = CARTESIAN_POINT('',(-186.0240020751,65.463996887207,-1.));
#7192 = VECTOR('',#7193,1.);
#7193 = DIRECTION('',(0.605601735181,-0.795767892256,0.));
#7194 = PCURVE('',#7117,#7195);
#7195 = DEFINITIONAL_REPRESENTATION('',(#7196),#7200);
#7196 = LINE('',#7197,#7198);
#7197 = CARTESIAN_POINT('',(-0.388201366992,-0.882606088331));
#7198 = VECTOR('',#7199,1.);
#7199 = DIRECTION('',(1.,-1.54074395551E-33));
#7200 = ( GEOMETRIC_REPRESENTATION_CONTEXT(2) 
PARAMETRIC_REPRESENTATION_CONTEXT() REPRESENTATION_CONTEXT('2D SPACE',''
  ) );
#7201 = PCURVE('',#7202,#7207);
#7202 = PLANE('',#7203);
#7203 = AXIS2_PLACEMENT_3D('',#7204,#7205,#7206);
#7204 = CARTESIAN_POINT('',(-184.7937937631,69.494807943338,-1.));
#7205 = DIRECTION('',(-0.,-0.,-1.));
#7206 = DIRECTION('',(-1.,0.,0.));
#7207 = DEFINITIONAL_REPRESENTATION('',(#7208),#7211);
#7208 = B_SPLINE_CURVE_WITH_KNOTS('',1,(#7209,#7210),.UNSPECIFIED.,.F.,
  .F.,(2,2),(0.,0.541614910646),.PIECEWISE_BEZIER_KNOTS.);
#7209 = CARTESIAN_POINT('',(1.230208312019,-4.030811056131));
#7210 = CARTESIAN_POINT('',(0.902205382331,-4.461810811991));
#7211 = ( GEOMETRIC_REPRESENTATION_CONTEXT(2) 
PARAMETRIC_REPRESENTATION_CONTEXT() REPRESENTATION_CONTEXT('2D SPACE',''
  ) );
#7212 = ADVANCED_FACE('',(#7213),#167,.T.);
#7213 = FACE_BOUND('',#7214,.T.);
#7214 = EDGE_LOOP('',(#7215,#7216,#7217));
#7215 = ORIENTED_EDGE('',*,*,#153,.F.);
#7216 = ORIENTED_EDGE('',*,*,#1475,.F.);
#7217 = ORIENTED_EDGE('',*,*,#7218,.T.);
#7218 = EDGE_CURVE('',#1423,#71,#7219,.T.);
#7219 = SURFACE_CURVE('',#7220,(#7224,#7231),.PCURVE_S1.);
#7220 = LINE('',#7221,#7222);
#7221 = CARTESIAN_POINT('',(-185.6959991455,72.967002868652,-1.));
#7222 = VECTOR('',#7223,1.);
#7223 = DIRECTION('',(-0.554703370483,-0.832048178157,0.));
#7224 = PCURVE('',#167,#7225);
#7225 = DEFINITIONAL_REPRESENTATION('',(#7226),#7230);
#7226 = LINE('',#7227,#7228);
#7227 = CARTESIAN_POINT('',(-0.314708421986,0.456794416247));
#7228 = VECTOR('',#7229,1.);
#7229 = DIRECTION('',(0.554703370483,-0.832048178157));
#7230 = ( GEOMETRIC_REPRESENTATION_CONTEXT(2) 
PARAMETRIC_REPRESENTATION_CONTEXT() REPRESENTATION_CONTEXT('2D SPACE',''
  ) );
#7231 = PCURVE('',#1539,#7232);
#7232 = DEFINITIONAL_REPRESENTATION('',(#7233),#7236);
#7233 = B_SPLINE_CURVE_WITH_KNOTS('',1,(#7234,#7235),.UNSPECIFIED.,.F.,
  .F.,(2,2),(0.,1.109315751926),.PIECEWISE_BEZIER_KNOTS.);
#7234 = CARTESIAN_POINT('',(-0.139702431091,0.269049048651));
#7235 = CARTESIAN_POINT('',(0.475638755433,-0.653955101739));
#7236 = ( GEOMETRIC_REPRESENTATION_CONTEXT(2) 
PARAMETRIC_REPRESENTATION_CONTEXT() REPRESENTATION_CONTEXT('2D SPACE',''
  ) );
#7237 = ADVANCED_FACE('',(#7238),#1539,.T.);
#7238 = FACE_BOUND('',#7239,.T.);
#7239 = EDGE_LOOP('',(#7240,#7241,#7242));
#7240 = ORIENTED_EDGE('',*,*,#7218,.F.);
#7241 = ORIENTED_EDGE('',*,*,#1525,.F.);
#7242 = ORIENTED_EDGE('',*,*,#7243,.T.);
#7243 = EDGE_CURVE('',#271,#71,#7244,.T.);
#7244 = SURFACE_CURVE('',#7245,(#7249,#7256),.PCURVE_S1.);
#7245 = LINE('',#7246,#7247);
#7246 = CARTESIAN_POINT('',(-185.333328247,73.330001831055,-1.));
#7247 = VECTOR('',#7248,1.);
#7248 = DIRECTION('',(-0.605338144041,-0.795968423601,0.));
#7249 = PCURVE('',#1539,#7250);
#7250 = DEFINITIONAL_REPRESENTATION('',(#7251),#7255);
#7251 = LINE('',#7252,#7253);
#7252 = CARTESIAN_POINT('',(-0.502373329528,0.632048011054));
#7253 = VECTOR('',#7254,1.);
#7254 = DIRECTION('',(0.605338144041,-0.795968423601));
#7255 = ( GEOMETRIC_REPRESENTATION_CONTEXT(2) 
PARAMETRIC_REPRESENTATION_CONTEXT() REPRESENTATION_CONTEXT('2D SPACE',''
  ) );
#7256 = PCURVE('',#111,#7257);
#7257 = DEFINITIONAL_REPRESENTATION('',(#7258),#7261);
#7258 = B_SPLINE_CURVE_WITH_KNOTS('',1,(#7259,#7260),.UNSPECIFIED.,.F.,
  .F.,(2,2),(0.,1.615645890795),.PIECEWISE_BEZIER_KNOTS.);
#7259 = CARTESIAN_POINT('',(-0.631691615651,0.902164124779));
#7260 = CARTESIAN_POINT('',(0.34632046931,-0.383838988014));
#7261 = ( GEOMETRIC_REPRESENTATION_CONTEXT(2) 
PARAMETRIC_REPRESENTATION_CONTEXT() REPRESENTATION_CONTEXT('2D SPACE',''
  ) );
#7262 = ADVANCED_FACE('',(#7263),#111,.T.);
#7263 = FACE_BOUND('',#7264,.T.);
#7264 = EDGE_LOOP('',(#7265,#7285,#7286));
#7265 = ORIENTED_EDGE('',*,*,#7266,.T.);
#7266 = EDGE_CURVE('',#271,#37,#7267,.T.);
#7267 = SURFACE_CURVE('',#7268,(#7272,#7279),.PCURVE_S1.);
#7268 = LINE('',#7269,#7270);
#7269 = CARTESIAN_POINT('',(-185.333328247,73.330001831055,-1.));
#7270 = VECTOR('',#7271,1.);
#7271 = DIRECTION('',(-0.554700196225,-0.832050294338,0.));
#7272 = PCURVE('',#111,#7273);
#7273 = DEFINITIONAL_REPRESENTATION('',(#7274),#7278);
#7274 = LINE('',#7275,#7276);
#7275 = CARTESIAN_POINT('',(-0.631691615651,0.902164124779));
#7276 = VECTOR('',#7277,1.);
#7277 = DIRECTION('',(0.554700196225,-0.832050294338));
#7278 = ( GEOMETRIC_REPRESENTATION_CONTEXT(2) 
PARAMETRIC_REPRESENTATION_CONTEXT() REPRESENTATION_CONTEXT('2D SPACE',''
  ) );
#7279 = PCURVE('',#312,#7280);
#7280 = DEFINITIONAL_REPRESENTATION('',(#7281),#7284);
#7281 = B_SPLINE_CURVE_WITH_KNOTS('',1,(#7282,#7283),.UNSPECIFIED.,.F.,
  .F.,(2,2),(0.,2.199388478687),.PIECEWISE_BEZIER_KNOTS.);
#7282 = CARTESIAN_POINT('',(-0.439316855131,0.746694217809));
#7283 = CARTESIAN_POINT('',(0.780684365572,-1.083307613245));
#7284 = ( GEOMETRIC_REPRESENTATION_CONTEXT(2) 
PARAMETRIC_REPRESENTATION_CONTEXT() REPRESENTATION_CONTEXT('2D SPACE',''
  ) );
#7285 = ORIENTED_EDGE('',*,*,#97,.F.);
#7286 = ORIENTED_EDGE('',*,*,#7243,.F.);
#7287 = ADVANCED_FACE('',(#7288),#312,.T.);
#7288 = FACE_BOUND('',#7289,.T.);
#7289 = EDGE_LOOP('',(#7290,#7310,#7311));
#7290 = ORIENTED_EDGE('',*,*,#7291,.T.);
#7291 = EDGE_CURVE('',#182,#37,#7292,.T.);
#7292 = SURFACE_CURVE('',#7293,(#7297,#7304),.PCURVE_S1.);
#7293 = LINE('',#7294,#7295);
#7294 = CARTESIAN_POINT('',(-184.9420013427,73.619003295898,-1.));
#7295 = VECTOR('',#7296,1.);
#7296 = DIRECTION('',(-0.605294125169,-0.796001898261,0.));
#7297 = PCURVE('',#312,#7298);
#7298 = DEFINITIONAL_REPRESENTATION('',(#7299),#7303);
#7299 = LINE('',#7300,#7301);
#7300 = CARTESIAN_POINT('',(-0.830643759428,1.035695682653));
#7301 = VECTOR('',#7302,1.);
#7302 = DIRECTION('',(0.605294125169,-0.796001898261));
#7303 = ( GEOMETRIC_REPRESENTATION_CONTEXT(2) 
PARAMETRIC_REPRESENTATION_CONTEXT() REPRESENTATION_CONTEXT('2D SPACE',''
  ) );
#7304 = PCURVE('',#368,#7305);
#7305 = DEFINITIONAL_REPRESENTATION('',(#7306),#7309);
#7306 = B_SPLINE_CURVE_WITH_KNOTS('',1,(#7307,#7308),.UNSPECIFIED.,.F.,
  .F.,(2,2),(0.,2.66205809374),.PIECEWISE_BEZIER_KNOTS.);
#7307 = CARTESIAN_POINT('',(-0.627638336817,0.920160795096));
#7308 = CARTESIAN_POINT('',(0.983689788183,-1.198842500802));
#7309 = ( GEOMETRIC_REPRESENTATION_CONTEXT(2) 
PARAMETRIC_REPRESENTATION_CONTEXT() REPRESENTATION_CONTEXT('2D SPACE',''
  ) );
#7310 = ORIENTED_EDGE('',*,*,#7266,.F.);
#7311 = ORIENTED_EDGE('',*,*,#298,.F.);
#7312 = ADVANCED_FACE('',(#7313),#368,.T.);
#7313 = FACE_BOUND('',#7314,.T.);
#7314 = EDGE_LOOP('',(#7315,#7335,#7336));
#7315 = ORIENTED_EDGE('',*,*,#7316,.T.);
#7316 = EDGE_CURVE('',#328,#37,#7317,.T.);
#7317 = SURFACE_CURVE('',#7318,(#7322,#7329),.PCURVE_S1.);
#7318 = LINE('',#7319,#7320);
#7319 = CARTESIAN_POINT('',(-184.5293273925,73.830001831055,-1.));
#7320 = VECTOR('',#7321,1.);
#7321 = DIRECTION('',(-0.655793675298,-0.754940166794,0.));
#7322 = PCURVE('',#368,#7323);
#7323 = DEFINITIONAL_REPRESENTATION('',(#7324),#7328);
#7324 = LINE('',#7325,#7326);
#7325 = CARTESIAN_POINT('',(-1.040312287012,1.131159330252));
#7326 = VECTOR('',#7327,1.);
#7327 = DIRECTION('',(0.655793675298,-0.754940166794));
#7328 = ( GEOMETRIC_REPRESENTATION_CONTEXT(2) 
PARAMETRIC_REPRESENTATION_CONTEXT() REPRESENTATION_CONTEXT('2D SPACE',''
  ) );
#7329 = PCURVE('',#480,#7330);
#7330 = DEFINITIONAL_REPRESENTATION('',(#7331),#7334);
#7331 = B_SPLINE_CURVE_WITH_KNOTS('',1,(#7332,#7333),.UNSPECIFIED.,.F.,
  .F.,(2,2),(0.,3.08633973067),.PIECEWISE_BEZIER_KNOTS.);
#7332 = CARTESIAN_POINT('',(-0.828082899818,1.05532443797));
#7333 = CARTESIAN_POINT('',(1.195919175377,-1.274677393084));
#7334 = ( GEOMETRIC_REPRESENTATION_CONTEXT(2) 
PARAMETRIC_REPRESENTATION_CONTEXT() REPRESENTATION_CONTEXT('2D SPACE',''
  ) );
#7335 = ORIENTED_EDGE('',*,*,#7291,.F.);
#7336 = ORIENTED_EDGE('',*,*,#354,.F.);
#7337 = ADVANCED_FACE('',(#7338),#587,.T.);
#7338 = FACE_BOUND('',#7339,.T.);
#7339 = EDGE_LOOP('',(#7340,#7341,#7361));
#7340 = ORIENTED_EDGE('',*,*,#573,.F.);
#7341 = ORIENTED_EDGE('',*,*,#7342,.T.);
#7342 = EDGE_CURVE('',#547,#1611,#7343,.T.);
#7343 = SURFACE_CURVE('',#7344,(#7348,#7355),.PCURVE_S1.);
#7344 = LINE('',#7345,#7346);
#7345 = CARTESIAN_POINT('',(-183.6666717529,74.,-1.));
#7346 = VECTOR('',#7347,1.);
#7347 = DIRECTION('',(-0.706226980943,-0.70798548812,0.));
#7348 = PCURVE('',#587,#7349);
#7349 = DEFINITIONAL_REPRESENTATION('',(#7350),#7354);
#7350 = LINE('',#7351,#7352);
#7351 = CARTESIAN_POINT('',(-1.573563601797,1.477911464183));
#7352 = VECTOR('',#7353,1.);
#7353 = DIRECTION('',(0.706226980943,-0.70798548812));
#7354 = ( GEOMETRIC_REPRESENTATION_CONTEXT(2) 
PARAMETRIC_REPRESENTATION_CONTEXT() REPRESENTATION_CONTEXT('2D SPACE',''
  ) );
#7355 = PCURVE('',#1646,#7356);
#7356 = DEFINITIONAL_REPRESENTATION('',(#7357),#7360);
#7357 = B_SPLINE_CURVE_WITH_KNOTS('',1,(#7358,#7359),.UNSPECIFIED.,.F.,
  .F.,(2,2),(0.,4.360256018859),.PIECEWISE_BEZIER_KNOTS.);
#7358 = CARTESIAN_POINT('',(-1.677715002896,1.815672710947));
#7359 = CARTESIAN_POINT('',(1.40161544144,-1.271325274892));
#7360 = ( GEOMETRIC_REPRESENTATION_CONTEXT(2) 
PARAMETRIC_REPRESENTATION_CONTEXT() REPRESENTATION_CONTEXT('2D SPACE',''
  ) );
#7361 = ORIENTED_EDGE('',*,*,#7362,.T.);
#7362 = EDGE_CURVE('',#1611,#440,#7363,.T.);
#7363 = SURFACE_CURVE('',#7364,(#7368,#7375),.PCURVE_S1.);
#7364 = LINE('',#7365,#7366);
#7365 = CARTESIAN_POINT('',(-186.7460021972,70.91300201416,-1.));
#7366 = VECTOR('',#7367,1.);
#7367 = DIRECTION('',(0.655760828105,0.754968698903,0.));
#7368 = PCURVE('',#587,#7369);
#7369 = DEFINITIONAL_REPRESENTATION('',(#7370),#7374);
#7370 = LINE('',#7371,#7372);
#7371 = CARTESIAN_POINT('',(1.505766842539,-1.609086521657));
#7372 = VECTOR('',#7373,1.);
#7373 = DIRECTION('',(-0.655760828105,0.754968698903));
#7374 = ( GEOMETRIC_REPRESENTATION_CONTEXT(2) 
PARAMETRIC_REPRESENTATION_CONTEXT() REPRESENTATION_CONTEXT('2D SPACE',''
  ) );
#7375 = PCURVE('',#2579,#7376);
#7376 = DEFINITIONAL_REPRESENTATION('',(#7377),#7380);
#7377 = B_SPLINE_CURVE_WITH_KNOTS('',1,(#7378,#7379),.UNSPECIFIED.,.F.,
  .F.,(2,2),(0.,4.031953540172),.PIECEWISE_BEZIER_KNOTS.);
#7378 = CARTESIAN_POINT('',(1.26992396573,-1.553976616067));
#7379 = CARTESIAN_POINT('',(-1.374073226653,1.490022102194));
#7380 = ( GEOMETRIC_REPRESENTATION_CONTEXT(2) 
PARAMETRIC_REPRESENTATION_CONTEXT() REPRESENTATION_CONTEXT('2D SPACE',''
  ) );
#7381 = ADVANCED_FACE('',(#7382),#480,.T.);
#7382 = FACE_BOUND('',#7383,.T.);
#7383 = EDGE_LOOP('',(#7384,#7385,#7386));
#7384 = ORIENTED_EDGE('',*,*,#7316,.F.);
#7385 = ORIENTED_EDGE('',*,*,#466,.F.);
#7386 = ORIENTED_EDGE('',*,*,#7387,.T.);
#7387 = EDGE_CURVE('',#440,#37,#7388,.T.);
#7388 = SURFACE_CURVE('',#7389,(#7393,#7400),.PCURVE_S1.);
#7389 = LINE('',#7390,#7391);
#7390 = CARTESIAN_POINT('',(-184.1020050048,73.957000732422,-1.));
#7391 = VECTOR('',#7392,1.);
#7392 = DIRECTION('',(-0.706288569947,-0.707924046747,0.));
#7393 = PCURVE('',#480,#7394);
#7394 = DEFINITIONAL_REPRESENTATION('',(#7395),#7399);
#7395 = LINE('',#7396,#7397);
#7396 = CARTESIAN_POINT('',(-1.255405287513,1.182323339338));
#7397 = VECTOR('',#7398,1.);
#7398 = DIRECTION('',(0.706288569947,-0.707924046747));
#7399 = ( GEOMETRIC_REPRESENTATION_CONTEXT(2) 
PARAMETRIC_REPRESENTATION_CONTEXT() REPRESENTATION_CONTEXT('2D SPACE',''
  ) );
#7400 = PCURVE('',#2579,#7401);
#7401 = DEFINITIONAL_REPRESENTATION('',(#7402),#7405);
#7402 = B_SPLINE_CURVE_WITH_KNOTS('',1,(#7403,#7404),.UNSPECIFIED.,.F.,
  .F.,(2,2),(0.,3.470712350727),.PIECEWISE_BEZIER_KNOTS.);
#7403 = CARTESIAN_POINT('',(-1.374073226653,1.490022102194));
#7404 = CARTESIAN_POINT('',(1.077251236238,-0.966978630227));
#7405 = ( GEOMETRIC_REPRESENTATION_CONTEXT(2) 
PARAMETRIC_REPRESENTATION_CONTEXT() REPRESENTATION_CONTEXT('2D SPACE',''
  ) );
#7406 = ADVANCED_FACE('',(#7407),#1646,.T.);
#7407 = FACE_BOUND('',#7408,.T.);
#7408 = EDGE_LOOP('',(#7409,#7410,#7411));
#7409 = ORIENTED_EDGE('',*,*,#1632,.F.);
#7410 = ORIENTED_EDGE('',*,*,#7342,.F.);
#7411 = ORIENTED_EDGE('',*,*,#7412,.T.);
#7412 = EDGE_CURVE('',#547,#1555,#7413,.T.);
#7413 = SURFACE_CURVE('',#7414,(#7418,#7425),.PCURVE_S1.);
#7414 = LINE('',#7415,#7416);
#7415 = CARTESIAN_POINT('',(-183.6666717529,74.,-1.));
#7416 = VECTOR('',#7417,1.);
#7417 = DIRECTION('',(-0.655876102209,-0.754868557135,0.));
#7418 = PCURVE('',#1646,#7419);
#7419 = DEFINITIONAL_REPRESENTATION('',(#7420),#7424);
#7420 = LINE('',#7421,#7422);
#7421 = CARTESIAN_POINT('',(-1.677715002896,1.815672710947));
#7422 = VECTOR('',#7423,1.);
#7423 = DIRECTION('',(0.655876102209,-0.754868557135));
#7424 = ( GEOMETRIC_REPRESENTATION_CONTEXT(2) 
PARAMETRIC_REPRESENTATION_CONTEXT() REPRESENTATION_CONTEXT('2D SPACE',''
  ) );
#7425 = PCURVE('',#6979,#7426);
#7426 = DEFINITIONAL_REPRESENTATION('',(#7427),#7430);
#7427 = B_SPLINE_CURVE_WITH_KNOTS('',1,(#7428,#7429),.UNSPECIFIED.,.F.,
  .F.,(2,2),(0.,4.909465690029),.PIECEWISE_BEZIER_KNOTS.);
#7428 = CARTESIAN_POINT('',(-1.727956819336,2.139424407207));
#7429 = CARTESIAN_POINT('',(1.492044401367,-1.566576874531));
#7430 = ( GEOMETRIC_REPRESENTATION_CONTEXT(2) 
PARAMETRIC_REPRESENTATION_CONTEXT() REPRESENTATION_CONTEXT('2D SPACE',''
  ) );
#7431 = ADVANCED_FACE('',(#7432),#6979,.T.);
#7432 = FACE_BOUND('',#7433,.T.);
#7433 = EDGE_LOOP('',(#7434,#7454,#7455));
#7434 = ORIENTED_EDGE('',*,*,#7435,.T.);
#7435 = EDGE_CURVE('',#547,#6814,#7436,.T.);
#7436 = SURFACE_CURVE('',#7437,(#7441,#7448),.PCURVE_S1.);
#7437 = LINE('',#7438,#7439);
#7438 = CARTESIAN_POINT('',(-183.6666717529,74.,-1.));
#7439 = VECTOR('',#7440,1.);
#7440 = DIRECTION('',(-0.605192019171,-0.79607953116,0.));
#7441 = PCURVE('',#6979,#7442);
#7442 = DEFINITIONAL_REPRESENTATION('',(#7443),#7447);
#7443 = LINE('',#7444,#7445);
#7444 = CARTESIAN_POINT('',(-1.727956819336,2.139424407207));
#7445 = VECTOR('',#7446,1.);
#7446 = DIRECTION('',(0.605192019171,-0.79607953116));
#7447 = ( GEOMETRIC_REPRESENTATION_CONTEXT(2) 
PARAMETRIC_REPRESENTATION_CONTEXT() REPRESENTATION_CONTEXT('2D SPACE',''
  ) );
#7448 = PCURVE('',#6849,#7449);
#7449 = DEFINITIONAL_REPRESENTATION('',(#7450),#7453);
#7450 = B_SPLINE_CURVE_WITH_KNOTS('',1,(#7451,#7452),.UNSPECIFIED.,.F.,
  .F.,(2,2),(0.,5.460509850989),.PIECEWISE_BEZIER_KNOTS.);
#7451 = CARTESIAN_POINT('',(-1.74929201269,2.470124404481));
#7452 = CARTESIAN_POINT('',(1.555364969732,-1.876875717589));
#7453 = ( GEOMETRIC_REPRESENTATION_CONTEXT(2) 
PARAMETRIC_REPRESENTATION_CONTEXT() REPRESENTATION_CONTEXT('2D SPACE',''
  ) );
#7454 = ORIENTED_EDGE('',*,*,#6965,.F.);
#7455 = ORIENTED_EDGE('',*,*,#7412,.F.);
#7456 = ADVANCED_FACE('',(#7457),#2579,.T.);
#7457 = FACE_BOUND('',#7458,.T.);
#7458 = EDGE_LOOP('',(#7459,#7460,#7461));
#7459 = ORIENTED_EDGE('',*,*,#2565,.F.);
#7460 = ORIENTED_EDGE('',*,*,#7387,.F.);
#7461 = ORIENTED_EDGE('',*,*,#7362,.F.);
#7462 = ADVANCED_FACE('',(#7463),#6849,.T.);
#7463 = FACE_BOUND('',#7464,.T.);
#7464 = EDGE_LOOP('',(#7465,#7485,#7486));
#7465 = ORIENTED_EDGE('',*,*,#7466,.T.);
#7466 = EDGE_CURVE('',#547,#6571,#7467,.T.);
#7467 = SURFACE_CURVE('',#7468,(#7472,#7479),.PCURVE_S1.);
#7468 = LINE('',#7469,#7470);
#7469 = CARTESIAN_POINT('',(-183.6666717529,74.,-1.));
#7470 = VECTOR('',#7471,1.);
#7471 = DIRECTION('',(-0.554699610252,-0.832050684986,0.));
#7472 = PCURVE('',#6849,#7473);
#7473 = DEFINITIONAL_REPRESENTATION('',(#7474),#7478);
#7474 = LINE('',#7475,#7476);
#7475 = CARTESIAN_POINT('',(-1.74929201269,2.470124404481));
#7476 = VECTOR('',#7477,1.);
#7477 = DIRECTION('',(0.554699610252,-0.832050684986));
#7478 = ( GEOMETRIC_REPRESENTATION_CONTEXT(2) 
PARAMETRIC_REPRESENTATION_CONTEXT() REPRESENTATION_CONTEXT('2D SPACE',''
  ) );
#7479 = PCURVE('',#6632,#7480);
#7480 = DEFINITIONAL_REPRESENTATION('',(#7481),#7484);
#7481 = B_SPLINE_CURVE_WITH_KNOTS('',1,(#7482,#7483),.UNSPECIFIED.,.F.,
  .F.,(2,2),(0.,6.009249304424),.PIECEWISE_BEZIER_KNOTS.);
#7482 = CARTESIAN_POINT('',(-1.741309748026,2.801676050127));
#7483 = CARTESIAN_POINT('',(1.592018499045,-2.198323949873));
#7484 = ( GEOMETRIC_REPRESENTATION_CONTEXT(2) 
PARAMETRIC_REPRESENTATION_CONTEXT() REPRESENTATION_CONTEXT('2D SPACE',''
  ) );
#7485 = ORIENTED_EDGE('',*,*,#6835,.F.);
#7486 = ORIENTED_EDGE('',*,*,#7435,.F.);
#7487 = ADVANCED_FACE('',(#7488),#6231,.T.);
#7488 = FACE_BOUND('',#7489,.T.);
#7489 = EDGE_LOOP('',(#7490,#7510,#7511));
#7490 = ORIENTED_EDGE('',*,*,#7491,.T.);
#7491 = EDGE_CURVE('',#547,#1749,#7492,.T.);
#7492 = SURFACE_CURVE('',#7493,(#7497,#7504),.PCURVE_S1.);
#7493 = LINE('',#7494,#7495);
#7494 = CARTESIAN_POINT('',(-183.6666717529,74.,-1.));
#7495 = VECTOR('',#7496,1.);
#7496 = DIRECTION('',(-0.406898044964,-0.913473579806,0.));
#7497 = PCURVE('',#6231,#7498);
#7498 = DEFINITIONAL_REPRESENTATION('',(#7499),#7503);
#7499 = LINE('',#7500,#7501);
#7500 = CARTESIAN_POINT('',(-1.639142782569,3.44403019479));
#7501 = VECTOR('',#7502,1.);
#7502 = DIRECTION('',(0.406898044964,-0.913473579806));
#7503 = ( GEOMETRIC_REPRESENTATION_CONTEXT(2) 
PARAMETRIC_REPRESENTATION_CONTEXT() REPRESENTATION_CONTEXT('2D SPACE',''
  ) );
#7504 = PCURVE('',#1784,#7505);
#7505 = DEFINITIONAL_REPRESENTATION('',(#7506),#7509);
#7506 = B_SPLINE_CURVE_WITH_KNOTS('',1,(#7507,#7508),.UNSPECIFIED.,.F.,
  .F.,(2,2),(0.,7.567818234683),.PIECEWISE_BEZIER_KNOTS.);
#7507 = CARTESIAN_POINT('',(-1.546909180891,3.74471793341));
#7508 = CARTESIAN_POINT('',(1.532421263445,-3.168284080751));
#7509 = ( GEOMETRIC_REPRESENTATION_CONTEXT(2) 
PARAMETRIC_REPRESENTATION_CONTEXT() REPRESENTATION_CONTEXT('2D SPACE',''
  ) );
#7510 = ORIENTED_EDGE('',*,*,#6217,.F.);
#7511 = ORIENTED_EDGE('',*,*,#7512,.T.);
#7512 = EDGE_CURVE('',#6191,#547,#7513,.T.);
#7513 = SURFACE_CURVE('',#7514,(#7518,#7525),.PCURVE_S1.);
#7514 = LINE('',#7515,#7516);
#7515 = CARTESIAN_POINT('',(-186.8866729736,67.706001281738,-1.));
#7516 = VECTOR('',#7517,1.);
#7517 = DIRECTION('',(0.455455158438,0.890258725681,0.));
#7518 = PCURVE('',#6231,#7519);
#7519 = DEFINITIONAL_REPRESENTATION('',(#7520),#7524);
#7520 = LINE('',#7521,#7522);
#7521 = CARTESIAN_POINT('',(1.580858438134,-2.849968523472));
#7522 = VECTOR('',#7523,1.);
#7523 = DIRECTION('',(-0.455455158438,0.890258725681));
#7524 = ( GEOMETRIC_REPRESENTATION_CONTEXT(2) 
PARAMETRIC_REPRESENTATION_CONTEXT() REPRESENTATION_CONTEXT('2D SPACE',''
  ) );
#7525 = PCURVE('',#6389,#7526);
#7526 = DEFINITIONAL_REPRESENTATION('',(#7527),#7530);
#7527 = B_SPLINE_CURVE_WITH_KNOTS('',1,(#7528,#7529),.UNSPECIFIED.,.F.,
  .F.,(2,2),(0.,7.069853444507),.PIECEWISE_BEZIER_KNOTS.);
#7528 = CARTESIAN_POINT('',(1.515675202451,-3.166007110155));
#7529 = CARTESIAN_POINT('',(-1.704326018252,3.127991608107));
#7530 = ( GEOMETRIC_REPRESENTATION_CONTEXT(2) 
PARAMETRIC_REPRESENTATION_CONTEXT() REPRESENTATION_CONTEXT('2D SPACE',''
  ) );
#7531 = ADVANCED_FACE('',(#7532),#6389,.T.);
#7532 = FACE_BOUND('',#7533,.T.);
#7533 = EDGE_LOOP('',(#7534,#7535,#7536));
#7534 = ORIENTED_EDGE('',*,*,#7512,.F.);
#7535 = ORIENTED_EDGE('',*,*,#6375,.F.);
#7536 = ORIENTED_EDGE('',*,*,#7537,.T.);
#7537 = EDGE_CURVE('',#6323,#547,#7538,.T.);
#7538 = SURFACE_CURVE('',#7539,(#7543,#7550),.PCURVE_S1.);
#7539 = LINE('',#7540,#7541);
#7540 = CARTESIAN_POINT('',(-186.9713287353,68.34700012207,-1.));
#7541 = VECTOR('',#7542,1.);
#7542 = DIRECTION('',(0.504676815424,0.863308352776,0.));
#7543 = PCURVE('',#6389,#7544);
#7544 = DEFINITIONAL_REPRESENTATION('',(#7545),#7549);
#7545 = LINE('',#7546,#7547);
#7546 = CARTESIAN_POINT('',(1.60033096417,-2.525008269823));
#7547 = VECTOR('',#7548,1.);
#7548 = DIRECTION('',(-0.504676815424,0.863308352776));
#7549 = ( GEOMETRIC_REPRESENTATION_CONTEXT(2) 
PARAMETRIC_REPRESENTATION_CONTEXT() REPRESENTATION_CONTEXT('2D SPACE',''
  ) );
#7550 = PCURVE('',#6632,#7551);
#7551 = DEFINITIONAL_REPRESENTATION('',(#7552),#7555);
#7552 = B_SPLINE_CURVE_WITH_KNOTS('',1,(#7553,#7554),.UNSPECIFIED.,.F.,
  .F.,(2,2),(0.,6.548065774818),.PIECEWISE_BEZIER_KNOTS.);
#7553 = CARTESIAN_POINT('',(1.563347234396,-2.851323827802));
#7554 = CARTESIAN_POINT('',(-1.741309748026,2.801676050127));
#7555 = ( GEOMETRIC_REPRESENTATION_CONTEXT(2) 
PARAMETRIC_REPRESENTATION_CONTEXT() REPRESENTATION_CONTEXT('2D SPACE',''
  ) );
#7556 = ADVANCED_FACE('',(#7557),#6632,.T.);
#7557 = FACE_BOUND('',#7558,.T.);
#7558 = EDGE_LOOP('',(#7559,#7560,#7561));
#7559 = ORIENTED_EDGE('',*,*,#6618,.F.);
#7560 = ORIENTED_EDGE('',*,*,#7466,.F.);
#7561 = ORIENTED_EDGE('',*,*,#7537,.F.);
#7562 = ADVANCED_FACE('',(#7563),#1784,.T.);
#7563 = FACE_BOUND('',#7564,.T.);
#7564 = EDGE_LOOP('',(#7565,#7585,#7586));
#7565 = ORIENTED_EDGE('',*,*,#7566,.T.);
#7566 = EDGE_CURVE('',#547,#1717,#7567,.T.);
#7567 = SURFACE_CURVE('',#7568,(#7572,#7579),.PCURVE_S1.);
#7568 = LINE('',#7569,#7570);
#7569 = CARTESIAN_POINT('',(-183.6666717529,74.,-1.));
#7570 = VECTOR('',#7571,1.);
#7571 = DIRECTION('',(-0.359200456421,-0.933260431019,0.));
#7572 = PCURVE('',#1784,#7573);
#7573 = DEFINITIONAL_REPRESENTATION('',(#7574),#7578);
#7574 = LINE('',#7575,#7576);
#7575 = CARTESIAN_POINT('',(-1.546909180891,3.74471793341));
#7576 = VECTOR('',#7577,1.);
#7577 = DIRECTION('',(0.359200456421,-0.933260431019));
#7578 = ( GEOMETRIC_REPRESENTATION_CONTEXT(2) 
PARAMETRIC_REPRESENTATION_CONTEXT() REPRESENTATION_CONTEXT('2D SPACE',''
  ) );
#7579 = PCURVE('',#2029,#7580);
#7580 = DEFINITIONAL_REPRESENTATION('',(#7581),#7584);
#7581 = B_SPLINE_CURVE_WITH_KNOTS('',1,(#7582,#7583),.UNSPECIFIED.,.F.,
  .F.,(2,2),(0.,8.03634200135),.PIECEWISE_BEZIER_KNOTS.);
#7582 = CARTESIAN_POINT('',(-1.429455566953,4.024738970425));
#7583 = CARTESIAN_POINT('',(1.457202147891,-3.475261029575));
#7584 = ( GEOMETRIC_REPRESENTATION_CONTEXT(2) 
PARAMETRIC_REPRESENTATION_CONTEXT() REPRESENTATION_CONTEXT('2D SPACE',''
  ) );
#7585 = ORIENTED_EDGE('',*,*,#1770,.F.);
#7586 = ORIENTED_EDGE('',*,*,#7491,.F.);
#7587 = ADVANCED_FACE('',(#7588),#6449,.T.);
#7588 = FACE_BOUND('',#7589,.T.);
#7589 = EDGE_LOOP('',(#7590,#7610,#7611));
#7590 = ORIENTED_EDGE('',*,*,#7591,.T.);
#7591 = EDGE_CURVE('',#547,#5178,#7592,.T.);
#7592 = SURFACE_CURVE('',#7593,(#7597,#7604),.PCURVE_S1.);
#7593 = LINE('',#7594,#7595);
#7594 = CARTESIAN_POINT('',(-183.6666717529,74.,-1.));
#7595 = VECTOR('',#7596,1.);
#7596 = DIRECTION('',(0.,-1.,0.));
#7597 = PCURVE('',#6449,#7598);
#7598 = DEFINITIONAL_REPRESENTATION('',(#7599),#7603);
#7599 = LINE('',#7600,#7601);
#7600 = CARTESIAN_POINT('',(-0.110988031496,5.096235072155));
#7601 = VECTOR('',#7602,1.);
#7602 = DIRECTION('',(0.,-1.));
#7603 = ( GEOMETRIC_REPRESENTATION_CONTEXT(2) 
PARAMETRIC_REPRESENTATION_CONTEXT() REPRESENTATION_CONTEXT('2D SPACE',''
  ) );
#7604 = PCURVE('',#5220,#7605);
#7605 = DEFINITIONAL_REPRESENTATION('',(#7606),#7609);
#7606 = B_SPLINE_CURVE_WITH_KNOTS('',1,(#7607,#7608),.UNSPECIFIED.,.F.,
  .F.,(2,2),(0.,10.),.PIECEWISE_BEZIER_KNOTS.);
#7607 = CARTESIAN_POINT('',(5.000004577637,6.666667175293));
#7608 = CARTESIAN_POINT('',(5.000004577637,-3.333332824707));
#7609 = ( GEOMETRIC_REPRESENTATION_CONTEXT(2) 
PARAMETRIC_REPRESENTATION_CONTEXT() REPRESENTATION_CONTEXT('2D SPACE',''
  ) );
#7610 = ORIENTED_EDGE('',*,*,#6433,.F.);
#7611 = ORIENTED_EDGE('',*,*,#7612,.T.);
#7612 = EDGE_CURVE('',#6434,#547,#7613,.T.);
#7613 = SURFACE_CURVE('',#7614,(#7618,#7625),.PCURVE_S1.);
#7614 = LINE('',#7615,#7616);
#7615 = CARTESIAN_POINT('',(-184.1020050048,64.042999267578,-1.));
#7616 = VECTOR('',#7617,1.);
#7617 = DIRECTION('',(4.367959566067E-02,0.999045591013,0.));
#7618 = PCURVE('',#6449,#7619);
#7619 = DEFINITIONAL_REPRESENTATION('',(#7620),#7624);
#7620 = LINE('',#7621,#7622);
#7621 = CARTESIAN_POINT('',(0.324345220457,-4.860765660267));
#7622 = VECTOR('',#7623,1.);
#7623 = DIRECTION('',(-4.367959566067E-02,0.999045591013));
#7624 = ( GEOMETRIC_REPRESENTATION_CONTEXT(2) 
PARAMETRIC_REPRESENTATION_CONTEXT() REPRESENTATION_CONTEXT('2D SPACE',''
  ) );
#7625 = PCURVE('',#6768,#7626);
#7626 = DEFINITIONAL_REPRESENTATION('',(#7627),#7630);
#7627 = B_SPLINE_CURVE_WITH_KNOTS('',1,(#7628,#7629),.UNSPECIFIED.,.F.,
  .F.,(2,2),(0.,9.966512861864),.PIECEWISE_BEZIER_KNOTS.);
#7628 = CARTESIAN_POINT('',(0.104223055696,-4.901356528182));
#7629 = CARTESIAN_POINT('',(-0.331110196257,5.05564420424));
#7630 = ( GEOMETRIC_REPRESENTATION_CONTEXT(2) 
PARAMETRIC_REPRESENTATION_CONTEXT() REPRESENTATION_CONTEXT('2D SPACE',''
  ) );
#7631 = ADVANCED_FACE('',(#7632),#6768,.T.);
#7632 = FACE_BOUND('',#7633,.T.);
#7633 = EDGE_LOOP('',(#7634,#7635,#7636));
#7634 = ORIENTED_EDGE('',*,*,#7612,.F.);
#7635 = ORIENTED_EDGE('',*,*,#6754,.F.);
#7636 = ORIENTED_EDGE('',*,*,#7637,.T.);
#7637 = EDGE_CURVE('',#6702,#547,#7638,.T.);
#7638 = SURFACE_CURVE('',#7639,(#7643,#7650),.PCURVE_S1.);
#7639 = LINE('',#7640,#7641);
#7640 = CARTESIAN_POINT('',(-184.5293273925,64.169998168945,-1.));
#7641 = VECTOR('',#7642,1.);
#7642 = DIRECTION('',(8.742143753305E-02,0.996171417106,0.));
#7643 = PCURVE('',#6768,#7644);
#7644 = DEFINITIONAL_REPRESENTATION('',(#7645),#7649);
#7645 = LINE('',#7646,#7647);
#7646 = CARTESIAN_POINT('',(0.531545443392,-4.774357626815));
#7647 = VECTOR('',#7648,1.);
#7648 = DIRECTION('',(-8.742143753305E-02,0.996171417106));
#7649 = ( GEOMETRIC_REPRESENTATION_CONTEXT(2) 
PARAMETRIC_REPRESENTATION_CONTEXT() REPRESENTATION_CONTEXT('2D SPACE',''
  ) );
#7650 = PCURVE('',#6930,#7651);
#7651 = DEFINITIONAL_REPRESENTATION('',(#7652),#7655);
#7652 = B_SPLINE_CURVE_WITH_KNOTS('',1,(#7653,#7654),.UNSPECIFIED.,.F.,
  .F.,(2,2),(0.,9.867781450314),.PIECEWISE_BEZIER_KNOTS.);
#7653 = CARTESIAN_POINT('',(0.316641653879,-4.854831399531));
#7654 = CARTESIAN_POINT('',(-0.54601398577,4.975170431524));
#7655 = ( GEOMETRIC_REPRESENTATION_CONTEXT(2) 
PARAMETRIC_REPRESENTATION_CONTEXT() REPRESENTATION_CONTEXT('2D SPACE',''
  ) );
#7656 = ADVANCED_FACE('',(#7657),#6930,.T.);
#7657 = FACE_BOUND('',#7658,.T.);
#7658 = EDGE_LOOP('',(#7659,#7660,#7661));
#7659 = ORIENTED_EDGE('',*,*,#7637,.F.);
#7660 = ORIENTED_EDGE('',*,*,#6916,.F.);
#7661 = ORIENTED_EDGE('',*,*,#7662,.T.);
#7662 = EDGE_CURVE('',#6864,#547,#7663,.T.);
#7663 = SURFACE_CURVE('',#7664,(#7668,#7675),.PCURVE_S1.);
#7664 = LINE('',#7665,#7666);
#7665 = CARTESIAN_POINT('',(-184.9420013427,64.380996704102,-1.));
#7666 = VECTOR('',#7667,1.);
#7667 = DIRECTION('',(0.131434197045,0.991324897219,0.));
#7668 = PCURVE('',#6930,#7669);
#7669 = DEFINITIONAL_REPRESENTATION('',(#7670),#7674);
#7670 = LINE('',#7671,#7672);
#7671 = CARTESIAN_POINT('',(0.729315604074,-4.643832864375));
#7672 = VECTOR('',#7673,1.);
#7673 = DIRECTION('',(-0.131434197045,0.991324897219));
#7674 = ( GEOMETRIC_REPRESENTATION_CONTEXT(2) 
PARAMETRIC_REPRESENTATION_CONTEXT() REPRESENTATION_CONTEXT('2D SPACE',''
  ) );
#7675 = PCURVE('',#7066,#7676);
#7676 = DEFINITIONAL_REPRESENTATION('',(#7677),#7680);
#7677 = B_SPLINE_CURVE_WITH_KNOTS('',1,(#7678,#7679),.UNSPECIFIED.,.F.,
  .F.,(2,2),(0.,9.703179374269),.PIECEWISE_BEZIER_KNOTS.);
#7678 = CARTESIAN_POINT('',(0.522762058087,-4.763746836417));
#7679 = CARTESIAN_POINT('',(-0.752567531757,4.855256459482));
#7680 = ( GEOMETRIC_REPRESENTATION_CONTEXT(2) 
PARAMETRIC_REPRESENTATION_CONTEXT() REPRESENTATION_CONTEXT('2D SPACE',''
  ) );
#7681 = ADVANCED_FACE('',(#7682),#7066,.T.);
#7682 = FACE_BOUND('',#7683,.T.);
#7683 = EDGE_LOOP('',(#7684,#7685,#7686));
#7684 = ORIENTED_EDGE('',*,*,#7662,.F.);
#7685 = ORIENTED_EDGE('',*,*,#7052,.F.);
#7686 = ORIENTED_EDGE('',*,*,#7687,.T.);
#7687 = EDGE_CURVE('',#7000,#547,#7688,.T.);
#7688 = SURFACE_CURVE('',#7689,(#7693,#7700),.PCURVE_S1.);
#7689 = LINE('',#7690,#7691);
#7690 = CARTESIAN_POINT('',(-185.333328247,64.669998168945,-1.));
#7691 = VECTOR('',#7692,1.);
#7692 = DIRECTION('',(0.175850427895,0.984416896954,0.));
#7693 = PCURVE('',#7066,#7694);
#7694 = DEFINITIONAL_REPRESENTATION('',(#7695),#7699);
#7695 = LINE('',#7696,#7697);
#7696 = CARTESIAN_POINT('',(0.914088962384,-4.474745371573));
#7697 = VECTOR('',#7698,1.);
#7698 = DIRECTION('',(-0.175850427895,0.984416896954));
#7699 = ( GEOMETRIC_REPRESENTATION_CONTEXT(2) 
PARAMETRIC_REPRESENTATION_CONTEXT() REPRESENTATION_CONTEXT('2D SPACE',''
  ) );
#7700 = PCURVE('',#7147,#7701);
#7701 = DEFINITIONAL_REPRESENTATION('',(#7702),#7705);
#7702 = B_SPLINE_CURVE_WITH_KNOTS('',1,(#7703,#7704),.UNSPECIFIED.,.F.,
  .F.,(2,2),(0.,9.477693708753),.PIECEWISE_BEZIER_KNOTS.);
#7703 = CARTESIAN_POINT('',(0.719288461236,-4.632061019692));
#7704 = CARTESIAN_POINT('',(-0.947368032905,4.697940811363));
#7705 = ( GEOMETRIC_REPRESENTATION_CONTEXT(2) 
PARAMETRIC_REPRESENTATION_CONTEXT() REPRESENTATION_CONTEXT('2D SPACE',''
  ) );
#7706 = ADVANCED_FACE('',(#7707),#7147,.T.);
#7707 = FACE_BOUND('',#7708,.T.);
#7708 = EDGE_LOOP('',(#7709,#7710,#7711));
#7709 = ORIENTED_EDGE('',*,*,#7687,.F.);
#7710 = ORIENTED_EDGE('',*,*,#7133,.F.);
#7711 = ORIENTED_EDGE('',*,*,#7712,.T.);
#7712 = EDGE_CURVE('',#7081,#547,#7713,.T.);
#7713 = SURFACE_CURVE('',#7714,(#7718,#7725),.PCURVE_S1.);
#7714 = LINE('',#7715,#7716);
#7715 = CARTESIAN_POINT('',(-185.6959991455,65.032997131348,-1.));
#7716 = VECTOR('',#7717,1.);
#7717 = DIRECTION('',(0.220728662278,0.975335253976,0.));
#7718 = PCURVE('',#7147,#7719);
#7719 = DEFINITIONAL_REPRESENTATION('',(#7720),#7724);
#7720 = LINE('',#7721,#7722);
#7721 = CARTESIAN_POINT('',(1.081959359674,-4.26906205729));
#7722 = VECTOR('',#7723,1.);
#7723 = DIRECTION('',(-0.220728662278,0.975335253976));
#7724 = ( GEOMETRIC_REPRESENTATION_CONTEXT(2) 
PARAMETRIC_REPRESENTATION_CONTEXT() REPRESENTATION_CONTEXT('2D SPACE',''
  ) );
#7725 = PCURVE('',#7202,#7726);
#7726 = DEFINITIONAL_REPRESENTATION('',(#7727),#7730);
#7727 = B_SPLINE_CURVE_WITH_KNOTS('',1,(#7728,#7729),.UNSPECIFIED.,.F.,
  .F.,(2,2),(0.,9.193764740991),.PIECEWISE_BEZIER_KNOTS.);
#7728 = CARTESIAN_POINT('',(0.902205382331,-4.461810811991));
#7729 = CARTESIAN_POINT('',(-1.127122010247,4.505192056662));
#7730 = ( GEOMETRIC_REPRESENTATION_CONTEXT(2) 
PARAMETRIC_REPRESENTATION_CONTEXT() REPRESENTATION_CONTEXT('2D SPACE',''
  ) );
#7731 = ADVANCED_FACE('',(#7732),#7202,.T.);
#7732 = FACE_BOUND('',#7733,.T.);
#7733 = EDGE_LOOP('',(#7734,#7735,#7736));
#7734 = ORIENTED_EDGE('',*,*,#7712,.F.);
#7735 = ORIENTED_EDGE('',*,*,#7188,.F.);
#7736 = ORIENTED_EDGE('',*,*,#7737,.T.);
#7737 = EDGE_CURVE('',#1939,#547,#7738,.T.);
#7738 = SURFACE_CURVE('',#7739,(#7743,#7750),.PCURVE_S1.);
#7739 = LINE('',#7740,#7741);
#7740 = CARTESIAN_POINT('',(-186.0240020751,65.463996887207,-1.));
#7741 = VECTOR('',#7742,1.);
#7742 = DIRECTION('',(0.266198766965,0.963918158594,0.));
#7743 = PCURVE('',#7202,#7744);
#7744 = DEFINITIONAL_REPRESENTATION('',(#7745),#7749);
#7745 = LINE('',#7746,#7747);
#7746 = CARTESIAN_POINT('',(1.230208312019,-4.030811056131));
#7747 = VECTOR('',#7748,1.);
#7748 = DIRECTION('',(-0.266198766965,0.963918158594));
#7749 = ( GEOMETRIC_REPRESENTATION_CONTEXT(2) 
PARAMETRIC_REPRESENTATION_CONTEXT() REPRESENTATION_CONTEXT('2D SPACE',''
  ) );
#7750 = PCURVE('',#1980,#7751);
#7751 = DEFINITIONAL_REPRESENTATION('',(#7752),#7755);
#7752 = B_SPLINE_CURVE_WITH_KNOTS('',1,(#7753,#7754),.UNSPECIFIED.,.F.,
  .F.,(2,2),(0.,8.855526827348),.PIECEWISE_BEZIER_KNOTS.);
#7753 = CARTESIAN_POINT('',(1.068568268427,-4.25634635548));
#7754 = CARTESIAN_POINT('',(-1.288762053838,4.279656757313));
#7755 = ( GEOMETRIC_REPRESENTATION_CONTEXT(2) 
PARAMETRIC_REPRESENTATION_CONTEXT() REPRESENTATION_CONTEXT('2D SPACE',''
  ) );
#7756 = ADVANCED_FACE('',(#7757),#1980,.T.);
#7757 = FACE_BOUND('',#7758,.T.);
#7758 = EDGE_LOOP('',(#7759,#7760,#7780));
#7759 = ORIENTED_EDGE('',*,*,#1966,.F.);
#7760 = ORIENTED_EDGE('',*,*,#7761,.T.);
#7761 = EDGE_CURVE('',#1850,#547,#7762,.T.);
#7762 = SURFACE_CURVE('',#7763,(#7767,#7774),.PCURVE_S1.);
#7763 = LINE('',#7764,#7765);
#7764 = CARTESIAN_POINT('',(-186.311340332,65.956001281738,-1.));
#7765 = VECTOR('',#7766,1.);
#7766 = DIRECTION('',(0.312328136842,0.949974281197,0.));
#7767 = PCURVE('',#1980,#7768);
#7768 = DEFINITIONAL_REPRESENTATION('',(#7769),#7773);
#7769 = LINE('',#7770,#7771);
#7770 = CARTESIAN_POINT('',(1.355906525263,-3.764341960948));
#7771 = VECTOR('',#7772,1.);
#7772 = DIRECTION('',(-0.312328136842,0.949974281197));
#7773 = ( GEOMETRIC_REPRESENTATION_CONTEXT(2) 
PARAMETRIC_REPRESENTATION_CONTEXT() REPRESENTATION_CONTEXT('2D SPACE',''
  ) );
#7774 = PCURVE('',#2029,#7775);
#7775 = DEFINITIONAL_REPRESENTATION('',(#7776),#7779);
#7776 = B_SPLINE_CURVE_WITH_KNOTS('',1,(#7777,#7778),.UNSPECIFIED.,.F.,
  .F.,(2,2),(0.,8.46759631021),.PIECEWISE_BEZIER_KNOTS.);
#7777 = CARTESIAN_POINT('',(1.215213012149,-4.019259747837));
#7778 = CARTESIAN_POINT('',(-1.429455566953,4.024738970425));
#7779 = ( GEOMETRIC_REPRESENTATION_CONTEXT(2) 
PARAMETRIC_REPRESENTATION_CONTEXT() REPRESENTATION_CONTEXT('2D SPACE',''
  ) );
#7780 = ORIENTED_EDGE('',*,*,#7737,.F.);
#7781 = ADVANCED_FACE('',(#7782),#2029,.T.);
#7782 = FACE_BOUND('',#7783,.T.);
#7783 = EDGE_LOOP('',(#7784,#7785,#7786));
#7784 = ORIENTED_EDGE('',*,*,#2015,.F.);
#7785 = ORIENTED_EDGE('',*,*,#7566,.F.);
#7786 = ORIENTED_EDGE('',*,*,#7761,.F.);
#7787 = ADVANCED_FACE('',(#7788),#725,.T.);
#7788 = FACE_BOUND('',#7789,.T.);
#7789 = EDGE_LOOP('',(#7790,#7791,#7811));
#7790 = ORIENTED_EDGE('',*,*,#6034,.F.);
#7791 = ORIENTED_EDGE('',*,*,#7792,.T.);
#7792 = EDGE_CURVE('',#5205,#547,#7793,.T.);
#7793 = SURFACE_CURVE('',#7794,(#7798,#7805),.PCURVE_S1.);
#7794 = LINE('',#7795,#7796);
#7795 = CARTESIAN_POINT('',(-170.333328247,64.,-1.));
#7796 = VECTOR('',#7797,1.);
#7797 = DIRECTION('',(-0.800000219726,0.599999707031,0.));
#7798 = PCURVE('',#725,#7799);
#7799 = DEFINITIONAL_REPRESENTATION('',(#7800),#7804);
#7800 = LINE('',#7801,#7802);
#7801 = CARTESIAN_POINT('',(-5.000004577637,-6.666667175293));
#7802 = VECTOR('',#7803,1.);
#7803 = DIRECTION('',(0.800000219726,0.599999707031));
#7804 = ( GEOMETRIC_REPRESENTATION_CONTEXT(2) 
PARAMETRIC_REPRESENTATION_CONTEXT() REPRESENTATION_CONTEXT('2D SPACE',''
  ) );
#7805 = PCURVE('',#5220,#7806);
#7806 = DEFINITIONAL_REPRESENTATION('',(#7807),#7810);
#7807 = B_SPLINE_CURVE_WITH_KNOTS('',1,(#7808,#7809),.UNSPECIFIED.,.F.,
  .F.,(2,2),(0.,16.666674804689),.PIECEWISE_BEZIER_KNOTS.);
#7808 = CARTESIAN_POINT('',(-8.333338928222,-3.333332824707));
#7809 = CARTESIAN_POINT('',(5.000004577637,6.666667175293));
#7810 = ( GEOMETRIC_REPRESENTATION_CONTEXT(2) 
PARAMETRIC_REPRESENTATION_CONTEXT() REPRESENTATION_CONTEXT('2D SPACE',''
  ) );
#7811 = ORIENTED_EDGE('',*,*,#711,.F.);
#7812 = ADVANCED_FACE('',(#7813),#5220,.T.);
#7813 = FACE_BOUND('',#7814,.T.);
#7814 = EDGE_LOOP('',(#7815,#7816,#7817));
#7815 = ORIENTED_EDGE('',*,*,#5204,.F.);
#7816 = ORIENTED_EDGE('',*,*,#7591,.F.);
#7817 = ORIENTED_EDGE('',*,*,#7792,.F.);
#7818 = ADVANCED_FACE('',(#7819),#3277,.T.);
#7819 = FACE_BOUND('',#7820,.T.);
#7820 = EDGE_LOOP('',(#7821,#7822,#7823));
#7821 = ORIENTED_EDGE('',*,*,#3812,.F.);
#7822 = ORIENTED_EDGE('',*,*,#3261,.F.);
#7823 = ORIENTED_EDGE('',*,*,#7824,.T.);
#7824 = EDGE_CURVE('',#3150,#2594,#7825,.T.);
#7825 = SURFACE_CURVE('',#7826,(#7830,#7837),.PCURVE_S1.);
#7826 = LINE('',#7827,#7828);
#7827 = CARTESIAN_POINT('',(-167.9759979248,72.536003112793,1.));
#7828 = VECTOR('',#7829,1.);
#7829 = DIRECTION('',(-0.266198766965,-0.963918158594,0.));
#7830 = PCURVE('',#3277,#7831);
#7831 = DEFINITIONAL_REPRESENTATION('',(#7832),#7836);
#7832 = LINE('',#7833,#7834);
#7833 = CARTESIAN_POINT('',(1.068568268427,4.25634635548));
#7834 = VECTOR('',#7835,1.);
#7835 = DIRECTION('',(-0.266198766965,-0.963918158594));
#7836 = ( GEOMETRIC_REPRESENTATION_CONTEXT(2) 
PARAMETRIC_REPRESENTATION_CONTEXT() REPRESENTATION_CONTEXT('2D SPACE',''
  ) );
#7837 = PCURVE('',#3165,#7838);
#7838 = DEFINITIONAL_REPRESENTATION('',(#7839),#7842);
#7839 = B_SPLINE_CURVE_WITH_KNOTS('',1,(#7840,#7841),.UNSPECIFIED.,.F.,
  .F.,(2,2),(0.,8.855526827348),.PIECEWISE_BEZIER_KNOTS.);
#7840 = CARTESIAN_POINT('',(1.230208312019,4.030811056131));
#7841 = CARTESIAN_POINT('',(-1.127122010247,-4.505192056662));
#7842 = ( GEOMETRIC_REPRESENTATION_CONTEXT(2) 
PARAMETRIC_REPRESENTATION_CONTEXT() REPRESENTATION_CONTEXT('2D SPACE',''
  ) );
#7843 = ADVANCED_FACE('',(#7844),#3165,.T.);
#7844 = FACE_BOUND('',#7845,.T.);
#7845 = EDGE_LOOP('',(#7846,#7847,#7848));
#7846 = ORIENTED_EDGE('',*,*,#7824,.F.);
#7847 = ORIENTED_EDGE('',*,*,#3149,.F.);
#7848 = ORIENTED_EDGE('',*,*,#7849,.T.);
#7849 = EDGE_CURVE('',#3038,#2594,#7850,.T.);
#7850 = SURFACE_CURVE('',#7851,(#7855,#7862),.PCURVE_S1.);
#7851 = LINE('',#7852,#7853);
#7852 = CARTESIAN_POINT('',(-168.3040008544,72.967002868652,1.));
#7853 = VECTOR('',#7854,1.);
#7854 = DIRECTION('',(-0.220728662278,-0.975335253976,0.));
#7855 = PCURVE('',#3165,#7856);
#7856 = DEFINITIONAL_REPRESENTATION('',(#7857),#7861);
#7857 = LINE('',#7858,#7859);
#7858 = CARTESIAN_POINT('',(0.902205382331,4.461810811991));
#7859 = VECTOR('',#7860,1.);
#7860 = DIRECTION('',(-0.220728662278,-0.975335253976));
#7861 = ( GEOMETRIC_REPRESENTATION_CONTEXT(2) 
PARAMETRIC_REPRESENTATION_CONTEXT() REPRESENTATION_CONTEXT('2D SPACE',''
  ) );
#7862 = PCURVE('',#3053,#7863);
#7863 = DEFINITIONAL_REPRESENTATION('',(#7864),#7867);
#7864 = B_SPLINE_CURVE_WITH_KNOTS('',1,(#7865,#7866),.UNSPECIFIED.,.F.,
  .F.,(2,2),(0.,9.193764740991),.PIECEWISE_BEZIER_KNOTS.);
#7865 = CARTESIAN_POINT('',(1.081959359674,4.26906205729));
#7866 = CARTESIAN_POINT('',(-0.947368032905,-4.697940811363));
#7867 = ( GEOMETRIC_REPRESENTATION_CONTEXT(2) 
PARAMETRIC_REPRESENTATION_CONTEXT() REPRESENTATION_CONTEXT('2D SPACE',''
  ) );
#7868 = ADVANCED_FACE('',(#7869),#3053,.T.);
#7869 = FACE_BOUND('',#7870,.T.);
#7870 = EDGE_LOOP('',(#7871,#7872,#7873));
#7871 = ORIENTED_EDGE('',*,*,#7849,.F.);
#7872 = ORIENTED_EDGE('',*,*,#3037,.F.);
#7873 = ORIENTED_EDGE('',*,*,#7874,.T.);
#7874 = EDGE_CURVE('',#2901,#2594,#7875,.T.);
#7875 = SURFACE_CURVE('',#7876,(#7880,#7887),.PCURVE_S1.);
#7876 = LINE('',#7877,#7878);
#7877 = CARTESIAN_POINT('',(-168.6666717529,73.330001831055,1.));
#7878 = VECTOR('',#7879,1.);
#7879 = DIRECTION('',(-0.175850427895,-0.984416896954,0.));
#7880 = PCURVE('',#3053,#7881);
#7881 = DEFINITIONAL_REPRESENTATION('',(#7882),#7886);
#7882 = LINE('',#7883,#7884);
#7883 = CARTESIAN_POINT('',(0.719288461236,4.632061019692));
#7884 = VECTOR('',#7885,1.);
#7885 = DIRECTION('',(-0.175850427895,-0.984416896954));
#7886 = ( GEOMETRIC_REPRESENTATION_CONTEXT(2) 
PARAMETRIC_REPRESENTATION_CONTEXT() REPRESENTATION_CONTEXT('2D SPACE',''
  ) );
#7887 = PCURVE('',#2916,#7888);
#7888 = DEFINITIONAL_REPRESENTATION('',(#7889),#7892);
#7889 = B_SPLINE_CURVE_WITH_KNOTS('',1,(#7890,#7891),.UNSPECIFIED.,.F.,
  .F.,(2,2),(0.,9.477693708753),.PIECEWISE_BEZIER_KNOTS.);
#7890 = CARTESIAN_POINT('',(0.914088962384,4.474745371573));
#7891 = CARTESIAN_POINT('',(-0.752567531757,-4.855256459482));
#7892 = ( GEOMETRIC_REPRESENTATION_CONTEXT(2) 
PARAMETRIC_REPRESENTATION_CONTEXT() REPRESENTATION_CONTEXT('2D SPACE',''
  ) );
#7893 = ADVANCED_FACE('',(#7894),#2916,.T.);
#7894 = FACE_BOUND('',#7895,.T.);
#7895 = EDGE_LOOP('',(#7896,#7897,#7898));
#7896 = ORIENTED_EDGE('',*,*,#7874,.F.);
#7897 = ORIENTED_EDGE('',*,*,#2900,.F.);
#7898 = ORIENTED_EDGE('',*,*,#7899,.T.);
#7899 = EDGE_CURVE('',#2874,#2594,#7900,.T.);
#7900 = SURFACE_CURVE('',#7901,(#7905,#7912),.PCURVE_S1.);
#7901 = LINE('',#7902,#7903);
#7902 = CARTESIAN_POINT('',(-169.0579986572,73.619003295898,1.));
#7903 = VECTOR('',#7904,1.);
#7904 = DIRECTION('',(-0.131434197045,-0.991324897219,0.));
#7905 = PCURVE('',#2916,#7906);
#7906 = DEFINITIONAL_REPRESENTATION('',(#7907),#7911);
#7907 = LINE('',#7908,#7909);
#7908 = CARTESIAN_POINT('',(0.522762058087,4.763746836417));
#7909 = VECTOR('',#7910,1.);
#7910 = DIRECTION('',(-0.131434197045,-0.991324897219));
#7911 = ( GEOMETRIC_REPRESENTATION_CONTEXT(2) 
PARAMETRIC_REPRESENTATION_CONTEXT() REPRESENTATION_CONTEXT('2D SPACE',''
  ) );
#7912 = PCURVE('',#6680,#7913);
#7913 = DEFINITIONAL_REPRESENTATION('',(#7914),#7917);
#7914 = B_SPLINE_CURVE_WITH_KNOTS('',1,(#7915,#7916),.UNSPECIFIED.,.F.,
  .F.,(2,2),(0.,9.703179374269),.PIECEWISE_BEZIER_KNOTS.);
#7915 = CARTESIAN_POINT('',(0.729315604074,4.643832864375));
#7916 = CARTESIAN_POINT('',(-0.54601398577,-4.975170431524));
#7917 = ( GEOMETRIC_REPRESENTATION_CONTEXT(2) 
PARAMETRIC_REPRESENTATION_CONTEXT() REPRESENTATION_CONTEXT('2D SPACE',''
  ) );
#7918 = ADVANCED_FACE('',(#7919),#6680,.T.);
#7919 = FACE_BOUND('',#7920,.T.);
#7920 = EDGE_LOOP('',(#7921,#7922,#7923));
#7921 = ORIENTED_EDGE('',*,*,#7899,.F.);
#7922 = ORIENTED_EDGE('',*,*,#6666,.F.);
#7923 = ORIENTED_EDGE('',*,*,#7924,.T.);
#7924 = EDGE_CURVE('',#6521,#2594,#7925,.T.);
#7925 = SURFACE_CURVE('',#7926,(#7930,#7937),.PCURVE_S1.);
#7926 = LINE('',#7927,#7928);
#7927 = CARTESIAN_POINT('',(-169.4706726074,73.830001831055,1.));
#7928 = VECTOR('',#7929,1.);
#7929 = DIRECTION('',(-8.742143753305E-02,-0.996171417106,0.));
#7930 = PCURVE('',#6680,#7931);
#7931 = DEFINITIONAL_REPRESENTATION('',(#7932),#7936);
#7932 = LINE('',#7933,#7934);
#7933 = CARTESIAN_POINT('',(0.316641653879,4.854831399531));
#7934 = VECTOR('',#7935,1.);
#7935 = DIRECTION('',(-8.742143753305E-02,-0.996171417106));
#7936 = ( GEOMETRIC_REPRESENTATION_CONTEXT(2) 
PARAMETRIC_REPRESENTATION_CONTEXT() REPRESENTATION_CONTEXT('2D SPACE',''
  ) );
#7937 = PCURVE('',#6536,#7938);
#7938 = DEFINITIONAL_REPRESENTATION('',(#7939),#7942);
#7939 = B_SPLINE_CURVE_WITH_KNOTS('',1,(#7940,#7941),.UNSPECIFIED.,.F.,
  .F.,(2,2),(0.,9.867781450314),.PIECEWISE_BEZIER_KNOTS.);
#7940 = CARTESIAN_POINT('',(0.531545443392,4.774357626815));
#7941 = CARTESIAN_POINT('',(-0.331110196257,-5.05564420424));
#7942 = ( GEOMETRIC_REPRESENTATION_CONTEXT(2) 
PARAMETRIC_REPRESENTATION_CONTEXT() REPRESENTATION_CONTEXT('2D SPACE',''
  ) );
#7943 = ADVANCED_FACE('',(#7944),#6536,.T.);
#7944 = FACE_BOUND('',#7945,.T.);
#7945 = EDGE_LOOP('',(#7946,#7947,#7967));
#7946 = ORIENTED_EDGE('',*,*,#6520,.F.);
#7947 = ORIENTED_EDGE('',*,*,#7948,.T.);
#7948 = EDGE_CURVE('',#6252,#2594,#7949,.T.);
#7949 = SURFACE_CURVE('',#7950,(#7954,#7961),.PCURVE_S1.);
#7950 = LINE('',#7951,#7952);
#7951 = CARTESIAN_POINT('',(-169.8979949951,73.957000732422,1.));
#7952 = VECTOR('',#7953,1.);
#7953 = DIRECTION('',(-4.367959566067E-02,-0.999045591013,0.));
#7954 = PCURVE('',#6536,#7955);
#7955 = DEFINITIONAL_REPRESENTATION('',(#7956),#7960);
#7956 = LINE('',#7957,#7958);
#7957 = CARTESIAN_POINT('',(0.104223055696,4.901356528182));
#7958 = VECTOR('',#7959,1.);
#7959 = DIRECTION('',(-4.367959566067E-02,-0.999045591013));
#7960 = ( GEOMETRIC_REPRESENTATION_CONTEXT(2) 
PARAMETRIC_REPRESENTATION_CONTEXT() REPRESENTATION_CONTEXT('2D SPACE',''
  ) );
#7961 = PCURVE('',#2629,#7962);
#7962 = DEFINITIONAL_REPRESENTATION('',(#7963),#7966);
#7963 = B_SPLINE_CURVE_WITH_KNOTS('',1,(#7964,#7965),.UNSPECIFIED.,.F.,
  .F.,(2,2),(0.,9.966512861864),.PIECEWISE_BEZIER_KNOTS.);
#7964 = CARTESIAN_POINT('',(0.324345220457,4.860765660267));
#7965 = CARTESIAN_POINT('',(-0.110988031496,-5.096235072155));
#7966 = ( GEOMETRIC_REPRESENTATION_CONTEXT(2) 
PARAMETRIC_REPRESENTATION_CONTEXT() REPRESENTATION_CONTEXT('2D SPACE',''
  ) );
#7967 = ORIENTED_EDGE('',*,*,#7924,.F.);
#7968 = ADVANCED_FACE('',(#7969),#2629,.T.);
#7969 = FACE_BOUND('',#7970,.T.);
#7970 = EDGE_LOOP('',(#7971,#7972,#7973));
#7971 = ORIENTED_EDGE('',*,*,#6274,.F.);
#7972 = ORIENTED_EDGE('',*,*,#2615,.F.);
#7973 = ORIENTED_EDGE('',*,*,#7948,.F.);
#7974 = ( GEOMETRIC_REPRESENTATION_CONTEXT(3) 
GLOBAL_UNCERTAINTY_ASSIGNED_CONTEXT((#7978)) 
GLOBAL_UNIT_ASSIGNED_CONTEXT((#7975,#7976,#7977)) REPRESENTATION_CONTEXT
('Context #1','3D Context with UNIT and UNCERTAINTY') );
#7975 = ( LENGTH_UNIT() NAMED_UNIT(*) SI_UNIT(.MILLI.,.METRE.) );
#7976 = ( NAMED_UNIT(*) PLANE_ANGLE_UNIT() SI_UNIT($,.RADIAN.) );
#7977 = ( NAMED_UNIT(*) SI_UNIT($,.STERADIAN.) SOLID_ANGLE_UNIT() );
#7978 = UNCERTAINTY_MEASURE_WITH_UNIT(LENGTH_MEASURE(1.E-07),#7975,
  'distance_accuracy_value','confusion accuracy');
#7979 = SHAPE_DEFINITION_REPRESENTATION(#7980,#29);
#7980 = PRODUCT_DEFINITION_SHAPE('','',#7981);
#7981 = PRODUCT_DEFINITION('design','',#7982,#7985);
#7982 = PRODUCT_DEFINITION_FORMATION('','',#7983);
#7983 = PRODUCT(' STEP translator 7.5 1.1',
  ' STEP translator 7.5 1.1','',(#7984));
#7984 = PRODUCT_CONTEXT('',#2,'mechanical');
#7985 = PRODUCT_DEFINITION_CONTEXT('part definition',#2,'design');
#7986 = CONTEXT_DEPENDENT_SHAPE_REPRESENTATION(#7987,#7989);
#7987 = ( REPRESENTATION_RELATIONSHIP('','',#29,#10) 
REPRESENTATION_RELATIONSHIP_WITH_TRANSFORMATION(#7988) 
SHAPE_REPRESENTATION_RELATIONSHIP() );
#7988 = ITEM_DEFINED_TRANSFORMATION('','',#11,#15);
#7989 = PRODUCT_DEFINITION_SHAPE('Placement','Placement of an item',
  #7990);
#7990 = NEXT_ASSEMBLY_USAGE_OCCURRENCE('1','','',#5,#7981,$);
#7991 = PRODUCT_RELATED_PRODUCT_CATEGORY('part',$,(#7983));
#7992 = MANIFOLD_SURFACE_SHAPE_REPRESENTATION('',(#11,#7993),#15937);
#7993 = SHELL_BASED_SURFACE_MODEL('',(#7994));
#7994 = CLOSED_SHELL('',(#7995,#8084,#8140,#8196,#8252,#8308,#8364,#8420
    ,#8476,#8532,#8588,#8644,#8700,#8756,#8812,#8901,#8957,#9013,#9069,
    #9156,#9212,#9268,#9324,#9380,#9436,#9492,#9543,#9632,#9688,#9744,
    #9826,#9877,#9966,#10022,#10071,#10101,#10131,#10180,#10269,#10325,
    #10381,#10437,#10493,#10549,#10629,#10685,#10741,#10771,#10827,
    #10883,#10929,#10959,#11008,#11064,#11120,#11176,#11232,#11283,
    #11313,#11319,#11406,#11457,#11487,#11538,#11594,#11650,#11706,
    #11762,#11818,#11874,#11930,#11986,#12042,#12098,#12154,#12210,
    #12266,#12322,#12378,#12434,#12490,#12546,#12590,#12620,#12693,
    #12718,#12762,#12768,#12812,#12818,#12867,#12873,#12919,#12944,
    #12974,#13025,#13055,#13099,#13124,#13149,#13174,#13199,#13205,
    #13261,#13348,#13404,#13460,#13516,#13572,#13628,#13679,#13709,
    #13758,#13783,#13808,#13838,#13889,#13945,#14001,#14057,#14113,
    #14157,#14182,#14188,#14213,#14238,#14282,#14288,#14313,#14319,
    #14363,#14369,#14394,#14419,#14463,#14469,#14513,#14519,#14563,
    #14569,#14613,#14619,#14663,#14669,#14713,#14719,#14763,#14788,
    #14832,#14838,#14882,#14888,#14913,#14919,#14944,#14988,#14994,
    #15038,#15044,#15088,#15094,#15138,#15144,#15188,#15194,#15238,
    #15244,#15269,#15294,#15319,#15344,#15388,#15394,#15438,#15444,
    #15488,#15494,#15538,#15544,#15569,#15575,#15619,#15625,#15669,
    #15675,#15719,#15725,#15769,#15775,#15800,#15806,#15850,#15856,
    #15900,#15906,#15931));
#7995 = ADVANCED_FACE('',(#7996),#8010,.T.);
#7996 = FACE_BOUND('',#7997,.T.);
#7997 = EDGE_LOOP('',(#7998,#8032,#8059));
#7998 = ORIENTED_EDGE('',*,*,#7999,.T.);
#7999 = EDGE_CURVE('',#8000,#8002,#8004,.T.);
#8000 = VERTEX_POINT('',#8001);
#8001 = CARTESIAN_POINT('',(-184.1020050048,60.957000732422,1.));
#8002 = VERTEX_POINT('',#8003);
#8003 = CARTESIAN_POINT('',(-184.5293273925,60.830001831055,1.));
#8004 = SURFACE_CURVE('',#8005,(#8009,#8021),.PCURVE_S1.);
#8005 = LINE('',#8006,#8007);
#8006 = CARTESIAN_POINT('',(-184.1020050048,60.957000732422,1.));
#8007 = VECTOR('',#8008,1.);
#8008 = DIRECTION('',(-0.958562632162,-0.284881870647,0.));
#8009 = PCURVE('',#8010,#8015);
#8010 = PLANE('',#8011);
#8011 = AXIS2_PLACEMENT_3D('',#8012,#8013,#8014);
#8012 = CARTESIAN_POINT('',(-184.5258854022,60.797700357188,1.));
#8013 = DIRECTION('',(0.,0.,1.));
#8014 = DIRECTION('',(1.,0.,-0.));
#8015 = DEFINITIONAL_REPRESENTATION('',(#8016),#8020);
#8016 = LINE('',#8017,#8018);
#8017 = CARTESIAN_POINT('',(0.423880397412,0.159300375233));
#8018 = VECTOR('',#8019,1.);
#8019 = DIRECTION('',(-0.958562632162,-0.284881870647));
#8020 = ( GEOMETRIC_REPRESENTATION_CONTEXT(2) 
PARAMETRIC_REPRESENTATION_CONTEXT() REPRESENTATION_CONTEXT('2D SPACE',''
  ) );
#8021 = PCURVE('',#8022,#8027);
#8022 = PLANE('',#8023);
#8023 = AXIS2_PLACEMENT_3D('',#8024,#8025,#8026);
#8024 = CARTESIAN_POINT('',(-184.2205974166,60.921755431841,
    9.917847716582E-02));
#8025 = DIRECTION('',(-0.284881870647,0.958562632162,-9.324890334839E-18
    ));
#8026 = DIRECTION('',(0.958562632162,0.284881870647,0.));
#8027 = DEFINITIONAL_REPRESENTATION('',(#8028),#8031);
#8028 = B_SPLINE_CURVE_WITH_KNOTS('',1,(#8029,#8030),.UNSPECIFIED.,.F.,
  .F.,(2,2),(0.,0.445794957322),.PIECEWISE_BEZIER_KNOTS.);
#8029 = CARTESIAN_POINT('',(0.123719001495,-0.900821522834));
#8030 = CARTESIAN_POINT('',(-0.322075955827,-0.900821522834));
#8031 = ( GEOMETRIC_REPRESENTATION_CONTEXT(2) 
PARAMETRIC_REPRESENTATION_CONTEXT() REPRESENTATION_CONTEXT('2D SPACE',''
  ) );
#8032 = ORIENTED_EDGE('',*,*,#8033,.T.);
#8033 = EDGE_CURVE('',#8002,#8034,#8036,.T.);
#8034 = VERTEX_POINT('',#8035);
#8035 = CARTESIAN_POINT('',(-184.9420013427,60.619003295898,1.));
#8036 = SURFACE_CURVE('',#8037,(#8041,#8048),.PCURVE_S1.);
#8037 = LINE('',#8038,#8039);
#8038 = CARTESIAN_POINT('',(-184.5293273925,60.830001831055,1.));
#8039 = VECTOR('',#8040,1.);
#8040 = DIRECTION('',(-0.89036796554,-0.455241568774,0.));
#8041 = PCURVE('',#8010,#8042);
#8042 = DEFINITIONAL_REPRESENTATION('',(#8043),#8047);
#8043 = LINE('',#8044,#8045);
#8044 = CARTESIAN_POINT('',(-3.441990283591E-03,3.230147386623E-02));
#8045 = VECTOR('',#8046,1.);
#8046 = DIRECTION('',(-0.89036796554,-0.455241568774));
#8047 = ( GEOMETRIC_REPRESENTATION_CONTEXT(2) 
PARAMETRIC_REPRESENTATION_CONTEXT() REPRESENTATION_CONTEXT('2D SPACE',''
  ) );
#8048 = PCURVE('',#8049,#8054);
#8049 = PLANE('',#8050);
#8050 = AXIS2_PLACEMENT_3D('',#8051,#8052,#8053);
#8051 = CARTESIAN_POINT('',(-184.6442938612,60.771219936841,
    0.102621062242));
#8052 = DIRECTION('',(-0.455241568774,0.89036796554,9.297502842886E-18)
  );
#8053 = DIRECTION('',(0.89036796554,0.455241568774,0.));
#8054 = DEFINITIONAL_REPRESENTATION('',(#8055),#8058);
#8055 = B_SPLINE_CURVE_WITH_KNOTS('',1,(#8056,#8057),.UNSPECIFIED.,.F.,
  .F.,(2,2),(0.,0.46348696962),.PIECEWISE_BEZIER_KNOTS.);
#8056 = CARTESIAN_POINT('',(0.129122422568,-0.897378937758));
#8057 = CARTESIAN_POINT('',(-0.334364547052,-0.897378937758));
#8058 = ( GEOMETRIC_REPRESENTATION_CONTEXT(2) 
PARAMETRIC_REPRESENTATION_CONTEXT() REPRESENTATION_CONTEXT('2D SPACE',''
  ) );
#8059 = ORIENTED_EDGE('',*,*,#8060,.T.);
#8060 = EDGE_CURVE('',#8034,#8000,#8061,.T.);
#8061 = SURFACE_CURVE('',#8062,(#8066,#8073),.PCURVE_S1.);
#8062 = LINE('',#8063,#8064);
#8063 = CARTESIAN_POINT('',(-184.9420013427,60.619003295898,1.));
#8064 = VECTOR('',#8065,1.);
#8065 = DIRECTION('',(0.927713485966,0.373293032291,0.));
#8066 = PCURVE('',#8010,#8067);
#8067 = DEFINITIONAL_REPRESENTATION('',(#8068),#8072);
#8068 = LINE('',#8069,#8070);
#8069 = CARTESIAN_POINT('',(-0.416115940479,-0.17869706129));
#8070 = VECTOR('',#8071,1.);
#8071 = DIRECTION('',(0.927713485966,0.373293032291));
#8072 = ( GEOMETRIC_REPRESENTATION_CONTEXT(2) 
PARAMETRIC_REPRESENTATION_CONTEXT() REPRESENTATION_CONTEXT('2D SPACE',''
  ) );
#8073 = PCURVE('',#8074,#8079);
#8074 = PLANE('',#8075);
#8075 = AXIS2_PLACEMENT_3D('',#8076,#8077,#8078);
#8076 = CARTESIAN_POINT('',(-184.309331795,60.829869461612,1.));
#8077 = DIRECTION('',(0.,0.,1.));
#8078 = DIRECTION('',(1.,0.,-0.));
#8079 = DEFINITIONAL_REPRESENTATION('',(#8080),#8083);
#8080 = B_SPLINE_CURVE_WITH_KNOTS('',1,(#8081,#8082),.UNSPECIFIED.,.F.,
  .F.,(2,2),(0.,0.90544801881),.PIECEWISE_BEZIER_KNOTS.);
#8081 = CARTESIAN_POINT('',(-0.632669547739,-0.210866165714));
#8082 = CARTESIAN_POINT('',(0.207326790152,0.12713127081));
#8083 = ( GEOMETRIC_REPRESENTATION_CONTEXT(2) 
PARAMETRIC_REPRESENTATION_CONTEXT() REPRESENTATION_CONTEXT('2D SPACE',''
  ) );
#8084 = ADVANCED_FACE('',(#8085),#8074,.T.);
#8085 = FACE_BOUND('',#8086,.T.);
#8086 = EDGE_LOOP('',(#8087,#8114,#8139));
#8087 = ORIENTED_EDGE('',*,*,#8088,.T.);
#8088 = EDGE_CURVE('',#8034,#8089,#8091,.T.);
#8089 = VERTEX_POINT('',#8090);
#8090 = CARTESIAN_POINT('',(-183.6666717529,61.,1.));
#8091 = SURFACE_CURVE('',#8092,(#8096,#8103),.PCURVE_S1.);
#8092 = LINE('',#8093,#8094);
#8093 = CARTESIAN_POINT('',(-184.9420013427,60.619003295898,1.));
#8094 = VECTOR('',#8095,1.);
#8095 = DIRECTION('',(0.958156946245,0.286243369117,0.));
#8096 = PCURVE('',#8074,#8097);
#8097 = DEFINITIONAL_REPRESENTATION('',(#8098),#8102);
#8098 = LINE('',#8099,#8100);
#8099 = CARTESIAN_POINT('',(-0.632669547739,-0.210866165714));
#8100 = VECTOR('',#8101,1.);
#8101 = DIRECTION('',(0.958156946245,0.286243369117));
#8102 = ( GEOMETRIC_REPRESENTATION_CONTEXT(2) 
PARAMETRIC_REPRESENTATION_CONTEXT() REPRESENTATION_CONTEXT('2D SPACE',''
  ) );
#8103 = PCURVE('',#8104,#8109);
#8104 = PLANE('',#8105);
#8105 = AXIS2_PLACEMENT_3D('',#8106,#8107,#8108);
#8106 = CARTESIAN_POINT('',(-184.5137738497,60.692578949623,1.));
#8107 = DIRECTION('',(0.,0.,1.));
#8108 = DIRECTION('',(1.,0.,-0.));
#8109 = DEFINITIONAL_REPRESENTATION('',(#8110),#8113);
#8110 = B_SPLINE_CURVE_WITH_KNOTS('',1,(#8111,#8112),.UNSPECIFIED.,.F.,
  .F.,(2,2),(0.,1.331023685464),.PIECEWISE_BEZIER_KNOTS.);
#8111 = CARTESIAN_POINT('',(-0.42822749303,-7.357565372468E-02));
#8112 = CARTESIAN_POINT('',(0.847102096813,0.307421050377));
#8113 = ( GEOMETRIC_REPRESENTATION_CONTEXT(2) 
PARAMETRIC_REPRESENTATION_CONTEXT() REPRESENTATION_CONTEXT('2D SPACE',''
  ) );
#8114 = ORIENTED_EDGE('',*,*,#8115,.T.);
#8115 = EDGE_CURVE('',#8089,#8000,#8116,.T.);
#8116 = SURFACE_CURVE('',#8117,(#8121,#8128),.PCURVE_S1.);
#8117 = LINE('',#8118,#8119);
#8118 = CARTESIAN_POINT('',(-183.6666717529,61.,1.));
#8119 = VECTOR('',#8120,1.);
#8120 = DIRECTION('',(-0.995157331071,-9.829489516156E-02,0.));
#8121 = PCURVE('',#8074,#8122);
#8122 = DEFINITIONAL_REPRESENTATION('',(#8123),#8127);
#8123 = LINE('',#8124,#8125);
#8124 = CARTESIAN_POINT('',(0.642660042105,0.170130538388));
#8125 = VECTOR('',#8126,1.);
#8126 = DIRECTION('',(-0.995157331071,-9.829489516156E-02));
#8127 = ( GEOMETRIC_REPRESENTATION_CONTEXT(2) 
PARAMETRIC_REPRESENTATION_CONTEXT() REPRESENTATION_CONTEXT('2D SPACE',''
  ) );
#8128 = PCURVE('',#8129,#8134);
#8129 = PLANE('',#8130);
#8130 = AXIS2_PLACEMENT_3D('',#8131,#8132,#8133);
#8131 = CARTESIAN_POINT('',(-183.7872683468,60.988088285958,
    9.754239761328E-02));
#8132 = DIRECTION('',(-9.829489516156E-02,0.995157331071,
    2.334536153373E-18));
#8133 = DIRECTION('',(0.995157331071,9.829489516156E-02,
    -4.814824860968E-35));
#8134 = DEFINITIONAL_REPRESENTATION('',(#8135),#8138);
#8135 = B_SPLINE_CURVE_WITH_KNOTS('',1,(#8136,#8137),.UNSPECIFIED.,.F.,
  .F.,(2,2),(0.,0.437451685639),.PIECEWISE_BEZIER_KNOTS.);
#8136 = CARTESIAN_POINT('',(0.121183445206,-0.902457602387));
#8137 = CARTESIAN_POINT('',(-0.316268240433,-0.902457602387));
#8138 = ( GEOMETRIC_REPRESENTATION_CONTEXT(2) 
PARAMETRIC_REPRESENTATION_CONTEXT() REPRESENTATION_CONTEXT('2D SPACE',''
  ) );
#8139 = ORIENTED_EDGE('',*,*,#8060,.F.);
#8140 = ADVANCED_FACE('',(#8141),#8104,.T.);
#8141 = FACE_BOUND('',#8142,.T.);
#8142 = EDGE_LOOP('',(#8143,#8170,#8171));
#8143 = ORIENTED_EDGE('',*,*,#8144,.T.);
#8144 = EDGE_CURVE('',#8145,#8089,#8147,.T.);
#8145 = VERTEX_POINT('',#8146);
#8146 = CARTESIAN_POINT('',(-185.333328247,60.330001831055,1.));
#8147 = SURFACE_CURVE('',#8148,(#8152,#8159),.PCURVE_S1.);
#8148 = LINE('',#8149,#8150);
#8149 = CARTESIAN_POINT('',(-185.333328247,60.330001831055,1.));
#8150 = VECTOR('',#8151,1.);
#8151 = DIRECTION('',(0.927834991184,0.372990923662,0.));
#8152 = PCURVE('',#8104,#8153);
#8153 = DEFINITIONAL_REPRESENTATION('',(#8154),#8158);
#8154 = LINE('',#8155,#8156);
#8155 = CARTESIAN_POINT('',(-0.819554397327,-0.362577118568));
#8156 = VECTOR('',#8157,1.);
#8157 = DIRECTION('',(0.927834991184,0.372990923662));
#8158 = ( GEOMETRIC_REPRESENTATION_CONTEXT(2) 
PARAMETRIC_REPRESENTATION_CONTEXT() REPRESENTATION_CONTEXT('2D SPACE',''
  ) );
#8159 = PCURVE('',#8160,#8165);
#8160 = PLANE('',#8161);
#8161 = AXIS2_PLACEMENT_3D('',#8162,#8163,#8164);
#8162 = CARTESIAN_POINT('',(-184.7035466518,60.517105969237,1.));
#8163 = DIRECTION('',(0.,0.,1.));
#8164 = DIRECTION('',(1.,0.,-0.));
#8165 = DEFINITIONAL_REPRESENTATION('',(#8166),#8169);
#8166 = B_SPLINE_CURVE_WITH_KNOTS('',1,(#8167,#8168),.UNSPECIFIED.,.F.,
  .F.,(2,2),(0.,1.796285449435),.PIECEWISE_BEZIER_KNOTS.);
#8167 = CARTESIAN_POINT('',(-0.629781595263,-0.187104138182));
#8168 = CARTESIAN_POINT('',(1.036874898878,0.482894030763));
#8169 = ( GEOMETRIC_REPRESENTATION_CONTEXT(2) 
PARAMETRIC_REPRESENTATION_CONTEXT() REPRESENTATION_CONTEXT('2D SPACE',''
  ) );
#8170 = ORIENTED_EDGE('',*,*,#8088,.F.);
#8171 = ORIENTED_EDGE('',*,*,#8172,.T.);
#8172 = EDGE_CURVE('',#8034,#8145,#8173,.T.);
#8173 = SURFACE_CURVE('',#8174,(#8178,#8185),.PCURVE_S1.);
#8174 = LINE('',#8175,#8176);
#8175 = CARTESIAN_POINT('',(-184.9420013427,60.619003295898,1.));
#8176 = VECTOR('',#8177,1.);
#8177 = DIRECTION('',(-0.804412051531,-0.594071756063,0.));
#8178 = PCURVE('',#8104,#8179);
#8179 = DEFINITIONAL_REPRESENTATION('',(#8180),#8184);
#8180 = LINE('',#8181,#8182);
#8181 = CARTESIAN_POINT('',(-0.42822749303,-7.357565372468E-02));
#8182 = VECTOR('',#8183,1.);
#8183 = DIRECTION('',(-0.804412051531,-0.594071756063));
#8184 = ( GEOMETRIC_REPRESENTATION_CONTEXT(2) 
PARAMETRIC_REPRESENTATION_CONTEXT() REPRESENTATION_CONTEXT('2D SPACE',''
  ) );
#8185 = PCURVE('',#8186,#8191);
#8186 = PLANE('',#8187);
#8187 = AXIS2_PLACEMENT_3D('',#8188,#8189,#8190);
#8188 = CARTESIAN_POINT('',(-185.051560291,60.538092179907,
    0.107040295691));
#8189 = DIRECTION('',(-0.594071756063,0.804412051531,-1.852668803652E-17
    ));
#8190 = DIRECTION('',(0.804412051531,0.594071756063,-1.54074395551E-33)
  );
#8191 = DEFINITIONAL_REPRESENTATION('',(#8192),#8195);
#8192 = B_SPLINE_CURVE_WITH_KNOTS('',1,(#8193,#8194),.UNSPECIFIED.,.F.,
  .F.,(2,2),(0.,0.486475685629),.PIECEWISE_BEZIER_KNOTS.);
#8193 = CARTESIAN_POINT('',(0.136197547124,-0.892959704309));
#8194 = CARTESIAN_POINT('',(-0.350278138505,-0.892959704309));
#8195 = ( GEOMETRIC_REPRESENTATION_CONTEXT(2) 
PARAMETRIC_REPRESENTATION_CONTEXT() REPRESENTATION_CONTEXT('2D SPACE',''
  ) );
#8196 = ADVANCED_FACE('',(#8197),#8160,.T.);
#8197 = FACE_BOUND('',#8198,.T.);
#8198 = EDGE_LOOP('',(#8199,#8226,#8251));
#8199 = ORIENTED_EDGE('',*,*,#8200,.T.);
#8200 = EDGE_CURVE('',#8145,#8201,#8203,.T.);
#8201 = VERTEX_POINT('',#8202);
#8202 = CARTESIAN_POINT('',(-185.6959991455,59.967002868652,1.));
#8203 = SURFACE_CURVE('',#8204,(#8208,#8215),.PCURVE_S1.);
#8204 = LINE('',#8205,#8206);
#8205 = CARTESIAN_POINT('',(-185.333328247,60.330001831055,1.));
#8206 = VECTOR('',#8207,1.);
#8207 = DIRECTION('',(-0.706787037072,-0.707426380782,0.));
#8208 = PCURVE('',#8160,#8209);
#8209 = DEFINITIONAL_REPRESENTATION('',(#8210),#8214);
#8210 = LINE('',#8211,#8212);
#8211 = CARTESIAN_POINT('',(-0.629781595263,-0.187104138182));
#8212 = VECTOR('',#8213,1.);
#8213 = DIRECTION('',(-0.706787037072,-0.707426380782));
#8214 = ( GEOMETRIC_REPRESENTATION_CONTEXT(2) 
PARAMETRIC_REPRESENTATION_CONTEXT() REPRESENTATION_CONTEXT('2D SPACE',''
  ) );
#8215 = PCURVE('',#8216,#8221);
#8216 = PLANE('',#8217);
#8217 = AXIS2_PLACEMENT_3D('',#8218,#8219,#8220);
#8218 = CARTESIAN_POINT('',(-185.4354416166,60.227796092008,
    0.112087623969));
#8219 = DIRECTION('',(-0.707426380782,0.706787037072,-1.845141294601E-17
    ));
#8220 = DIRECTION('',(-0.706787037072,-0.707426380782,-1.54074395551E-33
    ));
#8221 = DEFINITIONAL_REPRESENTATION('',(#8222),#8225);
#8222 = B_SPLINE_CURVE_WITH_KNOTS('',1,(#8223,#8224),.UNSPECIFIED.,.F.,
  .F.,(2,2),(0.,0.513126131939),.PIECEWISE_BEZIER_KNOTS.);
#8223 = CARTESIAN_POINT('',(-0.144475442,0.887912376031));
#8224 = CARTESIAN_POINT('',(0.368650689939,0.887912376031));
#8225 = ( GEOMETRIC_REPRESENTATION_CONTEXT(2) 
PARAMETRIC_REPRESENTATION_CONTEXT() REPRESENTATION_CONTEXT('2D SPACE',''
  ) );
#8226 = ORIENTED_EDGE('',*,*,#8227,.T.);
#8227 = EDGE_CURVE('',#8201,#8089,#8228,.T.);
#8228 = SURFACE_CURVE('',#8229,(#8233,#8240),.PCURVE_S1.);
#8229 = LINE('',#8230,#8231);
#8230 = CARTESIAN_POINT('',(-185.6959991455,59.967002868652,1.));
#8231 = VECTOR('',#8232,1.);
#8232 = DIRECTION('',(0.891183532393,0.453642934025,0.));
#8233 = PCURVE('',#8160,#8234);
#8234 = DEFINITIONAL_REPRESENTATION('',(#8235),#8239);
#8235 = LINE('',#8236,#8237);
#8236 = CARTESIAN_POINT('',(-0.992452493701,-0.550103100584));
#8237 = VECTOR('',#8238,1.);
#8238 = DIRECTION('',(0.891183532393,0.453642934025));
#8239 = ( GEOMETRIC_REPRESENTATION_CONTEXT(2) 
PARAMETRIC_REPRESENTATION_CONTEXT() REPRESENTATION_CONTEXT('2D SPACE',''
  ) );
#8240 = PCURVE('',#8241,#8246);
#8241 = PLANE('',#8242);
#8242 = AXIS2_PLACEMENT_3D('',#8243,#8244,#8245);
#8243 = CARTESIAN_POINT('',(-184.8768201419,60.305718239069,1.));
#8244 = DIRECTION('',(0.,0.,1.));
#8245 = DIRECTION('',(1.,0.,-0.));
#8246 = DEFINITIONAL_REPRESENTATION('',(#8247),#8250);
#8247 = B_SPLINE_CURVE_WITH_KNOTS('',1,(#8248,#8249),.UNSPECIFIED.,.F.,
  .F.,(2,2),(0.,2.277115003604),.PIECEWISE_BEZIER_KNOTS.);
#8248 = CARTESIAN_POINT('',(-0.819179003568,-0.338715370417));
#8249 = CARTESIAN_POINT('',(1.21014838901,0.694281760931));
#8250 = ( GEOMETRIC_REPRESENTATION_CONTEXT(2) 
PARAMETRIC_REPRESENTATION_CONTEXT() REPRESENTATION_CONTEXT('2D SPACE',''
  ) );
#8251 = ORIENTED_EDGE('',*,*,#8144,.F.);
#8252 = ADVANCED_FACE('',(#8253),#8241,.T.);
#8253 = FACE_BOUND('',#8254,.T.);
#8254 = EDGE_LOOP('',(#8255,#8282,#8307));
#8255 = ORIENTED_EDGE('',*,*,#8256,.T.);
#8256 = EDGE_CURVE('',#8201,#8257,#8259,.T.);
#8257 = VERTEX_POINT('',#8258);
#8258 = CARTESIAN_POINT('',(-186.0240020751,59.536003112793,1.));
#8259 = SURFACE_CURVE('',#8260,(#8264,#8271),.PCURVE_S1.);
#8260 = LINE('',#8261,#8262);
#8261 = CARTESIAN_POINT('',(-185.6959991455,59.967002868652,1.));
#8262 = VECTOR('',#8263,1.);
#8263 = DIRECTION('',(-0.605601735181,-0.795767892256,0.));
#8264 = PCURVE('',#8241,#8265);
#8265 = DEFINITIONAL_REPRESENTATION('',(#8266),#8270);
#8266 = LINE('',#8267,#8268);
#8267 = CARTESIAN_POINT('',(-0.819179003568,-0.338715370417));
#8268 = VECTOR('',#8269,1.);
#8269 = DIRECTION('',(-0.605601735181,-0.795767892256));
#8270 = ( GEOMETRIC_REPRESENTATION_CONTEXT(2) 
PARAMETRIC_REPRESENTATION_CONTEXT() REPRESENTATION_CONTEXT('2D SPACE',''
  ) );
#8271 = PCURVE('',#8272,#8277);
#8272 = PLANE('',#8273);
#8273 = AXIS2_PLACEMENT_3D('',#8274,#8275,#8276);
#8274 = CARTESIAN_POINT('',(-185.7889066537,59.844921296375,
    0.117393911669));
#8275 = DIRECTION('',(-0.795767892256,0.605601735181,-0.));
#8276 = DIRECTION('',(-0.605601735181,-0.795767892256,0.));
#8277 = DEFINITIONAL_REPRESENTATION('',(#8278),#8281);
#8278 = B_SPLINE_CURVE_WITH_KNOTS('',1,(#8279,#8280),.UNSPECIFIED.,.F.,
  .F.,(2,2),(0.,0.541614910646),.PIECEWISE_BEZIER_KNOTS.);
#8279 = CARTESIAN_POINT('',(-0.153413543654,0.882606088331));
#8280 = CARTESIAN_POINT('',(0.388201366992,0.882606088331));
#8281 = ( GEOMETRIC_REPRESENTATION_CONTEXT(2) 
PARAMETRIC_REPRESENTATION_CONTEXT() REPRESENTATION_CONTEXT('2D SPACE',''
  ) );
#8282 = ORIENTED_EDGE('',*,*,#8283,.T.);
#8283 = EDGE_CURVE('',#8257,#8089,#8284,.T.);
#8284 = SURFACE_CURVE('',#8285,(#8289,#8296),.PCURVE_S1.);
#8285 = LINE('',#8286,#8287);
#8286 = CARTESIAN_POINT('',(-186.0240020751,59.536003112793,1.));
#8287 = VECTOR('',#8288,1.);
#8288 = DIRECTION('',(0.849506709779,0.527577814204,0.));
#8289 = PCURVE('',#8241,#8290);
#8290 = DEFINITIONAL_REPRESENTATION('',(#8291),#8295);
#8291 = LINE('',#8292,#8293);
#8292 = CARTESIAN_POINT('',(-1.147181933256,-0.769715126276));
#8293 = VECTOR('',#8294,1.);
#8294 = DIRECTION('',(0.849506709779,0.527577814204));
#8295 = ( GEOMETRIC_REPRESENTATION_CONTEXT(2) 
PARAMETRIC_REPRESENTATION_CONTEXT() REPRESENTATION_CONTEXT('2D SPACE',''
  ) );
#8296 = PCURVE('',#8297,#8302);
#8297 = PLANE('',#8298);
#8298 = AXIS2_PLACEMENT_3D('',#8299,#8300,#8301);
#8299 = CARTESIAN_POINT('',(-185.0301401475,60.062031028068,1.));
#8300 = DIRECTION('',(0.,0.,1.));
#8301 = DIRECTION('',(1.,0.,-0.));
#8302 = DEFINITIONAL_REPRESENTATION('',(#8303),#8306);
#8303 = B_SPLINE_CURVE_WITH_KNOTS('',1,(#8304,#8305),.UNSPECIFIED.,.F.,
  .F.,(2,2),(0.,2.774940203685),.PIECEWISE_BEZIER_KNOTS.);
#8304 = CARTESIAN_POINT('',(-0.993861927672,-0.526027915275));
#8305 = CARTESIAN_POINT('',(1.363468394594,0.937968971932));
#8306 = ( GEOMETRIC_REPRESENTATION_CONTEXT(2) 
PARAMETRIC_REPRESENTATION_CONTEXT() REPRESENTATION_CONTEXT('2D SPACE',''
  ) );
#8307 = ORIENTED_EDGE('',*,*,#8227,.F.);
#8308 = ADVANCED_FACE('',(#8309),#8297,.T.);
#8309 = FACE_BOUND('',#8310,.T.);
#8310 = EDGE_LOOP('',(#8311,#8338,#8363));
#8311 = ORIENTED_EDGE('',*,*,#8312,.T.);
#8312 = EDGE_CURVE('',#8257,#8313,#8315,.T.);
#8313 = VERTEX_POINT('',#8314);
#8314 = CARTESIAN_POINT('',(-186.311340332,59.043998718262,1.));
#8315 = SURFACE_CURVE('',#8316,(#8320,#8327),.PCURVE_S1.);
#8316 = LINE('',#8317,#8318);
#8317 = CARTESIAN_POINT('',(-186.0240020751,59.536003112793,1.));
#8318 = VECTOR('',#8319,1.);
#8319 = DIRECTION('',(-0.504310555065,-0.863522358744,0.));
#8320 = PCURVE('',#8297,#8321);
#8321 = DEFINITIONAL_REPRESENTATION('',(#8322),#8326);
#8322 = LINE('',#8323,#8324);
#8323 = CARTESIAN_POINT('',(-0.993861927672,-0.526027915275));
#8324 = VECTOR('',#8325,1.);
#8325 = DIRECTION('',(-0.504310555065,-0.863522358744));
#8326 = ( GEOMETRIC_REPRESENTATION_CONTEXT(2) 
PARAMETRIC_REPRESENTATION_CONTEXT() REPRESENTATION_CONTEXT('2D SPACE',''
  ) );
#8327 = PCURVE('',#8328,#8333);
#8328 = PLANE('',#8329);
#8329 = AXIS2_PLACEMENT_3D('',#8330,#8331,#8332);
#8330 = CARTESIAN_POINT('',(-186.1058692498,59.395823346473,
    0.122547412784));
#8331 = DIRECTION('',(-0.863522358744,0.504310555065,1.830480330989E-17)
  );
#8332 = DIRECTION('',(-0.504310555065,-0.863522358744,0.));
#8333 = DEFINITIONAL_REPRESENTATION('',(#8334),#8337);
#8334 = B_SPLINE_CURVE_WITH_KNOTS('',1,(#8335,#8336),.UNSPECIFIED.,.F.,
  .F.,(2,2),(0.,0.569764511074),.PIECEWISE_BEZIER_KNOTS.);
#8335 = CARTESIAN_POINT('',(-0.162334842753,0.877452587216));
#8336 = CARTESIAN_POINT('',(0.407429668322,0.877452587216));
#8337 = ( GEOMETRIC_REPRESENTATION_CONTEXT(2) 
PARAMETRIC_REPRESENTATION_CONTEXT() REPRESENTATION_CONTEXT('2D SPACE',''
  ) );
#8338 = ORIENTED_EDGE('',*,*,#8339,.T.);
#8339 = EDGE_CURVE('',#8313,#8089,#8340,.T.);
#8340 = SURFACE_CURVE('',#8341,(#8345,#8352),.PCURVE_S1.);
#8341 = LINE('',#8342,#8343);
#8342 = CARTESIAN_POINT('',(-186.311340332,59.043998718262,1.));
#8343 = VECTOR('',#8344,1.);
#8344 = DIRECTION('',(0.803995008089,0.594636045802,0.));
#8345 = PCURVE('',#8297,#8346);
#8346 = DEFINITIONAL_REPRESENTATION('',(#8347),#8351);
#8347 = LINE('',#8348,#8349);
#8348 = CARTESIAN_POINT('',(-1.281200184508,-1.018032309806));
#8349 = VECTOR('',#8350,1.);
#8350 = DIRECTION('',(0.803995008089,0.594636045802));
#8351 = ( GEOMETRIC_REPRESENTATION_CONTEXT(2) 
PARAMETRIC_REPRESENTATION_CONTEXT() REPRESENTATION_CONTEXT('2D SPACE',''
  ) );
#8352 = PCURVE('',#8353,#8358);
#8353 = PLANE('',#8354);
#8354 = AXIS2_PLACEMENT_3D('',#8355,#8356,#8357);
#8355 = CARTESIAN_POINT('',(-185.1605368917,59.790555618556,1.));
#8356 = DIRECTION('',(0.,0.,1.));
#8357 = DIRECTION('',(1.,0.,-0.));
#8358 = DEFINITIONAL_REPRESENTATION('',(#8359),#8362);
#8359 = B_SPLINE_CURVE_WITH_KNOTS('',1,(#8360,#8361),.UNSPECIFIED.,.F.,
  .F.,(2,2),(0.,3.289409203406),.PIECEWISE_BEZIER_KNOTS.);
#8360 = CARTESIAN_POINT('',(-1.150803440268,-0.746556900295));
#8361 = CARTESIAN_POINT('',(1.493865138834,1.209444381444));
#8362 = ( GEOMETRIC_REPRESENTATION_CONTEXT(2) 
PARAMETRIC_REPRESENTATION_CONTEXT() REPRESENTATION_CONTEXT('2D SPACE',''
  ) );
#8363 = ORIENTED_EDGE('',*,*,#8283,.F.);
#8364 = ADVANCED_FACE('',(#8365),#8353,.T.);
#8365 = FACE_BOUND('',#8366,.T.);
#8366 = EDGE_LOOP('',(#8367,#8394,#8395));
#8367 = ORIENTED_EDGE('',*,*,#8368,.T.);
#8368 = EDGE_CURVE('',#8369,#8089,#8371,.T.);
#8369 = VERTEX_POINT('',#8370);
#8370 = CARTESIAN_POINT('',(-186.5533294677,58.5,1.));
#8371 = SURFACE_CURVE('',#8372,(#8376,#8383),.PCURVE_S1.);
#8372 = LINE('',#8373,#8374);
#8373 = CARTESIAN_POINT('',(-186.5533294677,58.5,1.));
#8374 = VECTOR('',#8375,1.);
#8375 = DIRECTION('',(0.75591843785,0.654665804299,0.));
#8376 = PCURVE('',#8353,#8377);
#8377 = DEFINITIONAL_REPRESENTATION('',(#8378),#8382);
#8378 = LINE('',#8379,#8380);
#8379 = CARTESIAN_POINT('',(-1.39279257601,-1.290555618556));
#8380 = VECTOR('',#8381,1.);
#8381 = DIRECTION('',(0.75591843785,0.654665804299));
#8382 = ( GEOMETRIC_REPRESENTATION_CONTEXT(2) 
PARAMETRIC_REPRESENTATION_CONTEXT() REPRESENTATION_CONTEXT('2D SPACE',''
  ) );
#8383 = PCURVE('',#8384,#8389);
#8384 = PLANE('',#8385);
#8385 = AXIS2_PLACEMENT_3D('',#8386,#8387,#8388);
#8386 = CARTESIAN_POINT('',(-185.2658835148,59.496121546411,1.));
#8387 = DIRECTION('',(0.,0.,1.));
#8388 = DIRECTION('',(1.,0.,-0.));
#8389 = DEFINITIONAL_REPRESENTATION('',(#8390),#8393);
#8390 = B_SPLINE_CURVE_WITH_KNOTS('',1,(#8391,#8392),.UNSPECIFIED.,.F.,
  .F.,(2,2),(0.,3.81874230116),.PIECEWISE_BEZIER_KNOTS.);
#8391 = CARTESIAN_POINT('',(-1.287445952897,-0.996121546411));
#8392 = CARTESIAN_POINT('',(1.599211761947,1.503878453589));
#8393 = ( GEOMETRIC_REPRESENTATION_CONTEXT(2) 
PARAMETRIC_REPRESENTATION_CONTEXT() REPRESENTATION_CONTEXT('2D SPACE',''
  ) );
#8394 = ORIENTED_EDGE('',*,*,#8339,.F.);
#8395 = ORIENTED_EDGE('',*,*,#8396,.T.);
#8396 = EDGE_CURVE('',#8313,#8369,#8397,.T.);
#8397 = SURFACE_CURVE('',#8398,(#8402,#8409),.PCURVE_S1.);
#8398 = LINE('',#8399,#8400);
#8399 = CARTESIAN_POINT('',(-186.311340332,59.043998718262,1.));
#8400 = VECTOR('',#8401,1.);
#8401 = DIRECTION('',(-0.406435677424,-0.913679396789,0.));
#8402 = PCURVE('',#8353,#8403);
#8403 = DEFINITIONAL_REPRESENTATION('',(#8404),#8408);
#8404 = LINE('',#8405,#8406);
#8405 = CARTESIAN_POINT('',(-1.150803440268,-0.746556900295));
#8406 = VECTOR('',#8407,1.);
#8407 = DIRECTION('',(-0.406435677424,-0.913679396789));
#8408 = ( GEOMETRIC_REPRESENTATION_CONTEXT(2) 
PARAMETRIC_REPRESENTATION_CONTEXT() REPRESENTATION_CONTEXT('2D SPACE',''
  ) );
#8409 = PCURVE('',#8410,#8415);
#8410 = PLANE('',#8411);
#8411 = AXIS2_PLACEMENT_3D('',#8412,#8413,#8414);
#8412 = CARTESIAN_POINT('',(-186.4840183944,58.655813338309,
    0.127162789519));
#8413 = DIRECTION('',(-0.913679396789,0.406435677424,-0.));
#8414 = DIRECTION('',(-0.406435677424,-0.913679396789,0.));
#8415 = DEFINITIONAL_REPRESENTATION('',(#8416),#8419);
#8416 = B_SPLINE_CURVE_WITH_KNOTS('',1,(#8417,#8418),.UNSPECIFIED.,.F.,
  .F.,(2,2),(0.,0.59539343907),.PIECEWISE_BEZIER_KNOTS.);
#8417 = CARTESIAN_POINT('',(-0.424859509054,0.872837210481));
#8418 = CARTESIAN_POINT('',(0.170533930016,0.872837210481));
#8419 = ( GEOMETRIC_REPRESENTATION_CONTEXT(2) 
PARAMETRIC_REPRESENTATION_CONTEXT() REPRESENTATION_CONTEXT('2D SPACE',''
  ) );
#8420 = ADVANCED_FACE('',(#8421),#8384,.T.);
#8421 = FACE_BOUND('',#8422,.T.);
#8422 = EDGE_LOOP('',(#8423,#8450,#8451));
#8423 = ORIENTED_EDGE('',*,*,#8424,.T.);
#8424 = EDGE_CURVE('',#8425,#8089,#8427,.T.);
#8425 = VERTEX_POINT('',#8426);
#8426 = CARTESIAN_POINT('',(-186.7460021972,57.91300201416,1.));
#8427 = SURFACE_CURVE('',#8428,(#8432,#8439),.PCURVE_S1.);
#8428 = LINE('',#8429,#8430);
#8429 = CARTESIAN_POINT('',(-186.7460021972,57.91300201416,1.));
#8430 = VECTOR('',#8431,1.);
#8431 = DIRECTION('',(0.706226980943,0.70798548812,0.));
#8432 = PCURVE('',#8384,#8433);
#8433 = DEFINITIONAL_REPRESENTATION('',(#8434),#8438);
#8434 = LINE('',#8435,#8436);
#8435 = CARTESIAN_POINT('',(-1.480118682389,-1.583119532251));
#8436 = VECTOR('',#8437,1.);
#8437 = DIRECTION('',(0.706226980943,0.70798548812));
#8438 = ( GEOMETRIC_REPRESENTATION_CONTEXT(2) 
PARAMETRIC_REPRESENTATION_CONTEXT() REPRESENTATION_CONTEXT('2D SPACE',''
  ) );
#8439 = PCURVE('',#8440,#8445);
#8440 = PLANE('',#8441);
#8441 = AXIS2_PLACEMENT_3D('',#8442,#8443,#8444);
#8442 = CARTESIAN_POINT('',(-185.3443867558,59.184327289053,1.));
#8443 = DIRECTION('',(0.,0.,1.));
#8444 = DIRECTION('',(1.,0.,-0.));
#8445 = DEFINITIONAL_REPRESENTATION('',(#8446),#8449);
#8446 = B_SPLINE_CURVE_WITH_KNOTS('',1,(#8447,#8448),.UNSPECIFIED.,.F.,
  .F.,(2,2),(0.,4.360256018859),.PIECEWISE_BEZIER_KNOTS.);
#8447 = CARTESIAN_POINT('',(-1.40161544144,-1.271325274893));
#8448 = CARTESIAN_POINT('',(1.677715002896,1.815672710947));
#8449 = ( GEOMETRIC_REPRESENTATION_CONTEXT(2) 
PARAMETRIC_REPRESENTATION_CONTEXT() REPRESENTATION_CONTEXT('2D SPACE',''
  ) );
#8450 = ORIENTED_EDGE('',*,*,#8368,.F.);
#8451 = ORIENTED_EDGE('',*,*,#8452,.T.);
#8452 = EDGE_CURVE('',#8369,#8425,#8453,.T.);
#8453 = SURFACE_CURVE('',#8454,(#8458,#8465),.PCURVE_S1.);
#8454 = LINE('',#8455,#8456);
#8455 = CARTESIAN_POINT('',(-186.5533294677,58.5,1.));
#8456 = VECTOR('',#8457,1.);
#8457 = DIRECTION('',(-0.311863961368,-0.950126765016,0.));
#8458 = PCURVE('',#8384,#8459);
#8459 = DEFINITIONAL_REPRESENTATION('',(#8460),#8464);
#8460 = LINE('',#8461,#8462);
#8461 = CARTESIAN_POINT('',(-1.287445952897,-0.996121546411));
#8462 = VECTOR('',#8463,1.);
#8463 = DIRECTION('',(-0.311863961368,-0.950126765016));
#8464 = ( GEOMETRIC_REPRESENTATION_CONTEXT(2) 
PARAMETRIC_REPRESENTATION_CONTEXT() REPRESENTATION_CONTEXT('2D SPACE',''
  ) );
#8465 = PCURVE('',#8466,#8471);
#8466 = PLANE('',#8467);
#8467 = AXIS2_PLACEMENT_3D('',#8468,#8469,#8470);
#8468 = CARTESIAN_POINT('',(-186.6905638007,58.081900992096,
    0.131140411545));
#8469 = DIRECTION('',(-0.950126765016,0.311863961368,-3.638780052405E-17
    ));
#8470 = DIRECTION('',(-0.311863961368,-0.950126765016,0.));
#8471 = DEFINITIONAL_REPRESENTATION('',(#8472),#8475);
#8472 = B_SPLINE_CURVE_WITH_KNOTS('',1,(#8473,#8474),.UNSPECIFIED.,.F.,
  .F.,(2,2),(0.,0.617810178024),.PIECEWISE_BEZIER_KNOTS.);
#8473 = CARTESIAN_POINT('',(-0.440045500557,0.868859588455));
#8474 = CARTESIAN_POINT('',(0.177764677467,0.868859588455));
#8475 = ( GEOMETRIC_REPRESENTATION_CONTEXT(2) 
PARAMETRIC_REPRESENTATION_CONTEXT() REPRESENTATION_CONTEXT('2D SPACE',''
  ) );
#8476 = ADVANCED_FACE('',(#8477),#8440,.T.);
#8477 = FACE_BOUND('',#8478,.T.);
#8478 = EDGE_LOOP('',(#8479,#8506,#8507));
#8479 = ORIENTED_EDGE('',*,*,#8480,.T.);
#8480 = EDGE_CURVE('',#8481,#8089,#8483,.T.);
#8481 = VERTEX_POINT('',#8482);
#8482 = CARTESIAN_POINT('',(-186.8866729736,57.293998718262,1.));
#8483 = SURFACE_CURVE('',#8484,(#8488,#8495),.PCURVE_S1.);
#8484 = LINE('',#8485,#8486);
#8485 = CARTESIAN_POINT('',(-186.8866729736,57.293998718262,1.));
#8486 = VECTOR('',#8487,1.);
#8487 = DIRECTION('',(0.655876102209,0.754868557135,0.));
#8488 = PCURVE('',#8440,#8489);
#8489 = DEFINITIONAL_REPRESENTATION('',(#8490),#8494);
#8490 = LINE('',#8491,#8492);
#8491 = CARTESIAN_POINT('',(-1.542286217807,-1.890328570791));
#8492 = VECTOR('',#8493,1.);
#8493 = DIRECTION('',(0.655876102209,0.754868557135));
#8494 = ( GEOMETRIC_REPRESENTATION_CONTEXT(2) 
PARAMETRIC_REPRESENTATION_CONTEXT() REPRESENTATION_CONTEXT('2D SPACE',''
  ) );
#8495 = PCURVE('',#8496,#8501);
#8496 = PLANE('',#8497);
#8497 = AXIS2_PLACEMENT_3D('',#8498,#8499,#8500);
#8498 = CARTESIAN_POINT('',(-185.3946285722,58.860575592793,1.));
#8499 = DIRECTION('',(0.,0.,1.));
#8500 = DIRECTION('',(1.,0.,-0.));
#8501 = DEFINITIONAL_REPRESENTATION('',(#8502),#8505);
#8502 = B_SPLINE_CURVE_WITH_KNOTS('',1,(#8503,#8504),.UNSPECIFIED.,.F.,
  .F.,(2,2),(0.,4.909465690029),.PIECEWISE_BEZIER_KNOTS.);
#8503 = CARTESIAN_POINT('',(-1.492044401367,-1.566576874531));
#8504 = CARTESIAN_POINT('',(1.727956819336,2.139424407207));
#8505 = ( GEOMETRIC_REPRESENTATION_CONTEXT(2) 
PARAMETRIC_REPRESENTATION_CONTEXT() REPRESENTATION_CONTEXT('2D SPACE',''
  ) );
#8506 = ORIENTED_EDGE('',*,*,#8424,.F.);
#8507 = ORIENTED_EDGE('',*,*,#8508,.T.);
#8508 = EDGE_CURVE('',#8425,#8481,#8509,.T.);
#8509 = SURFACE_CURVE('',#8510,(#8514,#8521),.PCURVE_S1.);
#8510 = LINE('',#8511,#8512);
#8511 = CARTESIAN_POINT('',(-186.7460021972,57.91300201416,1.));
#8512 = VECTOR('',#8513,1.);
#8513 = DIRECTION('',(-0.221603441283,-0.975136869784,0.));
#8514 = PCURVE('',#8440,#8515);
#8515 = DEFINITIONAL_REPRESENTATION('',(#8516),#8520);
#8516 = LINE('',#8517,#8518);
#8517 = CARTESIAN_POINT('',(-1.40161544144,-1.271325274893));
#8518 = VECTOR('',#8519,1.);
#8519 = DIRECTION('',(-0.221603441283,-0.975136869784));
#8520 = ( GEOMETRIC_REPRESENTATION_CONTEXT(2) 
PARAMETRIC_REPRESENTATION_CONTEXT() REPRESENTATION_CONTEXT('2D SPACE',''
  ) );
#8521 = PCURVE('',#8522,#8527);
#8522 = PLANE('',#8523);
#8523 = AXIS2_PLACEMENT_3D('',#8524,#8525,#8526);
#8524 = CARTESIAN_POINT('',(-186.8460581808,57.47271878555,
    0.134116127401));
#8525 = DIRECTION('',(-0.975136869784,0.221603441283,-9.078758362674E-18
    ));
#8526 = DIRECTION('',(-0.221603441283,-0.975136869784,0.));
#8527 = DEFINITIONAL_REPRESENTATION('',(#8528),#8531);
#8528 = B_SPLINE_CURVE_WITH_KNOTS('',1,(#8529,#8530),.UNSPECIFIED.,.F.,
  .F.,(2,2),(0.,0.634786064479),.PIECEWISE_BEZIER_KNOTS.);
#8529 = CARTESIAN_POINT('',(-0.45150915964,0.865883872599));
#8530 = CARTESIAN_POINT('',(0.183276904839,0.865883872599));
#8531 = ( GEOMETRIC_REPRESENTATION_CONTEXT(2) 
PARAMETRIC_REPRESENTATION_CONTEXT() REPRESENTATION_CONTEXT('2D SPACE',''
  ) );
#8532 = ADVANCED_FACE('',(#8533),#8496,.T.);
#8533 = FACE_BOUND('',#8534,.T.);
#8534 = EDGE_LOOP('',(#8535,#8562,#8563));
#8535 = ORIENTED_EDGE('',*,*,#8536,.T.);
#8536 = EDGE_CURVE('',#8537,#8089,#8539,.T.);
#8537 = VERTEX_POINT('',#8538);
#8538 = CARTESIAN_POINT('',(-186.9713287353,56.65299987793,1.));
#8539 = SURFACE_CURVE('',#8540,(#8544,#8551),.PCURVE_S1.);
#8540 = LINE('',#8541,#8542);
#8541 = CARTESIAN_POINT('',(-186.9713287353,56.65299987793,1.));
#8542 = VECTOR('',#8543,1.);
#8543 = DIRECTION('',(0.605192019171,0.79607953116,0.));
#8544 = PCURVE('',#8496,#8545);
#8545 = DEFINITIONAL_REPRESENTATION('',(#8546),#8550);
#8546 = LINE('',#8547,#8548);
#8547 = CARTESIAN_POINT('',(-1.576700163086,-2.207575714863));
#8548 = VECTOR('',#8549,1.);
#8549 = DIRECTION('',(0.605192019171,0.79607953116));
#8550 = ( GEOMETRIC_REPRESENTATION_CONTEXT(2) 
PARAMETRIC_REPRESENTATION_CONTEXT() REPRESENTATION_CONTEXT('2D SPACE',''
  ) );
#8551 = PCURVE('',#8552,#8557);
#8552 = PLANE('',#8553);
#8553 = AXIS2_PLACEMENT_3D('',#8554,#8555,#8556);
#8554 = CARTESIAN_POINT('',(-185.4159637656,58.529875595519,1.));
#8555 = DIRECTION('',(0.,0.,1.));
#8556 = DIRECTION('',(1.,0.,-0.));
#8557 = DEFINITIONAL_REPRESENTATION('',(#8558),#8561);
#8558 = B_SPLINE_CURVE_WITH_KNOTS('',1,(#8559,#8560),.UNSPECIFIED.,.F.,
  .F.,(2,2),(0.,5.460509850989),.PIECEWISE_BEZIER_KNOTS.);
#8559 = CARTESIAN_POINT('',(-1.555364969732,-1.876875717589));
#8560 = CARTESIAN_POINT('',(1.74929201269,2.470124404481));
#8561 = ( GEOMETRIC_REPRESENTATION_CONTEXT(2) 
PARAMETRIC_REPRESENTATION_CONTEXT() REPRESENTATION_CONTEXT('2D SPACE',''
  ) );
#8562 = ORIENTED_EDGE('',*,*,#8480,.F.);
#8563 = ORIENTED_EDGE('',*,*,#8564,.T.);
#8564 = EDGE_CURVE('',#8481,#8537,#8565,.T.);
#8565 = SURFACE_CURVE('',#8566,(#8570,#8577),.PCURVE_S1.);
#8566 = LINE('',#8567,#8568);
#8567 = CARTESIAN_POINT('',(-186.8866729736,57.293998718262,1.));
#8568 = VECTOR('',#8569,1.);
#8569 = DIRECTION('',(-0.130931585759,-0.99139140598,0.));
#8570 = PCURVE('',#8496,#8571);
#8571 = DEFINITIONAL_REPRESENTATION('',(#8572),#8576);
#8572 = LINE('',#8573,#8574);
#8573 = CARTESIAN_POINT('',(-1.492044401367,-1.566576874531));
#8574 = VECTOR('',#8575,1.);
#8575 = DIRECTION('',(-0.130931585759,-0.99139140598));
#8576 = ( GEOMETRIC_REPRESENTATION_CONTEXT(2) 
PARAMETRIC_REPRESENTATION_CONTEXT() REPRESENTATION_CONTEXT('2D SPACE',''
  ) );
#8577 = PCURVE('',#8578,#8583);
#8578 = PLANE('',#8579);
#8579 = AXIS2_PLACEMENT_3D('',#8580,#8581,#8582);
#8580 = CARTESIAN_POINT('',(-186.9468288261,56.838508969022,
    0.136162496729));
#8581 = DIRECTION('',(-0.99139140598,0.130931585759,-1.359982725601E-17)
  );
#8582 = DIRECTION('',(-0.130931585759,-0.99139140598,0.));
#8583 = DEFINITIONAL_REPRESENTATION('',(#8584),#8587);
#8584 = B_SPLINE_CURVE_WITH_KNOTS('',1,(#8585,#8586),.UNSPECIFIED.,.F.,
  .F.,(2,2),(0.,0.646564854674),.PIECEWISE_BEZIER_KNOTS.);
#8585 = CARTESIAN_POINT('',(-0.459444924066,0.863837503271));
#8586 = CARTESIAN_POINT('',(0.187119930608,0.863837503271));
#8587 = ( GEOMETRIC_REPRESENTATION_CONTEXT(2) 
PARAMETRIC_REPRESENTATION_CONTEXT() REPRESENTATION_CONTEXT('2D SPACE',''
  ) );
#8588 = ADVANCED_FACE('',(#8589),#8552,.T.);
#8589 = FACE_BOUND('',#8590,.T.);
#8590 = EDGE_LOOP('',(#8591,#8618,#8619));
#8591 = ORIENTED_EDGE('',*,*,#8592,.T.);
#8592 = EDGE_CURVE('',#8593,#8089,#8595,.T.);
#8593 = VERTEX_POINT('',#8594);
#8594 = CARTESIAN_POINT('',(-187.,56.,1.));
#8595 = SURFACE_CURVE('',#8596,(#8600,#8607),.PCURVE_S1.);
#8596 = LINE('',#8597,#8598);
#8597 = CARTESIAN_POINT('',(-187.,56.,1.));
#8598 = VECTOR('',#8599,1.);
#8599 = DIRECTION('',(0.554699610252,0.832050684986,0.));
#8600 = PCURVE('',#8552,#8601);
#8601 = DEFINITIONAL_REPRESENTATION('',(#8602),#8606);
#8602 = LINE('',#8603,#8604);
#8603 = CARTESIAN_POINT('',(-1.58403623438,-2.529875595519));
#8604 = VECTOR('',#8605,1.);
#8605 = DIRECTION('',(0.554699610252,0.832050684986));
#8606 = ( GEOMETRIC_REPRESENTATION_CONTEXT(2) 
PARAMETRIC_REPRESENTATION_CONTEXT() REPRESENTATION_CONTEXT('2D SPACE',''
  ) );
#8607 = PCURVE('',#8608,#8613);
#8608 = PLANE('',#8609);
#8609 = AXIS2_PLACEMENT_3D('',#8610,#8611,#8612);
#8610 = CARTESIAN_POINT('',(-185.4079815009,58.198323949873,1.));
#8611 = DIRECTION('',(0.,0.,1.));
#8612 = DIRECTION('',(1.,0.,-0.));
#8613 = DEFINITIONAL_REPRESENTATION('',(#8614),#8617);
#8614 = B_SPLINE_CURVE_WITH_KNOTS('',1,(#8615,#8616),.UNSPECIFIED.,.F.,
  .F.,(2,2),(0.,6.009249304424),.PIECEWISE_BEZIER_KNOTS.);
#8615 = CARTESIAN_POINT('',(-1.592018499045,-2.198323949873));
#8616 = CARTESIAN_POINT('',(1.741309748026,2.801676050127));
#8617 = ( GEOMETRIC_REPRESENTATION_CONTEXT(2) 
PARAMETRIC_REPRESENTATION_CONTEXT() REPRESENTATION_CONTEXT('2D SPACE',''
  ) );
#8618 = ORIENTED_EDGE('',*,*,#8536,.F.);
#8619 = ORIENTED_EDGE('',*,*,#8620,.T.);
#8620 = EDGE_CURVE('',#8537,#8593,#8621,.T.);
#8621 = SURFACE_CURVE('',#8622,(#8626,#8633),.PCURVE_S1.);
#8622 = LINE('',#8623,#8624);
#8623 = CARTESIAN_POINT('',(-186.9713287353,56.65299987793,1.));
#8624 = VECTOR('',#8625,1.);
#8625 = DIRECTION('',(-4.386473708171E-02,-0.999037479197,0.));
#8626 = PCURVE('',#8552,#8627);
#8627 = DEFINITIONAL_REPRESENTATION('',(#8628),#8632);
#8628 = LINE('',#8629,#8630);
#8629 = CARTESIAN_POINT('',(-1.555364969732,-1.876875717589));
#8630 = VECTOR('',#8631,1.);
#8631 = DIRECTION('',(-4.386473708171E-02,-0.999037479197));
#8632 = ( GEOMETRIC_REPRESENTATION_CONTEXT(2) 
PARAMETRIC_REPRESENTATION_CONTEXT() REPRESENTATION_CONTEXT('2D SPACE',''
  ) );
#8633 = PCURVE('',#8634,#8639);
#8634 = PLANE('',#8635);
#8635 = AXIS2_PLACEMENT_3D('',#8636,#8637,#8638);
#8636 = CARTESIAN_POINT('',(-186.9916906195,56.189249568047,
    0.137382604532));
#8637 = DIRECTION('',(-0.999037479197,4.386473708171E-02,
    1.375860285695E-18));
#8638 = DIRECTION('',(-4.386473708171E-02,-0.999037479197,0.));
#8639 = DEFINITIONAL_REPRESENTATION('',(#8640),#8643);
#8640 = B_SPLINE_CURVE_WITH_KNOTS('',1,(#8641,#8642),.UNSPECIFIED.,.F.,
  .F.,(2,2),(0.,0.653629009449),.PIECEWISE_BEZIER_KNOTS.);
#8641 = CARTESIAN_POINT('',(-0.464197109257,0.862617395468));
#8642 = CARTESIAN_POINT('',(0.189431900192,0.862617395468));
#8643 = ( GEOMETRIC_REPRESENTATION_CONTEXT(2) 
PARAMETRIC_REPRESENTATION_CONTEXT() REPRESENTATION_CONTEXT('2D SPACE',''
  ) );
#8644 = ADVANCED_FACE('',(#8645),#8608,.T.);
#8645 = FACE_BOUND('',#8646,.T.);
#8646 = EDGE_LOOP('',(#8647,#8674,#8699));
#8647 = ORIENTED_EDGE('',*,*,#8648,.T.);
#8648 = EDGE_CURVE('',#8593,#8649,#8651,.T.);
#8649 = VERTEX_POINT('',#8650);
#8650 = CARTESIAN_POINT('',(-186.9713287353,55.34700012207,1.));
#8651 = SURFACE_CURVE('',#8652,(#8656,#8663),.PCURVE_S1.);
#8652 = LINE('',#8653,#8654);
#8653 = CARTESIAN_POINT('',(-187.,56.,1.));
#8654 = VECTOR('',#8655,1.);
#8655 = DIRECTION('',(4.386473708171E-02,-0.999037479197,0.));
#8656 = PCURVE('',#8608,#8657);
#8657 = DEFINITIONAL_REPRESENTATION('',(#8658),#8662);
#8658 = LINE('',#8659,#8660);
#8659 = CARTESIAN_POINT('',(-1.592018499045,-2.198323949873));
#8660 = VECTOR('',#8661,1.);
#8661 = DIRECTION('',(4.386473708171E-02,-0.999037479197));
#8662 = ( GEOMETRIC_REPRESENTATION_CONTEXT(2) 
PARAMETRIC_REPRESENTATION_CONTEXT() REPRESENTATION_CONTEXT('2D SPACE',''
  ) );
#8663 = PCURVE('',#8664,#8669);
#8664 = PLANE('',#8665);
#8665 = AXIS2_PLACEMENT_3D('',#8666,#8667,#8668);
#8666 = CARTESIAN_POINT('',(-186.9916906195,55.810750431953,
    0.137382604532));
#8667 = DIRECTION('',(-0.999037479197,-4.386473708171E-02,
    5.712645814757E-18));
#8668 = DIRECTION('',(4.386473708171E-02,-0.999037479197,0.));
#8669 = DEFINITIONAL_REPRESENTATION('',(#8670),#8673);
#8670 = B_SPLINE_CURVE_WITH_KNOTS('',1,(#8671,#8672),.UNSPECIFIED.,.F.,
  .F.,(2,2),(0.,0.653629009449),.PIECEWISE_BEZIER_KNOTS.);
#8671 = CARTESIAN_POINT('',(-0.189431900192,0.862617395468));
#8672 = CARTESIAN_POINT('',(0.464197109257,0.862617395468));
#8673 = ( GEOMETRIC_REPRESENTATION_CONTEXT(2) 
PARAMETRIC_REPRESENTATION_CONTEXT() REPRESENTATION_CONTEXT('2D SPACE',''
  ) );
#8674 = ORIENTED_EDGE('',*,*,#8675,.T.);
#8675 = EDGE_CURVE('',#8649,#8089,#8676,.T.);
#8676 = SURFACE_CURVE('',#8677,(#8681,#8688),.PCURVE_S1.);
#8677 = LINE('',#8678,#8679);
#8678 = CARTESIAN_POINT('',(-186.9713287353,55.34700012207,1.));
#8679 = VECTOR('',#8680,1.);
#8680 = DIRECTION('',(0.504676815424,0.863308352776,0.));
#8681 = PCURVE('',#8608,#8682);
#8682 = DEFINITIONAL_REPRESENTATION('',(#8683),#8687);
#8683 = LINE('',#8684,#8685);
#8684 = CARTESIAN_POINT('',(-1.563347234396,-2.851323827802));
#8685 = VECTOR('',#8686,1.);
#8686 = DIRECTION('',(0.504676815424,0.863308352776));
#8687 = ( GEOMETRIC_REPRESENTATION_CONTEXT(2) 
PARAMETRIC_REPRESENTATION_CONTEXT() REPRESENTATION_CONTEXT('2D SPACE',''
  ) );
#8688 = PCURVE('',#8689,#8694);
#8689 = PLANE('',#8690);
#8690 = AXIS2_PLACEMENT_3D('',#8691,#8692,#8693);
#8691 = CARTESIAN_POINT('',(-185.3709977711,57.872008391893,1.));
#8692 = DIRECTION('',(0.,0.,1.));
#8693 = DIRECTION('',(1.,0.,-0.));
#8694 = DEFINITIONAL_REPRESENTATION('',(#8695),#8698);
#8695 = B_SPLINE_CURVE_WITH_KNOTS('',1,(#8696,#8697),.UNSPECIFIED.,.F.,
  .F.,(2,2),(0.,6.548065774818),.PIECEWISE_BEZIER_KNOTS.);
#8696 = CARTESIAN_POINT('',(-1.60033096417,-2.525008269823));
#8697 = CARTESIAN_POINT('',(1.704326018252,3.127991608107));
#8698 = ( GEOMETRIC_REPRESENTATION_CONTEXT(2) 
PARAMETRIC_REPRESENTATION_CONTEXT() REPRESENTATION_CONTEXT('2D SPACE',''
  ) );
#8699 = ORIENTED_EDGE('',*,*,#8592,.F.);
#8700 = ADVANCED_FACE('',(#8701),#8689,.T.);
#8701 = FACE_BOUND('',#8702,.T.);
#8702 = EDGE_LOOP('',(#8703,#8730,#8755));
#8703 = ORIENTED_EDGE('',*,*,#8704,.T.);
#8704 = EDGE_CURVE('',#8649,#8705,#8707,.T.);
#8705 = VERTEX_POINT('',#8706);
#8706 = CARTESIAN_POINT('',(-186.8866729736,54.706001281738,1.));
#8707 = SURFACE_CURVE('',#8708,(#8712,#8719),.PCURVE_S1.);
#8708 = LINE('',#8709,#8710);
#8709 = CARTESIAN_POINT('',(-186.9713287353,55.34700012207,1.));
#8710 = VECTOR('',#8711,1.);
#8711 = DIRECTION('',(0.130931585759,-0.99139140598,0.));
#8712 = PCURVE('',#8689,#8713);
#8713 = DEFINITIONAL_REPRESENTATION('',(#8714),#8718);
#8714 = LINE('',#8715,#8716);
#8715 = CARTESIAN_POINT('',(-1.60033096417,-2.525008269823));
#8716 = VECTOR('',#8717,1.);
#8717 = DIRECTION('',(0.130931585759,-0.99139140598));
#8718 = ( GEOMETRIC_REPRESENTATION_CONTEXT(2) 
PARAMETRIC_REPRESENTATION_CONTEXT() REPRESENTATION_CONTEXT('2D SPACE',''
  ) );
#8719 = PCURVE('',#8720,#8725);
#8720 = PLANE('',#8721);
#8721 = AXIS2_PLACEMENT_3D('',#8722,#8723,#8724);
#8722 = CARTESIAN_POINT('',(-186.9468288261,55.161491030978,
    0.136162496729));
#8723 = DIRECTION('',(-0.99139140598,-0.130931585759,4.533275752004E-18)
  );
#8724 = DIRECTION('',(0.130931585759,-0.99139140598,9.629649721936E-35)
  );
#8725 = DEFINITIONAL_REPRESENTATION('',(#8726),#8729);
#8726 = B_SPLINE_CURVE_WITH_KNOTS('',1,(#8727,#8728),.UNSPECIFIED.,.F.,
  .F.,(2,2),(0.,0.646564854674),.PIECEWISE_BEZIER_KNOTS.);
#8727 = CARTESIAN_POINT('',(-0.187119930608,0.863837503271));
#8728 = CARTESIAN_POINT('',(0.459444924066,0.863837503271));
#8729 = ( GEOMETRIC_REPRESENTATION_CONTEXT(2) 
PARAMETRIC_REPRESENTATION_CONTEXT() REPRESENTATION_CONTEXT('2D SPACE',''
  ) );
#8730 = ORIENTED_EDGE('',*,*,#8731,.T.);
#8731 = EDGE_CURVE('',#8705,#8089,#8732,.T.);
#8732 = SURFACE_CURVE('',#8733,(#8737,#8744),.PCURVE_S1.);
#8733 = LINE('',#8734,#8735);
#8734 = CARTESIAN_POINT('',(-186.8866729736,54.706001281738,1.));
#8735 = VECTOR('',#8736,1.);
#8736 = DIRECTION('',(0.455455158438,0.890258725681,0.));
#8737 = PCURVE('',#8689,#8738);
#8738 = DEFINITIONAL_REPRESENTATION('',(#8739),#8743);
#8739 = LINE('',#8740,#8741);
#8740 = CARTESIAN_POINT('',(-1.515675202451,-3.166007110155));
#8741 = VECTOR('',#8742,1.);
#8742 = DIRECTION('',(0.455455158438,0.890258725681));
#8743 = ( GEOMETRIC_REPRESENTATION_CONTEXT(2) 
PARAMETRIC_REPRESENTATION_CONTEXT() REPRESENTATION_CONTEXT('2D SPACE',''
  ) );
#8744 = PCURVE('',#8745,#8750);
#8745 = PLANE('',#8746);
#8746 = AXIS2_PLACEMENT_3D('',#8747,#8748,#8749);
#8747 = CARTESIAN_POINT('',(-185.3058145354,57.55596980521,1.));
#8748 = DIRECTION('',(0.,0.,1.));
#8749 = DIRECTION('',(1.,0.,-0.));
#8750 = DEFINITIONAL_REPRESENTATION('',(#8751),#8754);
#8751 = B_SPLINE_CURVE_WITH_KNOTS('',1,(#8752,#8753),.UNSPECIFIED.,.F.,
  .F.,(2,2),(0.,7.069853444507),.PIECEWISE_BEZIER_KNOTS.);
#8752 = CARTESIAN_POINT('',(-1.580858438134,-2.849968523472));
#8753 = CARTESIAN_POINT('',(1.639142782569,3.44403019479));
#8754 = ( GEOMETRIC_REPRESENTATION_CONTEXT(2) 
PARAMETRIC_REPRESENTATION_CONTEXT() REPRESENTATION_CONTEXT('2D SPACE',''
  ) );
#8755 = ORIENTED_EDGE('',*,*,#8675,.F.);
#8756 = ADVANCED_FACE('',(#8757),#8745,.T.);
#8757 = FACE_BOUND('',#8758,.T.);
#8758 = EDGE_LOOP('',(#8759,#8786,#8787));
#8759 = ORIENTED_EDGE('',*,*,#8760,.T.);
#8760 = EDGE_CURVE('',#8761,#8089,#8763,.T.);
#8761 = VERTEX_POINT('',#8762);
#8762 = CARTESIAN_POINT('',(-186.7460021972,54.08699798584,1.));
#8763 = SURFACE_CURVE('',#8764,(#8768,#8775),.PCURVE_S1.);
#8764 = LINE('',#8765,#8766);
#8765 = CARTESIAN_POINT('',(-186.7460021972,54.08699798584,1.));
#8766 = VECTOR('',#8767,1.);
#8767 = DIRECTION('',(0.406898044964,0.913473579806,0.));
#8768 = PCURVE('',#8745,#8769);
#8769 = DEFINITIONAL_REPRESENTATION('',(#8770),#8774);
#8770 = LINE('',#8771,#8772);
#8771 = CARTESIAN_POINT('',(-1.440187661766,-3.46897181937));
#8772 = VECTOR('',#8773,1.);
#8773 = DIRECTION('',(0.406898044964,0.913473579806));
#8774 = ( GEOMETRIC_REPRESENTATION_CONTEXT(2) 
PARAMETRIC_REPRESENTATION_CONTEXT() REPRESENTATION_CONTEXT('2D SPACE',''
  ) );
#8775 = PCURVE('',#8776,#8781);
#8776 = PLANE('',#8777);
#8777 = AXIS2_PLACEMENT_3D('',#8778,#8779,#8780);
#8778 = CARTESIAN_POINT('',(-185.2135809338,57.255282066591,1.));
#8779 = DIRECTION('',(0.,0.,1.));
#8780 = DIRECTION('',(1.,0.,-0.));
#8781 = DEFINITIONAL_REPRESENTATION('',(#8782),#8785);
#8782 = B_SPLINE_CURVE_WITH_KNOTS('',1,(#8783,#8784),.UNSPECIFIED.,.F.,
  .F.,(2,2),(0.,7.567818234683),.PIECEWISE_BEZIER_KNOTS.);
#8783 = CARTESIAN_POINT('',(-1.532421263445,-3.168284080751));
#8784 = CARTESIAN_POINT('',(1.546909180891,3.744717933409));
#8785 = ( GEOMETRIC_REPRESENTATION_CONTEXT(2) 
PARAMETRIC_REPRESENTATION_CONTEXT() REPRESENTATION_CONTEXT('2D SPACE',''
  ) );
#8786 = ORIENTED_EDGE('',*,*,#8731,.F.);
#8787 = ORIENTED_EDGE('',*,*,#8788,.F.);
#8788 = EDGE_CURVE('',#8761,#8705,#8789,.T.);
#8789 = SURFACE_CURVE('',#8790,(#8794,#8800),.PCURVE_S1.);
#8790 = LINE('',#8791,#8792);
#8791 = CARTESIAN_POINT('',(-186.7460021972,54.08699798584,1.));
#8792 = VECTOR('',#8793,1.);
#8793 = DIRECTION('',(-0.221603441283,0.975136869784,0.));
#8794 = PCURVE('',#8745,#8795);
#8795 = DEFINITIONAL_REPRESENTATION('',(#8796),#8799);
#8796 = B_SPLINE_CURVE_WITH_KNOTS('',1,(#8797,#8798),.UNSPECIFIED.,.F.,
  .F.,(2,2),(0.,0.634786064479),.PIECEWISE_BEZIER_KNOTS.);
#8797 = CARTESIAN_POINT('',(-1.440187661766,-3.46897181937));
#8798 = CARTESIAN_POINT('',(-1.580858438134,-2.849968523472));
#8799 = ( GEOMETRIC_REPRESENTATION_CONTEXT(2) 
PARAMETRIC_REPRESENTATION_CONTEXT() REPRESENTATION_CONTEXT('2D SPACE',''
  ) );
#8800 = PCURVE('',#8801,#8806);
#8801 = PLANE('',#8802);
#8802 = AXIS2_PLACEMENT_3D('',#8803,#8804,#8805);
#8803 = CARTESIAN_POINT('',(-186.78661699,54.265718053128,0.134116127401
    ));
#8804 = DIRECTION('',(-0.975136869784,-0.221603441283,1.815751672535E-17
    ));
#8805 = DIRECTION('',(0.221603441283,-0.975136869784,0.));
#8806 = DEFINITIONAL_REPRESENTATION('',(#8807),#8811);
#8807 = LINE('',#8808,#8809);
#8808 = CARTESIAN_POINT('',(0.183276904839,0.865883872599));
#8809 = VECTOR('',#8810,1.);
#8810 = DIRECTION('',(-1.,5.039723284625E-34));
#8811 = ( GEOMETRIC_REPRESENTATION_CONTEXT(2) 
PARAMETRIC_REPRESENTATION_CONTEXT() REPRESENTATION_CONTEXT('2D SPACE',''
  ) );
#8812 = ADVANCED_FACE('',(#8813),#8827,.T.);
#8813 = FACE_BOUND('',#8814,.T.);
#8814 = EDGE_LOOP('',(#8815,#8849,#8876));
#8815 = ORIENTED_EDGE('',*,*,#8816,.T.);
#8816 = EDGE_CURVE('',#8817,#8819,#8821,.T.);
#8817 = VERTEX_POINT('',#8818);
#8818 = CARTESIAN_POINT('',(-167.0286712646,55.34700012207,1.));
#8819 = VERTEX_POINT('',#8820);
#8820 = CARTESIAN_POINT('',(-170.333328247,61.,1.));
#8821 = SURFACE_CURVE('',#8822,(#8826,#8838),.PCURVE_S1.);
#8822 = LINE('',#8823,#8824);
#8823 = CARTESIAN_POINT('',(-167.0286712646,55.34700012207,1.));
#8824 = VECTOR('',#8825,1.);
#8825 = DIRECTION('',(-0.504676815424,0.863308352776,0.));
#8826 = PCURVE('',#8827,#8832);
#8827 = PLANE('',#8828);
#8828 = AXIS2_PLACEMENT_3D('',#8829,#8830,#8831);
#8829 = CARTESIAN_POINT('',(-168.6290022288,57.872008391893,1.));
#8830 = DIRECTION('',(0.,0.,1.));
#8831 = DIRECTION('',(1.,0.,-0.));
#8832 = DEFINITIONAL_REPRESENTATION('',(#8833),#8837);
#8833 = LINE('',#8834,#8835);
#8834 = CARTESIAN_POINT('',(1.60033096417,-2.525008269823));
#8835 = VECTOR('',#8836,1.);
#8836 = DIRECTION('',(-0.504676815424,0.863308352776));
#8837 = ( GEOMETRIC_REPRESENTATION_CONTEXT(2) 
PARAMETRIC_REPRESENTATION_CONTEXT() REPRESENTATION_CONTEXT('2D SPACE',''
  ) );
#8838 = PCURVE('',#8839,#8844);
#8839 = PLANE('',#8840);
#8840 = AXIS2_PLACEMENT_3D('',#8841,#8842,#8843);
#8841 = CARTESIAN_POINT('',(-168.592018499,58.198323949873,1.));
#8842 = DIRECTION('',(0.,0.,1.));
#8843 = DIRECTION('',(1.,0.,-0.));
#8844 = DEFINITIONAL_REPRESENTATION('',(#8845),#8848);
#8845 = B_SPLINE_CURVE_WITH_KNOTS('',1,(#8846,#8847),.UNSPECIFIED.,.F.,
  .F.,(2,2),(0.,6.548065774818),.PIECEWISE_BEZIER_KNOTS.);
#8846 = CARTESIAN_POINT('',(1.563347234396,-2.851323827802));
#8847 = CARTESIAN_POINT('',(-1.741309748026,2.801676050127));
#8848 = ( GEOMETRIC_REPRESENTATION_CONTEXT(2) 
PARAMETRIC_REPRESENTATION_CONTEXT() REPRESENTATION_CONTEXT('2D SPACE',''
  ) );
#8849 = ORIENTED_EDGE('',*,*,#8850,.T.);
#8850 = EDGE_CURVE('',#8819,#8851,#8853,.T.);
#8851 = VERTEX_POINT('',#8852);
#8852 = CARTESIAN_POINT('',(-167.1133270263,54.706001281738,1.));
#8853 = SURFACE_CURVE('',#8854,(#8858,#8865),.PCURVE_S1.);
#8854 = LINE('',#8855,#8856);
#8855 = CARTESIAN_POINT('',(-170.333328247,61.,1.));
#8856 = VECTOR('',#8857,1.);
#8857 = DIRECTION('',(0.455455158438,-0.890258725681,0.));
#8858 = PCURVE('',#8827,#8859);
#8859 = DEFINITIONAL_REPRESENTATION('',(#8860),#8864);
#8860 = LINE('',#8861,#8862);
#8861 = CARTESIAN_POINT('',(-1.704326018252,3.127991608107));
#8862 = VECTOR('',#8863,1.);
#8863 = DIRECTION('',(0.455455158438,-0.890258725681));
#8864 = ( GEOMETRIC_REPRESENTATION_CONTEXT(2) 
PARAMETRIC_REPRESENTATION_CONTEXT() REPRESENTATION_CONTEXT('2D SPACE',''
  ) );
#8865 = PCURVE('',#8866,#8871);
#8866 = PLANE('',#8867);
#8867 = AXIS2_PLACEMENT_3D('',#8868,#8869,#8870);
#8868 = CARTESIAN_POINT('',(-168.6941854645,57.55596980521,1.));
#8869 = DIRECTION('',(0.,0.,1.));
#8870 = DIRECTION('',(1.,0.,-0.));
#8871 = DEFINITIONAL_REPRESENTATION('',(#8872),#8875);
#8872 = B_SPLINE_CURVE_WITH_KNOTS('',1,(#8873,#8874),.UNSPECIFIED.,.F.,
  .F.,(2,2),(0.,7.069853444507),.PIECEWISE_BEZIER_KNOTS.);
#8873 = CARTESIAN_POINT('',(-1.639142782569,3.44403019479));
#8874 = CARTESIAN_POINT('',(1.580858438134,-2.849968523472));
#8875 = ( GEOMETRIC_REPRESENTATION_CONTEXT(2) 
PARAMETRIC_REPRESENTATION_CONTEXT() REPRESENTATION_CONTEXT('2D SPACE',''
  ) );
#8876 = ORIENTED_EDGE('',*,*,#8877,.T.);
#8877 = EDGE_CURVE('',#8851,#8817,#8878,.T.);
#8878 = SURFACE_CURVE('',#8879,(#8883,#8890),.PCURVE_S1.);
#8879 = LINE('',#8880,#8881);
#8880 = CARTESIAN_POINT('',(-167.1133270263,54.706001281738,1.));
#8881 = VECTOR('',#8882,1.);
#8882 = DIRECTION('',(0.130931585759,0.99139140598,0.));
#8883 = PCURVE('',#8827,#8884);
#8884 = DEFINITIONAL_REPRESENTATION('',(#8885),#8889);
#8885 = LINE('',#8886,#8887);
#8886 = CARTESIAN_POINT('',(1.515675202451,-3.166007110155));
#8887 = VECTOR('',#8888,1.);
#8888 = DIRECTION('',(0.130931585759,0.99139140598));
#8889 = ( GEOMETRIC_REPRESENTATION_CONTEXT(2) 
PARAMETRIC_REPRESENTATION_CONTEXT() REPRESENTATION_CONTEXT('2D SPACE',''
  ) );
#8890 = PCURVE('',#8891,#8896);
#8891 = PLANE('',#8892);
#8892 = AXIS2_PLACEMENT_3D('',#8893,#8894,#8895);
#8893 = CARTESIAN_POINT('',(-167.0888271171,54.89151037283,
    0.136162496729));
#8894 = DIRECTION('',(0.99139140598,-0.130931585759,-4.533275752004E-18)
  );
#8895 = DIRECTION('',(0.130931585759,0.99139140598,9.629649721936E-35));
#8896 = DEFINITIONAL_REPRESENTATION('',(#8897),#8900);
#8897 = B_SPLINE_CURVE_WITH_KNOTS('',1,(#8898,#8899),.UNSPECIFIED.,.F.,
  .F.,(2,2),(0.,0.646564854674),.PIECEWISE_BEZIER_KNOTS.);
#8898 = CARTESIAN_POINT('',(-0.187119930608,0.863837503271));
#8899 = CARTESIAN_POINT('',(0.459444924066,0.863837503271));
#8900 = ( GEOMETRIC_REPRESENTATION_CONTEXT(2) 
PARAMETRIC_REPRESENTATION_CONTEXT() REPRESENTATION_CONTEXT('2D SPACE',''
  ) );
#8901 = ADVANCED_FACE('',(#8902),#8839,.T.);
#8902 = FACE_BOUND('',#8903,.T.);
#8903 = EDGE_LOOP('',(#8904,#8931,#8932));
#8904 = ORIENTED_EDGE('',*,*,#8905,.T.);
#8905 = EDGE_CURVE('',#8906,#8819,#8908,.T.);
#8906 = VERTEX_POINT('',#8907);
#8907 = CARTESIAN_POINT('',(-167.,56.,1.));
#8908 = SURFACE_CURVE('',#8909,(#8913,#8920),.PCURVE_S1.);
#8909 = LINE('',#8910,#8911);
#8910 = CARTESIAN_POINT('',(-167.,56.,1.));
#8911 = VECTOR('',#8912,1.);
#8912 = DIRECTION('',(-0.554699610252,0.832050684986,0.));
#8913 = PCURVE('',#8839,#8914);
#8914 = DEFINITIONAL_REPRESENTATION('',(#8915),#8919);
#8915 = LINE('',#8916,#8917);
#8916 = CARTESIAN_POINT('',(1.592018499045,-2.198323949873));
#8917 = VECTOR('',#8918,1.);
#8918 = DIRECTION('',(-0.554699610252,0.832050684986));
#8919 = ( GEOMETRIC_REPRESENTATION_CONTEXT(2) 
PARAMETRIC_REPRESENTATION_CONTEXT() REPRESENTATION_CONTEXT('2D SPACE',''
  ) );
#8920 = PCURVE('',#8921,#8926);
#8921 = PLANE('',#8922);
#8922 = AXIS2_PLACEMENT_3D('',#8923,#8924,#8925);
#8923 = CARTESIAN_POINT('',(-168.5840362343,58.529875595519,1.));
#8924 = DIRECTION('',(0.,0.,1.));
#8925 = DIRECTION('',(1.,0.,-0.));
#8926 = DEFINITIONAL_REPRESENTATION('',(#8927),#8930);
#8927 = B_SPLINE_CURVE_WITH_KNOTS('',1,(#8928,#8929),.UNSPECIFIED.,.F.,
  .F.,(2,2),(0.,6.009249304424),.PIECEWISE_BEZIER_KNOTS.);
#8928 = CARTESIAN_POINT('',(1.58403623438,-2.529875595519));
#8929 = CARTESIAN_POINT('',(-1.74929201269,2.470124404481));
#8930 = ( GEOMETRIC_REPRESENTATION_CONTEXT(2) 
PARAMETRIC_REPRESENTATION_CONTEXT() REPRESENTATION_CONTEXT('2D SPACE',''
  ) );
#8931 = ORIENTED_EDGE('',*,*,#8816,.F.);
#8932 = ORIENTED_EDGE('',*,*,#8933,.T.);
#8933 = EDGE_CURVE('',#8817,#8906,#8934,.T.);
#8934 = SURFACE_CURVE('',#8935,(#8939,#8946),.PCURVE_S1.);
#8935 = LINE('',#8936,#8937);
#8936 = CARTESIAN_POINT('',(-167.0286712646,55.34700012207,1.));
#8937 = VECTOR('',#8938,1.);
#8938 = DIRECTION('',(4.386473708171E-02,0.999037479197,0.));
#8939 = PCURVE('',#8839,#8940);
#8940 = DEFINITIONAL_REPRESENTATION('',(#8941),#8945);
#8941 = LINE('',#8942,#8943);
#8942 = CARTESIAN_POINT('',(1.563347234396,-2.851323827802));
#8943 = VECTOR('',#8944,1.);
#8944 = DIRECTION('',(4.386473708171E-02,0.999037479197));
#8945 = ( GEOMETRIC_REPRESENTATION_CONTEXT(2) 
PARAMETRIC_REPRESENTATION_CONTEXT() REPRESENTATION_CONTEXT('2D SPACE',''
  ) );
#8946 = PCURVE('',#8947,#8952);
#8947 = PLANE('',#8948);
#8948 = AXIS2_PLACEMENT_3D('',#8949,#8950,#8951);
#8949 = CARTESIAN_POINT('',(-167.0083093804,55.810750431953,
    0.137382604532));
#8950 = DIRECTION('',(0.999037479197,-4.386473708171E-02,
    1.375860285695E-18));
#8951 = DIRECTION('',(4.386473708171E-02,0.999037479197,0.));
#8952 = DEFINITIONAL_REPRESENTATION('',(#8953),#8956);
#8953 = B_SPLINE_CURVE_WITH_KNOTS('',1,(#8954,#8955),.UNSPECIFIED.,.F.,
  .F.,(2,2),(0.,0.653629009449),.PIECEWISE_BEZIER_KNOTS.);
#8954 = CARTESIAN_POINT('',(-0.464197109257,0.862617395468));
#8955 = CARTESIAN_POINT('',(0.189431900192,0.862617395468));
#8956 = ( GEOMETRIC_REPRESENTATION_CONTEXT(2) 
PARAMETRIC_REPRESENTATION_CONTEXT() REPRESENTATION_CONTEXT('2D SPACE',''
  ) );
#8957 = ADVANCED_FACE('',(#8958),#8921,.T.);
#8958 = FACE_BOUND('',#8959,.T.);
#8959 = EDGE_LOOP('',(#8960,#8987,#8988));
#8960 = ORIENTED_EDGE('',*,*,#8961,.T.);
#8961 = EDGE_CURVE('',#8962,#8819,#8964,.T.);
#8962 = VERTEX_POINT('',#8963);
#8963 = CARTESIAN_POINT('',(-167.0286712646,56.65299987793,1.));
#8964 = SURFACE_CURVE('',#8965,(#8969,#8976),.PCURVE_S1.);
#8965 = LINE('',#8966,#8967);
#8966 = CARTESIAN_POINT('',(-167.0286712646,56.65299987793,1.));
#8967 = VECTOR('',#8968,1.);
#8968 = DIRECTION('',(-0.605192019171,0.79607953116,0.));
#8969 = PCURVE('',#8921,#8970);
#8970 = DEFINITIONAL_REPRESENTATION('',(#8971),#8975);
#8971 = LINE('',#8972,#8973);
#8972 = CARTESIAN_POINT('',(1.555364969732,-1.876875717589));
#8973 = VECTOR('',#8974,1.);
#8974 = DIRECTION('',(-0.605192019171,0.79607953116));
#8975 = ( GEOMETRIC_REPRESENTATION_CONTEXT(2) 
PARAMETRIC_REPRESENTATION_CONTEXT() REPRESENTATION_CONTEXT('2D SPACE',''
  ) );
#8976 = PCURVE('',#8977,#8982);
#8977 = PLANE('',#8978);
#8978 = AXIS2_PLACEMENT_3D('',#8979,#8980,#8981);
#8979 = CARTESIAN_POINT('',(-168.6053714277,58.860575592793,1.));
#8980 = DIRECTION('',(0.,0.,1.));
#8981 = DIRECTION('',(1.,0.,-0.));
#8982 = DEFINITIONAL_REPRESENTATION('',(#8983),#8986);
#8983 = B_SPLINE_CURVE_WITH_KNOTS('',1,(#8984,#8985),.UNSPECIFIED.,.F.,
  .F.,(2,2),(0.,5.460509850989),.PIECEWISE_BEZIER_KNOTS.);
#8984 = CARTESIAN_POINT('',(1.576700163086,-2.207575714863));
#8985 = CARTESIAN_POINT('',(-1.727956819336,2.139424407207));
#8986 = ( GEOMETRIC_REPRESENTATION_CONTEXT(2) 
PARAMETRIC_REPRESENTATION_CONTEXT() REPRESENTATION_CONTEXT('2D SPACE',''
  ) );
#8987 = ORIENTED_EDGE('',*,*,#8905,.F.);
#8988 = ORIENTED_EDGE('',*,*,#8989,.T.);
#8989 = EDGE_CURVE('',#8906,#8962,#8990,.T.);
#8990 = SURFACE_CURVE('',#8991,(#8995,#9002),.PCURVE_S1.);
#8991 = LINE('',#8992,#8993);
#8992 = CARTESIAN_POINT('',(-167.,56.,1.));
#8993 = VECTOR('',#8994,1.);
#8994 = DIRECTION('',(-4.386473708171E-02,0.999037479197,0.));
#8995 = PCURVE('',#8921,#8996);
#8996 = DEFINITIONAL_REPRESENTATION('',(#8997),#9001);
#8997 = LINE('',#8998,#8999);
#8998 = CARTESIAN_POINT('',(1.58403623438,-2.529875595519));
#8999 = VECTOR('',#9000,1.);
#9000 = DIRECTION('',(-4.386473708171E-02,0.999037479197));
#9001 = ( GEOMETRIC_REPRESENTATION_CONTEXT(2) 
PARAMETRIC_REPRESENTATION_CONTEXT() REPRESENTATION_CONTEXT('2D SPACE',''
  ) );
#9002 = PCURVE('',#9003,#9008);
#9003 = PLANE('',#9004);
#9004 = AXIS2_PLACEMENT_3D('',#9005,#9006,#9007);
#9005 = CARTESIAN_POINT('',(-167.0083093804,56.189249568047,
    0.137382604532));
#9006 = DIRECTION('',(0.999037479197,4.386473708171E-02,
    7.253654516303E-19));
#9007 = DIRECTION('',(-4.386473708171E-02,0.999037479197,
    6.01853107621E-36));
#9008 = DEFINITIONAL_REPRESENTATION('',(#9009),#9012);
#9009 = B_SPLINE_CURVE_WITH_KNOTS('',1,(#9010,#9011),.UNSPECIFIED.,.F.,
  .F.,(2,2),(0.,0.653629009449),.PIECEWISE_BEZIER_KNOTS.);
#9010 = CARTESIAN_POINT('',(-0.189431900192,0.862617395468));
#9011 = CARTESIAN_POINT('',(0.464197109257,0.862617395468));
#9012 = ( GEOMETRIC_REPRESENTATION_CONTEXT(2) 
PARAMETRIC_REPRESENTATION_CONTEXT() REPRESENTATION_CONTEXT('2D SPACE',''
  ) );
#9013 = ADVANCED_FACE('',(#9014),#8977,.T.);
#9014 = FACE_BOUND('',#9015,.T.);
#9015 = EDGE_LOOP('',(#9016,#9043,#9044));
#9016 = ORIENTED_EDGE('',*,*,#9017,.T.);
#9017 = EDGE_CURVE('',#9018,#8819,#9020,.T.);
#9018 = VERTEX_POINT('',#9019);
#9019 = CARTESIAN_POINT('',(-167.1133270263,57.293998718262,1.));
#9020 = SURFACE_CURVE('',#9021,(#9025,#9032),.PCURVE_S1.);
#9021 = LINE('',#9022,#9023);
#9022 = CARTESIAN_POINT('',(-167.1133270263,57.293998718262,1.));
#9023 = VECTOR('',#9024,1.);
#9024 = DIRECTION('',(-0.655876102209,0.754868557135,0.));
#9025 = PCURVE('',#8977,#9026);
#9026 = DEFINITIONAL_REPRESENTATION('',(#9027),#9031);
#9027 = LINE('',#9028,#9029);
#9028 = CARTESIAN_POINT('',(1.492044401367,-1.566576874531));
#9029 = VECTOR('',#9030,1.);
#9030 = DIRECTION('',(-0.655876102209,0.754868557135));
#9031 = ( GEOMETRIC_REPRESENTATION_CONTEXT(2) 
PARAMETRIC_REPRESENTATION_CONTEXT() REPRESENTATION_CONTEXT('2D SPACE',''
  ) );
#9032 = PCURVE('',#9033,#9038);
#9033 = PLANE('',#9034);
#9034 = AXIS2_PLACEMENT_3D('',#9035,#9036,#9037);
#9035 = CARTESIAN_POINT('',(-168.6556132441,59.184327289053,1.));
#9036 = DIRECTION('',(0.,0.,1.));
#9037 = DIRECTION('',(1.,0.,-0.));
#9038 = DEFINITIONAL_REPRESENTATION('',(#9039),#9042);
#9039 = B_SPLINE_CURVE_WITH_KNOTS('',1,(#9040,#9041),.UNSPECIFIED.,.F.,
  .F.,(2,2),(0.,4.909465690029),.PIECEWISE_BEZIER_KNOTS.);
#9040 = CARTESIAN_POINT('',(1.542286217807,-1.890328570791));
#9041 = CARTESIAN_POINT('',(-1.677715002896,1.815672710947));
#9042 = ( GEOMETRIC_REPRESENTATION_CONTEXT(2) 
PARAMETRIC_REPRESENTATION_CONTEXT() REPRESENTATION_CONTEXT('2D SPACE',''
  ) );
#9043 = ORIENTED_EDGE('',*,*,#8961,.F.);
#9044 = ORIENTED_EDGE('',*,*,#9045,.F.);
#9045 = EDGE_CURVE('',#9018,#8962,#9046,.T.);
#9046 = SURFACE_CURVE('',#9047,(#9051,#9057),.PCURVE_S1.);
#9047 = LINE('',#9048,#9049);
#9048 = CARTESIAN_POINT('',(-167.1133270263,57.293998718262,1.));
#9049 = VECTOR('',#9050,1.);
#9050 = DIRECTION('',(0.130931585759,-0.99139140598,0.));
#9051 = PCURVE('',#8977,#9052);
#9052 = DEFINITIONAL_REPRESENTATION('',(#9053),#9056);
#9053 = B_SPLINE_CURVE_WITH_KNOTS('',1,(#9054,#9055),.UNSPECIFIED.,.F.,
  .F.,(2,2),(0.,0.646564854674),.PIECEWISE_BEZIER_KNOTS.);
#9054 = CARTESIAN_POINT('',(1.492044401367,-1.566576874531));
#9055 = CARTESIAN_POINT('',(1.576700163086,-2.207575714863));
#9056 = ( GEOMETRIC_REPRESENTATION_CONTEXT(2) 
PARAMETRIC_REPRESENTATION_CONTEXT() REPRESENTATION_CONTEXT('2D SPACE',''
  ) );
#9057 = PCURVE('',#9058,#9063);
#9058 = PLANE('',#9059);
#9059 = AXIS2_PLACEMENT_3D('',#9060,#9061,#9062);
#9060 = CARTESIAN_POINT('',(-167.0531711738,56.838508969022,
    0.136162496729));
#9061 = DIRECTION('',(0.99139140598,0.130931585759,-4.533275752004E-18)
  );
#9062 = DIRECTION('',(-0.130931585759,0.99139140598,0.));
#9063 = DEFINITIONAL_REPRESENTATION('',(#9064),#9068);
#9064 = LINE('',#9065,#9066);
#9065 = CARTESIAN_POINT('',(0.459444924066,0.863837503271));
#9066 = VECTOR('',#9067,1.);
#9067 = DIRECTION('',(-1.,-1.258236779212E-34));
#9068 = ( GEOMETRIC_REPRESENTATION_CONTEXT(2) 
PARAMETRIC_REPRESENTATION_CONTEXT() REPRESENTATION_CONTEXT('2D SPACE',''
  ) );
#9069 = ADVANCED_FACE('',(#9070),#9082,.T.);
#9070 = FACE_BOUND('',#9071,.T.);
#9071 = EDGE_LOOP('',(#9072,#9104,#9131));
#9072 = ORIENTED_EDGE('',*,*,#9073,.T.);
#9073 = EDGE_CURVE('',#8819,#9074,#9076,.T.);
#9074 = VERTEX_POINT('',#9075);
#9075 = CARTESIAN_POINT('',(-167.6886596679,59.043998718262,1.));
#9076 = SURFACE_CURVE('',#9077,(#9081,#9093),.PCURVE_S1.);
#9077 = LINE('',#9078,#9079);
#9078 = CARTESIAN_POINT('',(-170.333328247,61.,1.));
#9079 = VECTOR('',#9080,1.);
#9080 = DIRECTION('',(0.803995008089,-0.594636045802,0.));
#9081 = PCURVE('',#9082,#9087);
#9082 = PLANE('',#9083);
#9083 = AXIS2_PLACEMENT_3D('',#9084,#9085,#9086);
#9084 = CARTESIAN_POINT('',(-168.9698598524,60.062031028068,1.));
#9085 = DIRECTION('',(0.,0.,1.));
#9086 = DIRECTION('',(1.,0.,-0.));
#9087 = DEFINITIONAL_REPRESENTATION('',(#9088),#9092);
#9088 = LINE('',#9089,#9090);
#9089 = CARTESIAN_POINT('',(-1.363468394594,0.937968971932));
#9090 = VECTOR('',#9091,1.);
#9091 = DIRECTION('',(0.803995008089,-0.594636045802));
#9092 = ( GEOMETRIC_REPRESENTATION_CONTEXT(2) 
PARAMETRIC_REPRESENTATION_CONTEXT() REPRESENTATION_CONTEXT('2D SPACE',''
  ) );
#9093 = PCURVE('',#9094,#9099);
#9094 = PLANE('',#9095);
#9095 = AXIS2_PLACEMENT_3D('',#9096,#9097,#9098);
#9096 = CARTESIAN_POINT('',(-168.8394631082,59.790555618556,1.));
#9097 = DIRECTION('',(0.,0.,1.));
#9098 = DIRECTION('',(1.,0.,-0.));
#9099 = DEFINITIONAL_REPRESENTATION('',(#9100),#9103);
#9100 = B_SPLINE_CURVE_WITH_KNOTS('',1,(#9101,#9102),.UNSPECIFIED.,.F.,
  .F.,(2,2),(0.,3.289409203406),.PIECEWISE_BEZIER_KNOTS.);
#9101 = CARTESIAN_POINT('',(-1.493865138833,1.209444381444));
#9102 = CARTESIAN_POINT('',(1.150803440268,-0.746556900295));
#9103 = ( GEOMETRIC_REPRESENTATION_CONTEXT(2) 
PARAMETRIC_REPRESENTATION_CONTEXT() REPRESENTATION_CONTEXT('2D SPACE',''
  ) );
#9104 = ORIENTED_EDGE('',*,*,#9105,.T.);
#9105 = EDGE_CURVE('',#9074,#9106,#9108,.T.);
#9106 = VERTEX_POINT('',#9107);
#9107 = CARTESIAN_POINT('',(-167.9759979248,59.536003112793,1.));
#9108 = SURFACE_CURVE('',#9109,(#9113,#9120),.PCURVE_S1.);
#9109 = LINE('',#9110,#9111);
#9110 = CARTESIAN_POINT('',(-167.6886596679,59.043998718262,1.));
#9111 = VECTOR('',#9112,1.);
#9112 = DIRECTION('',(-0.504310555065,0.863522358744,0.));
#9113 = PCURVE('',#9082,#9114);
#9114 = DEFINITIONAL_REPRESENTATION('',(#9115),#9119);
#9115 = LINE('',#9116,#9117);
#9116 = CARTESIAN_POINT('',(1.281200184508,-1.018032309806));
#9117 = VECTOR('',#9118,1.);
#9118 = DIRECTION('',(-0.504310555065,0.863522358744));
#9119 = ( GEOMETRIC_REPRESENTATION_CONTEXT(2) 
PARAMETRIC_REPRESENTATION_CONTEXT() REPRESENTATION_CONTEXT('2D SPACE',''
  ) );
#9120 = PCURVE('',#9121,#9126);
#9121 = PLANE('',#9122);
#9122 = AXIS2_PLACEMENT_3D('',#9123,#9124,#9125);
#9123 = CARTESIAN_POINT('',(-167.7705268426,59.184178484582,
    0.122547412784));
#9124 = DIRECTION('',(0.863522358744,0.504310555065,-1.830480330989E-17)
  );
#9125 = DIRECTION('',(-0.504310555065,0.863522358744,0.));
#9126 = DEFINITIONAL_REPRESENTATION('',(#9127),#9130);
#9127 = B_SPLINE_CURVE_WITH_KNOTS('',1,(#9128,#9129),.UNSPECIFIED.,.F.,
  .F.,(2,2),(0.,0.569764511074),.PIECEWISE_BEZIER_KNOTS.);
#9128 = CARTESIAN_POINT('',(-0.162334842753,0.877452587216));
#9129 = CARTESIAN_POINT('',(0.407429668322,0.877452587216));
#9130 = ( GEOMETRIC_REPRESENTATION_CONTEXT(2) 
PARAMETRIC_REPRESENTATION_CONTEXT() REPRESENTATION_CONTEXT('2D SPACE',''
  ) );
#9131 = ORIENTED_EDGE('',*,*,#9132,.T.);
#9132 = EDGE_CURVE('',#9106,#8819,#9133,.T.);
#9133 = SURFACE_CURVE('',#9134,(#9138,#9145),.PCURVE_S1.);
#9134 = LINE('',#9135,#9136);
#9135 = CARTESIAN_POINT('',(-167.9759979248,59.536003112793,1.));
#9136 = VECTOR('',#9137,1.);
#9137 = DIRECTION('',(-0.849506709779,0.527577814204,0.));
#9138 = PCURVE('',#9082,#9139);
#9139 = DEFINITIONAL_REPRESENTATION('',(#9140),#9144);
#9140 = LINE('',#9141,#9142);
#9141 = CARTESIAN_POINT('',(0.993861927672,-0.526027915275));
#9142 = VECTOR('',#9143,1.);
#9143 = DIRECTION('',(-0.849506709779,0.527577814204));
#9144 = ( GEOMETRIC_REPRESENTATION_CONTEXT(2) 
PARAMETRIC_REPRESENTATION_CONTEXT() REPRESENTATION_CONTEXT('2D SPACE',''
  ) );
#9145 = PCURVE('',#9146,#9151);
#9146 = PLANE('',#9147);
#9147 = AXIS2_PLACEMENT_3D('',#9148,#9149,#9150);
#9148 = CARTESIAN_POINT('',(-169.123179858,60.305718239069,1.));
#9149 = DIRECTION('',(0.,0.,1.));
#9150 = DIRECTION('',(1.,0.,-0.));
#9151 = DEFINITIONAL_REPRESENTATION('',(#9152),#9155);
#9152 = B_SPLINE_CURVE_WITH_KNOTS('',1,(#9153,#9154),.UNSPECIFIED.,.F.,
  .F.,(2,2),(0.,2.774940203685),.PIECEWISE_BEZIER_KNOTS.);
#9153 = CARTESIAN_POINT('',(1.147181933256,-0.769715126276));
#9154 = CARTESIAN_POINT('',(-1.21014838901,0.694281760931));
#9155 = ( GEOMETRIC_REPRESENTATION_CONTEXT(2) 
PARAMETRIC_REPRESENTATION_CONTEXT() REPRESENTATION_CONTEXT('2D SPACE',''
  ) );
#9156 = ADVANCED_FACE('',(#9157),#9146,.T.);
#9157 = FACE_BOUND('',#9158,.T.);
#9158 = EDGE_LOOP('',(#9159,#9186,#9187));
#9159 = ORIENTED_EDGE('',*,*,#9160,.T.);
#9160 = EDGE_CURVE('',#9161,#8819,#9163,.T.);
#9161 = VERTEX_POINT('',#9162);
#9162 = CARTESIAN_POINT('',(-168.3040008544,59.967002868652,1.));
#9163 = SURFACE_CURVE('',#9164,(#9168,#9175),.PCURVE_S1.);
#9164 = LINE('',#9165,#9166);
#9165 = CARTESIAN_POINT('',(-168.3040008544,59.967002868652,1.));
#9166 = VECTOR('',#9167,1.);
#9167 = DIRECTION('',(-0.891183532393,0.453642934025,0.));
#9168 = PCURVE('',#9146,#9169);
#9169 = DEFINITIONAL_REPRESENTATION('',(#9170),#9174);
#9170 = LINE('',#9171,#9172);
#9171 = CARTESIAN_POINT('',(0.819179003568,-0.338715370417));
#9172 = VECTOR('',#9173,1.);
#9173 = DIRECTION('',(-0.891183532393,0.453642934025));
#9174 = ( GEOMETRIC_REPRESENTATION_CONTEXT(2) 
PARAMETRIC_REPRESENTATION_CONTEXT() REPRESENTATION_CONTEXT('2D SPACE',''
  ) );
#9175 = PCURVE('',#9176,#9181);
#9176 = PLANE('',#9177);
#9177 = AXIS2_PLACEMENT_3D('',#9178,#9179,#9180);
#9178 = CARTESIAN_POINT('',(-169.2964533481,60.517105969237,1.));
#9179 = DIRECTION('',(0.,0.,1.));
#9180 = DIRECTION('',(1.,0.,-0.));
#9181 = DEFINITIONAL_REPRESENTATION('',(#9182),#9185);
#9182 = B_SPLINE_CURVE_WITH_KNOTS('',1,(#9183,#9184),.UNSPECIFIED.,.F.,
  .F.,(2,2),(0.,2.277115003604),.PIECEWISE_BEZIER_KNOTS.);
#9183 = CARTESIAN_POINT('',(0.992452493701,-0.550103100584));
#9184 = CARTESIAN_POINT('',(-1.036874898877,0.482894030763));
#9185 = ( GEOMETRIC_REPRESENTATION_CONTEXT(2) 
PARAMETRIC_REPRESENTATION_CONTEXT() REPRESENTATION_CONTEXT('2D SPACE',''
  ) );
#9186 = ORIENTED_EDGE('',*,*,#9132,.F.);
#9187 = ORIENTED_EDGE('',*,*,#9188,.T.);
#9188 = EDGE_CURVE('',#9106,#9161,#9189,.T.);
#9189 = SURFACE_CURVE('',#9190,(#9194,#9201),.PCURVE_S1.);
#9190 = LINE('',#9191,#9192);
#9191 = CARTESIAN_POINT('',(-167.9759979248,59.536003112793,1.));
#9192 = VECTOR('',#9193,1.);
#9193 = DIRECTION('',(-0.605601735181,0.795767892256,0.));
#9194 = PCURVE('',#9146,#9195);
#9195 = DEFINITIONAL_REPRESENTATION('',(#9196),#9200);
#9196 = LINE('',#9197,#9198);
#9197 = CARTESIAN_POINT('',(1.147181933256,-0.769715126276));
#9198 = VECTOR('',#9199,1.);
#9199 = DIRECTION('',(-0.605601735181,0.795767892256));
#9200 = ( GEOMETRIC_REPRESENTATION_CONTEXT(2) 
PARAMETRIC_REPRESENTATION_CONTEXT() REPRESENTATION_CONTEXT('2D SPACE',''
  ) );
#9201 = PCURVE('',#9202,#9207);
#9202 = PLANE('',#9203);
#9203 = AXIS2_PLACEMENT_3D('',#9204,#9205,#9206);
#9204 = CARTESIAN_POINT('',(-168.068905433,59.65808468507,0.117393911669
    ));
#9205 = DIRECTION('',(0.795767892256,0.605601735181,3.675090132472E-17)
  );
#9206 = DIRECTION('',(-0.605601735181,0.795767892256,0.));
#9207 = DEFINITIONAL_REPRESENTATION('',(#9208),#9211);
#9208 = B_SPLINE_CURVE_WITH_KNOTS('',1,(#9209,#9210),.UNSPECIFIED.,.F.,
  .F.,(2,2),(0.,0.541614910646),.PIECEWISE_BEZIER_KNOTS.);
#9209 = CARTESIAN_POINT('',(-0.153413543654,0.882606088331));
#9210 = CARTESIAN_POINT('',(0.388201366992,0.882606088331));
#9211 = ( GEOMETRIC_REPRESENTATION_CONTEXT(2) 
PARAMETRIC_REPRESENTATION_CONTEXT() REPRESENTATION_CONTEXT('2D SPACE',''
  ) );
#9212 = ADVANCED_FACE('',(#9213),#9176,.T.);
#9213 = FACE_BOUND('',#9214,.T.);
#9214 = EDGE_LOOP('',(#9215,#9242,#9243));
#9215 = ORIENTED_EDGE('',*,*,#9216,.T.);
#9216 = EDGE_CURVE('',#9217,#8819,#9219,.T.);
#9217 = VERTEX_POINT('',#9218);
#9218 = CARTESIAN_POINT('',(-168.6666717529,60.330001831055,1.));
#9219 = SURFACE_CURVE('',#9220,(#9224,#9231),.PCURVE_S1.);
#9220 = LINE('',#9221,#9222);
#9221 = CARTESIAN_POINT('',(-168.6666717529,60.330001831055,1.));
#9222 = VECTOR('',#9223,1.);
#9223 = DIRECTION('',(-0.927834991184,0.372990923662,0.));
#9224 = PCURVE('',#9176,#9225);
#9225 = DEFINITIONAL_REPRESENTATION('',(#9226),#9230);
#9226 = LINE('',#9227,#9228);
#9227 = CARTESIAN_POINT('',(0.629781595263,-0.187104138182));
#9228 = VECTOR('',#9229,1.);
#9229 = DIRECTION('',(-0.927834991184,0.372990923662));
#9230 = ( GEOMETRIC_REPRESENTATION_CONTEXT(2) 
PARAMETRIC_REPRESENTATION_CONTEXT() REPRESENTATION_CONTEXT('2D SPACE',''
  ) );
#9231 = PCURVE('',#9232,#9237);
#9232 = PLANE('',#9233);
#9233 = AXIS2_PLACEMENT_3D('',#9234,#9235,#9236);
#9234 = CARTESIAN_POINT('',(-169.4862261502,60.692578949623,1.));
#9235 = DIRECTION('',(0.,0.,1.));
#9236 = DIRECTION('',(1.,0.,-0.));
#9237 = DEFINITIONAL_REPRESENTATION('',(#9238),#9241);
#9238 = B_SPLINE_CURVE_WITH_KNOTS('',1,(#9239,#9240),.UNSPECIFIED.,.F.,
  .F.,(2,2),(0.,1.796285449435),.PIECEWISE_BEZIER_KNOTS.);
#9239 = CARTESIAN_POINT('',(0.819554397327,-0.362577118568));
#9240 = CARTESIAN_POINT('',(-0.847102096813,0.307421050377));
#9241 = ( GEOMETRIC_REPRESENTATION_CONTEXT(2) 
PARAMETRIC_REPRESENTATION_CONTEXT() REPRESENTATION_CONTEXT('2D SPACE',''
  ) );
#9242 = ORIENTED_EDGE('',*,*,#9160,.F.);
#9243 = ORIENTED_EDGE('',*,*,#9244,.T.);
#9244 = EDGE_CURVE('',#9161,#9217,#9245,.T.);
#9245 = SURFACE_CURVE('',#9246,(#9250,#9257),.PCURVE_S1.);
#9246 = LINE('',#9247,#9248);
#9247 = CARTESIAN_POINT('',(-168.3040008544,59.967002868652,1.));
#9248 = VECTOR('',#9249,1.);
#9249 = DIRECTION('',(-0.706787037072,0.707426380782,0.));
#9250 = PCURVE('',#9176,#9251);
#9251 = DEFINITIONAL_REPRESENTATION('',(#9252),#9256);
#9252 = LINE('',#9253,#9254);
#9253 = CARTESIAN_POINT('',(0.992452493701,-0.550103100584));
#9254 = VECTOR('',#9255,1.);
#9255 = DIRECTION('',(-0.706787037072,0.707426380782));
#9256 = ( GEOMETRIC_REPRESENTATION_CONTEXT(2) 
PARAMETRIC_REPRESENTATION_CONTEXT() REPRESENTATION_CONTEXT('2D SPACE',''
  ) );
#9257 = PCURVE('',#9258,#9263);
#9258 = PLANE('',#9259);
#9259 = AXIS2_PLACEMENT_3D('',#9260,#9261,#9262);
#9260 = CARTESIAN_POINT('',(-168.406114224,60.069208607699,
    0.112087623969));
#9261 = DIRECTION('',(0.707426380782,0.706787037072,1.845141294601E-17)
  );
#9262 = DIRECTION('',(-0.706787037072,0.707426380782,-1.54074395551E-33)
  );
#9263 = DEFINITIONAL_REPRESENTATION('',(#9264),#9267);
#9264 = B_SPLINE_CURVE_WITH_KNOTS('',1,(#9265,#9266),.UNSPECIFIED.,.F.,
  .F.,(2,2),(0.,0.513126131939),.PIECEWISE_BEZIER_KNOTS.);
#9265 = CARTESIAN_POINT('',(-0.144475442,0.887912376031));
#9266 = CARTESIAN_POINT('',(0.368650689939,0.887912376031));
#9267 = ( GEOMETRIC_REPRESENTATION_CONTEXT(2) 
PARAMETRIC_REPRESENTATION_CONTEXT() REPRESENTATION_CONTEXT('2D SPACE',''
  ) );
#9268 = ADVANCED_FACE('',(#9269),#9232,.T.);
#9269 = FACE_BOUND('',#9270,.T.);
#9270 = EDGE_LOOP('',(#9271,#9298,#9299));
#9271 = ORIENTED_EDGE('',*,*,#9272,.T.);
#9272 = EDGE_CURVE('',#9273,#8819,#9275,.T.);
#9273 = VERTEX_POINT('',#9274);
#9274 = CARTESIAN_POINT('',(-169.0579986572,60.619003295898,1.));
#9275 = SURFACE_CURVE('',#9276,(#9280,#9287),.PCURVE_S1.);
#9276 = LINE('',#9277,#9278);
#9277 = CARTESIAN_POINT('',(-169.0579986572,60.619003295898,1.));
#9278 = VECTOR('',#9279,1.);
#9279 = DIRECTION('',(-0.958156946245,0.286243369117,0.));
#9280 = PCURVE('',#9232,#9281);
#9281 = DEFINITIONAL_REPRESENTATION('',(#9282),#9286);
#9282 = LINE('',#9283,#9284);
#9283 = CARTESIAN_POINT('',(0.42822749303,-7.357565372468E-02));
#9284 = VECTOR('',#9285,1.);
#9285 = DIRECTION('',(-0.958156946245,0.286243369117));
#9286 = ( GEOMETRIC_REPRESENTATION_CONTEXT(2) 
PARAMETRIC_REPRESENTATION_CONTEXT() REPRESENTATION_CONTEXT('2D SPACE',''
  ) );
#9287 = PCURVE('',#9288,#9293);
#9288 = PLANE('',#9289);
#9289 = AXIS2_PLACEMENT_3D('',#9290,#9291,#9292);
#9290 = CARTESIAN_POINT('',(-169.6906682049,60.829869461612,1.));
#9291 = DIRECTION('',(0.,0.,1.));
#9292 = DIRECTION('',(1.,0.,-0.));
#9293 = DEFINITIONAL_REPRESENTATION('',(#9294),#9297);
#9294 = B_SPLINE_CURVE_WITH_KNOTS('',1,(#9295,#9296),.UNSPECIFIED.,.F.,
  .F.,(2,2),(0.,1.331023685464),.PIECEWISE_BEZIER_KNOTS.);
#9295 = CARTESIAN_POINT('',(0.632669547739,-0.210866165714));
#9296 = CARTESIAN_POINT('',(-0.642660042105,0.170130538388));
#9297 = ( GEOMETRIC_REPRESENTATION_CONTEXT(2) 
PARAMETRIC_REPRESENTATION_CONTEXT() REPRESENTATION_CONTEXT('2D SPACE',''
  ) );
#9298 = ORIENTED_EDGE('',*,*,#9216,.F.);
#9299 = ORIENTED_EDGE('',*,*,#9300,.T.);
#9300 = EDGE_CURVE('',#9217,#9273,#9301,.T.);
#9301 = SURFACE_CURVE('',#9302,(#9306,#9313),.PCURVE_S1.);
#9302 = LINE('',#9303,#9304);
#9303 = CARTESIAN_POINT('',(-168.6666717529,60.330001831055,1.));
#9304 = VECTOR('',#9305,1.);
#9305 = DIRECTION('',(-0.804412051531,0.594071756063,0.));
#9306 = PCURVE('',#9232,#9307);
#9307 = DEFINITIONAL_REPRESENTATION('',(#9308),#9312);
#9308 = LINE('',#9309,#9310);
#9309 = CARTESIAN_POINT('',(0.819554397327,-0.362577118568));
#9310 = VECTOR('',#9311,1.);
#9311 = DIRECTION('',(-0.804412051531,0.594071756063));
#9312 = ( GEOMETRIC_REPRESENTATION_CONTEXT(2) 
PARAMETRIC_REPRESENTATION_CONTEXT() REPRESENTATION_CONTEXT('2D SPACE',''
  ) );
#9313 = PCURVE('',#9314,#9319);
#9314 = PLANE('',#9315);
#9315 = AXIS2_PLACEMENT_3D('',#9316,#9317,#9318);
#9316 = CARTESIAN_POINT('',(-168.7762307012,60.410912947046,
    0.107040295691));
#9317 = DIRECTION('',(0.594071756063,0.804412051531,0.));
#9318 = DIRECTION('',(0.804412051531,-0.594071756063,0.));
#9319 = DEFINITIONAL_REPRESENTATION('',(#9320),#9323);
#9320 = B_SPLINE_CURVE_WITH_KNOTS('',1,(#9321,#9322),.UNSPECIFIED.,.F.,
  .F.,(2,2),(0.,0.486475685629),.PIECEWISE_BEZIER_KNOTS.);
#9321 = CARTESIAN_POINT('',(0.136197547124,-0.892959704309));
#9322 = CARTESIAN_POINT('',(-0.350278138505,-0.892959704309));
#9323 = ( GEOMETRIC_REPRESENTATION_CONTEXT(2) 
PARAMETRIC_REPRESENTATION_CONTEXT() REPRESENTATION_CONTEXT('2D SPACE',''
  ) );
#9324 = ADVANCED_FACE('',(#9325),#9288,.T.);
#9325 = FACE_BOUND('',#9326,.T.);
#9326 = EDGE_LOOP('',(#9327,#9354,#9355));
#9327 = ORIENTED_EDGE('',*,*,#9328,.T.);
#9328 = EDGE_CURVE('',#9329,#8819,#9331,.T.);
#9329 = VERTEX_POINT('',#9330);
#9330 = CARTESIAN_POINT('',(-169.8979949951,60.957000732422,1.));
#9331 = SURFACE_CURVE('',#9332,(#9336,#9343),.PCURVE_S1.);
#9332 = LINE('',#9333,#9334);
#9333 = CARTESIAN_POINT('',(-169.8979949951,60.957000732422,1.));
#9334 = VECTOR('',#9335,1.);
#9335 = DIRECTION('',(-0.995157331071,9.829489516156E-02,0.));
#9336 = PCURVE('',#9288,#9337);
#9337 = DEFINITIONAL_REPRESENTATION('',(#9338),#9342);
#9338 = LINE('',#9339,#9340);
#9339 = CARTESIAN_POINT('',(-0.207326790152,0.12713127081));
#9340 = VECTOR('',#9341,1.);
#9341 = DIRECTION('',(-0.995157331071,9.829489516156E-02));
#9342 = ( GEOMETRIC_REPRESENTATION_CONTEXT(2) 
PARAMETRIC_REPRESENTATION_CONTEXT() REPRESENTATION_CONTEXT('2D SPACE',''
  ) );
#9343 = PCURVE('',#9344,#9349);
#9344 = PLANE('',#9345);
#9345 = AXIS2_PLACEMENT_3D('',#9346,#9347,#9348);
#9346 = CARTESIAN_POINT('',(-170.2127316531,60.988088285958,
    9.754239761328E-02));
#9347 = DIRECTION('',(9.829489516156E-02,0.995157331071,
    2.334536153373E-18));
#9348 = DIRECTION('',(0.995157331071,-9.829489516156E-02,
    4.814824860968E-35));
#9349 = DEFINITIONAL_REPRESENTATION('',(#9350),#9353);
#9350 = B_SPLINE_CURVE_WITH_KNOTS('',1,(#9351,#9352),.UNSPECIFIED.,.F.,
  .F.,(2,2),(0.,0.437451685639),.PIECEWISE_BEZIER_KNOTS.);
#9351 = CARTESIAN_POINT('',(0.316268240433,-0.902457602387));
#9352 = CARTESIAN_POINT('',(-0.121183445206,-0.902457602387));
#9353 = ( GEOMETRIC_REPRESENTATION_CONTEXT(2) 
PARAMETRIC_REPRESENTATION_CONTEXT() REPRESENTATION_CONTEXT('2D SPACE',''
  ) );
#9354 = ORIENTED_EDGE('',*,*,#9272,.F.);
#9355 = ORIENTED_EDGE('',*,*,#9356,.F.);
#9356 = EDGE_CURVE('',#9329,#9273,#9357,.T.);
#9357 = SURFACE_CURVE('',#9358,(#9362,#9368),.PCURVE_S1.);
#9358 = LINE('',#9359,#9360);
#9359 = CARTESIAN_POINT('',(-169.8979949951,60.957000732422,1.));
#9360 = VECTOR('',#9361,1.);
#9361 = DIRECTION('',(0.927713485966,-0.373293032291,0.));
#9362 = PCURVE('',#9288,#9363);
#9363 = DEFINITIONAL_REPRESENTATION('',(#9364),#9367);
#9364 = B_SPLINE_CURVE_WITH_KNOTS('',1,(#9365,#9366),.UNSPECIFIED.,.F.,
  .F.,(2,2),(0.,0.90544801881),.PIECEWISE_BEZIER_KNOTS.);
#9365 = CARTESIAN_POINT('',(-0.207326790152,0.12713127081));
#9366 = CARTESIAN_POINT('',(0.632669547739,-0.210866165714));
#9367 = ( GEOMETRIC_REPRESENTATION_CONTEXT(2) 
PARAMETRIC_REPRESENTATION_CONTEXT() REPRESENTATION_CONTEXT('2D SPACE',''
  ) );
#9368 = PCURVE('',#9369,#9374);
#9369 = PLANE('',#9370);
#9370 = AXIS2_PLACEMENT_3D('',#9371,#9372,#9373);
#9371 = CARTESIAN_POINT('',(-169.4741145977,60.797700357188,1.));
#9372 = DIRECTION('',(0.,0.,1.));
#9373 = DIRECTION('',(1.,0.,-0.));
#9374 = DEFINITIONAL_REPRESENTATION('',(#9375),#9379);
#9375 = LINE('',#9376,#9377);
#9376 = CARTESIAN_POINT('',(-0.423880397412,0.159300375233));
#9377 = VECTOR('',#9378,1.);
#9378 = DIRECTION('',(0.927713485966,-0.373293032291));
#9379 = ( GEOMETRIC_REPRESENTATION_CONTEXT(2) 
PARAMETRIC_REPRESENTATION_CONTEXT() REPRESENTATION_CONTEXT('2D SPACE',''
  ) );
#9380 = ADVANCED_FACE('',(#9381),#9369,.T.);
#9381 = FACE_BOUND('',#9382,.T.);
#9382 = EDGE_LOOP('',(#9383,#9410,#9435));
#9383 = ORIENTED_EDGE('',*,*,#9384,.T.);
#9384 = EDGE_CURVE('',#9273,#9385,#9387,.T.);
#9385 = VERTEX_POINT('',#9386);
#9386 = CARTESIAN_POINT('',(-169.4706726074,60.830001831055,1.));
#9387 = SURFACE_CURVE('',#9388,(#9392,#9399),.PCURVE_S1.);
#9388 = LINE('',#9389,#9390);
#9389 = CARTESIAN_POINT('',(-169.0579986572,60.619003295898,1.));
#9390 = VECTOR('',#9391,1.);
#9391 = DIRECTION('',(-0.89036796554,0.455241568774,0.));
#9392 = PCURVE('',#9369,#9393);
#9393 = DEFINITIONAL_REPRESENTATION('',(#9394),#9398);
#9394 = LINE('',#9395,#9396);
#9395 = CARTESIAN_POINT('',(0.416115940479,-0.17869706129));
#9396 = VECTOR('',#9397,1.);
#9397 = DIRECTION('',(-0.89036796554,0.455241568774));
#9398 = ( GEOMETRIC_REPRESENTATION_CONTEXT(2) 
PARAMETRIC_REPRESENTATION_CONTEXT() REPRESENTATION_CONTEXT('2D SPACE',''
  ) );
#9399 = PCURVE('',#9400,#9405);
#9400 = PLANE('',#9401);
#9401 = AXIS2_PLACEMENT_3D('',#9402,#9403,#9404);
#9402 = CARTESIAN_POINT('',(-169.1729651259,60.677785190112,
    0.102621062242));
#9403 = DIRECTION('',(0.455241568774,0.89036796554,-9.297502842886E-18)
  );
#9404 = DIRECTION('',(0.89036796554,-0.455241568774,0.));
#9405 = DEFINITIONAL_REPRESENTATION('',(#9406),#9409);
#9406 = B_SPLINE_CURVE_WITH_KNOTS('',1,(#9407,#9408),.UNSPECIFIED.,.F.,
  .F.,(2,2),(0.,0.46348696962),.PIECEWISE_BEZIER_KNOTS.);
#9407 = CARTESIAN_POINT('',(0.129122422568,-0.897378937758));
#9408 = CARTESIAN_POINT('',(-0.334364547052,-0.897378937758));
#9409 = ( GEOMETRIC_REPRESENTATION_CONTEXT(2) 
PARAMETRIC_REPRESENTATION_CONTEXT() REPRESENTATION_CONTEXT('2D SPACE',''
  ) );
#9410 = ORIENTED_EDGE('',*,*,#9411,.T.);
#9411 = EDGE_CURVE('',#9385,#9329,#9412,.T.);
#9412 = SURFACE_CURVE('',#9413,(#9417,#9424),.PCURVE_S1.);
#9413 = LINE('',#9414,#9415);
#9414 = CARTESIAN_POINT('',(-169.4706726074,60.830001831055,1.));
#9415 = VECTOR('',#9416,1.);
#9416 = DIRECTION('',(-0.958562632162,0.284881870647,0.));
#9417 = PCURVE('',#9369,#9418);
#9418 = DEFINITIONAL_REPRESENTATION('',(#9419),#9423);
#9419 = LINE('',#9420,#9421);
#9420 = CARTESIAN_POINT('',(3.441990283619E-03,3.230147386623E-02));
#9421 = VECTOR('',#9422,1.);
#9422 = DIRECTION('',(-0.958562632162,0.284881870647));
#9423 = ( GEOMETRIC_REPRESENTATION_CONTEXT(2) 
PARAMETRIC_REPRESENTATION_CONTEXT() REPRESENTATION_CONTEXT('2D SPACE',''
  ) );
#9424 = PCURVE('',#9425,#9430);
#9425 = PLANE('',#9426);
#9426 = AXIS2_PLACEMENT_3D('',#9427,#9428,#9429);
#9427 = CARTESIAN_POINT('',(-169.5892650191,60.865247131635,
    9.917847716582E-02));
#9428 = DIRECTION('',(0.284881870647,0.958562632162,-9.324890334839E-18)
  );
#9429 = DIRECTION('',(0.958562632162,-0.284881870647,-3.851859888774E-34
    ));
#9430 = DEFINITIONAL_REPRESENTATION('',(#9431),#9434);
#9431 = B_SPLINE_CURVE_WITH_KNOTS('',1,(#9432,#9433),.UNSPECIFIED.,.F.,
  .F.,(2,2),(0.,0.445794957322),.PIECEWISE_BEZIER_KNOTS.);
#9432 = CARTESIAN_POINT('',(0.123719001495,-0.900821522834));
#9433 = CARTESIAN_POINT('',(-0.322075955827,-0.900821522834));
#9434 = ( GEOMETRIC_REPRESENTATION_CONTEXT(2) 
PARAMETRIC_REPRESENTATION_CONTEXT() REPRESENTATION_CONTEXT('2D SPACE',''
  ) );
#9435 = ORIENTED_EDGE('',*,*,#9356,.T.);
#9436 = ADVANCED_FACE('',(#9437),#9314,.T.);
#9437 = FACE_BOUND('',#9438,.T.);
#9438 = EDGE_LOOP('',(#9439,#9466,#9467));
#9439 = ORIENTED_EDGE('',*,*,#9440,.T.);
#9440 = EDGE_CURVE('',#9441,#9273,#9443,.T.);
#9441 = VERTEX_POINT('',#9442);
#9442 = CARTESIAN_POINT('',(-168.6666717529,60.330001831055,-1.));
#9443 = SURFACE_CURVE('',#9444,(#9448,#9455),.PCURVE_S1.);
#9444 = LINE('',#9445,#9446);
#9445 = CARTESIAN_POINT('',(-168.6666717529,60.330001831055,-1.));
#9446 = VECTOR('',#9447,1.);
#9447 = DIRECTION('',(-0.190120073367,0.140406854463,0.971668808248));
#9448 = PCURVE('',#9314,#9449);
#9449 = DEFINITIONAL_REPRESENTATION('',(#9450),#9454);
#9450 = LINE('',#9451,#9452);
#9451 = CARTESIAN_POINT('',(0.136197547124,1.107040295691));
#9452 = VECTOR('',#9453,1.);
#9453 = DIRECTION('',(-0.236346624849,-0.971668808248));
#9454 = ( GEOMETRIC_REPRESENTATION_CONTEXT(2) 
PARAMETRIC_REPRESENTATION_CONTEXT() REPRESENTATION_CONTEXT('2D SPACE',''
  ) );
#9455 = PCURVE('',#9456,#9461);
#9456 = PLANE('',#9457);
#9457 = AXIS2_PLACEMENT_3D('',#9458,#9459,#9460);
#9458 = CARTESIAN_POINT('',(-168.9484397089,60.538092179907,
    -0.107040295691));
#9459 = DIRECTION('',(0.594071756063,0.804412051531,0.));
#9460 = DIRECTION('',(0.804412051531,-0.594071756063,0.));
#9461 = DEFINITIONAL_REPRESENTATION('',(#9462),#9465);
#9462 = B_SPLINE_CURVE_WITH_KNOTS('',1,(#9463,#9464),.UNSPECIFIED.,.F.,
  .F.,(2,2),(0.,2.058314502866),.PIECEWISE_BEZIER_KNOTS.);
#9463 = CARTESIAN_POINT('',(0.350278138505,0.892959704309));
#9464 = CARTESIAN_POINT('',(-0.136197547124,-1.107040295691));
#9465 = ( GEOMETRIC_REPRESENTATION_CONTEXT(2) 
PARAMETRIC_REPRESENTATION_CONTEXT() REPRESENTATION_CONTEXT('2D SPACE',''
  ) );
#9466 = ORIENTED_EDGE('',*,*,#9300,.F.);
#9467 = ORIENTED_EDGE('',*,*,#9468,.T.);
#9468 = EDGE_CURVE('',#9217,#9441,#9469,.T.);
#9469 = SURFACE_CURVE('',#9470,(#9474,#9481),.PCURVE_S1.);
#9470 = LINE('',#9471,#9472);
#9471 = CARTESIAN_POINT('',(-168.6666717529,60.330001831055,1.));
#9472 = VECTOR('',#9473,1.);
#9473 = DIRECTION('',(0.,0.,-1.));
#9474 = PCURVE('',#9314,#9475);
#9475 = DEFINITIONAL_REPRESENTATION('',(#9476),#9480);
#9476 = LINE('',#9477,#9478);
#9477 = CARTESIAN_POINT('',(0.136197547124,-0.892959704309));
#9478 = VECTOR('',#9479,1.);
#9479 = DIRECTION('',(0.,1.));
#9480 = ( GEOMETRIC_REPRESENTATION_CONTEXT(2) 
PARAMETRIC_REPRESENTATION_CONTEXT() REPRESENTATION_CONTEXT('2D SPACE',''
  ) );
#9481 = PCURVE('',#9482,#9487);
#9482 = PLANE('',#9483);
#9483 = AXIS2_PLACEMENT_3D('',#9484,#9485,#9486);
#9484 = CARTESIAN_POINT('',(-168.5645583833,60.227796092008,
    -0.112087623969));
#9485 = DIRECTION('',(0.707426380782,0.706787037072,1.845141294601E-17)
  );
#9486 = DIRECTION('',(-0.706787037072,0.707426380782,0.));
#9487 = DEFINITIONAL_REPRESENTATION('',(#9488),#9491);
#9488 = B_SPLINE_CURVE_WITH_KNOTS('',1,(#9489,#9490),.UNSPECIFIED.,.F.,
  .F.,(2,2),(0.,2.),.PIECEWISE_BEZIER_KNOTS.);
#9489 = CARTESIAN_POINT('',(0.144475442,1.112087623969));
#9490 = CARTESIAN_POINT('',(0.144475442,-0.887912376031));
#9491 = ( GEOMETRIC_REPRESENTATION_CONTEXT(2) 
PARAMETRIC_REPRESENTATION_CONTEXT() REPRESENTATION_CONTEXT('2D SPACE',''
  ) );
#9492 = ADVANCED_FACE('',(#9493),#9456,.T.);
#9493 = FACE_BOUND('',#9494,.T.);
#9494 = EDGE_LOOP('',(#9495,#9517,#9518));
#9495 = ORIENTED_EDGE('',*,*,#9496,.T.);
#9496 = EDGE_CURVE('',#9497,#9273,#9499,.T.);
#9497 = VERTEX_POINT('',#9498);
#9498 = CARTESIAN_POINT('',(-169.0579986572,60.619003295898,-1.));
#9499 = SURFACE_CURVE('',#9500,(#9504,#9511),.PCURVE_S1.);
#9500 = LINE('',#9501,#9502);
#9501 = CARTESIAN_POINT('',(-169.0579986572,60.619003295898,-1.));
#9502 = VECTOR('',#9503,1.);
#9503 = DIRECTION('',(0.,0.,1.));
#9504 = PCURVE('',#9456,#9505);
#9505 = DEFINITIONAL_REPRESENTATION('',(#9506),#9510);
#9506 = LINE('',#9507,#9508);
#9507 = CARTESIAN_POINT('',(-0.136197547124,0.892959704309));
#9508 = VECTOR('',#9509,1.);
#9509 = DIRECTION('',(0.,-1.));
#9510 = ( GEOMETRIC_REPRESENTATION_CONTEXT(2) 
PARAMETRIC_REPRESENTATION_CONTEXT() REPRESENTATION_CONTEXT('2D SPACE',''
  ) );
#9511 = PCURVE('',#9400,#9512);
#9512 = DEFINITIONAL_REPRESENTATION('',(#9513),#9516);
#9513 = B_SPLINE_CURVE_WITH_KNOTS('',1,(#9514,#9515),.UNSPECIFIED.,.F.,
  .F.,(2,2),(0.,2.),.PIECEWISE_BEZIER_KNOTS.);
#9514 = CARTESIAN_POINT('',(0.129122422568,1.102621062242));
#9515 = CARTESIAN_POINT('',(0.129122422568,-0.897378937758));
#9516 = ( GEOMETRIC_REPRESENTATION_CONTEXT(2) 
PARAMETRIC_REPRESENTATION_CONTEXT() REPRESENTATION_CONTEXT('2D SPACE',''
  ) );
#9517 = ORIENTED_EDGE('',*,*,#9440,.F.);
#9518 = ORIENTED_EDGE('',*,*,#9519,.F.);
#9519 = EDGE_CURVE('',#9497,#9441,#9520,.T.);
#9520 = SURFACE_CURVE('',#9521,(#9525,#9531),.PCURVE_S1.);
#9521 = LINE('',#9522,#9523);
#9522 = CARTESIAN_POINT('',(-169.0579986572,60.619003295898,-1.));
#9523 = VECTOR('',#9524,1.);
#9524 = DIRECTION('',(0.804412051531,-0.594071756063,0.));
#9525 = PCURVE('',#9456,#9526);
#9526 = DEFINITIONAL_REPRESENTATION('',(#9527),#9530);
#9527 = B_SPLINE_CURVE_WITH_KNOTS('',1,(#9528,#9529),.UNSPECIFIED.,.F.,
  .F.,(2,2),(0.,0.486475685629),.PIECEWISE_BEZIER_KNOTS.);
#9528 = CARTESIAN_POINT('',(-0.136197547124,0.892959704309));
#9529 = CARTESIAN_POINT('',(0.350278138505,0.892959704309));
#9530 = ( GEOMETRIC_REPRESENTATION_CONTEXT(2) 
PARAMETRIC_REPRESENTATION_CONTEXT() REPRESENTATION_CONTEXT('2D SPACE',''
  ) );
#9531 = PCURVE('',#9532,#9537);
#9532 = PLANE('',#9533);
#9533 = AXIS2_PLACEMENT_3D('',#9534,#9535,#9536);
#9534 = CARTESIAN_POINT('',(-169.4862261502,60.692578949623,-1.));
#9535 = DIRECTION('',(-0.,-0.,-1.));
#9536 = DIRECTION('',(-1.,0.,0.));
#9537 = DEFINITIONAL_REPRESENTATION('',(#9538),#9542);
#9538 = LINE('',#9539,#9540);
#9539 = CARTESIAN_POINT('',(-0.42822749303,-7.357565372468E-02));
#9540 = VECTOR('',#9541,1.);
#9541 = DIRECTION('',(-0.804412051531,-0.594071756063));
#9542 = ( GEOMETRIC_REPRESENTATION_CONTEXT(2) 
PARAMETRIC_REPRESENTATION_CONTEXT() REPRESENTATION_CONTEXT('2D SPACE',''
  ) );
#9543 = ADVANCED_FACE('',(#9544),#9558,.T.);
#9544 = FACE_BOUND('',#9545,.T.);
#9545 = EDGE_LOOP('',(#9546,#9580,#9607));
#9546 = ORIENTED_EDGE('',*,*,#9547,.T.);
#9547 = EDGE_CURVE('',#9548,#9550,#9552,.T.);
#9548 = VERTEX_POINT('',#9549);
#9549 = CARTESIAN_POINT('',(-170.333328247,51.,1.));
#9550 = VERTEX_POINT('',#9551);
#9551 = CARTESIAN_POINT('',(-183.6666717529,51.,-1.));
#9552 = SURFACE_CURVE('',#9553,(#9557,#9569),.PCURVE_S1.);
#9553 = LINE('',#9554,#9555);
#9554 = CARTESIAN_POINT('',(-170.333328247,51.,1.));
#9555 = VECTOR('',#9556,1.);
#9556 = DIRECTION('',(-0.988936369471,0.,-0.148340342246));
#9557 = PCURVE('',#9558,#9563);
#9558 = PLANE('',#9559);
#9559 = AXIS2_PLACEMENT_3D('',#9560,#9561,#9562);
#9560 = CARTESIAN_POINT('',(-176.5372913745,51.,-0.462708625444));
#9561 = DIRECTION('',(-0.,-1.,-0.));
#9562 = DIRECTION('',(0.,0.,-1.));
#9563 = DEFINITIONAL_REPRESENTATION('',(#9564),#9568);
#9564 = LINE('',#9565,#9566);
#9565 = CARTESIAN_POINT('',(-1.462708625444,6.203963127486));
#9566 = VECTOR('',#9567,1.);
#9567 = DIRECTION('',(0.148340342246,-0.988936369471));
#9568 = ( GEOMETRIC_REPRESENTATION_CONTEXT(2) 
PARAMETRIC_REPRESENTATION_CONTEXT() REPRESENTATION_CONTEXT('2D SPACE',''
  ) );
#9569 = PCURVE('',#9570,#9575);
#9570 = PLANE('',#9571);
#9571 = AXIS2_PLACEMENT_3D('',#9572,#9573,#9574);
#9572 = CARTESIAN_POINT('',(-177.4627086254,51.,0.462708625444));
#9573 = DIRECTION('',(-0.,-1.,-0.));
#9574 = DIRECTION('',(0.,0.,-1.));
#9575 = DEFINITIONAL_REPRESENTATION('',(#9576),#9579);
#9576 = B_SPLINE_CURVE_WITH_KNOTS('',1,(#9577,#9578),.UNSPECIFIED.,.F.,
  .F.,(2,2),(0.,13.482509004085),.PIECEWISE_BEZIER_KNOTS.);
#9577 = CARTESIAN_POINT('',(-0.537291374556,7.129380378373));
#9578 = CARTESIAN_POINT('',(1.462708625444,-6.203963127486));
#9579 = ( GEOMETRIC_REPRESENTATION_CONTEXT(2) 
PARAMETRIC_REPRESENTATION_CONTEXT() REPRESENTATION_CONTEXT('2D SPACE',''
  ) );
#9580 = ORIENTED_EDGE('',*,*,#9581,.T.);
#9581 = EDGE_CURVE('',#9550,#9582,#9584,.T.);
#9582 = VERTEX_POINT('',#9583);
#9583 = CARTESIAN_POINT('',(-170.333328247,51.,-1.));
#9584 = SURFACE_CURVE('',#9585,(#9589,#9596),.PCURVE_S1.);
#9585 = LINE('',#9586,#9587);
#9586 = CARTESIAN_POINT('',(-183.6666717529,51.,-1.));
#9587 = VECTOR('',#9588,1.);
#9588 = DIRECTION('',(1.,0.,0.));
#9589 = PCURVE('',#9558,#9590);
#9590 = DEFINITIONAL_REPRESENTATION('',(#9591),#9595);
#9591 = LINE('',#9592,#9593);
#9592 = CARTESIAN_POINT('',(0.537291374556,-7.129380378373));
#9593 = VECTOR('',#9594,1.);
#9594 = DIRECTION('',(0.,1.));
#9595 = ( GEOMETRIC_REPRESENTATION_CONTEXT(2) 
PARAMETRIC_REPRESENTATION_CONTEXT() REPRESENTATION_CONTEXT('2D SPACE',''
  ) );
#9596 = PCURVE('',#9597,#9602);
#9597 = PLANE('',#9598);
#9598 = AXIS2_PLACEMENT_3D('',#9599,#9600,#9601);
#9599 = CARTESIAN_POINT('',(-178.6666671752,54.333332824707,-1.));
#9600 = DIRECTION('',(-0.,-0.,-1.));
#9601 = DIRECTION('',(-1.,0.,0.));
#9602 = DEFINITIONAL_REPRESENTATION('',(#9603),#9606);
#9603 = B_SPLINE_CURVE_WITH_KNOTS('',1,(#9604,#9605),.UNSPECIFIED.,.F.,
  .F.,(2,2),(0.,13.333343505859),.PIECEWISE_BEZIER_KNOTS.);
#9604 = CARTESIAN_POINT('',(5.000004577637,-3.333332824707));
#9605 = CARTESIAN_POINT('',(-8.333338928222,-3.333332824707));
#9606 = ( GEOMETRIC_REPRESENTATION_CONTEXT(2) 
PARAMETRIC_REPRESENTATION_CONTEXT() REPRESENTATION_CONTEXT('2D SPACE',''
  ) );
#9607 = ORIENTED_EDGE('',*,*,#9608,.T.);
#9608 = EDGE_CURVE('',#9582,#9548,#9609,.T.);
#9609 = SURFACE_CURVE('',#9610,(#9614,#9621),.PCURVE_S1.);
#9610 = LINE('',#9611,#9612);
#9611 = CARTESIAN_POINT('',(-170.333328247,51.,-1.));
#9612 = VECTOR('',#9613,1.);
#9613 = DIRECTION('',(0.,0.,1.));
#9614 = PCURVE('',#9558,#9615);
#9615 = DEFINITIONAL_REPRESENTATION('',(#9616),#9620);
#9616 = LINE('',#9617,#9618);
#9617 = CARTESIAN_POINT('',(0.537291374556,6.203963127486));
#9618 = VECTOR('',#9619,1.);
#9619 = DIRECTION('',(-1.,0.));
#9620 = ( GEOMETRIC_REPRESENTATION_CONTEXT(2) 
PARAMETRIC_REPRESENTATION_CONTEXT() REPRESENTATION_CONTEXT('2D SPACE',''
  ) );
#9621 = PCURVE('',#9622,#9627);
#9622 = PLANE('',#9623);
#9623 = AXIS2_PLACEMENT_3D('',#9624,#9625,#9626);
#9624 = CARTESIAN_POINT('',(-170.2127316531,51.011911714042,
    -9.754239761328E-02));
#9625 = DIRECTION('',(9.829489516156E-02,-0.995157331071,
    -4.669072306745E-18));
#9626 = DIRECTION('',(-0.995157331071,-9.829489516156E-02,
    9.629649721936E-35));
#9627 = DEFINITIONAL_REPRESENTATION('',(#9628),#9631);
#9628 = B_SPLINE_CURVE_WITH_KNOTS('',1,(#9629,#9630),.UNSPECIFIED.,.F.,
  .F.,(2,2),(0.,2.),.PIECEWISE_BEZIER_KNOTS.);
#9629 = CARTESIAN_POINT('',(0.121183445206,0.902457602387));
#9630 = CARTESIAN_POINT('',(0.121183445206,-1.097542397613));
#9631 = ( GEOMETRIC_REPRESENTATION_CONTEXT(2) 
PARAMETRIC_REPRESENTATION_CONTEXT() REPRESENTATION_CONTEXT('2D SPACE',''
  ) );
#9632 = ADVANCED_FACE('',(#9633),#9570,.T.);
#9633 = FACE_BOUND('',#9634,.T.);
#9634 = EDGE_LOOP('',(#9635,#9662,#9663));
#9635 = ORIENTED_EDGE('',*,*,#9636,.T.);
#9636 = EDGE_CURVE('',#9637,#9550,#9639,.T.);
#9637 = VERTEX_POINT('',#9638);
#9638 = CARTESIAN_POINT('',(-183.6666717529,51.,1.));
#9639 = SURFACE_CURVE('',#9640,(#9644,#9651),.PCURVE_S1.);
#9640 = LINE('',#9641,#9642);
#9641 = CARTESIAN_POINT('',(-183.6666717529,51.,1.));
#9642 = VECTOR('',#9643,1.);
#9643 = DIRECTION('',(0.,0.,-1.));
#9644 = PCURVE('',#9570,#9645);
#9645 = DEFINITIONAL_REPRESENTATION('',(#9646),#9650);
#9646 = LINE('',#9647,#9648);
#9647 = CARTESIAN_POINT('',(-0.537291374556,-6.203963127486));
#9648 = VECTOR('',#9649,1.);
#9649 = DIRECTION('',(1.,0.));
#9650 = ( GEOMETRIC_REPRESENTATION_CONTEXT(2) 
PARAMETRIC_REPRESENTATION_CONTEXT() REPRESENTATION_CONTEXT('2D SPACE',''
  ) );
#9651 = PCURVE('',#9652,#9657);
#9652 = PLANE('',#9653);
#9653 = AXIS2_PLACEMENT_3D('',#9654,#9655,#9656);
#9654 = CARTESIAN_POINT('',(-183.7872683468,51.011911714042,
    9.754239761328E-02));
#9655 = DIRECTION('',(-9.829489516156E-02,-0.995157331071,
    2.334536153373E-18));
#9656 = DIRECTION('',(-0.995157331071,9.829489516156E-02,0.));
#9657 = DEFINITIONAL_REPRESENTATION('',(#9658),#9661);
#9658 = B_SPLINE_CURVE_WITH_KNOTS('',1,(#9659,#9660),.UNSPECIFIED.,.F.,
  .F.,(2,2),(0.,2.),.PIECEWISE_BEZIER_KNOTS.);
#9659 = CARTESIAN_POINT('',(-0.121183445206,-0.902457602387));
#9660 = CARTESIAN_POINT('',(-0.121183445206,1.097542397613));
#9661 = ( GEOMETRIC_REPRESENTATION_CONTEXT(2) 
PARAMETRIC_REPRESENTATION_CONTEXT() REPRESENTATION_CONTEXT('2D SPACE',''
  ) );
#9662 = ORIENTED_EDGE('',*,*,#9547,.F.);
#9663 = ORIENTED_EDGE('',*,*,#9664,.T.);
#9664 = EDGE_CURVE('',#9548,#9637,#9665,.T.);
#9665 = SURFACE_CURVE('',#9666,(#9670,#9677),.PCURVE_S1.);
#9666 = LINE('',#9667,#9668);
#9667 = CARTESIAN_POINT('',(-170.333328247,51.,1.));
#9668 = VECTOR('',#9669,1.);
#9669 = DIRECTION('',(-1.,0.,0.));
#9670 = PCURVE('',#9570,#9671);
#9671 = DEFINITIONAL_REPRESENTATION('',(#9672),#9676);
#9672 = LINE('',#9673,#9674);
#9673 = CARTESIAN_POINT('',(-0.537291374556,7.129380378373));
#9674 = VECTOR('',#9675,1.);
#9675 = DIRECTION('',(0.,-1.));
#9676 = ( GEOMETRIC_REPRESENTATION_CONTEXT(2) 
PARAMETRIC_REPRESENTATION_CONTEXT() REPRESENTATION_CONTEXT('2D SPACE',''
  ) );
#9677 = PCURVE('',#9678,#9683);
#9678 = PLANE('',#9679);
#9679 = AXIS2_PLACEMENT_3D('',#9680,#9681,#9682);
#9680 = CARTESIAN_POINT('',(-178.6666671752,54.333332824707,1.));
#9681 = DIRECTION('',(0.,0.,1.));
#9682 = DIRECTION('',(1.,0.,-0.));
#9683 = DEFINITIONAL_REPRESENTATION('',(#9684),#9687);
#9684 = B_SPLINE_CURVE_WITH_KNOTS('',1,(#9685,#9686),.UNSPECIFIED.,.F.,
  .F.,(2,2),(0.,13.333343505859),.PIECEWISE_BEZIER_KNOTS.);
#9685 = CARTESIAN_POINT('',(8.333338928222,-3.333332824707));
#9686 = CARTESIAN_POINT('',(-5.000004577637,-3.333332824707));
#9687 = ( GEOMETRIC_REPRESENTATION_CONTEXT(2) 
PARAMETRIC_REPRESENTATION_CONTEXT() REPRESENTATION_CONTEXT('2D SPACE',''
  ) );
#9688 = ADVANCED_FACE('',(#9689),#9597,.T.);
#9689 = FACE_BOUND('',#9690,.T.);
#9690 = EDGE_LOOP('',(#9691,#9692,#9719));
#9691 = ORIENTED_EDGE('',*,*,#9581,.F.);
#9692 = ORIENTED_EDGE('',*,*,#9693,.F.);
#9693 = EDGE_CURVE('',#9694,#9550,#9696,.T.);
#9694 = VERTEX_POINT('',#9695);
#9695 = CARTESIAN_POINT('',(-183.6666717529,61.,-1.));
#9696 = SURFACE_CURVE('',#9697,(#9701,#9707),.PCURVE_S1.);
#9697 = LINE('',#9698,#9699);
#9698 = CARTESIAN_POINT('',(-183.6666717529,61.,-1.));
#9699 = VECTOR('',#9700,1.);
#9700 = DIRECTION('',(0.,-1.,0.));
#9701 = PCURVE('',#9597,#9702);
#9702 = DEFINITIONAL_REPRESENTATION('',(#9703),#9706);
#9703 = B_SPLINE_CURVE_WITH_KNOTS('',1,(#9704,#9705),.UNSPECIFIED.,.F.,
  .F.,(2,2),(0.,10.),.PIECEWISE_BEZIER_KNOTS.);
#9704 = CARTESIAN_POINT('',(5.000004577637,6.666667175293));
#9705 = CARTESIAN_POINT('',(5.000004577637,-3.333332824707));
#9706 = ( GEOMETRIC_REPRESENTATION_CONTEXT(2) 
PARAMETRIC_REPRESENTATION_CONTEXT() REPRESENTATION_CONTEXT('2D SPACE',''
  ) );
#9707 = PCURVE('',#9708,#9713);
#9708 = PLANE('',#9709);
#9709 = AXIS2_PLACEMENT_3D('',#9710,#9711,#9712);
#9710 = CARTESIAN_POINT('',(-183.7776597844,55.903764927845,-1.));
#9711 = DIRECTION('',(-0.,-0.,-1.));
#9712 = DIRECTION('',(-1.,0.,0.));
#9713 = DEFINITIONAL_REPRESENTATION('',(#9714),#9718);
#9714 = LINE('',#9715,#9716);
#9715 = CARTESIAN_POINT('',(-0.110988031496,5.096235072155));
#9716 = VECTOR('',#9717,1.);
#9717 = DIRECTION('',(0.,-1.));
#9718 = ( GEOMETRIC_REPRESENTATION_CONTEXT(2) 
PARAMETRIC_REPRESENTATION_CONTEXT() REPRESENTATION_CONTEXT('2D SPACE',''
  ) );
#9719 = ORIENTED_EDGE('',*,*,#9720,.F.);
#9720 = EDGE_CURVE('',#9582,#9694,#9721,.T.);
#9721 = SURFACE_CURVE('',#9722,(#9726,#9732),.PCURVE_S1.);
#9722 = LINE('',#9723,#9724);
#9723 = CARTESIAN_POINT('',(-170.333328247,51.,-1.));
#9724 = VECTOR('',#9725,1.);
#9725 = DIRECTION('',(-0.800000219726,0.599999707031,0.));
#9726 = PCURVE('',#9597,#9727);
#9727 = DEFINITIONAL_REPRESENTATION('',(#9728),#9731);
#9728 = B_SPLINE_CURVE_WITH_KNOTS('',1,(#9729,#9730),.UNSPECIFIED.,.F.,
  .F.,(2,2),(0.,16.666674804689),.PIECEWISE_BEZIER_KNOTS.);
#9729 = CARTESIAN_POINT('',(-8.333338928222,-3.333332824707));
#9730 = CARTESIAN_POINT('',(5.000004577637,6.666667175293));
#9731 = ( GEOMETRIC_REPRESENTATION_CONTEXT(2) 
PARAMETRIC_REPRESENTATION_CONTEXT() REPRESENTATION_CONTEXT('2D SPACE',''
  ) );
#9732 = PCURVE('',#9733,#9738);
#9733 = PLANE('',#9734);
#9734 = AXIS2_PLACEMENT_3D('',#9735,#9736,#9737);
#9735 = CARTESIAN_POINT('',(-175.3333328247,57.666667175293,-1.));
#9736 = DIRECTION('',(-0.,-0.,-1.));
#9737 = DIRECTION('',(-1.,0.,0.));
#9738 = DEFINITIONAL_REPRESENTATION('',(#9739),#9743);
#9739 = LINE('',#9740,#9741);
#9740 = CARTESIAN_POINT('',(-5.000004577637,-6.666667175293));
#9741 = VECTOR('',#9742,1.);
#9742 = DIRECTION('',(0.800000219726,0.599999707031));
#9743 = ( GEOMETRIC_REPRESENTATION_CONTEXT(2) 
PARAMETRIC_REPRESENTATION_CONTEXT() REPRESENTATION_CONTEXT('2D SPACE',''
  ) );
#9744 = ADVANCED_FACE('',(#9745),#9757,.T.);
#9745 = FACE_BOUND('',#9746,.T.);
#9746 = EDGE_LOOP('',(#9747,#9779,#9801));
#9747 = ORIENTED_EDGE('',*,*,#9748,.T.);
#9748 = EDGE_CURVE('',#9749,#8761,#9751,.T.);
#9749 = VERTEX_POINT('',#9750);
#9750 = CARTESIAN_POINT('',(-186.5533294677,53.5,-1.));
#9751 = SURFACE_CURVE('',#9752,(#9756,#9768),.PCURVE_S1.);
#9752 = LINE('',#9753,#9754);
#9753 = CARTESIAN_POINT('',(-186.5533294677,53.5,-1.));
#9754 = VECTOR('',#9755,1.);
#9755 = DIRECTION('',(-9.204484157569E-02,0.280424410628,0.955452718382)
  );
#9756 = PCURVE('',#9757,#9762);
#9757 = PLANE('',#9758);
#9758 = AXIS2_PLACEMENT_3D('',#9759,#9760,#9761);
#9759 = CARTESIAN_POINT('',(-186.6905638007,53.918099007904,
    -0.131140411545));
#9760 = DIRECTION('',(-0.950126765016,-0.311863961368,9.096950131012E-18
    ));
#9761 = DIRECTION('',(0.311863961368,-0.950126765016,0.));
#9762 = DEFINITIONAL_REPRESENTATION('',(#9763),#9767);
#9763 = LINE('',#9764,#9765);
#9764 = CARTESIAN_POINT('',(0.440045500557,-0.868859588455));
#9765 = VECTOR('',#9766,1.);
#9766 = DIRECTION('',(-0.295144207019,0.955452718382));
#9767 = ( GEOMETRIC_REPRESENTATION_CONTEXT(2) 
PARAMETRIC_REPRESENTATION_CONTEXT() REPRESENTATION_CONTEXT('2D SPACE',''
  ) );
#9768 = PCURVE('',#9769,#9774);
#9769 = PLANE('',#9770);
#9770 = AXIS2_PLACEMENT_3D('',#9771,#9772,#9773);
#9771 = CARTESIAN_POINT('',(-186.6087678642,53.668898977936,
    0.131140411545));
#9772 = DIRECTION('',(-0.950126765016,-0.311863961368,3.638780052405E-17
    ));
#9773 = DIRECTION('',(0.311863961368,-0.950126765016,0.));
#9774 = DEFINITIONAL_REPRESENTATION('',(#9775),#9778);
#9775 = B_SPLINE_CURVE_WITH_KNOTS('',1,(#9776,#9777),.UNSPECIFIED.,.F.,
  .F.,(2,2),(0.,2.093248531845),.PIECEWISE_BEZIER_KNOTS.);
#9776 = CARTESIAN_POINT('',(0.177764677467,-1.131140411545));
#9777 = CARTESIAN_POINT('',(-0.440045500557,0.868859588455));
#9778 = ( GEOMETRIC_REPRESENTATION_CONTEXT(2) 
PARAMETRIC_REPRESENTATION_CONTEXT() REPRESENTATION_CONTEXT('2D SPACE',''
  ) );
#9779 = ORIENTED_EDGE('',*,*,#9780,.T.);
#9780 = EDGE_CURVE('',#8761,#9781,#9783,.T.);
#9781 = VERTEX_POINT('',#9782);
#9782 = CARTESIAN_POINT('',(-186.7460021972,54.08699798584,-1.));
#9783 = SURFACE_CURVE('',#9784,(#9788,#9795),.PCURVE_S1.);
#9784 = LINE('',#9785,#9786);
#9785 = CARTESIAN_POINT('',(-186.7460021972,54.08699798584,1.));
#9786 = VECTOR('',#9787,1.);
#9787 = DIRECTION('',(0.,0.,-1.));
#9788 = PCURVE('',#9757,#9789);
#9789 = DEFINITIONAL_REPRESENTATION('',(#9790),#9794);
#9790 = LINE('',#9791,#9792);
#9791 = CARTESIAN_POINT('',(-0.177764677467,1.131140411545));
#9792 = VECTOR('',#9793,1.);
#9793 = DIRECTION('',(3.851859888774E-34,-1.));
#9794 = ( GEOMETRIC_REPRESENTATION_CONTEXT(2) 
PARAMETRIC_REPRESENTATION_CONTEXT() REPRESENTATION_CONTEXT('2D SPACE',''
  ) );
#9795 = PCURVE('',#8801,#9796);
#9796 = DEFINITIONAL_REPRESENTATION('',(#9797),#9800);
#9797 = B_SPLINE_CURVE_WITH_KNOTS('',1,(#9798,#9799),.UNSPECIFIED.,.F.,
  .F.,(2,2),(0.,2.),.PIECEWISE_BEZIER_KNOTS.);
#9798 = CARTESIAN_POINT('',(0.183276904839,0.865883872599));
#9799 = CARTESIAN_POINT('',(0.183276904839,-1.134116127401));
#9800 = ( GEOMETRIC_REPRESENTATION_CONTEXT(2) 
PARAMETRIC_REPRESENTATION_CONTEXT() REPRESENTATION_CONTEXT('2D SPACE',''
  ) );
#9801 = ORIENTED_EDGE('',*,*,#9802,.T.);
#9802 = EDGE_CURVE('',#9781,#9749,#9803,.T.);
#9803 = SURFACE_CURVE('',#9804,(#9808,#9815),.PCURVE_S1.);
#9804 = LINE('',#9805,#9806);
#9805 = CARTESIAN_POINT('',(-186.7460021972,54.08699798584,-1.));
#9806 = VECTOR('',#9807,1.);
#9807 = DIRECTION('',(0.311863961368,-0.950126765016,0.));
#9808 = PCURVE('',#9757,#9809);
#9809 = DEFINITIONAL_REPRESENTATION('',(#9810),#9814);
#9810 = LINE('',#9811,#9812);
#9811 = CARTESIAN_POINT('',(-0.177764677467,-0.868859588455));
#9812 = VECTOR('',#9813,1.);
#9813 = DIRECTION('',(1.,-5.049821744658E-34));
#9814 = ( GEOMETRIC_REPRESENTATION_CONTEXT(2) 
PARAMETRIC_REPRESENTATION_CONTEXT() REPRESENTATION_CONTEXT('2D SPACE',''
  ) );
#9815 = PCURVE('',#9816,#9821);
#9816 = PLANE('',#9817);
#9817 = AXIS2_PLACEMENT_3D('',#9818,#9819,#9820);
#9818 = CARTESIAN_POINT('',(-185.2135809338,57.255282066591,-1.));
#9819 = DIRECTION('',(-0.,-0.,-1.));
#9820 = DIRECTION('',(-1.,0.,0.));
#9821 = DEFINITIONAL_REPRESENTATION('',(#9822),#9825);
#9822 = B_SPLINE_CURVE_WITH_KNOTS('',1,(#9823,#9824),.UNSPECIFIED.,.F.,
  .F.,(2,2),(0.,0.617810178024),.PIECEWISE_BEZIER_KNOTS.);
#9823 = CARTESIAN_POINT('',(1.532421263445,-3.168284080751));
#9824 = CARTESIAN_POINT('',(1.339748533953,-3.755282066591));
#9825 = ( GEOMETRIC_REPRESENTATION_CONTEXT(2) 
PARAMETRIC_REPRESENTATION_CONTEXT() REPRESENTATION_CONTEXT('2D SPACE',''
  ) );
#9826 = ADVANCED_FACE('',(#9827),#9769,.T.);
#9827 = FACE_BOUND('',#9828,.T.);
#9828 = EDGE_LOOP('',(#9829,#9851,#9852));
#9829 = ORIENTED_EDGE('',*,*,#9830,.T.);
#9830 = EDGE_CURVE('',#9831,#8761,#9833,.T.);
#9831 = VERTEX_POINT('',#9832);
#9832 = CARTESIAN_POINT('',(-186.5533294677,53.5,1.));
#9833 = SURFACE_CURVE('',#9834,(#9838,#9845),.PCURVE_S1.);
#9834 = LINE('',#9835,#9836);
#9835 = CARTESIAN_POINT('',(-186.5533294677,53.5,1.));
#9836 = VECTOR('',#9837,1.);
#9837 = DIRECTION('',(-0.311863961368,0.950126765016,0.));
#9838 = PCURVE('',#9769,#9839);
#9839 = DEFINITIONAL_REPRESENTATION('',(#9840),#9844);
#9840 = LINE('',#9841,#9842);
#9841 = CARTESIAN_POINT('',(0.177764677467,0.868859588455));
#9842 = VECTOR('',#9843,1.);
#9843 = DIRECTION('',(-1.,6.05978609359E-33));
#9844 = ( GEOMETRIC_REPRESENTATION_CONTEXT(2) 
PARAMETRIC_REPRESENTATION_CONTEXT() REPRESENTATION_CONTEXT('2D SPACE',''
  ) );
#9845 = PCURVE('',#8776,#9846);
#9846 = DEFINITIONAL_REPRESENTATION('',(#9847),#9850);
#9847 = B_SPLINE_CURVE_WITH_KNOTS('',1,(#9848,#9849),.UNSPECIFIED.,.F.,
  .F.,(2,2),(0.,0.617810178024),.PIECEWISE_BEZIER_KNOTS.);
#9848 = CARTESIAN_POINT('',(-1.339748533953,-3.755282066591));
#9849 = CARTESIAN_POINT('',(-1.532421263445,-3.168284080751));
#9850 = ( GEOMETRIC_REPRESENTATION_CONTEXT(2) 
PARAMETRIC_REPRESENTATION_CONTEXT() REPRESENTATION_CONTEXT('2D SPACE',''
  ) );
#9851 = ORIENTED_EDGE('',*,*,#9748,.F.);
#9852 = ORIENTED_EDGE('',*,*,#9853,.F.);
#9853 = EDGE_CURVE('',#9831,#9749,#9854,.T.);
#9854 = SURFACE_CURVE('',#9855,(#9859,#9865),.PCURVE_S1.);
#9855 = LINE('',#9856,#9857);
#9856 = CARTESIAN_POINT('',(-186.5533294677,53.5,1.));
#9857 = VECTOR('',#9858,1.);
#9858 = DIRECTION('',(0.,0.,-1.));
#9859 = PCURVE('',#9769,#9860);
#9860 = DEFINITIONAL_REPRESENTATION('',(#9861),#9864);
#9861 = B_SPLINE_CURVE_WITH_KNOTS('',1,(#9862,#9863),.UNSPECIFIED.,.F.,
  .F.,(2,2),(0.,2.),.PIECEWISE_BEZIER_KNOTS.);
#9862 = CARTESIAN_POINT('',(0.177764677467,0.868859588455));
#9863 = CARTESIAN_POINT('',(0.177764677467,-1.131140411545));
#9864 = ( GEOMETRIC_REPRESENTATION_CONTEXT(2) 
PARAMETRIC_REPRESENTATION_CONTEXT() REPRESENTATION_CONTEXT('2D SPACE',''
  ) );
#9865 = PCURVE('',#9866,#9871);
#9866 = PLANE('',#9867);
#9867 = AXIS2_PLACEMENT_3D('',#9868,#9869,#9870);
#9868 = CARTESIAN_POINT('',(-186.4840183944,53.344186661691,
    0.127162789519));
#9869 = DIRECTION('',(-0.913679396789,-0.406435677424,
    -1.824416105188E-17));
#9870 = DIRECTION('',(0.406435677424,-0.913679396789,0.));
#9871 = DEFINITIONAL_REPRESENTATION('',(#9872),#9876);
#9872 = LINE('',#9873,#9874);
#9873 = CARTESIAN_POINT('',(-0.170533930016,0.872837210481));
#9874 = VECTOR('',#9875,1.);
#9875 = DIRECTION('',(0.,-1.));
#9876 = ( GEOMETRIC_REPRESENTATION_CONTEXT(2) 
PARAMETRIC_REPRESENTATION_CONTEXT() REPRESENTATION_CONTEXT('2D SPACE',''
  ) );
#9877 = ADVANCED_FACE('',(#9878),#9892,.T.);
#9878 = FACE_BOUND('',#9879,.T.);
#9879 = EDGE_LOOP('',(#9880,#9914,#9941));
#9880 = ORIENTED_EDGE('',*,*,#9881,.T.);
#9881 = EDGE_CURVE('',#9882,#9884,#9886,.T.);
#9882 = VERTEX_POINT('',#9883);
#9883 = CARTESIAN_POINT('',(-186.311340332,52.956001281738,-1.));
#9884 = VERTEX_POINT('',#9885);
#9885 = CARTESIAN_POINT('',(-186.0240020751,52.463996887207,1.));
#9886 = SURFACE_CURVE('',#9887,(#9891,#9903),.PCURVE_S1.);
#9887 = LINE('',#9888,#9889);
#9888 = CARTESIAN_POINT('',(-186.311340332,52.956001281738,-1.));
#9889 = VECTOR('',#9890,1.);
#9890 = DIRECTION('',(0.138171634199,-0.236588931714,0.96173503466));
#9891 = PCURVE('',#9892,#9897);
#9892 = PLANE('',#9893);
#9893 = AXIS2_PLACEMENT_3D('',#9894,#9895,#9896);
#9894 = CARTESIAN_POINT('',(-186.2294731573,52.815821515418,
    0.122547412784));
#9895 = DIRECTION('',(-0.863522358744,-0.504310555065,-0.));
#9896 = DIRECTION('',(0.504310555065,-0.863522358744,0.));
#9897 = DEFINITIONAL_REPRESENTATION('',(#9898),#9902);
#9898 = LINE('',#9899,#9900);
#9899 = CARTESIAN_POINT('',(-0.162334842753,-1.122547412784));
#9900 = VECTOR('',#9901,1.);
#9901 = DIRECTION('',(0.273981245903,0.96173503466));
#9902 = ( GEOMETRIC_REPRESENTATION_CONTEXT(2) 
PARAMETRIC_REPRESENTATION_CONTEXT() REPRESENTATION_CONTEXT('2D SPACE',''
  ) );
#9903 = PCURVE('',#9904,#9909);
#9904 = PLANE('',#9905);
#9905 = AXIS2_PLACEMENT_3D('',#9906,#9907,#9908);
#9906 = CARTESIAN_POINT('',(-186.1058692498,52.604176653527,
    -0.122547412784));
#9907 = DIRECTION('',(-0.863522358744,-0.504310555065,
    -1.830480330989E-17));
#9908 = DIRECTION('',(0.504310555065,-0.863522358744,1.54074395551E-33)
  );
#9909 = DEFINITIONAL_REPRESENTATION('',(#9910),#9913);
#9910 = B_SPLINE_CURVE_WITH_KNOTS('',1,(#9911,#9912),.UNSPECIFIED.,.F.,
  .F.,(2,2),(0.,2.079574859936),.PIECEWISE_BEZIER_KNOTS.);
#9911 = CARTESIAN_POINT('',(-0.407429668322,-0.877452587216));
#9912 = CARTESIAN_POINT('',(0.162334842753,1.122547412784));
#9913 = ( GEOMETRIC_REPRESENTATION_CONTEXT(2) 
PARAMETRIC_REPRESENTATION_CONTEXT() REPRESENTATION_CONTEXT('2D SPACE',''
  ) );
#9914 = ORIENTED_EDGE('',*,*,#9915,.T.);
#9915 = EDGE_CURVE('',#9884,#9916,#9918,.T.);
#9916 = VERTEX_POINT('',#9917);
#9917 = CARTESIAN_POINT('',(-186.311340332,52.956001281738,1.));
#9918 = SURFACE_CURVE('',#9919,(#9923,#9930),.PCURVE_S1.);
#9919 = LINE('',#9920,#9921);
#9920 = CARTESIAN_POINT('',(-186.0240020751,52.463996887207,1.));
#9921 = VECTOR('',#9922,1.);
#9922 = DIRECTION('',(-0.504310555065,0.863522358744,0.));
#9923 = PCURVE('',#9892,#9924);
#9924 = DEFINITIONAL_REPRESENTATION('',(#9925),#9929);
#9925 = LINE('',#9926,#9927);
#9926 = CARTESIAN_POINT('',(0.407429668322,0.877452587216));
#9927 = VECTOR('',#9928,1.);
#9928 = DIRECTION('',(-1.,0.));
#9929 = ( GEOMETRIC_REPRESENTATION_CONTEXT(2) 
PARAMETRIC_REPRESENTATION_CONTEXT() REPRESENTATION_CONTEXT('2D SPACE',''
  ) );
#9930 = PCURVE('',#9931,#9936);
#9931 = PLANE('',#9932);
#9932 = AXIS2_PLACEMENT_3D('',#9933,#9934,#9935);
#9933 = CARTESIAN_POINT('',(-184.9554338067,56.720343242687,1.));
#9934 = DIRECTION('',(0.,0.,1.));
#9935 = DIRECTION('',(1.,0.,-0.));
#9936 = DEFINITIONAL_REPRESENTATION('',(#9937),#9940);
#9937 = B_SPLINE_CURVE_WITH_KNOTS('',1,(#9938,#9939),.UNSPECIFIED.,.F.,
  .F.,(2,2),(0.,0.569764511074),.PIECEWISE_BEZIER_KNOTS.);
#9938 = CARTESIAN_POINT('',(-1.068568268427,-4.25634635548));
#9939 = CARTESIAN_POINT('',(-1.355906525263,-3.764341960948));
#9940 = ( GEOMETRIC_REPRESENTATION_CONTEXT(2) 
PARAMETRIC_REPRESENTATION_CONTEXT() REPRESENTATION_CONTEXT('2D SPACE',''
  ) );
#9941 = ORIENTED_EDGE('',*,*,#9942,.T.);
#9942 = EDGE_CURVE('',#9916,#9882,#9943,.T.);
#9943 = SURFACE_CURVE('',#9944,(#9948,#9955),.PCURVE_S1.);
#9944 = LINE('',#9945,#9946);
#9945 = CARTESIAN_POINT('',(-186.311340332,52.956001281738,1.));
#9946 = VECTOR('',#9947,1.);
#9947 = DIRECTION('',(0.,0.,-1.));
#9948 = PCURVE('',#9892,#9949);
#9949 = DEFINITIONAL_REPRESENTATION('',(#9950),#9954);
#9950 = LINE('',#9951,#9952);
#9951 = CARTESIAN_POINT('',(-0.162334842753,0.877452587216));
#9952 = VECTOR('',#9953,1.);
#9953 = DIRECTION('',(0.,-1.));
#9954 = ( GEOMETRIC_REPRESENTATION_CONTEXT(2) 
PARAMETRIC_REPRESENTATION_CONTEXT() REPRESENTATION_CONTEXT('2D SPACE',''
  ) );
#9955 = PCURVE('',#9956,#9961);
#9956 = PLANE('',#9957);
#9957 = AXIS2_PLACEMENT_3D('',#9958,#9959,#9960);
#9958 = CARTESIAN_POINT('',(-186.3806514054,53.111814620047,
    -0.127162789519));
#9959 = DIRECTION('',(-0.913679396789,-0.406435677424,
    -1.824416105188E-17));
#9960 = DIRECTION('',(0.406435677424,-0.913679396789,7.703719777549E-34)
  );
#9961 = DEFINITIONAL_REPRESENTATION('',(#9962),#9965);
#9962 = B_SPLINE_CURVE_WITH_KNOTS('',1,(#9963,#9964),.UNSPECIFIED.,.F.,
  .F.,(2,2),(0.,2.),.PIECEWISE_BEZIER_KNOTS.);
#9963 = CARTESIAN_POINT('',(0.170533930016,1.127162789519));
#9964 = CARTESIAN_POINT('',(0.170533930016,-0.872837210481));
#9965 = ( GEOMETRIC_REPRESENTATION_CONTEXT(2) 
PARAMETRIC_REPRESENTATION_CONTEXT() REPRESENTATION_CONTEXT('2D SPACE',''
  ) );
#9966 = ADVANCED_FACE('',(#9967),#9904,.T.);
#9967 = FACE_BOUND('',#9968,.T.);
#9968 = EDGE_LOOP('',(#9969,#9996,#9997));
#9969 = ORIENTED_EDGE('',*,*,#9970,.T.);
#9970 = EDGE_CURVE('',#9971,#9884,#9973,.T.);
#9971 = VERTEX_POINT('',#9972);
#9972 = CARTESIAN_POINT('',(-186.0240020751,52.463996887207,-1.));
#9973 = SURFACE_CURVE('',#9974,(#9978,#9985),.PCURVE_S1.);
#9974 = LINE('',#9975,#9976);
#9975 = CARTESIAN_POINT('',(-186.0240020751,52.463996887207,-1.));
#9976 = VECTOR('',#9977,1.);
#9977 = DIRECTION('',(0.,0.,1.));
#9978 = PCURVE('',#9904,#9979);
#9979 = DEFINITIONAL_REPRESENTATION('',(#9980),#9984);
#9980 = LINE('',#9981,#9982);
#9981 = CARTESIAN_POINT('',(0.162334842753,-0.877452587216));
#9982 = VECTOR('',#9983,1.);
#9983 = DIRECTION('',(0.,1.));
#9984 = ( GEOMETRIC_REPRESENTATION_CONTEXT(2) 
PARAMETRIC_REPRESENTATION_CONTEXT() REPRESENTATION_CONTEXT('2D SPACE',''
  ) );
#9985 = PCURVE('',#9986,#9991);
#9986 = PLANE('',#9987);
#9987 = AXIS2_PLACEMENT_3D('',#9988,#9989,#9990);
#9988 = CARTESIAN_POINT('',(-185.9310945669,52.34191531493,
    0.117393911669));
#9989 = DIRECTION('',(-0.795767892256,-0.605601735181,3.675090132472E-17
    ));
#9990 = DIRECTION('',(0.605601735181,-0.795767892256,0.));
#9991 = DEFINITIONAL_REPRESENTATION('',(#9992),#9995);
#9992 = B_SPLINE_CURVE_WITH_KNOTS('',1,(#9993,#9994),.UNSPECIFIED.,.F.,
  .F.,(2,2),(0.,2.),.PIECEWISE_BEZIER_KNOTS.);
#9993 = CARTESIAN_POINT('',(-0.153413543654,-1.117393911669));
#9994 = CARTESIAN_POINT('',(-0.153413543654,0.882606088331));
#9995 = ( GEOMETRIC_REPRESENTATION_CONTEXT(2) 
PARAMETRIC_REPRESENTATION_CONTEXT() REPRESENTATION_CONTEXT('2D SPACE',''
  ) );
#9996 = ORIENTED_EDGE('',*,*,#9881,.F.);
#9997 = ORIENTED_EDGE('',*,*,#9998,.T.);
#9998 = EDGE_CURVE('',#9882,#9971,#9999,.T.);
#9999 = SURFACE_CURVE('',#10000,(#10004,#10011),.PCURVE_S1.);
#10000 = LINE('',#10001,#10002);
#10001 = CARTESIAN_POINT('',(-186.311340332,52.956001281738,-1.));
#10002 = VECTOR('',#10003,1.);
#10003 = DIRECTION('',(0.504310555065,-0.863522358744,0.));
#10004 = PCURVE('',#9904,#10005);
#10005 = DEFINITIONAL_REPRESENTATION('',(#10006),#10010);
#10006 = LINE('',#10007,#10008);
#10007 = CARTESIAN_POINT('',(-0.407429668322,-0.877452587216));
#10008 = VECTOR('',#10009,1.);
#10009 = DIRECTION('',(1.,-1.049246501432E-33));
#10010 = ( GEOMETRIC_REPRESENTATION_CONTEXT(2) 
PARAMETRIC_REPRESENTATION_CONTEXT() REPRESENTATION_CONTEXT('2D SPACE',''
  ) );
#10011 = PCURVE('',#10012,#10017);
#10012 = PLANE('',#10013);
#10013 = AXIS2_PLACEMENT_3D('',#10014,#10015,#10016);
#10014 = CARTESIAN_POINT('',(-184.9554338067,56.720343242687,-1.));
#10015 = DIRECTION('',(-0.,-0.,-1.));
#10016 = DIRECTION('',(-1.,0.,0.));
#10017 = DEFINITIONAL_REPRESENTATION('',(#10018),#10021);
#10018 = B_SPLINE_CURVE_WITH_KNOTS('',1,(#10019,#10020),.UNSPECIFIED.,
  .F.,.F.,(2,2),(0.,0.569764511074),.PIECEWISE_BEZIER_KNOTS.);
#10019 = CARTESIAN_POINT('',(1.355906525263,-3.764341960948));
#10020 = CARTESIAN_POINT('',(1.068568268427,-4.25634635548));
#10021 = ( GEOMETRIC_REPRESENTATION_CONTEXT(2) 
PARAMETRIC_REPRESENTATION_CONTEXT() REPRESENTATION_CONTEXT('2D SPACE',''
  ) );
#10022 = ADVANCED_FACE('',(#10023),#9956,.T.);
#10023 = FACE_BOUND('',#10024,.T.);
#10024 = EDGE_LOOP('',(#10025,#10026,#10046));
#10025 = ORIENTED_EDGE('',*,*,#9942,.F.);
#10026 = ORIENTED_EDGE('',*,*,#10027,.F.);
#10027 = EDGE_CURVE('',#9749,#9916,#10028,.T.);
#10028 = SURFACE_CURVE('',#10029,(#10033,#10039),.PCURVE_S1.);
#10029 = LINE('',#10030,#10031);
#10030 = CARTESIAN_POINT('',(-186.5533294677,53.5,-1.));
#10031 = VECTOR('',#10032,1.);
#10032 = DIRECTION('',(0.115965032168,-0.260692814449,0.958431723081));
#10033 = PCURVE('',#9956,#10034);
#10034 = DEFINITIONAL_REPRESENTATION('',(#10035),#10038);
#10035 = B_SPLINE_CURVE_WITH_KNOTS('',1,(#10036,#10037),.UNSPECIFIED.,
  .F.,.F.,(2,2),(0.,2.086742280994),.PIECEWISE_BEZIER_KNOTS.);
#10036 = CARTESIAN_POINT('',(-0.424859509054,-0.872837210481));
#10037 = CARTESIAN_POINT('',(0.170533930016,1.127162789519));
#10038 = ( GEOMETRIC_REPRESENTATION_CONTEXT(2) 
PARAMETRIC_REPRESENTATION_CONTEXT() REPRESENTATION_CONTEXT('2D SPACE',''
  ) );
#10039 = PCURVE('',#9866,#10040);
#10040 = DEFINITIONAL_REPRESENTATION('',(#10041),#10045);
#10041 = LINE('',#10042,#10043);
#10042 = CARTESIAN_POINT('',(-0.170533930016,-1.127162789519));
#10043 = VECTOR('',#10044,1.);
#10044 = DIRECTION('',(0.28532197986,0.958431723081));
#10045 = ( GEOMETRIC_REPRESENTATION_CONTEXT(2) 
PARAMETRIC_REPRESENTATION_CONTEXT() REPRESENTATION_CONTEXT('2D SPACE',''
  ) );
#10046 = ORIENTED_EDGE('',*,*,#10047,.T.);
#10047 = EDGE_CURVE('',#9749,#9882,#10048,.T.);
#10048 = SURFACE_CURVE('',#10049,(#10053,#10060),.PCURVE_S1.);
#10049 = LINE('',#10050,#10051);
#10050 = CARTESIAN_POINT('',(-186.5533294677,53.5,-1.));
#10051 = VECTOR('',#10052,1.);
#10052 = DIRECTION('',(0.406435677424,-0.913679396789,0.));
#10053 = PCURVE('',#9956,#10054);
#10054 = DEFINITIONAL_REPRESENTATION('',(#10055),#10059);
#10055 = LINE('',#10056,#10057);
#10056 = CARTESIAN_POINT('',(-0.424859509054,-0.872837210481));
#10057 = VECTOR('',#10058,1.);
#10058 = DIRECTION('',(1.,2.423824054836E-34));
#10059 = ( GEOMETRIC_REPRESENTATION_CONTEXT(2) 
PARAMETRIC_REPRESENTATION_CONTEXT() REPRESENTATION_CONTEXT('2D SPACE',''
  ) );
#10060 = PCURVE('',#10061,#10066);
#10061 = PLANE('',#10062);
#10062 = AXIS2_PLACEMENT_3D('',#10063,#10064,#10065);
#10063 = CARTESIAN_POINT('',(-185.0961273198,56.975261029575,-1.));
#10064 = DIRECTION('',(-0.,-0.,-1.));
#10065 = DIRECTION('',(-1.,0.,0.));
#10066 = DEFINITIONAL_REPRESENTATION('',(#10067),#10070);
#10067 = B_SPLINE_CURVE_WITH_KNOTS('',1,(#10068,#10069),.UNSPECIFIED.,
  .F.,.F.,(2,2),(0.,0.59539343907),.PIECEWISE_BEZIER_KNOTS.);
#10068 = CARTESIAN_POINT('',(1.457202147891,-3.475261029575));
#10069 = CARTESIAN_POINT('',(1.215213012149,-4.019259747837));
#10070 = ( GEOMETRIC_REPRESENTATION_CONTEXT(2) 
PARAMETRIC_REPRESENTATION_CONTEXT() REPRESENTATION_CONTEXT('2D SPACE',''
  ) );
#10071 = ADVANCED_FACE('',(#10072),#9866,.T.);
#10072 = FACE_BOUND('',#10073,.T.);
#10073 = EDGE_LOOP('',(#10074,#10075,#10100));
#10074 = ORIENTED_EDGE('',*,*,#10027,.T.);
#10075 = ORIENTED_EDGE('',*,*,#10076,.T.);
#10076 = EDGE_CURVE('',#9916,#9831,#10077,.T.);
#10077 = SURFACE_CURVE('',#10078,(#10082,#10089),.PCURVE_S1.);
#10078 = LINE('',#10079,#10080);
#10079 = CARTESIAN_POINT('',(-186.311340332,52.956001281738,1.));
#10080 = VECTOR('',#10081,1.);
#10081 = DIRECTION('',(-0.406435677424,0.913679396789,0.));
#10082 = PCURVE('',#9866,#10083);
#10083 = DEFINITIONAL_REPRESENTATION('',(#10084),#10088);
#10084 = LINE('',#10085,#10086);
#10085 = CARTESIAN_POINT('',(0.424859509054,0.872837210481));
#10086 = VECTOR('',#10087,1.);
#10087 = DIRECTION('',(-1.,1.012754383239E-33));
#10088 = ( GEOMETRIC_REPRESENTATION_CONTEXT(2) 
PARAMETRIC_REPRESENTATION_CONTEXT() REPRESENTATION_CONTEXT('2D SPACE',''
  ) );
#10089 = PCURVE('',#10090,#10095);
#10090 = PLANE('',#10091);
#10091 = AXIS2_PLACEMENT_3D('',#10092,#10093,#10094);
#10092 = CARTESIAN_POINT('',(-185.0961273198,56.975261029575,1.));
#10093 = DIRECTION('',(0.,0.,1.));
#10094 = DIRECTION('',(1.,0.,-0.));
#10095 = DEFINITIONAL_REPRESENTATION('',(#10096),#10099);
#10096 = B_SPLINE_CURVE_WITH_KNOTS('',1,(#10097,#10098),.UNSPECIFIED.,
  .F.,.F.,(2,2),(0.,0.59539343907),.PIECEWISE_BEZIER_KNOTS.);
#10097 = CARTESIAN_POINT('',(-1.215213012149,-4.019259747837));
#10098 = CARTESIAN_POINT('',(-1.457202147891,-3.475261029575));
#10099 = ( GEOMETRIC_REPRESENTATION_CONTEXT(2) 
PARAMETRIC_REPRESENTATION_CONTEXT() REPRESENTATION_CONTEXT('2D SPACE',''
  ) );
#10100 = ORIENTED_EDGE('',*,*,#9853,.T.);
#10101 = ADVANCED_FACE('',(#10102),#8801,.T.);
#10102 = FACE_BOUND('',#10103,.T.);
#10103 = EDGE_LOOP('',(#10104,#10129,#10130));
#10104 = ORIENTED_EDGE('',*,*,#10105,.T.);
#10105 = EDGE_CURVE('',#8705,#9781,#10106,.T.);
#10106 = SURFACE_CURVE('',#10107,(#10111,#10118),.PCURVE_S1.);
#10107 = LINE('',#10108,#10109);
#10108 = CARTESIAN_POINT('',(-186.8866729736,54.706001281738,1.));
#10109 = VECTOR('',#10110,1.);
#10110 = DIRECTION('',(6.703966607992E-02,-0.294999255219,
    -0.953142760866));
#10111 = PCURVE('',#8801,#10112);
#10112 = DEFINITIONAL_REPRESENTATION('',(#10113),#10117);
#10113 = LINE('',#10114,#10115);
#10114 = CARTESIAN_POINT('',(-0.45150915964,0.865883872599));
#10115 = VECTOR('',#10116,1.);
#10116 = DIRECTION('',(0.302520871029,-0.953142760866));
#10117 = ( GEOMETRIC_REPRESENTATION_CONTEXT(2) 
PARAMETRIC_REPRESENTATION_CONTEXT() REPRESENTATION_CONTEXT('2D SPACE',''
  ) );
#10118 = PCURVE('',#10119,#10124);
#10119 = PLANE('',#10120);
#10120 = AXIS2_PLACEMENT_3D('',#10121,#10122,#10123);
#10121 = CARTESIAN_POINT('',(-186.8460581808,54.52728121445,
    -0.134116127401));
#10122 = DIRECTION('',(-0.975136869784,-0.221603441283,
    -1.815751672535E-17));
#10123 = DIRECTION('',(0.221603441283,-0.975136869784,0.));
#10124 = DEFINITIONAL_REPRESENTATION('',(#10125),#10128);
#10125 = B_SPLINE_CURVE_WITH_KNOTS('',1,(#10126,#10127),.UNSPECIFIED.,
  .F.,.F.,(2,2),(0.,2.098321554876),.PIECEWISE_BEZIER_KNOTS.);
#10126 = CARTESIAN_POINT('',(-0.183276904839,1.134116127401));
#10127 = CARTESIAN_POINT('',(0.45150915964,-0.865883872599));
#10128 = ( GEOMETRIC_REPRESENTATION_CONTEXT(2) 
PARAMETRIC_REPRESENTATION_CONTEXT() REPRESENTATION_CONTEXT('2D SPACE',''
  ) );
#10129 = ORIENTED_EDGE('',*,*,#9780,.F.);
#10130 = ORIENTED_EDGE('',*,*,#8788,.T.);
#10131 = ADVANCED_FACE('',(#10132),#9816,.T.);
#10132 = FACE_BOUND('',#10133,.T.);
#10133 = EDGE_LOOP('',(#10134,#10154,#10155));
#10134 = ORIENTED_EDGE('',*,*,#10135,.T.);
#10135 = EDGE_CURVE('',#9694,#9749,#10136,.T.);
#10136 = SURFACE_CURVE('',#10137,(#10141,#10148),.PCURVE_S1.);
#10137 = LINE('',#10138,#10139);
#10138 = CARTESIAN_POINT('',(-183.6666717529,61.,-1.));
#10139 = VECTOR('',#10140,1.);
#10140 = DIRECTION('',(-0.359200456421,-0.933260431019,0.));
#10141 = PCURVE('',#9816,#10142);
#10142 = DEFINITIONAL_REPRESENTATION('',(#10143),#10147);
#10143 = LINE('',#10144,#10145);
#10144 = CARTESIAN_POINT('',(-1.546909180891,3.744717933409));
#10145 = VECTOR('',#10146,1.);
#10146 = DIRECTION('',(0.359200456421,-0.933260431019));
#10147 = ( GEOMETRIC_REPRESENTATION_CONTEXT(2) 
PARAMETRIC_REPRESENTATION_CONTEXT() REPRESENTATION_CONTEXT('2D SPACE',''
  ) );
#10148 = PCURVE('',#10061,#10149);
#10149 = DEFINITIONAL_REPRESENTATION('',(#10150),#10153);
#10150 = B_SPLINE_CURVE_WITH_KNOTS('',1,(#10151,#10152),.UNSPECIFIED.,
  .F.,.F.,(2,2),(0.,8.03634200135),.PIECEWISE_BEZIER_KNOTS.);
#10151 = CARTESIAN_POINT('',(-1.429455566953,4.024738970425));
#10152 = CARTESIAN_POINT('',(1.457202147891,-3.475261029575));
#10153 = ( GEOMETRIC_REPRESENTATION_CONTEXT(2) 
PARAMETRIC_REPRESENTATION_CONTEXT() REPRESENTATION_CONTEXT('2D SPACE',''
  ) );
#10154 = ORIENTED_EDGE('',*,*,#9802,.F.);
#10155 = ORIENTED_EDGE('',*,*,#10156,.F.);
#10156 = EDGE_CURVE('',#9694,#9781,#10157,.T.);
#10157 = SURFACE_CURVE('',#10158,(#10162,#10168),.PCURVE_S1.);
#10158 = LINE('',#10159,#10160);
#10159 = CARTESIAN_POINT('',(-183.6666717529,61.,-1.));
#10160 = VECTOR('',#10161,1.);
#10161 = DIRECTION('',(-0.406898044964,-0.913473579806,0.));
#10162 = PCURVE('',#9816,#10163);
#10163 = DEFINITIONAL_REPRESENTATION('',(#10164),#10167);
#10164 = B_SPLINE_CURVE_WITH_KNOTS('',1,(#10165,#10166),.UNSPECIFIED.,
  .F.,.F.,(2,2),(0.,7.567818234683),.PIECEWISE_BEZIER_KNOTS.);
#10165 = CARTESIAN_POINT('',(-1.546909180891,3.744717933409));
#10166 = CARTESIAN_POINT('',(1.532421263445,-3.168284080751));
#10167 = ( GEOMETRIC_REPRESENTATION_CONTEXT(2) 
PARAMETRIC_REPRESENTATION_CONTEXT() REPRESENTATION_CONTEXT('2D SPACE',''
  ) );
#10168 = PCURVE('',#10169,#10174);
#10169 = PLANE('',#10170);
#10170 = AXIS2_PLACEMENT_3D('',#10171,#10172,#10173);
#10171 = CARTESIAN_POINT('',(-185.3058145354,57.55596980521,-1.));
#10172 = DIRECTION('',(-0.,-0.,-1.));
#10173 = DIRECTION('',(-1.,0.,0.));
#10174 = DEFINITIONAL_REPRESENTATION('',(#10175),#10179);
#10175 = LINE('',#10176,#10177);
#10176 = CARTESIAN_POINT('',(-1.639142782569,3.44403019479));
#10177 = VECTOR('',#10178,1.);
#10178 = DIRECTION('',(0.406898044964,-0.913473579806));
#10179 = ( GEOMETRIC_REPRESENTATION_CONTEXT(2) 
PARAMETRIC_REPRESENTATION_CONTEXT() REPRESENTATION_CONTEXT('2D SPACE',''
  ) );
#10180 = ADVANCED_FACE('',(#10181),#10195,.T.);
#10181 = FACE_BOUND('',#10182,.T.);
#10182 = EDGE_LOOP('',(#10183,#10217,#10244));
#10183 = ORIENTED_EDGE('',*,*,#10184,.T.);
#10184 = EDGE_CURVE('',#10185,#10187,#10189,.T.);
#10185 = VERTEX_POINT('',#10186);
#10186 = CARTESIAN_POINT('',(-186.311340332,59.043998718262,-1.));
#10187 = VERTEX_POINT('',#10188);
#10188 = CARTESIAN_POINT('',(-186.0240020751,59.536003112793,-1.));
#10189 = SURFACE_CURVE('',#10190,(#10194,#10206),.PCURVE_S1.);
#10190 = LINE('',#10191,#10192);
#10191 = CARTESIAN_POINT('',(-186.311340332,59.043998718262,-1.));
#10192 = VECTOR('',#10193,1.);
#10193 = DIRECTION('',(0.504310555065,0.863522358744,0.));
#10194 = PCURVE('',#10195,#10200);
#10195 = PLANE('',#10196);
#10196 = AXIS2_PLACEMENT_3D('',#10197,#10198,#10199);
#10197 = CARTESIAN_POINT('',(-186.0107075674,59.510208452405,-1.));
#10198 = DIRECTION('',(-0.,-0.,-1.));
#10199 = DIRECTION('',(-1.,0.,0.));
#10200 = DEFINITIONAL_REPRESENTATION('',(#10201),#10205);
#10201 = LINE('',#10202,#10203);
#10202 = CARTESIAN_POINT('',(0.300632764537,-0.466209734144));
#10203 = VECTOR('',#10204,1.);
#10204 = DIRECTION('',(-0.504310555065,0.863522358744));
#10205 = ( GEOMETRIC_REPRESENTATION_CONTEXT(2) 
PARAMETRIC_REPRESENTATION_CONTEXT() REPRESENTATION_CONTEXT('2D SPACE',''
  ) );
#10206 = PCURVE('',#10207,#10212);
#10207 = PLANE('',#10208);
#10208 = AXIS2_PLACEMENT_3D('',#10209,#10210,#10211);
#10209 = CARTESIAN_POINT('',(-186.2294731573,59.184178484582,
    -0.122547412784));
#10210 = DIRECTION('',(-0.863522358744,0.504310555065,
    -3.660960661978E-17));
#10211 = DIRECTION('',(-0.504310555065,-0.863522358744,0.));
#10212 = DEFINITIONAL_REPRESENTATION('',(#10213),#10216);
#10213 = B_SPLINE_CURVE_WITH_KNOTS('',1,(#10214,#10215),.UNSPECIFIED.,
  .F.,.F.,(2,2),(0.,0.569764511074),.PIECEWISE_BEZIER_KNOTS.);
#10214 = CARTESIAN_POINT('',(0.162334842753,-0.877452587216));
#10215 = CARTESIAN_POINT('',(-0.407429668322,-0.877452587216));
#10216 = ( GEOMETRIC_REPRESENTATION_CONTEXT(2) 
PARAMETRIC_REPRESENTATION_CONTEXT() REPRESENTATION_CONTEXT('2D SPACE',''
  ) );
#10217 = ORIENTED_EDGE('',*,*,#10218,.T.);
#10218 = EDGE_CURVE('',#10187,#10219,#10221,.T.);
#10219 = VERTEX_POINT('',#10220);
#10220 = CARTESIAN_POINT('',(-185.6959991455,59.967002868652,-1.));
#10221 = SURFACE_CURVE('',#10222,(#10226,#10233),.PCURVE_S1.);
#10222 = LINE('',#10223,#10224);
#10223 = CARTESIAN_POINT('',(-186.0240020751,59.536003112793,-1.));
#10224 = VECTOR('',#10225,1.);
#10225 = DIRECTION('',(0.605601735181,0.795767892256,0.));
#10226 = PCURVE('',#10195,#10227);
#10227 = DEFINITIONAL_REPRESENTATION('',(#10228),#10232);
#10228 = LINE('',#10229,#10230);
#10229 = CARTESIAN_POINT('',(1.329450770132E-02,2.579466038764E-02));
#10230 = VECTOR('',#10231,1.);
#10231 = DIRECTION('',(-0.605601735181,0.795767892256));
#10232 = ( GEOMETRIC_REPRESENTATION_CONTEXT(2) 
PARAMETRIC_REPRESENTATION_CONTEXT() REPRESENTATION_CONTEXT('2D SPACE',''
  ) );
#10233 = PCURVE('',#10234,#10239);
#10234 = PLANE('',#10235);
#10235 = AXIS2_PLACEMENT_3D('',#10236,#10237,#10238);
#10236 = CARTESIAN_POINT('',(-185.9310945669,59.65808468507,
    -0.117393911669));
#10237 = DIRECTION('',(-0.795767892256,0.605601735181,-0.));
#10238 = DIRECTION('',(-0.605601735181,-0.795767892256,0.));
#10239 = DEFINITIONAL_REPRESENTATION('',(#10240),#10243);
#10240 = B_SPLINE_CURVE_WITH_KNOTS('',1,(#10241,#10242),.UNSPECIFIED.,
  .F.,.F.,(2,2),(0.,0.541614910646),.PIECEWISE_BEZIER_KNOTS.);
#10241 = CARTESIAN_POINT('',(0.153413543654,-0.882606088331));
#10242 = CARTESIAN_POINT('',(-0.388201366992,-0.882606088331));
#10243 = ( GEOMETRIC_REPRESENTATION_CONTEXT(2) 
PARAMETRIC_REPRESENTATION_CONTEXT() REPRESENTATION_CONTEXT('2D SPACE',''
  ) );
#10244 = ORIENTED_EDGE('',*,*,#10245,.T.);
#10245 = EDGE_CURVE('',#10219,#10185,#10246,.T.);
#10246 = SURFACE_CURVE('',#10247,(#10251,#10258),.PCURVE_S1.);
#10247 = LINE('',#10248,#10249);
#10248 = CARTESIAN_POINT('',(-185.6959991455,59.967002868652,-1.));
#10249 = VECTOR('',#10250,1.);
#10250 = DIRECTION('',(-0.554703370483,-0.832048178157,0.));
#10251 = PCURVE('',#10195,#10252);
#10252 = DEFINITIONAL_REPRESENTATION('',(#10253),#10257);
#10253 = LINE('',#10254,#10255);
#10254 = CARTESIAN_POINT('',(-0.314708421986,0.456794416247));
#10255 = VECTOR('',#10256,1.);
#10256 = DIRECTION('',(0.554703370483,-0.832048178157));
#10257 = ( GEOMETRIC_REPRESENTATION_CONTEXT(2) 
PARAMETRIC_REPRESENTATION_CONTEXT() REPRESENTATION_CONTEXT('2D SPACE',''
  ) );
#10258 = PCURVE('',#10259,#10264);
#10259 = PLANE('',#10260);
#10260 = AXIS2_PLACEMENT_3D('',#10261,#10262,#10263);
#10261 = CARTESIAN_POINT('',(-185.8357015765,59.697953820001,-1.));
#10262 = DIRECTION('',(-0.,-0.,-1.));
#10263 = DIRECTION('',(-1.,0.,0.));
#10264 = DEFINITIONAL_REPRESENTATION('',(#10265),#10268);
#10265 = B_SPLINE_CURVE_WITH_KNOTS('',1,(#10266,#10267),.UNSPECIFIED.,
  .F.,.F.,(2,2),(0.,1.109315751926),.PIECEWISE_BEZIER_KNOTS.);
#10266 = CARTESIAN_POINT('',(-0.139702431091,0.269049048651));
#10267 = CARTESIAN_POINT('',(0.475638755433,-0.653955101739));
#10268 = ( GEOMETRIC_REPRESENTATION_CONTEXT(2) 
PARAMETRIC_REPRESENTATION_CONTEXT() REPRESENTATION_CONTEXT('2D SPACE',''
  ) );
#10269 = ADVANCED_FACE('',(#10270),#10259,.T.);
#10270 = FACE_BOUND('',#10271,.T.);
#10271 = EDGE_LOOP('',(#10272,#10299,#10300));
#10272 = ORIENTED_EDGE('',*,*,#10273,.T.);
#10273 = EDGE_CURVE('',#10274,#10185,#10276,.T.);
#10274 = VERTEX_POINT('',#10275);
#10275 = CARTESIAN_POINT('',(-185.333328247,60.330001831055,-1.));
#10276 = SURFACE_CURVE('',#10277,(#10281,#10288),.PCURVE_S1.);
#10277 = LINE('',#10278,#10279);
#10278 = CARTESIAN_POINT('',(-185.333328247,60.330001831055,-1.));
#10279 = VECTOR('',#10280,1.);
#10280 = DIRECTION('',(-0.605338144041,-0.795968423601,0.));
#10281 = PCURVE('',#10259,#10282);
#10282 = DEFINITIONAL_REPRESENTATION('',(#10283),#10287);
#10283 = LINE('',#10284,#10285);
#10284 = CARTESIAN_POINT('',(-0.502373329528,0.632048011054));
#10285 = VECTOR('',#10286,1.);
#10286 = DIRECTION('',(0.605338144041,-0.795968423601));
#10287 = ( GEOMETRIC_REPRESENTATION_CONTEXT(2) 
PARAMETRIC_REPRESENTATION_CONTEXT() REPRESENTATION_CONTEXT('2D SPACE',''
  ) );
#10288 = PCURVE('',#10289,#10294);
#10289 = PLANE('',#10290);
#10290 = AXIS2_PLACEMENT_3D('',#10291,#10292,#10293);
#10291 = CARTESIAN_POINT('',(-185.6453460147,59.850440988271,-1.));
#10292 = DIRECTION('',(-0.,-0.,-1.));
#10293 = DIRECTION('',(-1.,0.,0.));
#10294 = DEFINITIONAL_REPRESENTATION('',(#10295),#10298);
#10295 = B_SPLINE_CURVE_WITH_KNOTS('',1,(#10296,#10297),.UNSPECIFIED.,
  .F.,.F.,(2,2),(0.,1.615645890795),.PIECEWISE_BEZIER_KNOTS.);
#10296 = CARTESIAN_POINT('',(-0.312017767636,0.479560842784));
#10297 = CARTESIAN_POINT('',(0.665994317324,-0.806442270009));
#10298 = ( GEOMETRIC_REPRESENTATION_CONTEXT(2) 
PARAMETRIC_REPRESENTATION_CONTEXT() REPRESENTATION_CONTEXT('2D SPACE',''
  ) );
#10299 = ORIENTED_EDGE('',*,*,#10245,.F.);
#10300 = ORIENTED_EDGE('',*,*,#10301,.T.);
#10301 = EDGE_CURVE('',#10219,#10274,#10302,.T.);
#10302 = SURFACE_CURVE('',#10303,(#10307,#10314),.PCURVE_S1.);
#10303 = LINE('',#10304,#10305);
#10304 = CARTESIAN_POINT('',(-185.6959991455,59.967002868652,-1.));
#10305 = VECTOR('',#10306,1.);
#10306 = DIRECTION('',(0.706787037072,0.707426380782,0.));
#10307 = PCURVE('',#10259,#10308);
#10308 = DEFINITIONAL_REPRESENTATION('',(#10309),#10313);
#10309 = LINE('',#10310,#10311);
#10310 = CARTESIAN_POINT('',(-0.139702431091,0.269049048651));
#10311 = VECTOR('',#10312,1.);
#10312 = DIRECTION('',(-0.706787037072,0.707426380782));
#10313 = ( GEOMETRIC_REPRESENTATION_CONTEXT(2) 
PARAMETRIC_REPRESENTATION_CONTEXT() REPRESENTATION_CONTEXT('2D SPACE',''
  ) );
#10314 = PCURVE('',#10315,#10320);
#10315 = PLANE('',#10316);
#10316 = AXIS2_PLACEMENT_3D('',#10317,#10318,#10319);
#10317 = CARTESIAN_POINT('',(-185.5938857759,60.069208607699,
    -0.112087623969));
#10318 = DIRECTION('',(-0.707426380782,0.706787037072,-0.));
#10319 = DIRECTION('',(-0.706787037072,-0.707426380782,0.));
#10320 = DEFINITIONAL_REPRESENTATION('',(#10321),#10324);
#10321 = B_SPLINE_CURVE_WITH_KNOTS('',1,(#10322,#10323),.UNSPECIFIED.,
  .F.,.F.,(2,2),(0.,0.513126131939),.PIECEWISE_BEZIER_KNOTS.);
#10322 = CARTESIAN_POINT('',(0.144475442,-0.887912376031));
#10323 = CARTESIAN_POINT('',(-0.368650689939,-0.887912376031));
#10324 = ( GEOMETRIC_REPRESENTATION_CONTEXT(2) 
PARAMETRIC_REPRESENTATION_CONTEXT() REPRESENTATION_CONTEXT('2D SPACE',''
  ) );
#10325 = ADVANCED_FACE('',(#10326),#10289,.T.);
#10326 = FACE_BOUND('',#10327,.T.);
#10327 = EDGE_LOOP('',(#10328,#10355,#10356));
#10328 = ORIENTED_EDGE('',*,*,#10329,.T.);
#10329 = EDGE_CURVE('',#10330,#10185,#10332,.T.);
#10330 = VERTEX_POINT('',#10331);
#10331 = CARTESIAN_POINT('',(-184.9420013427,60.619003295898,-1.));
#10332 = SURFACE_CURVE('',#10333,(#10337,#10344),.PCURVE_S1.);
#10333 = LINE('',#10334,#10335);
#10334 = CARTESIAN_POINT('',(-184.9420013427,60.619003295898,-1.));
#10335 = VECTOR('',#10336,1.);
#10336 = DIRECTION('',(-0.656115902296,-0.75466013725,0.));
#10337 = PCURVE('',#10289,#10338);
#10338 = DEFINITIONAL_REPRESENTATION('',(#10339),#10343);
#10339 = LINE('',#10340,#10341);
#10340 = CARTESIAN_POINT('',(-0.703344671933,0.768562307628));
#10341 = VECTOR('',#10342,1.);
#10342 = DIRECTION('',(0.656115902296,-0.75466013725));
#10343 = ( GEOMETRIC_REPRESENTATION_CONTEXT(2) 
PARAMETRIC_REPRESENTATION_CONTEXT() REPRESENTATION_CONTEXT('2D SPACE',''
  ) );
#10344 = PCURVE('',#10345,#10350);
#10345 = PLANE('',#10346);
#10346 = AXIS2_PLACEMENT_3D('',#10347,#10348,#10349);
#10347 = CARTESIAN_POINT('',(-185.442665168,59.965543919143,-1.));
#10348 = DIRECTION('',(-0.,-0.,-1.));
#10349 = DIRECTION('',(-1.,0.,0.));
#10350 = DEFINITIONAL_REPRESENTATION('',(#10351),#10354);
#10351 = B_SPLINE_CURVE_WITH_KNOTS('',1,(#10352,#10353),.UNSPECIFIED.,
  .F.,.F.,(2,2),(0.,2.087038257215),.PIECEWISE_BEZIER_KNOTS.);
#10352 = CARTESIAN_POINT('',(-0.500663825326,0.653459376755));
#10353 = CARTESIAN_POINT('',(0.868675163932,-0.921545200881));
#10354 = ( GEOMETRIC_REPRESENTATION_CONTEXT(2) 
PARAMETRIC_REPRESENTATION_CONTEXT() REPRESENTATION_CONTEXT('2D SPACE',''
  ) );
#10355 = ORIENTED_EDGE('',*,*,#10273,.F.);
#10356 = ORIENTED_EDGE('',*,*,#10357,.T.);
#10357 = EDGE_CURVE('',#10274,#10330,#10358,.T.);
#10358 = SURFACE_CURVE('',#10359,(#10363,#10370),.PCURVE_S1.);
#10359 = LINE('',#10360,#10361);
#10360 = CARTESIAN_POINT('',(-185.333328247,60.330001831055,-1.));
#10361 = VECTOR('',#10362,1.);
#10362 = DIRECTION('',(0.804412051531,0.594071756063,0.));
#10363 = PCURVE('',#10289,#10364);
#10364 = DEFINITIONAL_REPRESENTATION('',(#10365),#10369);
#10365 = LINE('',#10366,#10367);
#10366 = CARTESIAN_POINT('',(-0.312017767636,0.479560842784));
#10367 = VECTOR('',#10368,1.);
#10368 = DIRECTION('',(-0.804412051531,0.594071756063));
#10369 = ( GEOMETRIC_REPRESENTATION_CONTEXT(2) 
PARAMETRIC_REPRESENTATION_CONTEXT() REPRESENTATION_CONTEXT('2D SPACE',''
  ) );
#10370 = PCURVE('',#10371,#10376);
#10371 = PLANE('',#10372);
#10372 = AXIS2_PLACEMENT_3D('',#10373,#10374,#10375);
#10373 = CARTESIAN_POINT('',(-185.2237692987,60.410912947046,
    -0.107040295691));
#10374 = DIRECTION('',(-0.594071756063,0.804412051531,0.));
#10375 = DIRECTION('',(0.804412051531,0.594071756063,0.));
#10376 = DEFINITIONAL_REPRESENTATION('',(#10377),#10380);
#10377 = B_SPLINE_CURVE_WITH_KNOTS('',1,(#10378,#10379),.UNSPECIFIED.,
  .F.,.F.,(2,2),(0.,0.486475685629),.PIECEWISE_BEZIER_KNOTS.);
#10378 = CARTESIAN_POINT('',(-0.136197547124,0.892959704309));
#10379 = CARTESIAN_POINT('',(0.350278138505,0.892959704309));
#10380 = ( GEOMETRIC_REPRESENTATION_CONTEXT(2) 
PARAMETRIC_REPRESENTATION_CONTEXT() REPRESENTATION_CONTEXT('2D SPACE',''
  ) );
#10381 = ADVANCED_FACE('',(#10382),#10345,.T.);
#10382 = FACE_BOUND('',#10383,.T.);
#10383 = EDGE_LOOP('',(#10384,#10385,#10412));
#10384 = ORIENTED_EDGE('',*,*,#10329,.F.);
#10385 = ORIENTED_EDGE('',*,*,#10386,.T.);
#10386 = EDGE_CURVE('',#10330,#10387,#10389,.T.);
#10387 = VERTEX_POINT('',#10388);
#10388 = CARTESIAN_POINT('',(-184.5293273925,60.830001831055,-1.));
#10389 = SURFACE_CURVE('',#10390,(#10394,#10401),.PCURVE_S1.);
#10390 = LINE('',#10391,#10392);
#10391 = CARTESIAN_POINT('',(-184.9420013427,60.619003295898,-1.));
#10392 = VECTOR('',#10393,1.);
#10393 = DIRECTION('',(0.89036796554,0.455241568774,0.));
#10394 = PCURVE('',#10345,#10395);
#10395 = DEFINITIONAL_REPRESENTATION('',(#10396),#10400);
#10396 = LINE('',#10397,#10398);
#10397 = CARTESIAN_POINT('',(-0.500663825326,0.653459376755));
#10398 = VECTOR('',#10399,1.);
#10399 = DIRECTION('',(-0.89036796554,0.455241568774));
#10400 = ( GEOMETRIC_REPRESENTATION_CONTEXT(2) 
PARAMETRIC_REPRESENTATION_CONTEXT() REPRESENTATION_CONTEXT('2D SPACE',''
  ) );
#10401 = PCURVE('',#10402,#10407);
#10402 = PLANE('',#10403);
#10403 = AXIS2_PLACEMENT_3D('',#10404,#10405,#10406);
#10404 = CARTESIAN_POINT('',(-184.827034874,60.677785190112,
    -0.102621062242));
#10405 = DIRECTION('',(-0.455241568774,0.89036796554,0.));
#10406 = DIRECTION('',(0.89036796554,0.455241568774,0.));
#10407 = DEFINITIONAL_REPRESENTATION('',(#10408),#10411);
#10408 = B_SPLINE_CURVE_WITH_KNOTS('',1,(#10409,#10410),.UNSPECIFIED.,
  .F.,.F.,(2,2),(0.,0.46348696962),.PIECEWISE_BEZIER_KNOTS.);
#10409 = CARTESIAN_POINT('',(-0.129122422568,0.897378937758));
#10410 = CARTESIAN_POINT('',(0.334364547052,0.897378937758));
#10411 = ( GEOMETRIC_REPRESENTATION_CONTEXT(2) 
PARAMETRIC_REPRESENTATION_CONTEXT() REPRESENTATION_CONTEXT('2D SPACE',''
  ) );
#10412 = ORIENTED_EDGE('',*,*,#10413,.F.);
#10413 = EDGE_CURVE('',#10185,#10387,#10414,.T.);
#10414 = SURFACE_CURVE('',#10415,(#10419,#10425),.PCURVE_S1.);
#10415 = LINE('',#10416,#10417);
#10416 = CARTESIAN_POINT('',(-186.311340332,59.043998718262,-1.));
#10417 = VECTOR('',#10418,1.);
#10418 = DIRECTION('',(0.706315569916,0.707897108127,0.));
#10419 = PCURVE('',#10345,#10420);
#10420 = DEFINITIONAL_REPRESENTATION('',(#10421),#10424);
#10421 = B_SPLINE_CURVE_WITH_KNOTS('',1,(#10422,#10423),.UNSPECIFIED.,
  .F.,.F.,(2,2),(0.,2.522969923579),.PIECEWISE_BEZIER_KNOTS.);
#10422 = CARTESIAN_POINT('',(0.868675163932,-0.921545200881));
#10423 = CARTESIAN_POINT('',(-0.913337775521,0.864457911911));
#10424 = ( GEOMETRIC_REPRESENTATION_CONTEXT(2) 
PARAMETRIC_REPRESENTATION_CONTEXT() REPRESENTATION_CONTEXT('2D SPACE',''
  ) );
#10425 = PCURVE('',#10426,#10431);
#10426 = PLANE('',#10427);
#10427 = AXIS2_PLACEMENT_3D('',#10428,#10429,#10430);
#10428 = CARTESIAN_POINT('',(-185.2307516527,60.040879887425,-1.));
#10429 = DIRECTION('',(-0.,-0.,-1.));
#10430 = DIRECTION('',(-1.,0.,0.));
#10431 = DEFINITIONAL_REPRESENTATION('',(#10432),#10436);
#10432 = LINE('',#10433,#10434);
#10433 = CARTESIAN_POINT('',(1.080588679283,-0.996881169163));
#10434 = VECTOR('',#10435,1.);
#10435 = DIRECTION('',(-0.706315569916,0.707897108127));
#10436 = ( GEOMETRIC_REPRESENTATION_CONTEXT(2) 
PARAMETRIC_REPRESENTATION_CONTEXT() REPRESENTATION_CONTEXT('2D SPACE',''
  ) );
#10437 = ADVANCED_FACE('',(#10438),#10426,.T.);
#10438 = FACE_BOUND('',#10439,.T.);
#10439 = EDGE_LOOP('',(#10440,#10467,#10492));
#10440 = ORIENTED_EDGE('',*,*,#10441,.T.);
#10441 = EDGE_CURVE('',#10387,#10442,#10444,.T.);
#10442 = VERTEX_POINT('',#10443);
#10443 = CARTESIAN_POINT('',(-184.1020050048,60.957000732422,-1.));
#10444 = SURFACE_CURVE('',#10445,(#10449,#10456),.PCURVE_S1.);
#10445 = LINE('',#10446,#10447);
#10446 = CARTESIAN_POINT('',(-184.5293273925,60.830001831055,-1.));
#10447 = VECTOR('',#10448,1.);
#10448 = DIRECTION('',(0.958562632162,0.284881870647,0.));
#10449 = PCURVE('',#10426,#10450);
#10450 = DEFINITIONAL_REPRESENTATION('',(#10451),#10455);
#10451 = LINE('',#10452,#10453);
#10452 = CARTESIAN_POINT('',(-0.701424260171,0.78912194363));
#10453 = VECTOR('',#10454,1.);
#10454 = DIRECTION('',(-0.958562632162,0.284881870647));
#10455 = ( GEOMETRIC_REPRESENTATION_CONTEXT(2) 
PARAMETRIC_REPRESENTATION_CONTEXT() REPRESENTATION_CONTEXT('2D SPACE',''
  ) );
#10456 = PCURVE('',#10457,#10462);
#10457 = PLANE('',#10458);
#10458 = AXIS2_PLACEMENT_3D('',#10459,#10460,#10461);
#10459 = CARTESIAN_POINT('',(-184.4107349808,60.865247131635,
    -9.917847716582E-02));
#10460 = DIRECTION('',(-0.284881870647,0.958562632162,0.));
#10461 = DIRECTION('',(0.958562632162,0.284881870647,0.));
#10462 = DEFINITIONAL_REPRESENTATION('',(#10463),#10466);
#10463 = B_SPLINE_CURVE_WITH_KNOTS('',1,(#10464,#10465),.UNSPECIFIED.,
  .F.,.F.,(2,2),(0.,0.445794957322),.PIECEWISE_BEZIER_KNOTS.);
#10464 = CARTESIAN_POINT('',(-0.123719001495,0.900821522834));
#10465 = CARTESIAN_POINT('',(0.322075955827,0.900821522834));
#10466 = ( GEOMETRIC_REPRESENTATION_CONTEXT(2) 
PARAMETRIC_REPRESENTATION_CONTEXT() REPRESENTATION_CONTEXT('2D SPACE',''
  ) );
#10467 = ORIENTED_EDGE('',*,*,#10468,.T.);
#10468 = EDGE_CURVE('',#10442,#10185,#10469,.T.);
#10469 = SURFACE_CURVE('',#10470,(#10474,#10481),.PCURVE_S1.);
#10470 = LINE('',#10471,#10472);
#10471 = CARTESIAN_POINT('',(-184.1020050048,60.957000732422,-1.));
#10472 = VECTOR('',#10473,1.);
#10473 = DIRECTION('',(-0.755986263554,-0.654587480264,0.));
#10474 = PCURVE('',#10426,#10475);
#10475 = DEFINITIONAL_REPRESENTATION('',(#10476),#10480);
#10476 = LINE('',#10477,#10478);
#10477 = CARTESIAN_POINT('',(-1.128746647866,0.916120844997));
#10478 = VECTOR('',#10479,1.);
#10479 = DIRECTION('',(0.755986263554,-0.654587480264));
#10480 = ( GEOMETRIC_REPRESENTATION_CONTEXT(2) 
PARAMETRIC_REPRESENTATION_CONTEXT() REPRESENTATION_CONTEXT('2D SPACE',''
  ) );
#10481 = PCURVE('',#10482,#10487);
#10482 = PLANE('',#10483);
#10483 = AXIS2_PLACEMENT_3D('',#10484,#10485,#10486);
#10484 = CARTESIAN_POINT('',(-185.3711827496,59.760754689878,-1.));
#10485 = DIRECTION('',(-0.,-0.,-1.));
#10486 = DIRECTION('',(-1.,0.,0.));
#10487 = DEFINITIONAL_REPRESENTATION('',(#10488),#10491);
#10488 = B_SPLINE_CURVE_WITH_KNOTS('',1,(#10489,#10490),.UNSPECIFIED.,
  .F.,.F.,(2,2),(0.,2.922454327097),.PIECEWISE_BEZIER_KNOTS.);
#10489 = CARTESIAN_POINT('',(-1.26917774476,1.196246042543));
#10490 = CARTESIAN_POINT('',(0.940157582389,-0.716755971617));
#10491 = ( GEOMETRIC_REPRESENTATION_CONTEXT(2) 
PARAMETRIC_REPRESENTATION_CONTEXT() REPRESENTATION_CONTEXT('2D SPACE',''
  ) );
#10492 = ORIENTED_EDGE('',*,*,#10413,.T.);
#10493 = ADVANCED_FACE('',(#10494),#10482,.T.);
#10494 = FACE_BOUND('',#10495,.T.);
#10495 = EDGE_LOOP('',(#10496,#10523,#10524));
#10496 = ORIENTED_EDGE('',*,*,#10497,.T.);
#10497 = EDGE_CURVE('',#10498,#10185,#10500,.T.);
#10498 = VERTEX_POINT('',#10499);
#10499 = CARTESIAN_POINT('',(-186.5533294677,58.5,-1.));
#10500 = SURFACE_CURVE('',#10501,(#10505,#10512),.PCURVE_S1.);
#10501 = LINE('',#10502,#10503);
#10502 = CARTESIAN_POINT('',(-186.5533294677,58.5,-1.));
#10503 = VECTOR('',#10504,1.);
#10504 = DIRECTION('',(0.406435677424,0.913679396789,0.));
#10505 = PCURVE('',#10482,#10506);
#10506 = DEFINITIONAL_REPRESENTATION('',(#10507),#10511);
#10507 = LINE('',#10508,#10509);
#10508 = CARTESIAN_POINT('',(1.182146718131,-1.260754689878));
#10509 = VECTOR('',#10510,1.);
#10510 = DIRECTION('',(-0.406435677424,0.913679396789));
#10511 = ( GEOMETRIC_REPRESENTATION_CONTEXT(2) 
PARAMETRIC_REPRESENTATION_CONTEXT() REPRESENTATION_CONTEXT('2D SPACE',''
  ) );
#10512 = PCURVE('',#10513,#10518);
#10513 = PLANE('',#10514);
#10514 = AXIS2_PLACEMENT_3D('',#10515,#10516,#10517);
#10515 = CARTESIAN_POINT('',(-186.3806514054,58.888185379953,
    -0.127162789519));
#10516 = DIRECTION('',(-0.913679396789,0.406435677424,-0.));
#10517 = DIRECTION('',(-0.406435677424,-0.913679396789,0.));
#10518 = DEFINITIONAL_REPRESENTATION('',(#10519),#10522);
#10519 = B_SPLINE_CURVE_WITH_KNOTS('',1,(#10520,#10521),.UNSPECIFIED.,
  .F.,.F.,(2,2),(0.,0.59539343907),.PIECEWISE_BEZIER_KNOTS.);
#10520 = CARTESIAN_POINT('',(0.424859509054,-0.872837210481));
#10521 = CARTESIAN_POINT('',(-0.170533930016,-0.872837210481));
#10522 = ( GEOMETRIC_REPRESENTATION_CONTEXT(2) 
PARAMETRIC_REPRESENTATION_CONTEXT() REPRESENTATION_CONTEXT('2D SPACE',''
  ) );
#10523 = ORIENTED_EDGE('',*,*,#10468,.F.);
#10524 = ORIENTED_EDGE('',*,*,#10525,.F.);
#10525 = EDGE_CURVE('',#10498,#10442,#10526,.T.);
#10526 = SURFACE_CURVE('',#10527,(#10531,#10537),.PCURVE_S1.);
#10527 = LINE('',#10528,#10529);
#10528 = CARTESIAN_POINT('',(-186.5533294677,58.5,-1.));
#10529 = VECTOR('',#10530,1.);
#10530 = DIRECTION('',(0.706288569947,0.707924046747,0.));
#10531 = PCURVE('',#10482,#10532);
#10532 = DEFINITIONAL_REPRESENTATION('',(#10533),#10536);
#10533 = B_SPLINE_CURVE_WITH_KNOTS('',1,(#10534,#10535),.UNSPECIFIED.,
  .F.,.F.,(2,2),(0.,3.470712350727),.PIECEWISE_BEZIER_KNOTS.);
#10534 = CARTESIAN_POINT('',(1.182146718131,-1.260754689878));
#10535 = CARTESIAN_POINT('',(-1.26917774476,1.196246042543));
#10536 = ( GEOMETRIC_REPRESENTATION_CONTEXT(2) 
PARAMETRIC_REPRESENTATION_CONTEXT() REPRESENTATION_CONTEXT('2D SPACE',''
  ) );
#10537 = PCURVE('',#10538,#10543);
#10538 = PLANE('',#10539);
#10539 = AXIS2_PLACEMENT_3D('',#10540,#10541,#10542);
#10540 = CARTESIAN_POINT('',(-185.4760782315,59.466978630227,-1.));
#10541 = DIRECTION('',(-0.,-0.,-1.));
#10542 = DIRECTION('',(-1.,0.,0.));
#10543 = DEFINITIONAL_REPRESENTATION('',(#10544),#10548);
#10544 = LINE('',#10545,#10546);
#10545 = CARTESIAN_POINT('',(1.077251236238,-0.966978630227));
#10546 = VECTOR('',#10547,1.);
#10547 = DIRECTION('',(-0.706288569947,0.707924046747));
#10548 = ( GEOMETRIC_REPRESENTATION_CONTEXT(2) 
PARAMETRIC_REPRESENTATION_CONTEXT() REPRESENTATION_CONTEXT('2D SPACE',''
  ) );
#10549 = ADVANCED_FACE('',(#10550),#10560,.T.);
#10550 = FACE_BOUND('',#10551,.T.);
#10551 = EDGE_LOOP('',(#10552,#10582,#10609));
#10552 = ORIENTED_EDGE('',*,*,#10553,.T.);
#10553 = EDGE_CURVE('',#10442,#9694,#10554,.T.);
#10554 = SURFACE_CURVE('',#10555,(#10559,#10571),.PCURVE_S1.);
#10555 = LINE('',#10556,#10557);
#10556 = CARTESIAN_POINT('',(-184.1020050048,60.957000732422,-1.));
#10557 = VECTOR('',#10558,1.);
#10558 = DIRECTION('',(0.995157331071,9.829489516156E-02,0.));
#10559 = PCURVE('',#10560,#10565);
#10560 = PLANE('',#10561);
#10561 = AXIS2_PLACEMENT_3D('',#10562,#10563,#10564);
#10562 = CARTESIAN_POINT('',(-185.2402353547,59.522088535817,-1.));
#10563 = DIRECTION('',(-0.,-0.,-1.));
#10564 = DIRECTION('',(-1.,0.,0.));
#10565 = DEFINITIONAL_REPRESENTATION('',(#10566),#10570);
#10566 = LINE('',#10567,#10568);
#10567 = CARTESIAN_POINT('',(-1.138230349844,1.434912196605));
#10568 = VECTOR('',#10569,1.);
#10569 = DIRECTION('',(-0.995157331071,9.829489516156E-02));
#10570 = ( GEOMETRIC_REPRESENTATION_CONTEXT(2) 
PARAMETRIC_REPRESENTATION_CONTEXT() REPRESENTATION_CONTEXT('2D SPACE',''
  ) );
#10571 = PCURVE('',#10572,#10577);
#10572 = PLANE('',#10573);
#10573 = AXIS2_PLACEMENT_3D('',#10574,#10575,#10576);
#10574 = CARTESIAN_POINT('',(-183.9814084109,60.968912446464,
    -9.754239761328E-02));
#10575 = DIRECTION('',(-9.829489516156E-02,0.995157331071,
    -2.334536153373E-18));
#10576 = DIRECTION('',(0.995157331071,9.829489516156E-02,
    4.814824860968E-35));
#10577 = DEFINITIONAL_REPRESENTATION('',(#10578),#10581);
#10578 = B_SPLINE_CURVE_WITH_KNOTS('',1,(#10579,#10580),.UNSPECIFIED.,
  .F.,.F.,(2,2),(0.,0.437451685639),.PIECEWISE_BEZIER_KNOTS.);
#10579 = CARTESIAN_POINT('',(-0.121183445206,0.902457602387));
#10580 = CARTESIAN_POINT('',(0.316268240433,0.902457602387));
#10581 = ( GEOMETRIC_REPRESENTATION_CONTEXT(2) 
PARAMETRIC_REPRESENTATION_CONTEXT() REPRESENTATION_CONTEXT('2D SPACE',''
  ) );
#10582 = ORIENTED_EDGE('',*,*,#10583,.T.);
#10583 = EDGE_CURVE('',#9694,#10584,#10586,.T.);
#10584 = VERTEX_POINT('',#10585);
#10585 = CARTESIAN_POINT('',(-186.7460021972,57.91300201416,-1.));
#10586 = SURFACE_CURVE('',#10587,(#10591,#10598),.PCURVE_S1.);
#10587 = LINE('',#10588,#10589);
#10588 = CARTESIAN_POINT('',(-183.6666717529,61.,-1.));
#10589 = VECTOR('',#10590,1.);
#10590 = DIRECTION('',(-0.706226980943,-0.70798548812,0.));
#10591 = PCURVE('',#10560,#10592);
#10592 = DEFINITIONAL_REPRESENTATION('',(#10593),#10597);
#10593 = LINE('',#10594,#10595);
#10594 = CARTESIAN_POINT('',(-1.573563601797,1.477911464183));
#10595 = VECTOR('',#10596,1.);
#10596 = DIRECTION('',(0.706226980943,-0.70798548812));
#10597 = ( GEOMETRIC_REPRESENTATION_CONTEXT(2) 
PARAMETRIC_REPRESENTATION_CONTEXT() REPRESENTATION_CONTEXT('2D SPACE',''
  ) );
#10598 = PCURVE('',#10599,#10604);
#10599 = PLANE('',#10600);
#10600 = AXIS2_PLACEMENT_3D('',#10601,#10602,#10603);
#10601 = CARTESIAN_POINT('',(-185.3443867558,59.184327289053,-1.));
#10602 = DIRECTION('',(-0.,-0.,-1.));
#10603 = DIRECTION('',(-1.,0.,0.));
#10604 = DEFINITIONAL_REPRESENTATION('',(#10605),#10608);
#10605 = B_SPLINE_CURVE_WITH_KNOTS('',1,(#10606,#10607),.UNSPECIFIED.,
  .F.,.F.,(2,2),(0.,4.360256018859),.PIECEWISE_BEZIER_KNOTS.);
#10606 = CARTESIAN_POINT('',(-1.677715002896,1.815672710947));
#10607 = CARTESIAN_POINT('',(1.40161544144,-1.271325274892));
#10608 = ( GEOMETRIC_REPRESENTATION_CONTEXT(2) 
PARAMETRIC_REPRESENTATION_CONTEXT() REPRESENTATION_CONTEXT('2D SPACE',''
  ) );
#10609 = ORIENTED_EDGE('',*,*,#10610,.T.);
#10610 = EDGE_CURVE('',#10584,#10442,#10611,.T.);
#10611 = SURFACE_CURVE('',#10612,(#10616,#10623),.PCURVE_S1.);
#10612 = LINE('',#10613,#10614);
#10613 = CARTESIAN_POINT('',(-186.7460021972,57.91300201416,-1.));
#10614 = VECTOR('',#10615,1.);
#10615 = DIRECTION('',(0.655760828105,0.754968698903,0.));
#10616 = PCURVE('',#10560,#10617);
#10617 = DEFINITIONAL_REPRESENTATION('',(#10618),#10622);
#10618 = LINE('',#10619,#10620);
#10619 = CARTESIAN_POINT('',(1.505766842539,-1.609086521657));
#10620 = VECTOR('',#10621,1.);
#10621 = DIRECTION('',(-0.655760828105,0.754968698903));
#10622 = ( GEOMETRIC_REPRESENTATION_CONTEXT(2) 
PARAMETRIC_REPRESENTATION_CONTEXT() REPRESENTATION_CONTEXT('2D SPACE',''
  ) );
#10623 = PCURVE('',#10538,#10624);
#10624 = DEFINITIONAL_REPRESENTATION('',(#10625),#10628);
#10625 = B_SPLINE_CURVE_WITH_KNOTS('',1,(#10626,#10627),.UNSPECIFIED.,
  .F.,.F.,(2,2),(0.,4.031953540172),.PIECEWISE_BEZIER_KNOTS.);
#10626 = CARTESIAN_POINT('',(1.26992396573,-1.553976616067));
#10627 = CARTESIAN_POINT('',(-1.374073226653,1.490022102194));
#10628 = ( GEOMETRIC_REPRESENTATION_CONTEXT(2) 
PARAMETRIC_REPRESENTATION_CONTEXT() REPRESENTATION_CONTEXT('2D SPACE',''
  ) );
#10629 = ADVANCED_FACE('',(#10630),#10599,.T.);
#10630 = FACE_BOUND('',#10631,.T.);
#10631 = EDGE_LOOP('',(#10632,#10659,#10660));
#10632 = ORIENTED_EDGE('',*,*,#10633,.T.);
#10633 = EDGE_CURVE('',#10634,#10584,#10636,.T.);
#10634 = VERTEX_POINT('',#10635);
#10635 = CARTESIAN_POINT('',(-186.8866729736,57.293998718262,-1.));
#10636 = SURFACE_CURVE('',#10637,(#10641,#10648),.PCURVE_S1.);
#10637 = LINE('',#10638,#10639);
#10638 = CARTESIAN_POINT('',(-186.8866729736,57.293998718262,-1.));
#10639 = VECTOR('',#10640,1.);
#10640 = DIRECTION('',(0.221603441283,0.975136869784,0.));
#10641 = PCURVE('',#10599,#10642);
#10642 = DEFINITIONAL_REPRESENTATION('',(#10643),#10647);
#10643 = LINE('',#10644,#10645);
#10644 = CARTESIAN_POINT('',(1.542286217807,-1.890328570791));
#10645 = VECTOR('',#10646,1.);
#10646 = DIRECTION('',(-0.221603441283,0.975136869784));
#10647 = ( GEOMETRIC_REPRESENTATION_CONTEXT(2) 
PARAMETRIC_REPRESENTATION_CONTEXT() REPRESENTATION_CONTEXT('2D SPACE',''
  ) );
#10648 = PCURVE('',#10649,#10654);
#10649 = PLANE('',#10650);
#10650 = AXIS2_PLACEMENT_3D('',#10651,#10652,#10653);
#10651 = CARTESIAN_POINT('',(-186.78661699,57.734281946872,
    -0.134116127401));
#10652 = DIRECTION('',(-0.975136869784,0.221603441283,-0.));
#10653 = DIRECTION('',(-0.221603441283,-0.975136869784,0.));
#10654 = DEFINITIONAL_REPRESENTATION('',(#10655),#10658);
#10655 = B_SPLINE_CURVE_WITH_KNOTS('',1,(#10656,#10657),.UNSPECIFIED.,
  .F.,.F.,(2,2),(0.,0.634786064479),.PIECEWISE_BEZIER_KNOTS.);
#10656 = CARTESIAN_POINT('',(0.45150915964,-0.865883872599));
#10657 = CARTESIAN_POINT('',(-0.183276904839,-0.865883872599));
#10658 = ( GEOMETRIC_REPRESENTATION_CONTEXT(2) 
PARAMETRIC_REPRESENTATION_CONTEXT() REPRESENTATION_CONTEXT('2D SPACE',''
  ) );
#10659 = ORIENTED_EDGE('',*,*,#10583,.F.);
#10660 = ORIENTED_EDGE('',*,*,#10661,.T.);
#10661 = EDGE_CURVE('',#9694,#10634,#10662,.T.);
#10662 = SURFACE_CURVE('',#10663,(#10667,#10674),.PCURVE_S1.);
#10663 = LINE('',#10664,#10665);
#10664 = CARTESIAN_POINT('',(-183.6666717529,61.,-1.));
#10665 = VECTOR('',#10666,1.);
#10666 = DIRECTION('',(-0.655876102209,-0.754868557135,0.));
#10667 = PCURVE('',#10599,#10668);
#10668 = DEFINITIONAL_REPRESENTATION('',(#10669),#10673);
#10669 = LINE('',#10670,#10671);
#10670 = CARTESIAN_POINT('',(-1.677715002896,1.815672710947));
#10671 = VECTOR('',#10672,1.);
#10672 = DIRECTION('',(0.655876102209,-0.754868557135));
#10673 = ( GEOMETRIC_REPRESENTATION_CONTEXT(2) 
PARAMETRIC_REPRESENTATION_CONTEXT() REPRESENTATION_CONTEXT('2D SPACE',''
  ) );
#10674 = PCURVE('',#10675,#10680);
#10675 = PLANE('',#10676);
#10676 = AXIS2_PLACEMENT_3D('',#10677,#10678,#10679);
#10677 = CARTESIAN_POINT('',(-185.3946285722,58.860575592793,-1.));
#10678 = DIRECTION('',(-0.,-0.,-1.));
#10679 = DIRECTION('',(-1.,0.,0.));
#10680 = DEFINITIONAL_REPRESENTATION('',(#10681),#10684);
#10681 = B_SPLINE_CURVE_WITH_KNOTS('',1,(#10682,#10683),.UNSPECIFIED.,
  .F.,.F.,(2,2),(0.,4.909465690029),.PIECEWISE_BEZIER_KNOTS.);
#10682 = CARTESIAN_POINT('',(-1.727956819336,2.139424407207));
#10683 = CARTESIAN_POINT('',(1.492044401367,-1.566576874531));
#10684 = ( GEOMETRIC_REPRESENTATION_CONTEXT(2) 
PARAMETRIC_REPRESENTATION_CONTEXT() REPRESENTATION_CONTEXT('2D SPACE',''
  ) );
#10685 = ADVANCED_FACE('',(#10686),#10675,.T.);
#10686 = FACE_BOUND('',#10687,.T.);
#10687 = EDGE_LOOP('',(#10688,#10715,#10740));
#10688 = ORIENTED_EDGE('',*,*,#10689,.T.);
#10689 = EDGE_CURVE('',#9694,#10690,#10692,.T.);
#10690 = VERTEX_POINT('',#10691);
#10691 = CARTESIAN_POINT('',(-186.9713287353,56.65299987793,-1.));
#10692 = SURFACE_CURVE('',#10693,(#10697,#10704),.PCURVE_S1.);
#10693 = LINE('',#10694,#10695);
#10694 = CARTESIAN_POINT('',(-183.6666717529,61.,-1.));
#10695 = VECTOR('',#10696,1.);
#10696 = DIRECTION('',(-0.605192019171,-0.79607953116,0.));
#10697 = PCURVE('',#10675,#10698);
#10698 = DEFINITIONAL_REPRESENTATION('',(#10699),#10703);
#10699 = LINE('',#10700,#10701);
#10700 = CARTESIAN_POINT('',(-1.727956819336,2.139424407207));
#10701 = VECTOR('',#10702,1.);
#10702 = DIRECTION('',(0.605192019171,-0.79607953116));
#10703 = ( GEOMETRIC_REPRESENTATION_CONTEXT(2) 
PARAMETRIC_REPRESENTATION_CONTEXT() REPRESENTATION_CONTEXT('2D SPACE',''
  ) );
#10704 = PCURVE('',#10705,#10710);
#10705 = PLANE('',#10706);
#10706 = AXIS2_PLACEMENT_3D('',#10707,#10708,#10709);
#10707 = CARTESIAN_POINT('',(-185.4159637656,58.529875595519,-1.));
#10708 = DIRECTION('',(-0.,-0.,-1.));
#10709 = DIRECTION('',(-1.,0.,0.));
#10710 = DEFINITIONAL_REPRESENTATION('',(#10711),#10714);
#10711 = B_SPLINE_CURVE_WITH_KNOTS('',1,(#10712,#10713),.UNSPECIFIED.,
  .F.,.F.,(2,2),(0.,5.460509850989),.PIECEWISE_BEZIER_KNOTS.);
#10712 = CARTESIAN_POINT('',(-1.74929201269,2.470124404481));
#10713 = CARTESIAN_POINT('',(1.555364969732,-1.876875717589));
#10714 = ( GEOMETRIC_REPRESENTATION_CONTEXT(2) 
PARAMETRIC_REPRESENTATION_CONTEXT() REPRESENTATION_CONTEXT('2D SPACE',''
  ) );
#10715 = ORIENTED_EDGE('',*,*,#10716,.T.);
#10716 = EDGE_CURVE('',#10690,#10634,#10717,.T.);
#10717 = SURFACE_CURVE('',#10718,(#10722,#10729),.PCURVE_S1.);
#10718 = LINE('',#10719,#10720);
#10719 = CARTESIAN_POINT('',(-186.9713287353,56.65299987793,-1.));
#10720 = VECTOR('',#10721,1.);
#10721 = DIRECTION('',(0.130931585759,0.99139140598,0.));
#10722 = PCURVE('',#10675,#10723);
#10723 = DEFINITIONAL_REPRESENTATION('',(#10724),#10728);
#10724 = LINE('',#10725,#10726);
#10725 = CARTESIAN_POINT('',(1.576700163086,-2.207575714863));
#10726 = VECTOR('',#10727,1.);
#10727 = DIRECTION('',(-0.130931585759,0.99139140598));
#10728 = ( GEOMETRIC_REPRESENTATION_CONTEXT(2) 
PARAMETRIC_REPRESENTATION_CONTEXT() REPRESENTATION_CONTEXT('2D SPACE',''
  ) );
#10729 = PCURVE('',#10730,#10735);
#10730 = PLANE('',#10731);
#10731 = AXIS2_PLACEMENT_3D('',#10732,#10733,#10734);
#10732 = CARTESIAN_POINT('',(-186.9111728828,57.10848962717,
    -0.136162496729));
#10733 = DIRECTION('',(-0.99139140598,0.130931585759,-9.066551504008E-18
    ));
#10734 = DIRECTION('',(-0.130931585759,-0.99139140598,1.925929944387E-34
    ));
#10735 = DEFINITIONAL_REPRESENTATION('',(#10736),#10739);
#10736 = B_SPLINE_CURVE_WITH_KNOTS('',1,(#10737,#10738),.UNSPECIFIED.,
  .F.,.F.,(2,2),(0.,0.646564854674),.PIECEWISE_BEZIER_KNOTS.);
#10737 = CARTESIAN_POINT('',(0.459444924066,-0.863837503271));
#10738 = CARTESIAN_POINT('',(-0.187119930608,-0.863837503271));
#10739 = ( GEOMETRIC_REPRESENTATION_CONTEXT(2) 
PARAMETRIC_REPRESENTATION_CONTEXT() REPRESENTATION_CONTEXT('2D SPACE',''
  ) );
#10740 = ORIENTED_EDGE('',*,*,#10661,.F.);
#10741 = ADVANCED_FACE('',(#10742),#10538,.T.);
#10742 = FACE_BOUND('',#10743,.T.);
#10743 = EDGE_LOOP('',(#10744,#10769,#10770));
#10744 = ORIENTED_EDGE('',*,*,#10745,.T.);
#10745 = EDGE_CURVE('',#10584,#10498,#10746,.T.);
#10746 = SURFACE_CURVE('',#10747,(#10751,#10758),.PCURVE_S1.);
#10747 = LINE('',#10748,#10749);
#10748 = CARTESIAN_POINT('',(-186.7460021972,57.91300201416,-1.));
#10749 = VECTOR('',#10750,1.);
#10750 = DIRECTION('',(0.311863961368,0.950126765016,0.));
#10751 = PCURVE('',#10538,#10752);
#10752 = DEFINITIONAL_REPRESENTATION('',(#10753),#10757);
#10753 = LINE('',#10754,#10755);
#10754 = CARTESIAN_POINT('',(1.26992396573,-1.553976616067));
#10755 = VECTOR('',#10756,1.);
#10756 = DIRECTION('',(-0.311863961368,0.950126765016));
#10757 = ( GEOMETRIC_REPRESENTATION_CONTEXT(2) 
PARAMETRIC_REPRESENTATION_CONTEXT() REPRESENTATION_CONTEXT('2D SPACE',''
  ) );
#10758 = PCURVE('',#10759,#10764);
#10759 = PLANE('',#10760);
#10760 = AXIS2_PLACEMENT_3D('',#10761,#10762,#10763);
#10761 = CARTESIAN_POINT('',(-186.6087678642,58.331101022064,
    -0.131140411545));
#10762 = DIRECTION('',(-0.950126765016,0.311863961368,
    -9.096950131012E-18));
#10763 = DIRECTION('',(-0.311863961368,-0.950126765016,0.));
#10764 = DEFINITIONAL_REPRESENTATION('',(#10765),#10768);
#10765 = B_SPLINE_CURVE_WITH_KNOTS('',1,(#10766,#10767),.UNSPECIFIED.,
  .F.,.F.,(2,2),(0.,0.617810178024),.PIECEWISE_BEZIER_KNOTS.);
#10766 = CARTESIAN_POINT('',(0.440045500557,-0.868859588455));
#10767 = CARTESIAN_POINT('',(-0.177764677467,-0.868859588455));
#10768 = ( GEOMETRIC_REPRESENTATION_CONTEXT(2) 
PARAMETRIC_REPRESENTATION_CONTEXT() REPRESENTATION_CONTEXT('2D SPACE',''
  ) );
#10769 = ORIENTED_EDGE('',*,*,#10525,.T.);
#10770 = ORIENTED_EDGE('',*,*,#10610,.F.);
#10771 = ADVANCED_FACE('',(#10772),#10705,.T.);
#10772 = FACE_BOUND('',#10773,.T.);
#10773 = EDGE_LOOP('',(#10774,#10801,#10826));
#10774 = ORIENTED_EDGE('',*,*,#10775,.T.);
#10775 = EDGE_CURVE('',#9694,#10776,#10778,.T.);
#10776 = VERTEX_POINT('',#10777);
#10777 = CARTESIAN_POINT('',(-187.,56.,-1.));
#10778 = SURFACE_CURVE('',#10779,(#10783,#10790),.PCURVE_S1.);
#10779 = LINE('',#10780,#10781);
#10780 = CARTESIAN_POINT('',(-183.6666717529,61.,-1.));
#10781 = VECTOR('',#10782,1.);
#10782 = DIRECTION('',(-0.554699610252,-0.832050684986,0.));
#10783 = PCURVE('',#10705,#10784);
#10784 = DEFINITIONAL_REPRESENTATION('',(#10785),#10789);
#10785 = LINE('',#10786,#10787);
#10786 = CARTESIAN_POINT('',(-1.74929201269,2.470124404481));
#10787 = VECTOR('',#10788,1.);
#10788 = DIRECTION('',(0.554699610252,-0.832050684986));
#10789 = ( GEOMETRIC_REPRESENTATION_CONTEXT(2) 
PARAMETRIC_REPRESENTATION_CONTEXT() REPRESENTATION_CONTEXT('2D SPACE',''
  ) );
#10790 = PCURVE('',#10791,#10796);
#10791 = PLANE('',#10792);
#10792 = AXIS2_PLACEMENT_3D('',#10793,#10794,#10795);
#10793 = CARTESIAN_POINT('',(-185.4079815009,58.198323949873,-1.));
#10794 = DIRECTION('',(-0.,-0.,-1.));
#10795 = DIRECTION('',(-1.,0.,0.));
#10796 = DEFINITIONAL_REPRESENTATION('',(#10797),#10800);
#10797 = B_SPLINE_CURVE_WITH_KNOTS('',1,(#10798,#10799),.UNSPECIFIED.,
  .F.,.F.,(2,2),(0.,6.009249304424),.PIECEWISE_BEZIER_KNOTS.);
#10798 = CARTESIAN_POINT('',(-1.741309748026,2.801676050127));
#10799 = CARTESIAN_POINT('',(1.592018499045,-2.198323949873));
#10800 = ( GEOMETRIC_REPRESENTATION_CONTEXT(2) 
PARAMETRIC_REPRESENTATION_CONTEXT() REPRESENTATION_CONTEXT('2D SPACE',''
  ) );
#10801 = ORIENTED_EDGE('',*,*,#10802,.T.);
#10802 = EDGE_CURVE('',#10776,#10690,#10803,.T.);
#10803 = SURFACE_CURVE('',#10804,(#10808,#10815),.PCURVE_S1.);
#10804 = LINE('',#10805,#10806);
#10805 = CARTESIAN_POINT('',(-187.,56.,-1.));
#10806 = VECTOR('',#10807,1.);
#10807 = DIRECTION('',(4.386473708171E-02,0.999037479197,0.));
#10808 = PCURVE('',#10705,#10809);
#10809 = DEFINITIONAL_REPRESENTATION('',(#10810),#10814);
#10810 = LINE('',#10811,#10812);
#10811 = CARTESIAN_POINT('',(1.58403623438,-2.529875595519));
#10812 = VECTOR('',#10813,1.);
#10813 = DIRECTION('',(-4.386473708171E-02,0.999037479197));
#10814 = ( GEOMETRIC_REPRESENTATION_CONTEXT(2) 
PARAMETRIC_REPRESENTATION_CONTEXT() REPRESENTATION_CONTEXT('2D SPACE',''
  ) );
#10815 = PCURVE('',#10816,#10821);
#10816 = PLANE('',#10817);
#10817 = AXIS2_PLACEMENT_3D('',#10818,#10819,#10820);
#10818 = CARTESIAN_POINT('',(-186.9796381158,56.463750309882,
    -0.137382604532));
#10819 = DIRECTION('',(-0.999037479197,4.386473708171E-02,
    1.375860285695E-18));
#10820 = DIRECTION('',(-4.386473708171E-02,-0.999037479197,0.));
#10821 = DEFINITIONAL_REPRESENTATION('',(#10822),#10825);
#10822 = B_SPLINE_CURVE_WITH_KNOTS('',1,(#10823,#10824),.UNSPECIFIED.,
  .F.,.F.,(2,2),(0.,0.653629009449),.PIECEWISE_BEZIER_KNOTS.);
#10823 = CARTESIAN_POINT('',(0.464197109257,-0.862617395468));
#10824 = CARTESIAN_POINT('',(-0.189431900192,-0.862617395468));
#10825 = ( GEOMETRIC_REPRESENTATION_CONTEXT(2) 
PARAMETRIC_REPRESENTATION_CONTEXT() REPRESENTATION_CONTEXT('2D SPACE',''
  ) );
#10826 = ORIENTED_EDGE('',*,*,#10689,.F.);
#10827 = ADVANCED_FACE('',(#10828),#10791,.T.);
#10828 = FACE_BOUND('',#10829,.T.);
#10829 = EDGE_LOOP('',(#10830,#10857,#10858));
#10830 = ORIENTED_EDGE('',*,*,#10831,.T.);
#10831 = EDGE_CURVE('',#10832,#10776,#10834,.T.);
#10832 = VERTEX_POINT('',#10833);
#10833 = CARTESIAN_POINT('',(-186.9713287353,55.34700012207,-1.));
#10834 = SURFACE_CURVE('',#10835,(#10839,#10846),.PCURVE_S1.);
#10835 = LINE('',#10836,#10837);
#10836 = CARTESIAN_POINT('',(-186.9713287353,55.34700012207,-1.));
#10837 = VECTOR('',#10838,1.);
#10838 = DIRECTION('',(-4.386473708171E-02,0.999037479197,0.));
#10839 = PCURVE('',#10791,#10840);
#10840 = DEFINITIONAL_REPRESENTATION('',(#10841),#10845);
#10841 = LINE('',#10842,#10843);
#10842 = CARTESIAN_POINT('',(1.563347234396,-2.851323827802));
#10843 = VECTOR('',#10844,1.);
#10844 = DIRECTION('',(4.386473708171E-02,0.999037479197));
#10845 = ( GEOMETRIC_REPRESENTATION_CONTEXT(2) 
PARAMETRIC_REPRESENTATION_CONTEXT() REPRESENTATION_CONTEXT('2D SPACE',''
  ) );
#10846 = PCURVE('',#10847,#10852);
#10847 = PLANE('',#10848);
#10848 = AXIS2_PLACEMENT_3D('',#10849,#10850,#10851);
#10849 = CARTESIAN_POINT('',(-186.9796381158,55.536249690118,
    -0.137382604532));
#10850 = DIRECTION('',(-0.999037479197,-4.386473708171E-02,
    -6.972446812237E-18));
#10851 = DIRECTION('',(4.386473708171E-02,-0.999037479197,
    -4.814824860968E-35));
#10852 = DEFINITIONAL_REPRESENTATION('',(#10853),#10856);
#10853 = B_SPLINE_CURVE_WITH_KNOTS('',1,(#10854,#10855),.UNSPECIFIED.,
  .F.,.F.,(2,2),(0.,0.653629009449),.PIECEWISE_BEZIER_KNOTS.);
#10854 = CARTESIAN_POINT('',(0.189431900192,-0.862617395468));
#10855 = CARTESIAN_POINT('',(-0.464197109257,-0.862617395468));
#10856 = ( GEOMETRIC_REPRESENTATION_CONTEXT(2) 
PARAMETRIC_REPRESENTATION_CONTEXT() REPRESENTATION_CONTEXT('2D SPACE',''
  ) );
#10857 = ORIENTED_EDGE('',*,*,#10775,.F.);
#10858 = ORIENTED_EDGE('',*,*,#10859,.F.);
#10859 = EDGE_CURVE('',#10832,#9694,#10860,.T.);
#10860 = SURFACE_CURVE('',#10861,(#10865,#10871),.PCURVE_S1.);
#10861 = LINE('',#10862,#10863);
#10862 = CARTESIAN_POINT('',(-186.9713287353,55.34700012207,-1.));
#10863 = VECTOR('',#10864,1.);
#10864 = DIRECTION('',(0.504676815424,0.863308352776,0.));
#10865 = PCURVE('',#10791,#10866);
#10866 = DEFINITIONAL_REPRESENTATION('',(#10867),#10870);
#10867 = B_SPLINE_CURVE_WITH_KNOTS('',1,(#10868,#10869),.UNSPECIFIED.,
  .F.,.F.,(2,2),(0.,6.548065774818),.PIECEWISE_BEZIER_KNOTS.);
#10868 = CARTESIAN_POINT('',(1.563347234396,-2.851323827802));
#10869 = CARTESIAN_POINT('',(-1.741309748026,2.801676050127));
#10870 = ( GEOMETRIC_REPRESENTATION_CONTEXT(2) 
PARAMETRIC_REPRESENTATION_CONTEXT() REPRESENTATION_CONTEXT('2D SPACE',''
  ) );
#10871 = PCURVE('',#10872,#10877);
#10872 = PLANE('',#10873);
#10873 = AXIS2_PLACEMENT_3D('',#10874,#10875,#10876);
#10874 = CARTESIAN_POINT('',(-185.3709977711,57.872008391893,-1.));
#10875 = DIRECTION('',(-0.,-0.,-1.));
#10876 = DIRECTION('',(-1.,0.,0.));
#10877 = DEFINITIONAL_REPRESENTATION('',(#10878),#10882);
#10878 = LINE('',#10879,#10880);
#10879 = CARTESIAN_POINT('',(1.60033096417,-2.525008269823));
#10880 = VECTOR('',#10881,1.);
#10881 = DIRECTION('',(-0.504676815424,0.863308352776));
#10882 = ( GEOMETRIC_REPRESENTATION_CONTEXT(2) 
PARAMETRIC_REPRESENTATION_CONTEXT() REPRESENTATION_CONTEXT('2D SPACE',''
  ) );
#10883 = ADVANCED_FACE('',(#10884),#10169,.T.);
#10884 = FACE_BOUND('',#10885,.T.);
#10885 = EDGE_LOOP('',(#10886,#10887,#10909));
#10886 = ORIENTED_EDGE('',*,*,#10156,.T.);
#10887 = ORIENTED_EDGE('',*,*,#10888,.T.);
#10888 = EDGE_CURVE('',#9781,#10889,#10891,.T.);
#10889 = VERTEX_POINT('',#10890);
#10890 = CARTESIAN_POINT('',(-186.8866729736,54.706001281738,-1.));
#10891 = SURFACE_CURVE('',#10892,(#10896,#10903),.PCURVE_S1.);
#10892 = LINE('',#10893,#10894);
#10893 = CARTESIAN_POINT('',(-186.7460021972,54.08699798584,-1.));
#10894 = VECTOR('',#10895,1.);
#10895 = DIRECTION('',(-0.221603441283,0.975136869784,0.));
#10896 = PCURVE('',#10169,#10897);
#10897 = DEFINITIONAL_REPRESENTATION('',(#10898),#10902);
#10898 = LINE('',#10899,#10900);
#10899 = CARTESIAN_POINT('',(1.440187661766,-3.46897181937));
#10900 = VECTOR('',#10901,1.);
#10901 = DIRECTION('',(0.221603441283,0.975136869784));
#10902 = ( GEOMETRIC_REPRESENTATION_CONTEXT(2) 
PARAMETRIC_REPRESENTATION_CONTEXT() REPRESENTATION_CONTEXT('2D SPACE',''
  ) );
#10903 = PCURVE('',#10119,#10904);
#10904 = DEFINITIONAL_REPRESENTATION('',(#10905),#10908);
#10905 = B_SPLINE_CURVE_WITH_KNOTS('',1,(#10906,#10907),.UNSPECIFIED.,
  .F.,.F.,(2,2),(0.,0.634786064479),.PIECEWISE_BEZIER_KNOTS.);
#10906 = CARTESIAN_POINT('',(0.45150915964,-0.865883872599));
#10907 = CARTESIAN_POINT('',(-0.183276904839,-0.865883872599));
#10908 = ( GEOMETRIC_REPRESENTATION_CONTEXT(2) 
PARAMETRIC_REPRESENTATION_CONTEXT() REPRESENTATION_CONTEXT('2D SPACE',''
  ) );
#10909 = ORIENTED_EDGE('',*,*,#10910,.T.);
#10910 = EDGE_CURVE('',#10889,#9694,#10911,.T.);
#10911 = SURFACE_CURVE('',#10912,(#10916,#10923),.PCURVE_S1.);
#10912 = LINE('',#10913,#10914);
#10913 = CARTESIAN_POINT('',(-186.8866729736,54.706001281738,-1.));
#10914 = VECTOR('',#10915,1.);
#10915 = DIRECTION('',(0.455455158438,0.890258725681,0.));
#10916 = PCURVE('',#10169,#10917);
#10917 = DEFINITIONAL_REPRESENTATION('',(#10918),#10922);
#10918 = LINE('',#10919,#10920);
#10919 = CARTESIAN_POINT('',(1.580858438134,-2.849968523472));
#10920 = VECTOR('',#10921,1.);
#10921 = DIRECTION('',(-0.455455158438,0.890258725681));
#10922 = ( GEOMETRIC_REPRESENTATION_CONTEXT(2) 
PARAMETRIC_REPRESENTATION_CONTEXT() REPRESENTATION_CONTEXT('2D SPACE',''
  ) );
#10923 = PCURVE('',#10872,#10924);
#10924 = DEFINITIONAL_REPRESENTATION('',(#10925),#10928);
#10925 = B_SPLINE_CURVE_WITH_KNOTS('',1,(#10926,#10927),.UNSPECIFIED.,
  .F.,.F.,(2,2),(0.,7.069853444507),.PIECEWISE_BEZIER_KNOTS.);
#10926 = CARTESIAN_POINT('',(1.515675202451,-3.166007110155));
#10927 = CARTESIAN_POINT('',(-1.704326018252,3.127991608107));
#10928 = ( GEOMETRIC_REPRESENTATION_CONTEXT(2) 
PARAMETRIC_REPRESENTATION_CONTEXT() REPRESENTATION_CONTEXT('2D SPACE',''
  ) );
#10929 = ADVANCED_FACE('',(#10930),#10872,.T.);
#10930 = FACE_BOUND('',#10931,.T.);
#10931 = EDGE_LOOP('',(#10932,#10933,#10958));
#10932 = ORIENTED_EDGE('',*,*,#10910,.F.);
#10933 = ORIENTED_EDGE('',*,*,#10934,.T.);
#10934 = EDGE_CURVE('',#10889,#10832,#10935,.T.);
#10935 = SURFACE_CURVE('',#10936,(#10940,#10947),.PCURVE_S1.);
#10936 = LINE('',#10937,#10938);
#10937 = CARTESIAN_POINT('',(-186.8866729736,54.706001281738,-1.));
#10938 = VECTOR('',#10939,1.);
#10939 = DIRECTION('',(-0.130931585759,0.99139140598,0.));
#10940 = PCURVE('',#10872,#10941);
#10941 = DEFINITIONAL_REPRESENTATION('',(#10942),#10946);
#10942 = LINE('',#10943,#10944);
#10943 = CARTESIAN_POINT('',(1.515675202451,-3.166007110155));
#10944 = VECTOR('',#10945,1.);
#10945 = DIRECTION('',(0.130931585759,0.99139140598));
#10946 = ( GEOMETRIC_REPRESENTATION_CONTEXT(2) 
PARAMETRIC_REPRESENTATION_CONTEXT() REPRESENTATION_CONTEXT('2D SPACE',''
  ) );
#10947 = PCURVE('',#10948,#10953);
#10948 = PLANE('',#10949);
#10949 = AXIS2_PLACEMENT_3D('',#10950,#10951,#10952);
#10950 = CARTESIAN_POINT('',(-186.9111728828,54.89151037283,
    -0.136162496729));
#10951 = DIRECTION('',(-0.99139140598,-0.130931585759,9.066551504008E-18
    ));
#10952 = DIRECTION('',(0.130931585759,-0.99139140598,0.));
#10953 = DEFINITIONAL_REPRESENTATION('',(#10954),#10957);
#10954 = B_SPLINE_CURVE_WITH_KNOTS('',1,(#10955,#10956),.UNSPECIFIED.,
  .F.,.F.,(2,2),(0.,0.646564854674),.PIECEWISE_BEZIER_KNOTS.);
#10955 = CARTESIAN_POINT('',(0.187119930608,-0.863837503271));
#10956 = CARTESIAN_POINT('',(-0.459444924066,-0.863837503271));
#10957 = ( GEOMETRIC_REPRESENTATION_CONTEXT(2) 
PARAMETRIC_REPRESENTATION_CONTEXT() REPRESENTATION_CONTEXT('2D SPACE',''
  ) );
#10958 = ORIENTED_EDGE('',*,*,#10859,.T.);
#10959 = ADVANCED_FACE('',(#10960),#10012,.T.);
#10960 = FACE_BOUND('',#10961,.T.);
#10961 = EDGE_LOOP('',(#10962,#10963,#10983));
#10962 = ORIENTED_EDGE('',*,*,#9998,.F.);
#10963 = ORIENTED_EDGE('',*,*,#10964,.T.);
#10964 = EDGE_CURVE('',#9882,#9694,#10965,.T.);
#10965 = SURFACE_CURVE('',#10966,(#10970,#10977),.PCURVE_S1.);
#10966 = LINE('',#10967,#10968);
#10967 = CARTESIAN_POINT('',(-186.311340332,52.956001281738,-1.));
#10968 = VECTOR('',#10969,1.);
#10969 = DIRECTION('',(0.312328136842,0.949974281197,0.));
#10970 = PCURVE('',#10012,#10971);
#10971 = DEFINITIONAL_REPRESENTATION('',(#10972),#10976);
#10972 = LINE('',#10973,#10974);
#10973 = CARTESIAN_POINT('',(1.355906525263,-3.764341960948));
#10974 = VECTOR('',#10975,1.);
#10975 = DIRECTION('',(-0.312328136842,0.949974281197));
#10976 = ( GEOMETRIC_REPRESENTATION_CONTEXT(2) 
PARAMETRIC_REPRESENTATION_CONTEXT() REPRESENTATION_CONTEXT('2D SPACE',''
  ) );
#10977 = PCURVE('',#10061,#10978);
#10978 = DEFINITIONAL_REPRESENTATION('',(#10979),#10982);
#10979 = B_SPLINE_CURVE_WITH_KNOTS('',1,(#10980,#10981),.UNSPECIFIED.,
  .F.,.F.,(2,2),(0.,8.46759631021),.PIECEWISE_BEZIER_KNOTS.);
#10980 = CARTESIAN_POINT('',(1.215213012149,-4.019259747837));
#10981 = CARTESIAN_POINT('',(-1.429455566953,4.024738970425));
#10982 = ( GEOMETRIC_REPRESENTATION_CONTEXT(2) 
PARAMETRIC_REPRESENTATION_CONTEXT() REPRESENTATION_CONTEXT('2D SPACE',''
  ) );
#10983 = ORIENTED_EDGE('',*,*,#10984,.F.);
#10984 = EDGE_CURVE('',#9971,#9694,#10985,.T.);
#10985 = SURFACE_CURVE('',#10986,(#10990,#10996),.PCURVE_S1.);
#10986 = LINE('',#10987,#10988);
#10987 = CARTESIAN_POINT('',(-186.0240020751,52.463996887207,-1.));
#10988 = VECTOR('',#10989,1.);
#10989 = DIRECTION('',(0.266198766965,0.963918158594,0.));
#10990 = PCURVE('',#10012,#10991);
#10991 = DEFINITIONAL_REPRESENTATION('',(#10992),#10995);
#10992 = B_SPLINE_CURVE_WITH_KNOTS('',1,(#10993,#10994),.UNSPECIFIED.,
  .F.,.F.,(2,2),(0.,8.855526827348),.PIECEWISE_BEZIER_KNOTS.);
#10993 = CARTESIAN_POINT('',(1.068568268427,-4.25634635548));
#10994 = CARTESIAN_POINT('',(-1.288762053838,4.279656757313));
#10995 = ( GEOMETRIC_REPRESENTATION_CONTEXT(2) 
PARAMETRIC_REPRESENTATION_CONTEXT() REPRESENTATION_CONTEXT('2D SPACE',''
  ) );
#10996 = PCURVE('',#10997,#11002);
#10997 = PLANE('',#10998);
#10998 = AXIS2_PLACEMENT_3D('',#10999,#11000,#11001);
#10999 = CARTESIAN_POINT('',(-184.7937937631,56.494807943338,-1.));
#11000 = DIRECTION('',(-0.,-0.,-1.));
#11001 = DIRECTION('',(-1.,0.,0.));
#11002 = DEFINITIONAL_REPRESENTATION('',(#11003),#11007);
#11003 = LINE('',#11004,#11005);
#11004 = CARTESIAN_POINT('',(1.230208312019,-4.030811056131));
#11005 = VECTOR('',#11006,1.);
#11006 = DIRECTION('',(-0.266198766965,0.963918158594));
#11007 = ( GEOMETRIC_REPRESENTATION_CONTEXT(2) 
PARAMETRIC_REPRESENTATION_CONTEXT() REPRESENTATION_CONTEXT('2D SPACE',''
  ) );
#11008 = ADVANCED_FACE('',(#11009),#9708,.T.);
#11009 = FACE_BOUND('',#11010,.T.);
#11010 = EDGE_LOOP('',(#11011,#11012,#11039));
#11011 = ORIENTED_EDGE('',*,*,#9693,.T.);
#11012 = ORIENTED_EDGE('',*,*,#11013,.T.);
#11013 = EDGE_CURVE('',#9550,#11014,#11016,.T.);
#11014 = VERTEX_POINT('',#11015);
#11015 = CARTESIAN_POINT('',(-184.1020050048,51.042999267578,-1.));
#11016 = SURFACE_CURVE('',#11017,(#11021,#11028),.PCURVE_S1.);
#11017 = LINE('',#11018,#11019);
#11018 = CARTESIAN_POINT('',(-183.6666717529,51.,-1.));
#11019 = VECTOR('',#11020,1.);
#11020 = DIRECTION('',(-0.995157331071,9.829489516156E-02,0.));
#11021 = PCURVE('',#9708,#11022);
#11022 = DEFINITIONAL_REPRESENTATION('',(#11023),#11027);
#11023 = LINE('',#11024,#11025);
#11024 = CARTESIAN_POINT('',(-0.110988031496,-4.903764927845));
#11025 = VECTOR('',#11026,1.);
#11026 = DIRECTION('',(0.995157331071,9.829489516156E-02));
#11027 = ( GEOMETRIC_REPRESENTATION_CONTEXT(2) 
PARAMETRIC_REPRESENTATION_CONTEXT() REPRESENTATION_CONTEXT('2D SPACE',''
  ) );
#11028 = PCURVE('',#11029,#11034);
#11029 = PLANE('',#11030);
#11030 = AXIS2_PLACEMENT_3D('',#11031,#11032,#11033);
#11031 = CARTESIAN_POINT('',(-183.9814084109,51.031087553536,
    -9.754239761328E-02));
#11032 = DIRECTION('',(-9.829489516156E-02,-0.995157331071,
    -4.669072306745E-18));
#11033 = DIRECTION('',(-0.995157331071,9.829489516156E-02,0.));
#11034 = DEFINITIONAL_REPRESENTATION('',(#11035),#11038);
#11035 = B_SPLINE_CURVE_WITH_KNOTS('',1,(#11036,#11037),.UNSPECIFIED.,
  .F.,.F.,(2,2),(0.,0.437451685639),.PIECEWISE_BEZIER_KNOTS.);
#11036 = CARTESIAN_POINT('',(-0.316268240433,0.902457602387));
#11037 = CARTESIAN_POINT('',(0.121183445206,0.902457602387));
#11038 = ( GEOMETRIC_REPRESENTATION_CONTEXT(2) 
PARAMETRIC_REPRESENTATION_CONTEXT() REPRESENTATION_CONTEXT('2D SPACE',''
  ) );
#11039 = ORIENTED_EDGE('',*,*,#11040,.T.);
#11040 = EDGE_CURVE('',#11014,#9694,#11041,.T.);
#11041 = SURFACE_CURVE('',#11042,(#11046,#11053),.PCURVE_S1.);
#11042 = LINE('',#11043,#11044);
#11043 = CARTESIAN_POINT('',(-184.1020050048,51.042999267578,-1.));
#11044 = VECTOR('',#11045,1.);
#11045 = DIRECTION('',(4.367959566067E-02,0.999045591013,0.));
#11046 = PCURVE('',#9708,#11047);
#11047 = DEFINITIONAL_REPRESENTATION('',(#11048),#11052);
#11048 = LINE('',#11049,#11050);
#11049 = CARTESIAN_POINT('',(0.324345220457,-4.860765660267));
#11050 = VECTOR('',#11051,1.);
#11051 = DIRECTION('',(-4.367959566067E-02,0.999045591013));
#11052 = ( GEOMETRIC_REPRESENTATION_CONTEXT(2) 
PARAMETRIC_REPRESENTATION_CONTEXT() REPRESENTATION_CONTEXT('2D SPACE',''
  ) );
#11053 = PCURVE('',#11054,#11059);
#11054 = PLANE('',#11055);
#11055 = AXIS2_PLACEMENT_3D('',#11056,#11057,#11058);
#11056 = CARTESIAN_POINT('',(-183.9977819491,55.94435579576,-1.));
#11057 = DIRECTION('',(-0.,-0.,-1.));
#11058 = DIRECTION('',(-1.,0.,0.));
#11059 = DEFINITIONAL_REPRESENTATION('',(#11060),#11063);
#11060 = B_SPLINE_CURVE_WITH_KNOTS('',1,(#11061,#11062),.UNSPECIFIED.,
  .F.,.F.,(2,2),(0.,9.966512861864),.PIECEWISE_BEZIER_KNOTS.);
#11061 = CARTESIAN_POINT('',(0.104223055696,-4.901356528182));
#11062 = CARTESIAN_POINT('',(-0.331110196257,5.05564420424));
#11063 = ( GEOMETRIC_REPRESENTATION_CONTEXT(2) 
PARAMETRIC_REPRESENTATION_CONTEXT() REPRESENTATION_CONTEXT('2D SPACE',''
  ) );
#11064 = ADVANCED_FACE('',(#11065),#11054,.T.);
#11065 = FACE_BOUND('',#11066,.T.);
#11066 = EDGE_LOOP('',(#11067,#11068,#11095));
#11067 = ORIENTED_EDGE('',*,*,#11040,.F.);
#11068 = ORIENTED_EDGE('',*,*,#11069,.T.);
#11069 = EDGE_CURVE('',#11014,#11070,#11072,.T.);
#11070 = VERTEX_POINT('',#11071);
#11071 = CARTESIAN_POINT('',(-184.5293273925,51.169998168945,-1.));
#11072 = SURFACE_CURVE('',#11073,(#11077,#11084),.PCURVE_S1.);
#11073 = LINE('',#11074,#11075);
#11074 = CARTESIAN_POINT('',(-184.1020050048,51.042999267578,-1.));
#11075 = VECTOR('',#11076,1.);
#11076 = DIRECTION('',(-0.958562632162,0.284881870647,0.));
#11077 = PCURVE('',#11054,#11078);
#11078 = DEFINITIONAL_REPRESENTATION('',(#11079),#11083);
#11079 = LINE('',#11080,#11081);
#11080 = CARTESIAN_POINT('',(0.104223055696,-4.901356528182));
#11081 = VECTOR('',#11082,1.);
#11082 = DIRECTION('',(0.958562632162,0.284881870647));
#11083 = ( GEOMETRIC_REPRESENTATION_CONTEXT(2) 
PARAMETRIC_REPRESENTATION_CONTEXT() REPRESENTATION_CONTEXT('2D SPACE',''
  ) );
#11084 = PCURVE('',#11085,#11090);
#11085 = PLANE('',#11086);
#11086 = AXIS2_PLACEMENT_3D('',#11087,#11088,#11089);
#11087 = CARTESIAN_POINT('',(-184.2205974166,51.078244568159,
    -9.917847716582E-02));
#11088 = DIRECTION('',(-0.284881870647,-0.958562632162,
    1.864978066968E-17));
#11089 = DIRECTION('',(-0.958562632162,0.284881870647,0.));
#11090 = DEFINITIONAL_REPRESENTATION('',(#11091),#11094);
#11091 = B_SPLINE_CURVE_WITH_KNOTS('',1,(#11092,#11093),.UNSPECIFIED.,
  .F.,.F.,(2,2),(0.,0.445794957322),.PIECEWISE_BEZIER_KNOTS.);
#11092 = CARTESIAN_POINT('',(-0.123719001495,0.900821522834));
#11093 = CARTESIAN_POINT('',(0.322075955827,0.900821522834));
#11094 = ( GEOMETRIC_REPRESENTATION_CONTEXT(2) 
PARAMETRIC_REPRESENTATION_CONTEXT() REPRESENTATION_CONTEXT('2D SPACE',''
  ) );
#11095 = ORIENTED_EDGE('',*,*,#11096,.T.);
#11096 = EDGE_CURVE('',#11070,#9694,#11097,.T.);
#11097 = SURFACE_CURVE('',#11098,(#11102,#11109),.PCURVE_S1.);
#11098 = LINE('',#11099,#11100);
#11099 = CARTESIAN_POINT('',(-184.5293273925,51.169998168945,-1.));
#11100 = VECTOR('',#11101,1.);
#11101 = DIRECTION('',(8.742143753305E-02,0.996171417106,0.));
#11102 = PCURVE('',#11054,#11103);
#11103 = DEFINITIONAL_REPRESENTATION('',(#11104),#11108);
#11104 = LINE('',#11105,#11106);
#11105 = CARTESIAN_POINT('',(0.531545443392,-4.774357626815));
#11106 = VECTOR('',#11107,1.);
#11107 = DIRECTION('',(-8.742143753305E-02,0.996171417106));
#11108 = ( GEOMETRIC_REPRESENTATION_CONTEXT(2) 
PARAMETRIC_REPRESENTATION_CONTEXT() REPRESENTATION_CONTEXT('2D SPACE',''
  ) );
#11109 = PCURVE('',#11110,#11115);
#11110 = PLANE('',#11111);
#11111 = AXIS2_PLACEMENT_3D('',#11112,#11113,#11114);
#11112 = CARTESIAN_POINT('',(-184.2126857386,56.024829568476,-1.));
#11113 = DIRECTION('',(-0.,-0.,-1.));
#11114 = DIRECTION('',(-1.,0.,0.));
#11115 = DEFINITIONAL_REPRESENTATION('',(#11116),#11119);
#11116 = B_SPLINE_CURVE_WITH_KNOTS('',1,(#11117,#11118),.UNSPECIFIED.,
  .F.,.F.,(2,2),(0.,9.867781450314),.PIECEWISE_BEZIER_KNOTS.);
#11117 = CARTESIAN_POINT('',(0.316641653879,-4.854831399531));
#11118 = CARTESIAN_POINT('',(-0.54601398577,4.975170431524));
#11119 = ( GEOMETRIC_REPRESENTATION_CONTEXT(2) 
PARAMETRIC_REPRESENTATION_CONTEXT() REPRESENTATION_CONTEXT('2D SPACE',''
  ) );
#11120 = ADVANCED_FACE('',(#11121),#11110,.T.);
#11121 = FACE_BOUND('',#11122,.T.);
#11122 = EDGE_LOOP('',(#11123,#11124,#11151));
#11123 = ORIENTED_EDGE('',*,*,#11096,.F.);
#11124 = ORIENTED_EDGE('',*,*,#11125,.T.);
#11125 = EDGE_CURVE('',#11070,#11126,#11128,.T.);
#11126 = VERTEX_POINT('',#11127);
#11127 = CARTESIAN_POINT('',(-184.9420013427,51.380996704102,-1.));
#11128 = SURFACE_CURVE('',#11129,(#11133,#11140),.PCURVE_S1.);
#11129 = LINE('',#11130,#11131);
#11130 = CARTESIAN_POINT('',(-184.5293273925,51.169998168945,-1.));
#11131 = VECTOR('',#11132,1.);
#11132 = DIRECTION('',(-0.89036796554,0.455241568774,0.));
#11133 = PCURVE('',#11110,#11134);
#11134 = DEFINITIONAL_REPRESENTATION('',(#11135),#11139);
#11135 = LINE('',#11136,#11137);
#11136 = CARTESIAN_POINT('',(0.316641653879,-4.854831399531));
#11137 = VECTOR('',#11138,1.);
#11138 = DIRECTION('',(0.89036796554,0.455241568774));
#11139 = ( GEOMETRIC_REPRESENTATION_CONTEXT(2) 
PARAMETRIC_REPRESENTATION_CONTEXT() REPRESENTATION_CONTEXT('2D SPACE',''
  ) );
#11140 = PCURVE('',#11141,#11146);
#11141 = PLANE('',#11142);
#11142 = AXIS2_PLACEMENT_3D('',#11143,#11144,#11145);
#11143 = CARTESIAN_POINT('',(-184.6442938612,51.228780063159,
    -0.102621062242));
#11144 = DIRECTION('',(-0.455241568774,-0.89036796554,-0.));
#11145 = DIRECTION('',(-0.89036796554,0.455241568774,0.));
#11146 = DEFINITIONAL_REPRESENTATION('',(#11147),#11150);
#11147 = B_SPLINE_CURVE_WITH_KNOTS('',1,(#11148,#11149),.UNSPECIFIED.,
  .F.,.F.,(2,2),(0.,0.46348696962),.PIECEWISE_BEZIER_KNOTS.);
#11148 = CARTESIAN_POINT('',(-0.129122422568,0.897378937758));
#11149 = CARTESIAN_POINT('',(0.334364547052,0.897378937758));
#11150 = ( GEOMETRIC_REPRESENTATION_CONTEXT(2) 
PARAMETRIC_REPRESENTATION_CONTEXT() REPRESENTATION_CONTEXT('2D SPACE',''
  ) );
#11151 = ORIENTED_EDGE('',*,*,#11152,.T.);
#11152 = EDGE_CURVE('',#11126,#9694,#11153,.T.);
#11153 = SURFACE_CURVE('',#11154,(#11158,#11165),.PCURVE_S1.);
#11154 = LINE('',#11155,#11156);
#11155 = CARTESIAN_POINT('',(-184.9420013427,51.380996704102,-1.));
#11156 = VECTOR('',#11157,1.);
#11157 = DIRECTION('',(0.131434197045,0.991324897219,0.));
#11158 = PCURVE('',#11110,#11159);
#11159 = DEFINITIONAL_REPRESENTATION('',(#11160),#11164);
#11160 = LINE('',#11161,#11162);
#11161 = CARTESIAN_POINT('',(0.729315604074,-4.643832864375));
#11162 = VECTOR('',#11163,1.);
#11163 = DIRECTION('',(-0.131434197045,0.991324897219));
#11164 = ( GEOMETRIC_REPRESENTATION_CONTEXT(2) 
PARAMETRIC_REPRESENTATION_CONTEXT() REPRESENTATION_CONTEXT('2D SPACE',''
  ) );
#11165 = PCURVE('',#11166,#11171);
#11166 = PLANE('',#11167);
#11167 = AXIS2_PLACEMENT_3D('',#11168,#11169,#11170);
#11168 = CARTESIAN_POINT('',(-184.4192392846,56.144743540518,-1.));
#11169 = DIRECTION('',(-0.,-0.,-1.));
#11170 = DIRECTION('',(-1.,0.,0.));
#11171 = DEFINITIONAL_REPRESENTATION('',(#11172),#11175);
#11172 = B_SPLINE_CURVE_WITH_KNOTS('',1,(#11173,#11174),.UNSPECIFIED.,
  .F.,.F.,(2,2),(0.,9.703179374269),.PIECEWISE_BEZIER_KNOTS.);
#11173 = CARTESIAN_POINT('',(0.522762058087,-4.763746836417));
#11174 = CARTESIAN_POINT('',(-0.752567531757,4.855256459482));
#11175 = ( GEOMETRIC_REPRESENTATION_CONTEXT(2) 
PARAMETRIC_REPRESENTATION_CONTEXT() REPRESENTATION_CONTEXT('2D SPACE',''
  ) );
#11176 = ADVANCED_FACE('',(#11177),#11166,.T.);
#11177 = FACE_BOUND('',#11178,.T.);
#11178 = EDGE_LOOP('',(#11179,#11180,#11207));
#11179 = ORIENTED_EDGE('',*,*,#11152,.F.);
#11180 = ORIENTED_EDGE('',*,*,#11181,.T.);
#11181 = EDGE_CURVE('',#11126,#11182,#11184,.T.);
#11182 = VERTEX_POINT('',#11183);
#11183 = CARTESIAN_POINT('',(-185.333328247,51.669998168945,-1.));
#11184 = SURFACE_CURVE('',#11185,(#11189,#11196),.PCURVE_S1.);
#11185 = LINE('',#11186,#11187);
#11186 = CARTESIAN_POINT('',(-184.9420013427,51.380996704102,-1.));
#11187 = VECTOR('',#11188,1.);
#11188 = DIRECTION('',(-0.804412051531,0.594071756063,0.));
#11189 = PCURVE('',#11166,#11190);
#11190 = DEFINITIONAL_REPRESENTATION('',(#11191),#11195);
#11191 = LINE('',#11192,#11193);
#11192 = CARTESIAN_POINT('',(0.522762058087,-4.763746836417));
#11193 = VECTOR('',#11194,1.);
#11194 = DIRECTION('',(0.804412051531,0.594071756063));
#11195 = ( GEOMETRIC_REPRESENTATION_CONTEXT(2) 
PARAMETRIC_REPRESENTATION_CONTEXT() REPRESENTATION_CONTEXT('2D SPACE',''
  ) );
#11196 = PCURVE('',#11197,#11202);
#11197 = PLANE('',#11198);
#11198 = AXIS2_PLACEMENT_3D('',#11199,#11200,#11201);
#11199 = CARTESIAN_POINT('',(-185.051560291,51.461907820093,
    -0.107040295691));
#11200 = DIRECTION('',(-0.594071756063,-0.804412051531,-0.));
#11201 = DIRECTION('',(-0.804412051531,0.594071756063,0.));
#11202 = DEFINITIONAL_REPRESENTATION('',(#11203),#11206);
#11203 = B_SPLINE_CURVE_WITH_KNOTS('',1,(#11204,#11205),.UNSPECIFIED.,
  .F.,.F.,(2,2),(0.,0.486475685629),.PIECEWISE_BEZIER_KNOTS.);
#11204 = CARTESIAN_POINT('',(-0.136197547124,0.892959704309));
#11205 = CARTESIAN_POINT('',(0.350278138505,0.892959704309));
#11206 = ( GEOMETRIC_REPRESENTATION_CONTEXT(2) 
PARAMETRIC_REPRESENTATION_CONTEXT() REPRESENTATION_CONTEXT('2D SPACE',''
  ) );
#11207 = ORIENTED_EDGE('',*,*,#11208,.T.);
#11208 = EDGE_CURVE('',#11182,#9694,#11209,.T.);
#11209 = SURFACE_CURVE('',#11210,(#11214,#11221),.PCURVE_S1.);
#11210 = LINE('',#11211,#11212);
#11211 = CARTESIAN_POINT('',(-185.333328247,51.669998168945,-1.));
#11212 = VECTOR('',#11213,1.);
#11213 = DIRECTION('',(0.175850427895,0.984416896954,0.));
#11214 = PCURVE('',#11166,#11215);
#11215 = DEFINITIONAL_REPRESENTATION('',(#11216),#11220);
#11216 = LINE('',#11217,#11218);
#11217 = CARTESIAN_POINT('',(0.914088962384,-4.474745371573));
#11218 = VECTOR('',#11219,1.);
#11219 = DIRECTION('',(-0.175850427895,0.984416896954));
#11220 = ( GEOMETRIC_REPRESENTATION_CONTEXT(2) 
PARAMETRIC_REPRESENTATION_CONTEXT() REPRESENTATION_CONTEXT('2D SPACE',''
  ) );
#11221 = PCURVE('',#11222,#11227);
#11222 = PLANE('',#11223);
#11223 = AXIS2_PLACEMENT_3D('',#11224,#11225,#11226);
#11224 = CARTESIAN_POINT('',(-184.6140397858,56.302059188637,-1.));
#11225 = DIRECTION('',(-0.,-0.,-1.));
#11226 = DIRECTION('',(-1.,0.,0.));
#11227 = DEFINITIONAL_REPRESENTATION('',(#11228),#11231);
#11228 = B_SPLINE_CURVE_WITH_KNOTS('',1,(#11229,#11230),.UNSPECIFIED.,
  .F.,.F.,(2,2),(0.,9.477693708753),.PIECEWISE_BEZIER_KNOTS.);
#11229 = CARTESIAN_POINT('',(0.719288461236,-4.632061019692));
#11230 = CARTESIAN_POINT('',(-0.947368032905,4.697940811363));
#11231 = ( GEOMETRIC_REPRESENTATION_CONTEXT(2) 
PARAMETRIC_REPRESENTATION_CONTEXT() REPRESENTATION_CONTEXT('2D SPACE',''
  ) );
#11232 = ADVANCED_FACE('',(#11233),#11222,.T.);
#11233 = FACE_BOUND('',#11234,.T.);
#11234 = EDGE_LOOP('',(#11235,#11236,#11263));
#11235 = ORIENTED_EDGE('',*,*,#11208,.F.);
#11236 = ORIENTED_EDGE('',*,*,#11237,.T.);
#11237 = EDGE_CURVE('',#11182,#11238,#11240,.T.);
#11238 = VERTEX_POINT('',#11239);
#11239 = CARTESIAN_POINT('',(-185.6959991455,52.032997131348,-1.));
#11240 = SURFACE_CURVE('',#11241,(#11245,#11252),.PCURVE_S1.);
#11241 = LINE('',#11242,#11243);
#11242 = CARTESIAN_POINT('',(-185.333328247,51.669998168945,-1.));
#11243 = VECTOR('',#11244,1.);
#11244 = DIRECTION('',(-0.706787037072,0.707426380782,0.));
#11245 = PCURVE('',#11222,#11246);
#11246 = DEFINITIONAL_REPRESENTATION('',(#11247),#11251);
#11247 = LINE('',#11248,#11249);
#11248 = CARTESIAN_POINT('',(0.719288461236,-4.632061019692));
#11249 = VECTOR('',#11250,1.);
#11250 = DIRECTION('',(0.706787037072,0.707426380782));
#11251 = ( GEOMETRIC_REPRESENTATION_CONTEXT(2) 
PARAMETRIC_REPRESENTATION_CONTEXT() REPRESENTATION_CONTEXT('2D SPACE',''
  ) );
#11252 = PCURVE('',#11253,#11258);
#11253 = PLANE('',#11254);
#11254 = AXIS2_PLACEMENT_3D('',#11255,#11256,#11257);
#11255 = CARTESIAN_POINT('',(-185.4354416166,51.772203907992,
    -0.112087623969));
#11256 = DIRECTION('',(-0.707426380782,-0.706787037072,
    3.690282589202E-17));
#11257 = DIRECTION('',(0.706787037072,-0.707426380782,3.08148791102E-33)
  );
#11258 = DEFINITIONAL_REPRESENTATION('',(#11259),#11262);
#11259 = B_SPLINE_CURVE_WITH_KNOTS('',1,(#11260,#11261),.UNSPECIFIED.,
  .F.,.F.,(2,2),(0.,0.513126131939),.PIECEWISE_BEZIER_KNOTS.);
#11260 = CARTESIAN_POINT('',(0.144475442,-0.887912376031));
#11261 = CARTESIAN_POINT('',(-0.368650689939,-0.887912376031));
#11262 = ( GEOMETRIC_REPRESENTATION_CONTEXT(2) 
PARAMETRIC_REPRESENTATION_CONTEXT() REPRESENTATION_CONTEXT('2D SPACE',''
  ) );
#11263 = ORIENTED_EDGE('',*,*,#11264,.T.);
#11264 = EDGE_CURVE('',#11238,#9694,#11265,.T.);
#11265 = SURFACE_CURVE('',#11266,(#11270,#11277),.PCURVE_S1.);
#11266 = LINE('',#11267,#11268);
#11267 = CARTESIAN_POINT('',(-185.6959991455,52.032997131348,-1.));
#11268 = VECTOR('',#11269,1.);
#11269 = DIRECTION('',(0.220728662278,0.975335253976,0.));
#11270 = PCURVE('',#11222,#11271);
#11271 = DEFINITIONAL_REPRESENTATION('',(#11272),#11276);
#11272 = LINE('',#11273,#11274);
#11273 = CARTESIAN_POINT('',(1.081959359674,-4.26906205729));
#11274 = VECTOR('',#11275,1.);
#11275 = DIRECTION('',(-0.220728662278,0.975335253976));
#11276 = ( GEOMETRIC_REPRESENTATION_CONTEXT(2) 
PARAMETRIC_REPRESENTATION_CONTEXT() REPRESENTATION_CONTEXT('2D SPACE',''
  ) );
#11277 = PCURVE('',#10997,#11278);
#11278 = DEFINITIONAL_REPRESENTATION('',(#11279),#11282);
#11279 = B_SPLINE_CURVE_WITH_KNOTS('',1,(#11280,#11281),.UNSPECIFIED.,
  .F.,.F.,(2,2),(0.,9.193764740991),.PIECEWISE_BEZIER_KNOTS.);
#11280 = CARTESIAN_POINT('',(0.902205382331,-4.461810811991));
#11281 = CARTESIAN_POINT('',(-1.127122010247,4.505192056662));
#11282 = ( GEOMETRIC_REPRESENTATION_CONTEXT(2) 
PARAMETRIC_REPRESENTATION_CONTEXT() REPRESENTATION_CONTEXT('2D SPACE',''
  ) );
#11283 = ADVANCED_FACE('',(#11284),#10997,.T.);
#11284 = FACE_BOUND('',#11285,.T.);
#11285 = EDGE_LOOP('',(#11286,#11287,#11312));
#11286 = ORIENTED_EDGE('',*,*,#11264,.F.);
#11287 = ORIENTED_EDGE('',*,*,#11288,.T.);
#11288 = EDGE_CURVE('',#11238,#9971,#11289,.T.);
#11289 = SURFACE_CURVE('',#11290,(#11294,#11301),.PCURVE_S1.);
#11290 = LINE('',#11291,#11292);
#11291 = CARTESIAN_POINT('',(-185.6959991455,52.032997131348,-1.));
#11292 = VECTOR('',#11293,1.);
#11293 = DIRECTION('',(-0.605601735181,0.795767892256,0.));
#11294 = PCURVE('',#10997,#11295);
#11295 = DEFINITIONAL_REPRESENTATION('',(#11296),#11300);
#11296 = LINE('',#11297,#11298);
#11297 = CARTESIAN_POINT('',(0.902205382331,-4.461810811991));
#11298 = VECTOR('',#11299,1.);
#11299 = DIRECTION('',(0.605601735181,0.795767892256));
#11300 = ( GEOMETRIC_REPRESENTATION_CONTEXT(2) 
PARAMETRIC_REPRESENTATION_CONTEXT() REPRESENTATION_CONTEXT('2D SPACE',''
  ) );
#11301 = PCURVE('',#11302,#11307);
#11302 = PLANE('',#11303);
#11303 = AXIS2_PLACEMENT_3D('',#11304,#11305,#11306);
#11304 = CARTESIAN_POINT('',(-185.7889066537,52.155078703625,
    -0.117393911669));
#11305 = DIRECTION('',(-0.795767892256,-0.605601735181,
    -1.837545066236E-17));
#11306 = DIRECTION('',(0.605601735181,-0.795767892256,1.54074395551E-33)
  );
#11307 = DEFINITIONAL_REPRESENTATION('',(#11308),#11311);
#11308 = B_SPLINE_CURVE_WITH_KNOTS('',1,(#11309,#11310),.UNSPECIFIED.,
  .F.,.F.,(2,2),(0.,0.541614910646),.PIECEWISE_BEZIER_KNOTS.);
#11309 = CARTESIAN_POINT('',(0.153413543654,-0.882606088331));
#11310 = CARTESIAN_POINT('',(-0.388201366992,-0.882606088331));
#11311 = ( GEOMETRIC_REPRESENTATION_CONTEXT(2) 
PARAMETRIC_REPRESENTATION_CONTEXT() REPRESENTATION_CONTEXT('2D SPACE',''
  ) );
#11312 = ORIENTED_EDGE('',*,*,#10984,.T.);
#11313 = ADVANCED_FACE('',(#11314),#10061,.T.);
#11314 = FACE_BOUND('',#11315,.T.);
#11315 = EDGE_LOOP('',(#11316,#11317,#11318));
#11316 = ORIENTED_EDGE('',*,*,#10047,.F.);
#11317 = ORIENTED_EDGE('',*,*,#10135,.F.);
#11318 = ORIENTED_EDGE('',*,*,#10964,.F.);
#11319 = ADVANCED_FACE('',(#11320),#11334,.T.);
#11320 = FACE_BOUND('',#11321,.T.);
#11321 = EDGE_LOOP('',(#11322,#11356,#11381));
#11322 = ORIENTED_EDGE('',*,*,#11323,.T.);
#11323 = EDGE_CURVE('',#11324,#11326,#11328,.T.);
#11324 = VERTEX_POINT('',#11325);
#11325 = CARTESIAN_POINT('',(-169.8979949951,60.957000732422,-1.));
#11326 = VERTEX_POINT('',#11327);
#11327 = CARTESIAN_POINT('',(-169.4706726074,60.830001831055,-1.));
#11328 = SURFACE_CURVE('',#11329,(#11333,#11345),.PCURVE_S1.);
#11329 = LINE('',#11330,#11331);
#11330 = CARTESIAN_POINT('',(-169.8979949951,60.957000732422,-1.));
#11331 = VECTOR('',#11332,1.);
#11332 = DIRECTION('',(0.958562632162,-0.284881870647,0.));
#11333 = PCURVE('',#11334,#11339);
#11334 = PLANE('',#11335);
#11335 = AXIS2_PLACEMENT_3D('',#11336,#11337,#11338);
#11336 = CARTESIAN_POINT('',(-169.4741145977,60.797700357188,-1.));
#11337 = DIRECTION('',(-0.,-0.,-1.));
#11338 = DIRECTION('',(-1.,0.,0.));
#11339 = DEFINITIONAL_REPRESENTATION('',(#11340),#11344);
#11340 = LINE('',#11341,#11342);
#11341 = CARTESIAN_POINT('',(0.423880397412,0.159300375233));
#11342 = VECTOR('',#11343,1.);
#11343 = DIRECTION('',(-0.958562632162,-0.284881870647));
#11344 = ( GEOMETRIC_REPRESENTATION_CONTEXT(2) 
PARAMETRIC_REPRESENTATION_CONTEXT() REPRESENTATION_CONTEXT('2D SPACE',''
  ) );
#11345 = PCURVE('',#11346,#11351);
#11346 = PLANE('',#11347);
#11347 = AXIS2_PLACEMENT_3D('',#11348,#11349,#11350);
#11348 = CARTESIAN_POINT('',(-169.7794025833,60.921755431841,
    -9.917847716582E-02));
#11349 = DIRECTION('',(0.284881870647,0.958562632162,0.));
#11350 = DIRECTION('',(0.958562632162,-0.284881870647,0.));
#11351 = DEFINITIONAL_REPRESENTATION('',(#11352),#11355);
#11352 = B_SPLINE_CURVE_WITH_KNOTS('',1,(#11353,#11354),.UNSPECIFIED.,
  .F.,.F.,(2,2),(0.,0.445794957322),.PIECEWISE_BEZIER_KNOTS.);
#11353 = CARTESIAN_POINT('',(-0.123719001495,0.900821522834));
#11354 = CARTESIAN_POINT('',(0.322075955827,0.900821522834));
#11355 = ( GEOMETRIC_REPRESENTATION_CONTEXT(2) 
PARAMETRIC_REPRESENTATION_CONTEXT() REPRESENTATION_CONTEXT('2D SPACE',''
  ) );
#11356 = ORIENTED_EDGE('',*,*,#11357,.T.);
#11357 = EDGE_CURVE('',#11326,#9497,#11358,.T.);
#11358 = SURFACE_CURVE('',#11359,(#11363,#11370),.PCURVE_S1.);
#11359 = LINE('',#11360,#11361);
#11360 = CARTESIAN_POINT('',(-169.4706726074,60.830001831055,-1.));
#11361 = VECTOR('',#11362,1.);
#11362 = DIRECTION('',(0.89036796554,-0.455241568774,0.));
#11363 = PCURVE('',#11334,#11364);
#11364 = DEFINITIONAL_REPRESENTATION('',(#11365),#11369);
#11365 = LINE('',#11366,#11367);
#11366 = CARTESIAN_POINT('',(-3.441990283591E-03,3.230147386623E-02));
#11367 = VECTOR('',#11368,1.);
#11368 = DIRECTION('',(-0.89036796554,-0.455241568774));
#11369 = ( GEOMETRIC_REPRESENTATION_CONTEXT(2) 
PARAMETRIC_REPRESENTATION_CONTEXT() REPRESENTATION_CONTEXT('2D SPACE',''
  ) );
#11370 = PCURVE('',#11371,#11376);
#11371 = PLANE('',#11372);
#11372 = AXIS2_PLACEMENT_3D('',#11373,#11374,#11375);
#11373 = CARTESIAN_POINT('',(-169.3557061387,60.771219936841,
    -0.102621062242));
#11374 = DIRECTION('',(0.455241568774,0.89036796554,0.));
#11375 = DIRECTION('',(0.89036796554,-0.455241568774,0.));
#11376 = DEFINITIONAL_REPRESENTATION('',(#11377),#11380);
#11377 = B_SPLINE_CURVE_WITH_KNOTS('',1,(#11378,#11379),.UNSPECIFIED.,
  .F.,.F.,(2,2),(0.,0.46348696962),.PIECEWISE_BEZIER_KNOTS.);
#11378 = CARTESIAN_POINT('',(-0.129122422568,0.897378937758));
#11379 = CARTESIAN_POINT('',(0.334364547052,0.897378937758));
#11380 = ( GEOMETRIC_REPRESENTATION_CONTEXT(2) 
PARAMETRIC_REPRESENTATION_CONTEXT() REPRESENTATION_CONTEXT('2D SPACE',''
  ) );
#11381 = ORIENTED_EDGE('',*,*,#11382,.T.);
#11382 = EDGE_CURVE('',#9497,#11324,#11383,.T.);
#11383 = SURFACE_CURVE('',#11384,(#11388,#11395),.PCURVE_S1.);
#11384 = LINE('',#11385,#11386);
#11385 = CARTESIAN_POINT('',(-169.0579986572,60.619003295898,-1.));
#11386 = VECTOR('',#11387,1.);
#11387 = DIRECTION('',(-0.927713485966,0.373293032291,0.));
#11388 = PCURVE('',#11334,#11389);
#11389 = DEFINITIONAL_REPRESENTATION('',(#11390),#11394);
#11390 = LINE('',#11391,#11392);
#11391 = CARTESIAN_POINT('',(-0.416115940479,-0.17869706129));
#11392 = VECTOR('',#11393,1.);
#11393 = DIRECTION('',(0.927713485966,0.373293032291));
#11394 = ( GEOMETRIC_REPRESENTATION_CONTEXT(2) 
PARAMETRIC_REPRESENTATION_CONTEXT() REPRESENTATION_CONTEXT('2D SPACE',''
  ) );
#11395 = PCURVE('',#11396,#11401);
#11396 = PLANE('',#11397);
#11397 = AXIS2_PLACEMENT_3D('',#11398,#11399,#11400);
#11398 = CARTESIAN_POINT('',(-169.6906682049,60.829869461612,-1.));
#11399 = DIRECTION('',(-0.,-0.,-1.));
#11400 = DIRECTION('',(-1.,0.,0.));
#11401 = DEFINITIONAL_REPRESENTATION('',(#11402),#11405);
#11402 = B_SPLINE_CURVE_WITH_KNOTS('',1,(#11403,#11404),.UNSPECIFIED.,
  .F.,.F.,(2,2),(0.,0.90544801881),.PIECEWISE_BEZIER_KNOTS.);
#11403 = CARTESIAN_POINT('',(-0.632669547739,-0.210866165714));
#11404 = CARTESIAN_POINT('',(0.207326790152,0.12713127081));
#11405 = ( GEOMETRIC_REPRESENTATION_CONTEXT(2) 
PARAMETRIC_REPRESENTATION_CONTEXT() REPRESENTATION_CONTEXT('2D SPACE',''
  ) );
#11406 = ADVANCED_FACE('',(#11407),#11396,.T.);
#11407 = FACE_BOUND('',#11408,.T.);
#11408 = EDGE_LOOP('',(#11409,#11431,#11456));
#11409 = ORIENTED_EDGE('',*,*,#11410,.T.);
#11410 = EDGE_CURVE('',#9497,#11411,#11413,.T.);
#11411 = VERTEX_POINT('',#11412);
#11412 = CARTESIAN_POINT('',(-170.333328247,61.,-1.));
#11413 = SURFACE_CURVE('',#11414,(#11418,#11425),.PCURVE_S1.);
#11414 = LINE('',#11415,#11416);
#11415 = CARTESIAN_POINT('',(-169.0579986572,60.619003295898,-1.));
#11416 = VECTOR('',#11417,1.);
#11417 = DIRECTION('',(-0.958156946245,0.286243369117,0.));
#11418 = PCURVE('',#11396,#11419);
#11419 = DEFINITIONAL_REPRESENTATION('',(#11420),#11424);
#11420 = LINE('',#11421,#11422);
#11421 = CARTESIAN_POINT('',(-0.632669547739,-0.210866165714));
#11422 = VECTOR('',#11423,1.);
#11423 = DIRECTION('',(0.958156946245,0.286243369117));
#11424 = ( GEOMETRIC_REPRESENTATION_CONTEXT(2) 
PARAMETRIC_REPRESENTATION_CONTEXT() REPRESENTATION_CONTEXT('2D SPACE',''
  ) );
#11425 = PCURVE('',#9532,#11426);
#11426 = DEFINITIONAL_REPRESENTATION('',(#11427),#11430);
#11427 = B_SPLINE_CURVE_WITH_KNOTS('',1,(#11428,#11429),.UNSPECIFIED.,
  .F.,.F.,(2,2),(0.,1.331023685464),.PIECEWISE_BEZIER_KNOTS.);
#11428 = CARTESIAN_POINT('',(-0.42822749303,-7.357565372468E-02));
#11429 = CARTESIAN_POINT('',(0.847102096813,0.307421050377));
#11430 = ( GEOMETRIC_REPRESENTATION_CONTEXT(2) 
PARAMETRIC_REPRESENTATION_CONTEXT() REPRESENTATION_CONTEXT('2D SPACE',''
  ) );
#11431 = ORIENTED_EDGE('',*,*,#11432,.T.);
#11432 = EDGE_CURVE('',#11411,#11324,#11433,.T.);
#11433 = SURFACE_CURVE('',#11434,(#11438,#11445),.PCURVE_S1.);
#11434 = LINE('',#11435,#11436);
#11435 = CARTESIAN_POINT('',(-170.333328247,61.,-1.));
#11436 = VECTOR('',#11437,1.);
#11437 = DIRECTION('',(0.995157331071,-9.829489516156E-02,0.));
#11438 = PCURVE('',#11396,#11439);
#11439 = DEFINITIONAL_REPRESENTATION('',(#11440),#11444);
#11440 = LINE('',#11441,#11442);
#11441 = CARTESIAN_POINT('',(0.642660042105,0.170130538388));
#11442 = VECTOR('',#11443,1.);
#11443 = DIRECTION('',(-0.995157331071,-9.829489516156E-02));
#11444 = ( GEOMETRIC_REPRESENTATION_CONTEXT(2) 
PARAMETRIC_REPRESENTATION_CONTEXT() REPRESENTATION_CONTEXT('2D SPACE',''
  ) );
#11445 = PCURVE('',#11446,#11451);
#11446 = PLANE('',#11447);
#11447 = AXIS2_PLACEMENT_3D('',#11448,#11449,#11450);
#11448 = CARTESIAN_POINT('',(-170.018591589,60.968912446464,
    -9.754239761328E-02));
#11449 = DIRECTION('',(9.829489516156E-02,0.995157331071,
    7.003608460118E-18));
#11450 = DIRECTION('',(0.995157331071,-9.829489516156E-02,0.));
#11451 = DEFINITIONAL_REPRESENTATION('',(#11452),#11455);
#11452 = B_SPLINE_CURVE_WITH_KNOTS('',1,(#11453,#11454),.UNSPECIFIED.,
  .F.,.F.,(2,2),(0.,0.437451685639),.PIECEWISE_BEZIER_KNOTS.);
#11453 = CARTESIAN_POINT('',(-0.316268240433,0.902457602387));
#11454 = CARTESIAN_POINT('',(0.121183445206,0.902457602387));
#11455 = ( GEOMETRIC_REPRESENTATION_CONTEXT(2) 
PARAMETRIC_REPRESENTATION_CONTEXT() REPRESENTATION_CONTEXT('2D SPACE',''
  ) );
#11456 = ORIENTED_EDGE('',*,*,#11382,.F.);
#11457 = ADVANCED_FACE('',(#11458),#9532,.T.);
#11458 = FACE_BOUND('',#11459,.T.);
#11459 = EDGE_LOOP('',(#11460,#11485,#11486));
#11460 = ORIENTED_EDGE('',*,*,#11461,.T.);
#11461 = EDGE_CURVE('',#9441,#11411,#11462,.T.);
#11462 = SURFACE_CURVE('',#11463,(#11467,#11474),.PCURVE_S1.);
#11463 = LINE('',#11464,#11465);
#11464 = CARTESIAN_POINT('',(-168.6666717529,60.330001831055,-1.));
#11465 = VECTOR('',#11466,1.);
#11466 = DIRECTION('',(-0.927834991184,0.372990923662,0.));
#11467 = PCURVE('',#9532,#11468);
#11468 = DEFINITIONAL_REPRESENTATION('',(#11469),#11473);
#11469 = LINE('',#11470,#11471);
#11470 = CARTESIAN_POINT('',(-0.819554397327,-0.362577118568));
#11471 = VECTOR('',#11472,1.);
#11472 = DIRECTION('',(0.927834991184,0.372990923662));
#11473 = ( GEOMETRIC_REPRESENTATION_CONTEXT(2) 
PARAMETRIC_REPRESENTATION_CONTEXT() REPRESENTATION_CONTEXT('2D SPACE',''
  ) );
#11474 = PCURVE('',#11475,#11480);
#11475 = PLANE('',#11476);
#11476 = AXIS2_PLACEMENT_3D('',#11477,#11478,#11479);
#11477 = CARTESIAN_POINT('',(-169.2964533481,60.517105969237,-1.));
#11478 = DIRECTION('',(-0.,-0.,-1.));
#11479 = DIRECTION('',(-1.,0.,0.));
#11480 = DEFINITIONAL_REPRESENTATION('',(#11481),#11484);
#11481 = B_SPLINE_CURVE_WITH_KNOTS('',1,(#11482,#11483),.UNSPECIFIED.,
  .F.,.F.,(2,2),(0.,1.796285449435),.PIECEWISE_BEZIER_KNOTS.);
#11482 = CARTESIAN_POINT('',(-0.629781595263,-0.187104138182));
#11483 = CARTESIAN_POINT('',(1.036874898877,0.482894030763));
#11484 = ( GEOMETRIC_REPRESENTATION_CONTEXT(2) 
PARAMETRIC_REPRESENTATION_CONTEXT() REPRESENTATION_CONTEXT('2D SPACE',''
  ) );
#11485 = ORIENTED_EDGE('',*,*,#11410,.F.);
#11486 = ORIENTED_EDGE('',*,*,#9519,.T.);
#11487 = ADVANCED_FACE('',(#11488),#11475,.T.);
#11488 = FACE_BOUND('',#11489,.T.);
#11489 = EDGE_LOOP('',(#11490,#11517,#11518));
#11490 = ORIENTED_EDGE('',*,*,#11491,.T.);
#11491 = EDGE_CURVE('',#11492,#11411,#11494,.T.);
#11492 = VERTEX_POINT('',#11493);
#11493 = CARTESIAN_POINT('',(-168.3040008544,59.967002868652,-1.));
#11494 = SURFACE_CURVE('',#11495,(#11499,#11506),.PCURVE_S1.);
#11495 = LINE('',#11496,#11497);
#11496 = CARTESIAN_POINT('',(-168.3040008544,59.967002868652,-1.));
#11497 = VECTOR('',#11498,1.);
#11498 = DIRECTION('',(-0.891183532393,0.453642934025,0.));
#11499 = PCURVE('',#11475,#11500);
#11500 = DEFINITIONAL_REPRESENTATION('',(#11501),#11505);
#11501 = LINE('',#11502,#11503);
#11502 = CARTESIAN_POINT('',(-0.992452493701,-0.550103100584));
#11503 = VECTOR('',#11504,1.);
#11504 = DIRECTION('',(0.891183532393,0.453642934025));
#11505 = ( GEOMETRIC_REPRESENTATION_CONTEXT(2) 
PARAMETRIC_REPRESENTATION_CONTEXT() REPRESENTATION_CONTEXT('2D SPACE',''
  ) );
#11506 = PCURVE('',#11507,#11512);
#11507 = PLANE('',#11508);
#11508 = AXIS2_PLACEMENT_3D('',#11509,#11510,#11511);
#11509 = CARTESIAN_POINT('',(-169.123179858,60.305718239069,-1.));
#11510 = DIRECTION('',(-0.,-0.,-1.));
#11511 = DIRECTION('',(-1.,0.,0.));
#11512 = DEFINITIONAL_REPRESENTATION('',(#11513),#11516);
#11513 = B_SPLINE_CURVE_WITH_KNOTS('',1,(#11514,#11515),.UNSPECIFIED.,
  .F.,.F.,(2,2),(0.,2.277115003604),.PIECEWISE_BEZIER_KNOTS.);
#11514 = CARTESIAN_POINT('',(-0.819179003568,-0.338715370417));
#11515 = CARTESIAN_POINT('',(1.21014838901,0.694281760931));
#11516 = ( GEOMETRIC_REPRESENTATION_CONTEXT(2) 
PARAMETRIC_REPRESENTATION_CONTEXT() REPRESENTATION_CONTEXT('2D SPACE',''
  ) );
#11517 = ORIENTED_EDGE('',*,*,#11461,.F.);
#11518 = ORIENTED_EDGE('',*,*,#11519,.T.);
#11519 = EDGE_CURVE('',#9441,#11492,#11520,.T.);
#11520 = SURFACE_CURVE('',#11521,(#11525,#11532),.PCURVE_S1.);
#11521 = LINE('',#11522,#11523);
#11522 = CARTESIAN_POINT('',(-168.6666717529,60.330001831055,-1.));
#11523 = VECTOR('',#11524,1.);
#11524 = DIRECTION('',(0.706787037072,-0.707426380782,0.));
#11525 = PCURVE('',#11475,#11526);
#11526 = DEFINITIONAL_REPRESENTATION('',(#11527),#11531);
#11527 = LINE('',#11528,#11529);
#11528 = CARTESIAN_POINT('',(-0.629781595263,-0.187104138182));
#11529 = VECTOR('',#11530,1.);
#11530 = DIRECTION('',(-0.706787037072,-0.707426380782));
#11531 = ( GEOMETRIC_REPRESENTATION_CONTEXT(2) 
PARAMETRIC_REPRESENTATION_CONTEXT() REPRESENTATION_CONTEXT('2D SPACE',''
  ) );
#11532 = PCURVE('',#9482,#11533);
#11533 = DEFINITIONAL_REPRESENTATION('',(#11534),#11537);
#11534 = B_SPLINE_CURVE_WITH_KNOTS('',1,(#11535,#11536),.UNSPECIFIED.,
  .F.,.F.,(2,2),(0.,0.513126131939),.PIECEWISE_BEZIER_KNOTS.);
#11535 = CARTESIAN_POINT('',(0.144475442,-0.887912376031));
#11536 = CARTESIAN_POINT('',(-0.368650689939,-0.887912376031));
#11537 = ( GEOMETRIC_REPRESENTATION_CONTEXT(2) 
PARAMETRIC_REPRESENTATION_CONTEXT() REPRESENTATION_CONTEXT('2D SPACE',''
  ) );
#11538 = ADVANCED_FACE('',(#11539),#11507,.T.);
#11539 = FACE_BOUND('',#11540,.T.);
#11540 = EDGE_LOOP('',(#11541,#11568,#11569));
#11541 = ORIENTED_EDGE('',*,*,#11542,.T.);
#11542 = EDGE_CURVE('',#11543,#11411,#11545,.T.);
#11543 = VERTEX_POINT('',#11544);
#11544 = CARTESIAN_POINT('',(-167.9759979248,59.536003112793,-1.));
#11545 = SURFACE_CURVE('',#11546,(#11550,#11557),.PCURVE_S1.);
#11546 = LINE('',#11547,#11548);
#11547 = CARTESIAN_POINT('',(-167.9759979248,59.536003112793,-1.));
#11548 = VECTOR('',#11549,1.);
#11549 = DIRECTION('',(-0.849506709779,0.527577814204,0.));
#11550 = PCURVE('',#11507,#11551);
#11551 = DEFINITIONAL_REPRESENTATION('',(#11552),#11556);
#11552 = LINE('',#11553,#11554);
#11553 = CARTESIAN_POINT('',(-1.147181933256,-0.769715126276));
#11554 = VECTOR('',#11555,1.);
#11555 = DIRECTION('',(0.849506709779,0.527577814204));
#11556 = ( GEOMETRIC_REPRESENTATION_CONTEXT(2) 
PARAMETRIC_REPRESENTATION_CONTEXT() REPRESENTATION_CONTEXT('2D SPACE',''
  ) );
#11557 = PCURVE('',#11558,#11563);
#11558 = PLANE('',#11559);
#11559 = AXIS2_PLACEMENT_3D('',#11560,#11561,#11562);
#11560 = CARTESIAN_POINT('',(-168.9698598524,60.062031028068,-1.));
#11561 = DIRECTION('',(-0.,-0.,-1.));
#11562 = DIRECTION('',(-1.,0.,0.));
#11563 = DEFINITIONAL_REPRESENTATION('',(#11564),#11567);
#11564 = B_SPLINE_CURVE_WITH_KNOTS('',1,(#11565,#11566),.UNSPECIFIED.,
  .F.,.F.,(2,2),(0.,2.774940203685),.PIECEWISE_BEZIER_KNOTS.);
#11565 = CARTESIAN_POINT('',(-0.993861927672,-0.526027915275));
#11566 = CARTESIAN_POINT('',(1.363468394594,0.937968971932));
#11567 = ( GEOMETRIC_REPRESENTATION_CONTEXT(2) 
PARAMETRIC_REPRESENTATION_CONTEXT() REPRESENTATION_CONTEXT('2D SPACE',''
  ) );
#11568 = ORIENTED_EDGE('',*,*,#11491,.F.);
#11569 = ORIENTED_EDGE('',*,*,#11570,.T.);
#11570 = EDGE_CURVE('',#11492,#11543,#11571,.T.);
#11571 = SURFACE_CURVE('',#11572,(#11576,#11583),.PCURVE_S1.);
#11572 = LINE('',#11573,#11574);
#11573 = CARTESIAN_POINT('',(-168.3040008544,59.967002868652,-1.));
#11574 = VECTOR('',#11575,1.);
#11575 = DIRECTION('',(0.605601735181,-0.795767892256,0.));
#11576 = PCURVE('',#11507,#11577);
#11577 = DEFINITIONAL_REPRESENTATION('',(#11578),#11582);
#11578 = LINE('',#11579,#11580);
#11579 = CARTESIAN_POINT('',(-0.819179003568,-0.338715370417));
#11580 = VECTOR('',#11581,1.);
#11581 = DIRECTION('',(-0.605601735181,-0.795767892256));
#11582 = ( GEOMETRIC_REPRESENTATION_CONTEXT(2) 
PARAMETRIC_REPRESENTATION_CONTEXT() REPRESENTATION_CONTEXT('2D SPACE',''
  ) );
#11583 = PCURVE('',#11584,#11589);
#11584 = PLANE('',#11585);
#11585 = AXIS2_PLACEMENT_3D('',#11586,#11587,#11588);
#11586 = CARTESIAN_POINT('',(-168.2110933462,59.844921296375,
    -0.117393911669));
#11587 = DIRECTION('',(0.795767892256,0.605601735181,0.));
#11588 = DIRECTION('',(-0.605601735181,0.795767892256,0.));
#11589 = DEFINITIONAL_REPRESENTATION('',(#11590),#11593);
#11590 = B_SPLINE_CURVE_WITH_KNOTS('',1,(#11591,#11592),.UNSPECIFIED.,
  .F.,.F.,(2,2),(0.,0.541614910646),.PIECEWISE_BEZIER_KNOTS.);
#11591 = CARTESIAN_POINT('',(0.153413543654,-0.882606088331));
#11592 = CARTESIAN_POINT('',(-0.388201366992,-0.882606088331));
#11593 = ( GEOMETRIC_REPRESENTATION_CONTEXT(2) 
PARAMETRIC_REPRESENTATION_CONTEXT() REPRESENTATION_CONTEXT('2D SPACE',''
  ) );
#11594 = ADVANCED_FACE('',(#11595),#11558,.T.);
#11595 = FACE_BOUND('',#11596,.T.);
#11596 = EDGE_LOOP('',(#11597,#11624,#11649));
#11597 = ORIENTED_EDGE('',*,*,#11598,.T.);
#11598 = EDGE_CURVE('',#11543,#11599,#11601,.T.);
#11599 = VERTEX_POINT('',#11600);
#11600 = CARTESIAN_POINT('',(-167.6886596679,59.043998718262,-1.));
#11601 = SURFACE_CURVE('',#11602,(#11606,#11613),.PCURVE_S1.);
#11602 = LINE('',#11603,#11604);
#11603 = CARTESIAN_POINT('',(-167.9759979248,59.536003112793,-1.));
#11604 = VECTOR('',#11605,1.);
#11605 = DIRECTION('',(0.504310555065,-0.863522358744,0.));
#11606 = PCURVE('',#11558,#11607);
#11607 = DEFINITIONAL_REPRESENTATION('',(#11608),#11612);
#11608 = LINE('',#11609,#11610);
#11609 = CARTESIAN_POINT('',(-0.993861927672,-0.526027915275));
#11610 = VECTOR('',#11611,1.);
#11611 = DIRECTION('',(-0.504310555065,-0.863522358744));
#11612 = ( GEOMETRIC_REPRESENTATION_CONTEXT(2) 
PARAMETRIC_REPRESENTATION_CONTEXT() REPRESENTATION_CONTEXT('2D SPACE',''
  ) );
#11613 = PCURVE('',#11614,#11619);
#11614 = PLANE('',#11615);
#11615 = AXIS2_PLACEMENT_3D('',#11616,#11617,#11618);
#11616 = CARTESIAN_POINT('',(-167.8941307501,59.395823346473,
    -0.122547412784));
#11617 = DIRECTION('',(0.863522358744,0.504310555065,1.830480330989E-17)
  );
#11618 = DIRECTION('',(-0.504310555065,0.863522358744,0.));
#11619 = DEFINITIONAL_REPRESENTATION('',(#11620),#11623);
#11620 = B_SPLINE_CURVE_WITH_KNOTS('',1,(#11621,#11622),.UNSPECIFIED.,
  .F.,.F.,(2,2),(0.,0.569764511074),.PIECEWISE_BEZIER_KNOTS.);
#11621 = CARTESIAN_POINT('',(0.162334842753,-0.877452587216));
#11622 = CARTESIAN_POINT('',(-0.407429668322,-0.877452587216));
#11623 = ( GEOMETRIC_REPRESENTATION_CONTEXT(2) 
PARAMETRIC_REPRESENTATION_CONTEXT() REPRESENTATION_CONTEXT('2D SPACE',''
  ) );
#11624 = ORIENTED_EDGE('',*,*,#11625,.T.);
#11625 = EDGE_CURVE('',#11599,#11411,#11626,.T.);
#11626 = SURFACE_CURVE('',#11627,(#11631,#11638),.PCURVE_S1.);
#11627 = LINE('',#11628,#11629);
#11628 = CARTESIAN_POINT('',(-167.6886596679,59.043998718262,-1.));
#11629 = VECTOR('',#11630,1.);
#11630 = DIRECTION('',(-0.803995008089,0.594636045802,0.));
#11631 = PCURVE('',#11558,#11632);
#11632 = DEFINITIONAL_REPRESENTATION('',(#11633),#11637);
#11633 = LINE('',#11634,#11635);
#11634 = CARTESIAN_POINT('',(-1.281200184508,-1.018032309806));
#11635 = VECTOR('',#11636,1.);
#11636 = DIRECTION('',(0.803995008089,0.594636045802));
#11637 = ( GEOMETRIC_REPRESENTATION_CONTEXT(2) 
PARAMETRIC_REPRESENTATION_CONTEXT() REPRESENTATION_CONTEXT('2D SPACE',''
  ) );
#11638 = PCURVE('',#11639,#11644);
#11639 = PLANE('',#11640);
#11640 = AXIS2_PLACEMENT_3D('',#11641,#11642,#11643);
#11641 = CARTESIAN_POINT('',(-168.8394631082,59.790555618556,-1.));
#11642 = DIRECTION('',(-0.,-0.,-1.));
#11643 = DIRECTION('',(-1.,0.,0.));
#11644 = DEFINITIONAL_REPRESENTATION('',(#11645),#11648);
#11645 = B_SPLINE_CURVE_WITH_KNOTS('',1,(#11646,#11647),.UNSPECIFIED.,
  .F.,.F.,(2,2),(0.,3.289409203406),.PIECEWISE_BEZIER_KNOTS.);
#11646 = CARTESIAN_POINT('',(-1.150803440268,-0.746556900295));
#11647 = CARTESIAN_POINT('',(1.493865138833,1.209444381444));
#11648 = ( GEOMETRIC_REPRESENTATION_CONTEXT(2) 
PARAMETRIC_REPRESENTATION_CONTEXT() REPRESENTATION_CONTEXT('2D SPACE',''
  ) );
#11649 = ORIENTED_EDGE('',*,*,#11542,.F.);
#11650 = ADVANCED_FACE('',(#11651),#11639,.T.);
#11651 = FACE_BOUND('',#11652,.T.);
#11652 = EDGE_LOOP('',(#11653,#11680,#11681));
#11653 = ORIENTED_EDGE('',*,*,#11654,.T.);
#11654 = EDGE_CURVE('',#11655,#11411,#11657,.T.);
#11655 = VERTEX_POINT('',#11656);
#11656 = CARTESIAN_POINT('',(-167.4466705322,58.5,-1.));
#11657 = SURFACE_CURVE('',#11658,(#11662,#11669),.PCURVE_S1.);
#11658 = LINE('',#11659,#11660);
#11659 = CARTESIAN_POINT('',(-167.4466705322,58.5,-1.));
#11660 = VECTOR('',#11661,1.);
#11661 = DIRECTION('',(-0.75591843785,0.654665804299,0.));
#11662 = PCURVE('',#11639,#11663);
#11663 = DEFINITIONAL_REPRESENTATION('',(#11664),#11668);
#11664 = LINE('',#11665,#11666);
#11665 = CARTESIAN_POINT('',(-1.39279257601,-1.290555618556));
#11666 = VECTOR('',#11667,1.);
#11667 = DIRECTION('',(0.75591843785,0.654665804299));
#11668 = ( GEOMETRIC_REPRESENTATION_CONTEXT(2) 
PARAMETRIC_REPRESENTATION_CONTEXT() REPRESENTATION_CONTEXT('2D SPACE',''
  ) );
#11669 = PCURVE('',#11670,#11675);
#11670 = PLANE('',#11671);
#11671 = AXIS2_PLACEMENT_3D('',#11672,#11673,#11674);
#11672 = CARTESIAN_POINT('',(-168.7341164851,59.496121546411,-1.));
#11673 = DIRECTION('',(-0.,-0.,-1.));
#11674 = DIRECTION('',(-1.,0.,0.));
#11675 = DEFINITIONAL_REPRESENTATION('',(#11676),#11679);
#11676 = B_SPLINE_CURVE_WITH_KNOTS('',1,(#11677,#11678),.UNSPECIFIED.,
  .F.,.F.,(2,2),(0.,3.81874230116),.PIECEWISE_BEZIER_KNOTS.);
#11677 = CARTESIAN_POINT('',(-1.287445952897,-0.996121546411));
#11678 = CARTESIAN_POINT('',(1.599211761947,1.503878453589));
#11679 = ( GEOMETRIC_REPRESENTATION_CONTEXT(2) 
PARAMETRIC_REPRESENTATION_CONTEXT() REPRESENTATION_CONTEXT('2D SPACE',''
  ) );
#11680 = ORIENTED_EDGE('',*,*,#11625,.F.);
#11681 = ORIENTED_EDGE('',*,*,#11682,.T.);
#11682 = EDGE_CURVE('',#11599,#11655,#11683,.T.);
#11683 = SURFACE_CURVE('',#11684,(#11688,#11695),.PCURVE_S1.);
#11684 = LINE('',#11685,#11686);
#11685 = CARTESIAN_POINT('',(-167.6886596679,59.043998718262,-1.));
#11686 = VECTOR('',#11687,1.);
#11687 = DIRECTION('',(0.406435677424,-0.913679396789,0.));
#11688 = PCURVE('',#11639,#11689);
#11689 = DEFINITIONAL_REPRESENTATION('',(#11690),#11694);
#11690 = LINE('',#11691,#11692);
#11691 = CARTESIAN_POINT('',(-1.150803440268,-0.746556900295));
#11692 = VECTOR('',#11693,1.);
#11693 = DIRECTION('',(-0.406435677424,-0.913679396789));
#11694 = ( GEOMETRIC_REPRESENTATION_CONTEXT(2) 
PARAMETRIC_REPRESENTATION_CONTEXT() REPRESENTATION_CONTEXT('2D SPACE',''
  ) );
#11695 = PCURVE('',#11696,#11701);
#11696 = PLANE('',#11697);
#11697 = AXIS2_PLACEMENT_3D('',#11698,#11699,#11700);
#11698 = CARTESIAN_POINT('',(-167.5159816055,58.655813338309,
    -0.127162789519));
#11699 = DIRECTION('',(0.913679396789,0.406435677424,3.648832210377E-17)
  );
#11700 = DIRECTION('',(-0.406435677424,0.913679396789,0.));
#11701 = DEFINITIONAL_REPRESENTATION('',(#11702),#11705);
#11702 = B_SPLINE_CURVE_WITH_KNOTS('',1,(#11703,#11704),.UNSPECIFIED.,
  .F.,.F.,(2,2),(0.,0.59539343907),.PIECEWISE_BEZIER_KNOTS.);
#11703 = CARTESIAN_POINT('',(0.424859509054,-0.872837210481));
#11704 = CARTESIAN_POINT('',(-0.170533930016,-0.872837210481));
#11705 = ( GEOMETRIC_REPRESENTATION_CONTEXT(2) 
PARAMETRIC_REPRESENTATION_CONTEXT() REPRESENTATION_CONTEXT('2D SPACE',''
  ) );
#11706 = ADVANCED_FACE('',(#11707),#11670,.T.);
#11707 = FACE_BOUND('',#11708,.T.);
#11708 = EDGE_LOOP('',(#11709,#11736,#11737));
#11709 = ORIENTED_EDGE('',*,*,#11710,.T.);
#11710 = EDGE_CURVE('',#11711,#11411,#11713,.T.);
#11711 = VERTEX_POINT('',#11712);
#11712 = CARTESIAN_POINT('',(-167.2539978027,57.91300201416,-1.));
#11713 = SURFACE_CURVE('',#11714,(#11718,#11725),.PCURVE_S1.);
#11714 = LINE('',#11715,#11716);
#11715 = CARTESIAN_POINT('',(-167.2539978027,57.91300201416,-1.));
#11716 = VECTOR('',#11717,1.);
#11717 = DIRECTION('',(-0.706226980943,0.70798548812,0.));
#11718 = PCURVE('',#11670,#11719);
#11719 = DEFINITIONAL_REPRESENTATION('',(#11720),#11724);
#11720 = LINE('',#11721,#11722);
#11721 = CARTESIAN_POINT('',(-1.480118682389,-1.583119532251));
#11722 = VECTOR('',#11723,1.);
#11723 = DIRECTION('',(0.706226980943,0.70798548812));
#11724 = ( GEOMETRIC_REPRESENTATION_CONTEXT(2) 
PARAMETRIC_REPRESENTATION_CONTEXT() REPRESENTATION_CONTEXT('2D SPACE',''
  ) );
#11725 = PCURVE('',#11726,#11731);
#11726 = PLANE('',#11727);
#11727 = AXIS2_PLACEMENT_3D('',#11728,#11729,#11730);
#11728 = CARTESIAN_POINT('',(-168.6556132441,59.184327289053,-1.));
#11729 = DIRECTION('',(-0.,-0.,-1.));
#11730 = DIRECTION('',(-1.,0.,0.));
#11731 = DEFINITIONAL_REPRESENTATION('',(#11732),#11735);
#11732 = B_SPLINE_CURVE_WITH_KNOTS('',1,(#11733,#11734),.UNSPECIFIED.,
  .F.,.F.,(2,2),(0.,4.360256018859),.PIECEWISE_BEZIER_KNOTS.);
#11733 = CARTESIAN_POINT('',(-1.40161544144,-1.271325274893));
#11734 = CARTESIAN_POINT('',(1.677715002896,1.815672710947));
#11735 = ( GEOMETRIC_REPRESENTATION_CONTEXT(2) 
PARAMETRIC_REPRESENTATION_CONTEXT() REPRESENTATION_CONTEXT('2D SPACE',''
  ) );
#11736 = ORIENTED_EDGE('',*,*,#11654,.F.);
#11737 = ORIENTED_EDGE('',*,*,#11738,.T.);
#11738 = EDGE_CURVE('',#11655,#11711,#11739,.T.);
#11739 = SURFACE_CURVE('',#11740,(#11744,#11751),.PCURVE_S1.);
#11740 = LINE('',#11741,#11742);
#11741 = CARTESIAN_POINT('',(-167.4466705322,58.5,-1.));
#11742 = VECTOR('',#11743,1.);
#11743 = DIRECTION('',(0.311863961368,-0.950126765016,0.));
#11744 = PCURVE('',#11670,#11745);
#11745 = DEFINITIONAL_REPRESENTATION('',(#11746),#11750);
#11746 = LINE('',#11747,#11748);
#11747 = CARTESIAN_POINT('',(-1.287445952897,-0.996121546411));
#11748 = VECTOR('',#11749,1.);
#11749 = DIRECTION('',(-0.311863961368,-0.950126765016));
#11750 = ( GEOMETRIC_REPRESENTATION_CONTEXT(2) 
PARAMETRIC_REPRESENTATION_CONTEXT() REPRESENTATION_CONTEXT('2D SPACE',''
  ) );
#11751 = PCURVE('',#11752,#11757);
#11752 = PLANE('',#11753);
#11753 = AXIS2_PLACEMENT_3D('',#11754,#11755,#11756);
#11754 = CARTESIAN_POINT('',(-167.3912321357,58.331101022064,
    -0.131140411545));
#11755 = DIRECTION('',(0.950126765016,0.311863961368,-9.096950131012E-18
    ));
#11756 = DIRECTION('',(-0.311863961368,0.950126765016,0.));
#11757 = DEFINITIONAL_REPRESENTATION('',(#11758),#11761);
#11758 = B_SPLINE_CURVE_WITH_KNOTS('',1,(#11759,#11760),.UNSPECIFIED.,
  .F.,.F.,(2,2),(0.,0.617810178024),.PIECEWISE_BEZIER_KNOTS.);
#11759 = CARTESIAN_POINT('',(0.177764677467,-0.868859588455));
#11760 = CARTESIAN_POINT('',(-0.440045500557,-0.868859588455));
#11761 = ( GEOMETRIC_REPRESENTATION_CONTEXT(2) 
PARAMETRIC_REPRESENTATION_CONTEXT() REPRESENTATION_CONTEXT('2D SPACE',''
  ) );
#11762 = ADVANCED_FACE('',(#11763),#11726,.T.);
#11763 = FACE_BOUND('',#11764,.T.);
#11764 = EDGE_LOOP('',(#11765,#11792,#11793));
#11765 = ORIENTED_EDGE('',*,*,#11766,.T.);
#11766 = EDGE_CURVE('',#11767,#11411,#11769,.T.);
#11767 = VERTEX_POINT('',#11768);
#11768 = CARTESIAN_POINT('',(-167.1133270263,57.293998718262,-1.));
#11769 = SURFACE_CURVE('',#11770,(#11774,#11781),.PCURVE_S1.);
#11770 = LINE('',#11771,#11772);
#11771 = CARTESIAN_POINT('',(-167.1133270263,57.293998718262,-1.));
#11772 = VECTOR('',#11773,1.);
#11773 = DIRECTION('',(-0.655876102209,0.754868557135,0.));
#11774 = PCURVE('',#11726,#11775);
#11775 = DEFINITIONAL_REPRESENTATION('',(#11776),#11780);
#11776 = LINE('',#11777,#11778);
#11777 = CARTESIAN_POINT('',(-1.542286217807,-1.890328570791));
#11778 = VECTOR('',#11779,1.);
#11779 = DIRECTION('',(0.655876102209,0.754868557135));
#11780 = ( GEOMETRIC_REPRESENTATION_CONTEXT(2) 
PARAMETRIC_REPRESENTATION_CONTEXT() REPRESENTATION_CONTEXT('2D SPACE',''
  ) );
#11781 = PCURVE('',#11782,#11787);
#11782 = PLANE('',#11783);
#11783 = AXIS2_PLACEMENT_3D('',#11784,#11785,#11786);
#11784 = CARTESIAN_POINT('',(-168.6053714277,58.860575592793,-1.));
#11785 = DIRECTION('',(-0.,-0.,-1.));
#11786 = DIRECTION('',(-1.,0.,0.));
#11787 = DEFINITIONAL_REPRESENTATION('',(#11788),#11791);
#11788 = B_SPLINE_CURVE_WITH_KNOTS('',1,(#11789,#11790),.UNSPECIFIED.,
  .F.,.F.,(2,2),(0.,4.909465690029),.PIECEWISE_BEZIER_KNOTS.);
#11789 = CARTESIAN_POINT('',(-1.492044401367,-1.566576874531));
#11790 = CARTESIAN_POINT('',(1.727956819336,2.139424407207));
#11791 = ( GEOMETRIC_REPRESENTATION_CONTEXT(2) 
PARAMETRIC_REPRESENTATION_CONTEXT() REPRESENTATION_CONTEXT('2D SPACE',''
  ) );
#11792 = ORIENTED_EDGE('',*,*,#11710,.F.);
#11793 = ORIENTED_EDGE('',*,*,#11794,.T.);
#11794 = EDGE_CURVE('',#11711,#11767,#11795,.T.);
#11795 = SURFACE_CURVE('',#11796,(#11800,#11807),.PCURVE_S1.);
#11796 = LINE('',#11797,#11798);
#11797 = CARTESIAN_POINT('',(-167.2539978027,57.91300201416,-1.));
#11798 = VECTOR('',#11799,1.);
#11799 = DIRECTION('',(0.221603441283,-0.975136869784,0.));
#11800 = PCURVE('',#11726,#11801);
#11801 = DEFINITIONAL_REPRESENTATION('',(#11802),#11806);
#11802 = LINE('',#11803,#11804);
#11803 = CARTESIAN_POINT('',(-1.40161544144,-1.271325274893));
#11804 = VECTOR('',#11805,1.);
#11805 = DIRECTION('',(-0.221603441283,-0.975136869784));
#11806 = ( GEOMETRIC_REPRESENTATION_CONTEXT(2) 
PARAMETRIC_REPRESENTATION_CONTEXT() REPRESENTATION_CONTEXT('2D SPACE',''
  ) );
#11807 = PCURVE('',#11808,#11813);
#11808 = PLANE('',#11809);
#11809 = AXIS2_PLACEMENT_3D('',#11810,#11811,#11812);
#11810 = CARTESIAN_POINT('',(-167.2133830099,57.734281946872,
    -0.134116127401));
#11811 = DIRECTION('',(0.975136869784,0.221603441283,1.815751672535E-17)
  );
#11812 = DIRECTION('',(-0.221603441283,0.975136869784,0.));
#11813 = DEFINITIONAL_REPRESENTATION('',(#11814),#11817);
#11814 = B_SPLINE_CURVE_WITH_KNOTS('',1,(#11815,#11816),.UNSPECIFIED.,
  .F.,.F.,(2,2),(0.,0.634786064479),.PIECEWISE_BEZIER_KNOTS.);
#11815 = CARTESIAN_POINT('',(0.183276904839,-0.865883872599));
#11816 = CARTESIAN_POINT('',(-0.45150915964,-0.865883872599));
#11817 = ( GEOMETRIC_REPRESENTATION_CONTEXT(2) 
PARAMETRIC_REPRESENTATION_CONTEXT() REPRESENTATION_CONTEXT('2D SPACE',''
  ) );
#11818 = ADVANCED_FACE('',(#11819),#11782,.T.);
#11819 = FACE_BOUND('',#11820,.T.);
#11820 = EDGE_LOOP('',(#11821,#11848,#11849));
#11821 = ORIENTED_EDGE('',*,*,#11822,.T.);
#11822 = EDGE_CURVE('',#11823,#11411,#11825,.T.);
#11823 = VERTEX_POINT('',#11824);
#11824 = CARTESIAN_POINT('',(-167.0286712646,56.65299987793,-1.));
#11825 = SURFACE_CURVE('',#11826,(#11830,#11837),.PCURVE_S1.);
#11826 = LINE('',#11827,#11828);
#11827 = CARTESIAN_POINT('',(-167.0286712646,56.65299987793,-1.));
#11828 = VECTOR('',#11829,1.);
#11829 = DIRECTION('',(-0.605192019171,0.79607953116,0.));
#11830 = PCURVE('',#11782,#11831);
#11831 = DEFINITIONAL_REPRESENTATION('',(#11832),#11836);
#11832 = LINE('',#11833,#11834);
#11833 = CARTESIAN_POINT('',(-1.576700163086,-2.207575714863));
#11834 = VECTOR('',#11835,1.);
#11835 = DIRECTION('',(0.605192019171,0.79607953116));
#11836 = ( GEOMETRIC_REPRESENTATION_CONTEXT(2) 
PARAMETRIC_REPRESENTATION_CONTEXT() REPRESENTATION_CONTEXT('2D SPACE',''
  ) );
#11837 = PCURVE('',#11838,#11843);
#11838 = PLANE('',#11839);
#11839 = AXIS2_PLACEMENT_3D('',#11840,#11841,#11842);
#11840 = CARTESIAN_POINT('',(-168.5840362343,58.529875595519,-1.));
#11841 = DIRECTION('',(-0.,-0.,-1.));
#11842 = DIRECTION('',(-1.,0.,0.));
#11843 = DEFINITIONAL_REPRESENTATION('',(#11844),#11847);
#11844 = B_SPLINE_CURVE_WITH_KNOTS('',1,(#11845,#11846),.UNSPECIFIED.,
  .F.,.F.,(2,2),(0.,5.460509850989),.PIECEWISE_BEZIER_KNOTS.);
#11845 = CARTESIAN_POINT('',(-1.555364969732,-1.876875717589));
#11846 = CARTESIAN_POINT('',(1.74929201269,2.470124404481));
#11847 = ( GEOMETRIC_REPRESENTATION_CONTEXT(2) 
PARAMETRIC_REPRESENTATION_CONTEXT() REPRESENTATION_CONTEXT('2D SPACE',''
  ) );
#11848 = ORIENTED_EDGE('',*,*,#11766,.F.);
#11849 = ORIENTED_EDGE('',*,*,#11850,.T.);
#11850 = EDGE_CURVE('',#11767,#11823,#11851,.T.);
#11851 = SURFACE_CURVE('',#11852,(#11856,#11863),.PCURVE_S1.);
#11852 = LINE('',#11853,#11854);
#11853 = CARTESIAN_POINT('',(-167.1133270263,57.293998718262,-1.));
#11854 = VECTOR('',#11855,1.);
#11855 = DIRECTION('',(0.130931585759,-0.99139140598,0.));
#11856 = PCURVE('',#11782,#11857);
#11857 = DEFINITIONAL_REPRESENTATION('',(#11858),#11862);
#11858 = LINE('',#11859,#11860);
#11859 = CARTESIAN_POINT('',(-1.492044401367,-1.566576874531));
#11860 = VECTOR('',#11861,1.);
#11861 = DIRECTION('',(-0.130931585759,-0.99139140598));
#11862 = ( GEOMETRIC_REPRESENTATION_CONTEXT(2) 
PARAMETRIC_REPRESENTATION_CONTEXT() REPRESENTATION_CONTEXT('2D SPACE',''
  ) );
#11863 = PCURVE('',#11864,#11869);
#11864 = PLANE('',#11865);
#11865 = AXIS2_PLACEMENT_3D('',#11866,#11867,#11868);
#11866 = CARTESIAN_POINT('',(-167.0888271171,57.10848962717,
    -0.136162496729));
#11867 = DIRECTION('',(0.99139140598,0.130931585759,0.));
#11868 = DIRECTION('',(-0.130931585759,0.99139140598,0.));
#11869 = DEFINITIONAL_REPRESENTATION('',(#11870),#11873);
#11870 = B_SPLINE_CURVE_WITH_KNOTS('',1,(#11871,#11872),.UNSPECIFIED.,
  .F.,.F.,(2,2),(0.,0.646564854674),.PIECEWISE_BEZIER_KNOTS.);
#11871 = CARTESIAN_POINT('',(0.187119930608,-0.863837503271));
#11872 = CARTESIAN_POINT('',(-0.459444924066,-0.863837503271));
#11873 = ( GEOMETRIC_REPRESENTATION_CONTEXT(2) 
PARAMETRIC_REPRESENTATION_CONTEXT() REPRESENTATION_CONTEXT('2D SPACE',''
  ) );
#11874 = ADVANCED_FACE('',(#11875),#11838,.T.);
#11875 = FACE_BOUND('',#11876,.T.);
#11876 = EDGE_LOOP('',(#11877,#11904,#11905));
#11877 = ORIENTED_EDGE('',*,*,#11878,.T.);
#11878 = EDGE_CURVE('',#11879,#11411,#11881,.T.);
#11879 = VERTEX_POINT('',#11880);
#11880 = CARTESIAN_POINT('',(-167.,56.,-1.));
#11881 = SURFACE_CURVE('',#11882,(#11886,#11893),.PCURVE_S1.);
#11882 = LINE('',#11883,#11884);
#11883 = CARTESIAN_POINT('',(-167.,56.,-1.));
#11884 = VECTOR('',#11885,1.);
#11885 = DIRECTION('',(-0.554699610252,0.832050684986,0.));
#11886 = PCURVE('',#11838,#11887);
#11887 = DEFINITIONAL_REPRESENTATION('',(#11888),#11892);
#11888 = LINE('',#11889,#11890);
#11889 = CARTESIAN_POINT('',(-1.58403623438,-2.529875595519));
#11890 = VECTOR('',#11891,1.);
#11891 = DIRECTION('',(0.554699610252,0.832050684986));
#11892 = ( GEOMETRIC_REPRESENTATION_CONTEXT(2) 
PARAMETRIC_REPRESENTATION_CONTEXT() REPRESENTATION_CONTEXT('2D SPACE',''
  ) );
#11893 = PCURVE('',#11894,#11899);
#11894 = PLANE('',#11895);
#11895 = AXIS2_PLACEMENT_3D('',#11896,#11897,#11898);
#11896 = CARTESIAN_POINT('',(-168.592018499,58.198323949873,-1.));
#11897 = DIRECTION('',(-0.,-0.,-1.));
#11898 = DIRECTION('',(-1.,0.,0.));
#11899 = DEFINITIONAL_REPRESENTATION('',(#11900),#11903);
#11900 = B_SPLINE_CURVE_WITH_KNOTS('',1,(#11901,#11902),.UNSPECIFIED.,
  .F.,.F.,(2,2),(0.,6.009249304424),.PIECEWISE_BEZIER_KNOTS.);
#11901 = CARTESIAN_POINT('',(-1.592018499045,-2.198323949873));
#11902 = CARTESIAN_POINT('',(1.741309748026,2.801676050127));
#11903 = ( GEOMETRIC_REPRESENTATION_CONTEXT(2) 
PARAMETRIC_REPRESENTATION_CONTEXT() REPRESENTATION_CONTEXT('2D SPACE',''
  ) );
#11904 = ORIENTED_EDGE('',*,*,#11822,.F.);
#11905 = ORIENTED_EDGE('',*,*,#11906,.T.);
#11906 = EDGE_CURVE('',#11823,#11879,#11907,.T.);
#11907 = SURFACE_CURVE('',#11908,(#11912,#11919),.PCURVE_S1.);
#11908 = LINE('',#11909,#11910);
#11909 = CARTESIAN_POINT('',(-167.0286712646,56.65299987793,-1.));
#11910 = VECTOR('',#11911,1.);
#11911 = DIRECTION('',(4.386473708171E-02,-0.999037479197,0.));
#11912 = PCURVE('',#11838,#11913);
#11913 = DEFINITIONAL_REPRESENTATION('',(#11914),#11918);
#11914 = LINE('',#11915,#11916);
#11915 = CARTESIAN_POINT('',(-1.555364969732,-1.876875717589));
#11916 = VECTOR('',#11917,1.);
#11917 = DIRECTION('',(-4.386473708171E-02,-0.999037479197));
#11918 = ( GEOMETRIC_REPRESENTATION_CONTEXT(2) 
PARAMETRIC_REPRESENTATION_CONTEXT() REPRESENTATION_CONTEXT('2D SPACE',''
  ) );
#11919 = PCURVE('',#11920,#11925);
#11920 = PLANE('',#11921);
#11921 = AXIS2_PLACEMENT_3D('',#11922,#11923,#11924);
#11922 = CARTESIAN_POINT('',(-167.0203618841,56.463750309882,
    -0.137382604532));
#11923 = DIRECTION('',(0.999037479197,4.386473708171E-02,
    2.243222023684E-18));
#11924 = DIRECTION('',(-4.386473708171E-02,0.999037479197,
    -1.203706215242E-35));
#11925 = DEFINITIONAL_REPRESENTATION('',(#11926),#11929);
#11926 = B_SPLINE_CURVE_WITH_KNOTS('',1,(#11927,#11928),.UNSPECIFIED.,
  .F.,.F.,(2,2),(0.,0.653629009449),.PIECEWISE_BEZIER_KNOTS.);
#11927 = CARTESIAN_POINT('',(0.189431900192,-0.862617395468));
#11928 = CARTESIAN_POINT('',(-0.464197109257,-0.862617395468));
#11929 = ( GEOMETRIC_REPRESENTATION_CONTEXT(2) 
PARAMETRIC_REPRESENTATION_CONTEXT() REPRESENTATION_CONTEXT('2D SPACE',''
  ) );
#11930 = ADVANCED_FACE('',(#11931),#11894,.T.);
#11931 = FACE_BOUND('',#11932,.T.);
#11932 = EDGE_LOOP('',(#11933,#11960,#11961));
#11933 = ORIENTED_EDGE('',*,*,#11934,.T.);
#11934 = EDGE_CURVE('',#11935,#11411,#11937,.T.);
#11935 = VERTEX_POINT('',#11936);
#11936 = CARTESIAN_POINT('',(-167.0286712646,55.34700012207,-1.));
#11937 = SURFACE_CURVE('',#11938,(#11942,#11949),.PCURVE_S1.);
#11938 = LINE('',#11939,#11940);
#11939 = CARTESIAN_POINT('',(-167.0286712646,55.34700012207,-1.));
#11940 = VECTOR('',#11941,1.);
#11941 = DIRECTION('',(-0.504676815424,0.863308352776,0.));
#11942 = PCURVE('',#11894,#11943);
#11943 = DEFINITIONAL_REPRESENTATION('',(#11944),#11948);
#11944 = LINE('',#11945,#11946);
#11945 = CARTESIAN_POINT('',(-1.563347234396,-2.851323827802));
#11946 = VECTOR('',#11947,1.);
#11947 = DIRECTION('',(0.504676815424,0.863308352776));
#11948 = ( GEOMETRIC_REPRESENTATION_CONTEXT(2) 
PARAMETRIC_REPRESENTATION_CONTEXT() REPRESENTATION_CONTEXT('2D SPACE',''
  ) );
#11949 = PCURVE('',#11950,#11955);
#11950 = PLANE('',#11951);
#11951 = AXIS2_PLACEMENT_3D('',#11952,#11953,#11954);
#11952 = CARTESIAN_POINT('',(-168.6290022288,57.872008391893,-1.));
#11953 = DIRECTION('',(-0.,-0.,-1.));
#11954 = DIRECTION('',(-1.,0.,0.));
#11955 = DEFINITIONAL_REPRESENTATION('',(#11956),#11959);
#11956 = B_SPLINE_CURVE_WITH_KNOTS('',1,(#11957,#11958),.UNSPECIFIED.,
  .F.,.F.,(2,2),(0.,6.548065774818),.PIECEWISE_BEZIER_KNOTS.);
#11957 = CARTESIAN_POINT('',(-1.60033096417,-2.525008269823));
#11958 = CARTESIAN_POINT('',(1.704326018252,3.127991608107));
#11959 = ( GEOMETRIC_REPRESENTATION_CONTEXT(2) 
PARAMETRIC_REPRESENTATION_CONTEXT() REPRESENTATION_CONTEXT('2D SPACE',''
  ) );
#11960 = ORIENTED_EDGE('',*,*,#11878,.F.);
#11961 = ORIENTED_EDGE('',*,*,#11962,.T.);
#11962 = EDGE_CURVE('',#11879,#11935,#11963,.T.);
#11963 = SURFACE_CURVE('',#11964,(#11968,#11975),.PCURVE_S1.);
#11964 = LINE('',#11965,#11966);
#11965 = CARTESIAN_POINT('',(-167.,56.,-1.));
#11966 = VECTOR('',#11967,1.);
#11967 = DIRECTION('',(-4.386473708171E-02,-0.999037479197,0.));
#11968 = PCURVE('',#11894,#11969);
#11969 = DEFINITIONAL_REPRESENTATION('',(#11970),#11974);
#11970 = LINE('',#11971,#11972);
#11971 = CARTESIAN_POINT('',(-1.592018499045,-2.198323949873));
#11972 = VECTOR('',#11973,1.);
#11973 = DIRECTION('',(4.386473708171E-02,-0.999037479197));
#11974 = ( GEOMETRIC_REPRESENTATION_CONTEXT(2) 
PARAMETRIC_REPRESENTATION_CONTEXT() REPRESENTATION_CONTEXT('2D SPACE',''
  ) );
#11975 = PCURVE('',#11976,#11981);
#11976 = PLANE('',#11977);
#11977 = AXIS2_PLACEMENT_3D('',#11978,#11979,#11980);
#11978 = CARTESIAN_POINT('',(-167.0203618841,55.536249690118,
    -0.137382604532));
#11979 = DIRECTION('',(0.999037479197,-4.386473708171E-02,
    1.375860285695E-18));
#11980 = DIRECTION('',(4.386473708171E-02,0.999037479197,0.));
#11981 = DEFINITIONAL_REPRESENTATION('',(#11982),#11985);
#11982 = B_SPLINE_CURVE_WITH_KNOTS('',1,(#11983,#11984),.UNSPECIFIED.,
  .F.,.F.,(2,2),(0.,0.653629009449),.PIECEWISE_BEZIER_KNOTS.);
#11983 = CARTESIAN_POINT('',(0.464197109257,-0.862617395468));
#11984 = CARTESIAN_POINT('',(-0.189431900192,-0.862617395468));
#11985 = ( GEOMETRIC_REPRESENTATION_CONTEXT(2) 
PARAMETRIC_REPRESENTATION_CONTEXT() REPRESENTATION_CONTEXT('2D SPACE',''
  ) );
#11986 = ADVANCED_FACE('',(#11987),#11950,.T.);
#11987 = FACE_BOUND('',#11988,.T.);
#11988 = EDGE_LOOP('',(#11989,#11990,#12017));
#11989 = ORIENTED_EDGE('',*,*,#11934,.F.);
#11990 = ORIENTED_EDGE('',*,*,#11991,.T.);
#11991 = EDGE_CURVE('',#11935,#11992,#11994,.T.);
#11992 = VERTEX_POINT('',#11993);
#11993 = CARTESIAN_POINT('',(-167.1133270263,54.706001281738,-1.));
#11994 = SURFACE_CURVE('',#11995,(#11999,#12006),.PCURVE_S1.);
#11995 = LINE('',#11996,#11997);
#11996 = CARTESIAN_POINT('',(-167.0286712646,55.34700012207,-1.));
#11997 = VECTOR('',#11998,1.);
#11998 = DIRECTION('',(-0.130931585759,-0.99139140598,0.));
#11999 = PCURVE('',#11950,#12000);
#12000 = DEFINITIONAL_REPRESENTATION('',(#12001),#12005);
#12001 = LINE('',#12002,#12003);
#12002 = CARTESIAN_POINT('',(-1.60033096417,-2.525008269823));
#12003 = VECTOR('',#12004,1.);
#12004 = DIRECTION('',(0.130931585759,-0.99139140598));
#12005 = ( GEOMETRIC_REPRESENTATION_CONTEXT(2) 
PARAMETRIC_REPRESENTATION_CONTEXT() REPRESENTATION_CONTEXT('2D SPACE',''
  ) );
#12006 = PCURVE('',#12007,#12012);
#12007 = PLANE('',#12008);
#12008 = AXIS2_PLACEMENT_3D('',#12009,#12010,#12011);
#12009 = CARTESIAN_POINT('',(-167.0531711738,55.161491030978,
    -0.136162496729));
#12010 = DIRECTION('',(0.99139140598,-0.130931585759,-4.533275752004E-18
    ));
#12011 = DIRECTION('',(0.130931585759,0.99139140598,9.629649721936E-35)
  );
#12012 = DEFINITIONAL_REPRESENTATION('',(#12013),#12016);
#12013 = B_SPLINE_CURVE_WITH_KNOTS('',1,(#12014,#12015),.UNSPECIFIED.,
  .F.,.F.,(2,2),(0.,0.646564854674),.PIECEWISE_BEZIER_KNOTS.);
#12014 = CARTESIAN_POINT('',(0.187119930608,-0.863837503271));
#12015 = CARTESIAN_POINT('',(-0.459444924066,-0.863837503271));
#12016 = ( GEOMETRIC_REPRESENTATION_CONTEXT(2) 
PARAMETRIC_REPRESENTATION_CONTEXT() REPRESENTATION_CONTEXT('2D SPACE',''
  ) );
#12017 = ORIENTED_EDGE('',*,*,#12018,.F.);
#12018 = EDGE_CURVE('',#11411,#11992,#12019,.T.);
#12019 = SURFACE_CURVE('',#12020,(#12024,#12030),.PCURVE_S1.);
#12020 = LINE('',#12021,#12022);
#12021 = CARTESIAN_POINT('',(-170.333328247,61.,-1.));
#12022 = VECTOR('',#12023,1.);
#12023 = DIRECTION('',(0.455455158438,-0.890258725681,0.));
#12024 = PCURVE('',#11950,#12025);
#12025 = DEFINITIONAL_REPRESENTATION('',(#12026),#12029);
#12026 = B_SPLINE_CURVE_WITH_KNOTS('',1,(#12027,#12028),.UNSPECIFIED.,
  .F.,.F.,(2,2),(0.,7.069853444507),.PIECEWISE_BEZIER_KNOTS.);
#12027 = CARTESIAN_POINT('',(1.704326018252,3.127991608107));
#12028 = CARTESIAN_POINT('',(-1.515675202451,-3.166007110155));
#12029 = ( GEOMETRIC_REPRESENTATION_CONTEXT(2) 
PARAMETRIC_REPRESENTATION_CONTEXT() REPRESENTATION_CONTEXT('2D SPACE',''
  ) );
#12030 = PCURVE('',#12031,#12036);
#12031 = PLANE('',#12032);
#12032 = AXIS2_PLACEMENT_3D('',#12033,#12034,#12035);
#12033 = CARTESIAN_POINT('',(-168.6941854645,57.55596980521,-1.));
#12034 = DIRECTION('',(-0.,-0.,-1.));
#12035 = DIRECTION('',(-1.,0.,0.));
#12036 = DEFINITIONAL_REPRESENTATION('',(#12037),#12041);
#12037 = LINE('',#12038,#12039);
#12038 = CARTESIAN_POINT('',(1.639142782569,3.44403019479));
#12039 = VECTOR('',#12040,1.);
#12040 = DIRECTION('',(-0.455455158438,-0.890258725681));
#12041 = ( GEOMETRIC_REPRESENTATION_CONTEXT(2) 
PARAMETRIC_REPRESENTATION_CONTEXT() REPRESENTATION_CONTEXT('2D SPACE',''
  ) );
#12042 = ADVANCED_FACE('',(#12043),#12031,.T.);
#12043 = FACE_BOUND('',#12044,.T.);
#12044 = EDGE_LOOP('',(#12045,#12046,#12073));
#12045 = ORIENTED_EDGE('',*,*,#12018,.T.);
#12046 = ORIENTED_EDGE('',*,*,#12047,.T.);
#12047 = EDGE_CURVE('',#11992,#12048,#12050,.T.);
#12048 = VERTEX_POINT('',#12049);
#12049 = CARTESIAN_POINT('',(-167.2539978027,54.08699798584,-1.));
#12050 = SURFACE_CURVE('',#12051,(#12055,#12062),.PCURVE_S1.);
#12051 = LINE('',#12052,#12053);
#12052 = CARTESIAN_POINT('',(-167.1133270263,54.706001281738,-1.));
#12053 = VECTOR('',#12054,1.);
#12054 = DIRECTION('',(-0.221603441283,-0.975136869784,0.));
#12055 = PCURVE('',#12031,#12056);
#12056 = DEFINITIONAL_REPRESENTATION('',(#12057),#12061);
#12057 = LINE('',#12058,#12059);
#12058 = CARTESIAN_POINT('',(-1.580858438134,-2.849968523472));
#12059 = VECTOR('',#12060,1.);
#12060 = DIRECTION('',(0.221603441283,-0.975136869784));
#12061 = ( GEOMETRIC_REPRESENTATION_CONTEXT(2) 
PARAMETRIC_REPRESENTATION_CONTEXT() REPRESENTATION_CONTEXT('2D SPACE',''
  ) );
#12062 = PCURVE('',#12063,#12068);
#12063 = PLANE('',#12064);
#12064 = AXIS2_PLACEMENT_3D('',#12065,#12066,#12067);
#12065 = CARTESIAN_POINT('',(-167.1539418191,54.52728121445,
    -0.134116127401));
#12066 = DIRECTION('',(0.975136869784,-0.221603441283,0.));
#12067 = DIRECTION('',(0.221603441283,0.975136869784,0.));
#12068 = DEFINITIONAL_REPRESENTATION('',(#12069),#12072);
#12069 = B_SPLINE_CURVE_WITH_KNOTS('',1,(#12070,#12071),.UNSPECIFIED.,
  .F.,.F.,(2,2),(0.,0.634786064479),.PIECEWISE_BEZIER_KNOTS.);
#12070 = CARTESIAN_POINT('',(0.183276904839,-0.865883872599));
#12071 = CARTESIAN_POINT('',(-0.45150915964,-0.865883872599));
#12072 = ( GEOMETRIC_REPRESENTATION_CONTEXT(2) 
PARAMETRIC_REPRESENTATION_CONTEXT() REPRESENTATION_CONTEXT('2D SPACE',''
  ) );
#12073 = ORIENTED_EDGE('',*,*,#12074,.T.);
#12074 = EDGE_CURVE('',#12048,#11411,#12075,.T.);
#12075 = SURFACE_CURVE('',#12076,(#12080,#12087),.PCURVE_S1.);
#12076 = LINE('',#12077,#12078);
#12077 = CARTESIAN_POINT('',(-167.2539978027,54.08699798584,-1.));
#12078 = VECTOR('',#12079,1.);
#12079 = DIRECTION('',(-0.406898044964,0.913473579806,0.));
#12080 = PCURVE('',#12031,#12081);
#12081 = DEFINITIONAL_REPRESENTATION('',(#12082),#12086);
#12082 = LINE('',#12083,#12084);
#12083 = CARTESIAN_POINT('',(-1.440187661767,-3.46897181937));
#12084 = VECTOR('',#12085,1.);
#12085 = DIRECTION('',(0.406898044964,0.913473579806));
#12086 = ( GEOMETRIC_REPRESENTATION_CONTEXT(2) 
PARAMETRIC_REPRESENTATION_CONTEXT() REPRESENTATION_CONTEXT('2D SPACE',''
  ) );
#12087 = PCURVE('',#12088,#12093);
#12088 = PLANE('',#12089);
#12089 = AXIS2_PLACEMENT_3D('',#12090,#12091,#12092);
#12090 = CARTESIAN_POINT('',(-168.7864190661,57.255282066591,-1.));
#12091 = DIRECTION('',(-0.,-0.,-1.));
#12092 = DIRECTION('',(-1.,0.,0.));
#12093 = DEFINITIONAL_REPRESENTATION('',(#12094),#12097);
#12094 = B_SPLINE_CURVE_WITH_KNOTS('',1,(#12095,#12096),.UNSPECIFIED.,
  .F.,.F.,(2,2),(0.,7.567818234683),.PIECEWISE_BEZIER_KNOTS.);
#12095 = CARTESIAN_POINT('',(-1.532421263445,-3.168284080751));
#12096 = CARTESIAN_POINT('',(1.546909180891,3.744717933409));
#12097 = ( GEOMETRIC_REPRESENTATION_CONTEXT(2) 
PARAMETRIC_REPRESENTATION_CONTEXT() REPRESENTATION_CONTEXT('2D SPACE',''
  ) );
#12098 = ADVANCED_FACE('',(#12099),#12088,.T.);
#12099 = FACE_BOUND('',#12100,.T.);
#12100 = EDGE_LOOP('',(#12101,#12102,#12129));
#12101 = ORIENTED_EDGE('',*,*,#12074,.F.);
#12102 = ORIENTED_EDGE('',*,*,#12103,.T.);
#12103 = EDGE_CURVE('',#12048,#12104,#12106,.T.);
#12104 = VERTEX_POINT('',#12105);
#12105 = CARTESIAN_POINT('',(-167.4466705322,53.5,-1.));
#12106 = SURFACE_CURVE('',#12107,(#12111,#12118),.PCURVE_S1.);
#12107 = LINE('',#12108,#12109);
#12108 = CARTESIAN_POINT('',(-167.2539978027,54.08699798584,-1.));
#12109 = VECTOR('',#12110,1.);
#12110 = DIRECTION('',(-0.311863961368,-0.950126765016,0.));
#12111 = PCURVE('',#12088,#12112);
#12112 = DEFINITIONAL_REPRESENTATION('',(#12113),#12117);
#12113 = LINE('',#12114,#12115);
#12114 = CARTESIAN_POINT('',(-1.532421263445,-3.168284080751));
#12115 = VECTOR('',#12116,1.);
#12116 = DIRECTION('',(0.311863961368,-0.950126765016));
#12117 = ( GEOMETRIC_REPRESENTATION_CONTEXT(2) 
PARAMETRIC_REPRESENTATION_CONTEXT() REPRESENTATION_CONTEXT('2D SPACE',''
  ) );
#12118 = PCURVE('',#12119,#12124);
#12119 = PLANE('',#12120);
#12120 = AXIS2_PLACEMENT_3D('',#12121,#12122,#12123);
#12121 = CARTESIAN_POINT('',(-167.3094361992,53.918099007904,
    -0.131140411545));
#12122 = DIRECTION('',(0.950126765016,-0.311863961368,9.096950131012E-18
    ));
#12123 = DIRECTION('',(0.311863961368,0.950126765016,0.));
#12124 = DEFINITIONAL_REPRESENTATION('',(#12125),#12128);
#12125 = B_SPLINE_CURVE_WITH_KNOTS('',1,(#12126,#12127),.UNSPECIFIED.,
  .F.,.F.,(2,2),(0.,0.617810178024),.PIECEWISE_BEZIER_KNOTS.);
#12126 = CARTESIAN_POINT('',(0.177764677467,-0.868859588455));
#12127 = CARTESIAN_POINT('',(-0.440045500557,-0.868859588455));
#12128 = ( GEOMETRIC_REPRESENTATION_CONTEXT(2) 
PARAMETRIC_REPRESENTATION_CONTEXT() REPRESENTATION_CONTEXT('2D SPACE',''
  ) );
#12129 = ORIENTED_EDGE('',*,*,#12130,.T.);
#12130 = EDGE_CURVE('',#12104,#11411,#12131,.T.);
#12131 = SURFACE_CURVE('',#12132,(#12136,#12143),.PCURVE_S1.);
#12132 = LINE('',#12133,#12134);
#12133 = CARTESIAN_POINT('',(-167.4466705322,53.5,-1.));
#12134 = VECTOR('',#12135,1.);
#12135 = DIRECTION('',(-0.359200456421,0.933260431019,0.));
#12136 = PCURVE('',#12088,#12137);
#12137 = DEFINITIONAL_REPRESENTATION('',(#12138),#12142);
#12138 = LINE('',#12139,#12140);
#12139 = CARTESIAN_POINT('',(-1.339748533953,-3.755282066591));
#12140 = VECTOR('',#12141,1.);
#12141 = DIRECTION('',(0.359200456421,0.933260431019));
#12142 = ( GEOMETRIC_REPRESENTATION_CONTEXT(2) 
PARAMETRIC_REPRESENTATION_CONTEXT() REPRESENTATION_CONTEXT('2D SPACE',''
  ) );
#12143 = PCURVE('',#12144,#12149);
#12144 = PLANE('',#12145);
#12145 = AXIS2_PLACEMENT_3D('',#12146,#12147,#12148);
#12146 = CARTESIAN_POINT('',(-168.9038726801,56.975261029575,-1.));
#12147 = DIRECTION('',(-0.,-0.,-1.));
#12148 = DIRECTION('',(-1.,0.,0.));
#12149 = DEFINITIONAL_REPRESENTATION('',(#12150),#12153);
#12150 = B_SPLINE_CURVE_WITH_KNOTS('',1,(#12151,#12152),.UNSPECIFIED.,
  .F.,.F.,(2,2),(0.,8.03634200135),.PIECEWISE_BEZIER_KNOTS.);
#12151 = CARTESIAN_POINT('',(-1.457202147891,-3.475261029575));
#12152 = CARTESIAN_POINT('',(1.429455566953,4.024738970425));
#12153 = ( GEOMETRIC_REPRESENTATION_CONTEXT(2) 
PARAMETRIC_REPRESENTATION_CONTEXT() REPRESENTATION_CONTEXT('2D SPACE',''
  ) );
#12154 = ADVANCED_FACE('',(#12155),#12144,.T.);
#12155 = FACE_BOUND('',#12156,.T.);
#12156 = EDGE_LOOP('',(#12157,#12158,#12185));
#12157 = ORIENTED_EDGE('',*,*,#12130,.F.);
#12158 = ORIENTED_EDGE('',*,*,#12159,.T.);
#12159 = EDGE_CURVE('',#12104,#12160,#12162,.T.);
#12160 = VERTEX_POINT('',#12161);
#12161 = CARTESIAN_POINT('',(-167.6886596679,52.956001281738,-1.));
#12162 = SURFACE_CURVE('',#12163,(#12167,#12174),.PCURVE_S1.);
#12163 = LINE('',#12164,#12165);
#12164 = CARTESIAN_POINT('',(-167.4466705322,53.5,-1.));
#12165 = VECTOR('',#12166,1.);
#12166 = DIRECTION('',(-0.406435677424,-0.913679396789,0.));
#12167 = PCURVE('',#12144,#12168);
#12168 = DEFINITIONAL_REPRESENTATION('',(#12169),#12173);
#12169 = LINE('',#12170,#12171);
#12170 = CARTESIAN_POINT('',(-1.457202147891,-3.475261029575));
#12171 = VECTOR('',#12172,1.);
#12172 = DIRECTION('',(0.406435677424,-0.913679396789));
#12173 = ( GEOMETRIC_REPRESENTATION_CONTEXT(2) 
PARAMETRIC_REPRESENTATION_CONTEXT() REPRESENTATION_CONTEXT('2D SPACE',''
  ) );
#12174 = PCURVE('',#12175,#12180);
#12175 = PLANE('',#12176);
#12176 = AXIS2_PLACEMENT_3D('',#12177,#12178,#12179);
#12177 = CARTESIAN_POINT('',(-167.5159816055,53.344186661691,
    -0.127162789519));
#12178 = DIRECTION('',(0.913679396789,-0.406435677424,0.));
#12179 = DIRECTION('',(0.406435677424,0.913679396789,0.));
#12180 = DEFINITIONAL_REPRESENTATION('',(#12181),#12184);
#12181 = B_SPLINE_CURVE_WITH_KNOTS('',1,(#12182,#12183),.UNSPECIFIED.,
  .F.,.F.,(2,2),(0.,0.59539343907),.PIECEWISE_BEZIER_KNOTS.);
#12182 = CARTESIAN_POINT('',(0.170533930016,-0.872837210481));
#12183 = CARTESIAN_POINT('',(-0.424859509054,-0.872837210481));
#12184 = ( GEOMETRIC_REPRESENTATION_CONTEXT(2) 
PARAMETRIC_REPRESENTATION_CONTEXT() REPRESENTATION_CONTEXT('2D SPACE',''
  ) );
#12185 = ORIENTED_EDGE('',*,*,#12186,.T.);
#12186 = EDGE_CURVE('',#12160,#11411,#12187,.T.);
#12187 = SURFACE_CURVE('',#12188,(#12192,#12199),.PCURVE_S1.);
#12188 = LINE('',#12189,#12190);
#12189 = CARTESIAN_POINT('',(-167.6886596679,52.956001281738,-1.));
#12190 = VECTOR('',#12191,1.);
#12191 = DIRECTION('',(-0.312328136842,0.949974281197,0.));
#12192 = PCURVE('',#12144,#12193);
#12193 = DEFINITIONAL_REPRESENTATION('',(#12194),#12198);
#12194 = LINE('',#12195,#12196);
#12195 = CARTESIAN_POINT('',(-1.215213012149,-4.019259747837));
#12196 = VECTOR('',#12197,1.);
#12197 = DIRECTION('',(0.312328136842,0.949974281197));
#12198 = ( GEOMETRIC_REPRESENTATION_CONTEXT(2) 
PARAMETRIC_REPRESENTATION_CONTEXT() REPRESENTATION_CONTEXT('2D SPACE',''
  ) );
#12199 = PCURVE('',#12200,#12205);
#12200 = PLANE('',#12201);
#12201 = AXIS2_PLACEMENT_3D('',#12202,#12203,#12204);
#12202 = CARTESIAN_POINT('',(-169.0445661932,56.720343242687,-1.));
#12203 = DIRECTION('',(-0.,-0.,-1.));
#12204 = DIRECTION('',(-1.,0.,0.));
#12205 = DEFINITIONAL_REPRESENTATION('',(#12206),#12209);
#12206 = B_SPLINE_CURVE_WITH_KNOTS('',1,(#12207,#12208),.UNSPECIFIED.,
  .F.,.F.,(2,2),(0.,8.46759631021),.PIECEWISE_BEZIER_KNOTS.);
#12207 = CARTESIAN_POINT('',(-1.355906525263,-3.764341960948));
#12208 = CARTESIAN_POINT('',(1.288762053838,4.279656757313));
#12209 = ( GEOMETRIC_REPRESENTATION_CONTEXT(2) 
PARAMETRIC_REPRESENTATION_CONTEXT() REPRESENTATION_CONTEXT('2D SPACE',''
  ) );
#12210 = ADVANCED_FACE('',(#12211),#12200,.T.);
#12211 = FACE_BOUND('',#12212,.T.);
#12212 = EDGE_LOOP('',(#12213,#12214,#12241));
#12213 = ORIENTED_EDGE('',*,*,#12186,.F.);
#12214 = ORIENTED_EDGE('',*,*,#12215,.T.);
#12215 = EDGE_CURVE('',#12160,#12216,#12218,.T.);
#12216 = VERTEX_POINT('',#12217);
#12217 = CARTESIAN_POINT('',(-167.9759979248,52.463996887207,-1.));
#12218 = SURFACE_CURVE('',#12219,(#12223,#12230),.PCURVE_S1.);
#12219 = LINE('',#12220,#12221);
#12220 = CARTESIAN_POINT('',(-167.6886596679,52.956001281738,-1.));
#12221 = VECTOR('',#12222,1.);
#12222 = DIRECTION('',(-0.504310555065,-0.863522358744,0.));
#12223 = PCURVE('',#12200,#12224);
#12224 = DEFINITIONAL_REPRESENTATION('',(#12225),#12229);
#12225 = LINE('',#12226,#12227);
#12226 = CARTESIAN_POINT('',(-1.355906525263,-3.764341960948));
#12227 = VECTOR('',#12228,1.);
#12228 = DIRECTION('',(0.504310555065,-0.863522358744));
#12229 = ( GEOMETRIC_REPRESENTATION_CONTEXT(2) 
PARAMETRIC_REPRESENTATION_CONTEXT() REPRESENTATION_CONTEXT('2D SPACE',''
  ) );
#12230 = PCURVE('',#12231,#12236);
#12231 = PLANE('',#12232);
#12232 = AXIS2_PLACEMENT_3D('',#12233,#12234,#12235);
#12233 = CARTESIAN_POINT('',(-167.7705268426,52.815821515418,
    -0.122547412784));
#12234 = DIRECTION('',(0.863522358744,-0.504310555065,0.));
#12235 = DIRECTION('',(0.504310555065,0.863522358744,0.));
#12236 = DEFINITIONAL_REPRESENTATION('',(#12237),#12240);
#12237 = B_SPLINE_CURVE_WITH_KNOTS('',1,(#12238,#12239),.UNSPECIFIED.,
  .F.,.F.,(2,2),(0.,0.569764511074),.PIECEWISE_BEZIER_KNOTS.);
#12238 = CARTESIAN_POINT('',(0.162334842753,-0.877452587216));
#12239 = CARTESIAN_POINT('',(-0.407429668322,-0.877452587216));
#12240 = ( GEOMETRIC_REPRESENTATION_CONTEXT(2) 
PARAMETRIC_REPRESENTATION_CONTEXT() REPRESENTATION_CONTEXT('2D SPACE',''
  ) );
#12241 = ORIENTED_EDGE('',*,*,#12242,.T.);
#12242 = EDGE_CURVE('',#12216,#11411,#12243,.T.);
#12243 = SURFACE_CURVE('',#12244,(#12248,#12255),.PCURVE_S1.);
#12244 = LINE('',#12245,#12246);
#12245 = CARTESIAN_POINT('',(-167.9759979248,52.463996887207,-1.));
#12246 = VECTOR('',#12247,1.);
#12247 = DIRECTION('',(-0.266198766965,0.963918158594,0.));
#12248 = PCURVE('',#12200,#12249);
#12249 = DEFINITIONAL_REPRESENTATION('',(#12250),#12254);
#12250 = LINE('',#12251,#12252);
#12251 = CARTESIAN_POINT('',(-1.068568268427,-4.25634635548));
#12252 = VECTOR('',#12253,1.);
#12253 = DIRECTION('',(0.266198766965,0.963918158594));
#12254 = ( GEOMETRIC_REPRESENTATION_CONTEXT(2) 
PARAMETRIC_REPRESENTATION_CONTEXT() REPRESENTATION_CONTEXT('2D SPACE',''
  ) );
#12255 = PCURVE('',#12256,#12261);
#12256 = PLANE('',#12257);
#12257 = AXIS2_PLACEMENT_3D('',#12258,#12259,#12260);
#12258 = CARTESIAN_POINT('',(-169.2062062368,56.494807943338,-1.));
#12259 = DIRECTION('',(-0.,-0.,-1.));
#12260 = DIRECTION('',(-1.,0.,0.));
#12261 = DEFINITIONAL_REPRESENTATION('',(#12262),#12265);
#12262 = B_SPLINE_CURVE_WITH_KNOTS('',1,(#12263,#12264),.UNSPECIFIED.,
  .F.,.F.,(2,2),(0.,8.855526827348),.PIECEWISE_BEZIER_KNOTS.);
#12263 = CARTESIAN_POINT('',(-1.230208312019,-4.030811056131));
#12264 = CARTESIAN_POINT('',(1.127122010247,4.505192056662));
#12265 = ( GEOMETRIC_REPRESENTATION_CONTEXT(2) 
PARAMETRIC_REPRESENTATION_CONTEXT() REPRESENTATION_CONTEXT('2D SPACE',''
  ) );
#12266 = ADVANCED_FACE('',(#12267),#12256,.T.);
#12267 = FACE_BOUND('',#12268,.T.);
#12268 = EDGE_LOOP('',(#12269,#12270,#12297));
#12269 = ORIENTED_EDGE('',*,*,#12242,.F.);
#12270 = ORIENTED_EDGE('',*,*,#12271,.T.);
#12271 = EDGE_CURVE('',#12216,#12272,#12274,.T.);
#12272 = VERTEX_POINT('',#12273);
#12273 = CARTESIAN_POINT('',(-168.3040008544,52.032997131348,-1.));
#12274 = SURFACE_CURVE('',#12275,(#12279,#12286),.PCURVE_S1.);
#12275 = LINE('',#12276,#12277);
#12276 = CARTESIAN_POINT('',(-167.9759979248,52.463996887207,-1.));
#12277 = VECTOR('',#12278,1.);
#12278 = DIRECTION('',(-0.605601735181,-0.795767892256,0.));
#12279 = PCURVE('',#12256,#12280);
#12280 = DEFINITIONAL_REPRESENTATION('',(#12281),#12285);
#12281 = LINE('',#12282,#12283);
#12282 = CARTESIAN_POINT('',(-1.230208312019,-4.030811056131));
#12283 = VECTOR('',#12284,1.);
#12284 = DIRECTION('',(0.605601735181,-0.795767892256));
#12285 = ( GEOMETRIC_REPRESENTATION_CONTEXT(2) 
PARAMETRIC_REPRESENTATION_CONTEXT() REPRESENTATION_CONTEXT('2D SPACE',''
  ) );
#12286 = PCURVE('',#12287,#12292);
#12287 = PLANE('',#12288);
#12288 = AXIS2_PLACEMENT_3D('',#12289,#12290,#12291);
#12289 = CARTESIAN_POINT('',(-168.2110933462,52.155078703625,
    -0.117393911669));
#12290 = DIRECTION('',(0.795767892256,-0.605601735181,
    -1.837545066236E-17));
#12291 = DIRECTION('',(0.605601735181,0.795767892256,-1.54074395551E-33)
  );
#12292 = DEFINITIONAL_REPRESENTATION('',(#12293),#12296);
#12293 = B_SPLINE_CURVE_WITH_KNOTS('',1,(#12294,#12295),.UNSPECIFIED.,
  .F.,.F.,(2,2),(0.,0.541614910646),.PIECEWISE_BEZIER_KNOTS.);
#12294 = CARTESIAN_POINT('',(0.388201366992,-0.882606088331));
#12295 = CARTESIAN_POINT('',(-0.153413543654,-0.882606088331));
#12296 = ( GEOMETRIC_REPRESENTATION_CONTEXT(2) 
PARAMETRIC_REPRESENTATION_CONTEXT() REPRESENTATION_CONTEXT('2D SPACE',''
  ) );
#12297 = ORIENTED_EDGE('',*,*,#12298,.T.);
#12298 = EDGE_CURVE('',#12272,#11411,#12299,.T.);
#12299 = SURFACE_CURVE('',#12300,(#12304,#12311),.PCURVE_S1.);
#12300 = LINE('',#12301,#12302);
#12301 = CARTESIAN_POINT('',(-168.3040008544,52.032997131348,-1.));
#12302 = VECTOR('',#12303,1.);
#12303 = DIRECTION('',(-0.220728662278,0.975335253976,0.));
#12304 = PCURVE('',#12256,#12305);
#12305 = DEFINITIONAL_REPRESENTATION('',(#12306),#12310);
#12306 = LINE('',#12307,#12308);
#12307 = CARTESIAN_POINT('',(-0.902205382331,-4.461810811991));
#12308 = VECTOR('',#12309,1.);
#12309 = DIRECTION('',(0.220728662278,0.975335253976));
#12310 = ( GEOMETRIC_REPRESENTATION_CONTEXT(2) 
PARAMETRIC_REPRESENTATION_CONTEXT() REPRESENTATION_CONTEXT('2D SPACE',''
  ) );
#12311 = PCURVE('',#12312,#12317);
#12312 = PLANE('',#12313);
#12313 = AXIS2_PLACEMENT_3D('',#12314,#12315,#12316);
#12314 = CARTESIAN_POINT('',(-169.3859602141,56.302059188637,-1.));
#12315 = DIRECTION('',(-0.,-0.,-1.));
#12316 = DIRECTION('',(-1.,0.,0.));
#12317 = DEFINITIONAL_REPRESENTATION('',(#12318),#12321);
#12318 = B_SPLINE_CURVE_WITH_KNOTS('',1,(#12319,#12320),.UNSPECIFIED.,
  .F.,.F.,(2,2),(0.,9.193764740991),.PIECEWISE_BEZIER_KNOTS.);
#12319 = CARTESIAN_POINT('',(-1.081959359674,-4.26906205729));
#12320 = CARTESIAN_POINT('',(0.947368032905,4.697940811363));
#12321 = ( GEOMETRIC_REPRESENTATION_CONTEXT(2) 
PARAMETRIC_REPRESENTATION_CONTEXT() REPRESENTATION_CONTEXT('2D SPACE',''
  ) );
#12322 = ADVANCED_FACE('',(#12323),#12312,.T.);
#12323 = FACE_BOUND('',#12324,.T.);
#12324 = EDGE_LOOP('',(#12325,#12326,#12353));
#12325 = ORIENTED_EDGE('',*,*,#12298,.F.);
#12326 = ORIENTED_EDGE('',*,*,#12327,.T.);
#12327 = EDGE_CURVE('',#12272,#12328,#12330,.T.);
#12328 = VERTEX_POINT('',#12329);
#12329 = CARTESIAN_POINT('',(-168.6666717529,51.669998168945,-1.));
#12330 = SURFACE_CURVE('',#12331,(#12335,#12342),.PCURVE_S1.);
#12331 = LINE('',#12332,#12333);
#12332 = CARTESIAN_POINT('',(-168.3040008544,52.032997131348,-1.));
#12333 = VECTOR('',#12334,1.);
#12334 = DIRECTION('',(-0.706787037072,-0.707426380782,0.));
#12335 = PCURVE('',#12312,#12336);
#12336 = DEFINITIONAL_REPRESENTATION('',(#12337),#12341);
#12337 = LINE('',#12338,#12339);
#12338 = CARTESIAN_POINT('',(-1.081959359674,-4.26906205729));
#12339 = VECTOR('',#12340,1.);
#12340 = DIRECTION('',(0.706787037072,-0.707426380782));
#12341 = ( GEOMETRIC_REPRESENTATION_CONTEXT(2) 
PARAMETRIC_REPRESENTATION_CONTEXT() REPRESENTATION_CONTEXT('2D SPACE',''
  ) );
#12342 = PCURVE('',#12343,#12348);
#12343 = PLANE('',#12344);
#12344 = AXIS2_PLACEMENT_3D('',#12345,#12346,#12347);
#12345 = CARTESIAN_POINT('',(-168.5645583833,51.772203907992,
    -0.112087623969));
#12346 = DIRECTION('',(0.707426380782,-0.706787037072,
    -5.535423883803E-17));
#12347 = DIRECTION('',(0.706787037072,0.707426380782,3.08148791102E-33)
  );
#12348 = DEFINITIONAL_REPRESENTATION('',(#12349),#12352);
#12349 = B_SPLINE_CURVE_WITH_KNOTS('',1,(#12350,#12351),.UNSPECIFIED.,
  .F.,.F.,(2,2),(0.,0.513126131939),.PIECEWISE_BEZIER_KNOTS.);
#12350 = CARTESIAN_POINT('',(0.368650689939,-0.887912376031));
#12351 = CARTESIAN_POINT('',(-0.144475442,-0.887912376031));
#12352 = ( GEOMETRIC_REPRESENTATION_CONTEXT(2) 
PARAMETRIC_REPRESENTATION_CONTEXT() REPRESENTATION_CONTEXT('2D SPACE',''
  ) );
#12353 = ORIENTED_EDGE('',*,*,#12354,.T.);
#12354 = EDGE_CURVE('',#12328,#11411,#12355,.T.);
#12355 = SURFACE_CURVE('',#12356,(#12360,#12367),.PCURVE_S1.);
#12356 = LINE('',#12357,#12358);
#12357 = CARTESIAN_POINT('',(-168.6666717529,51.669998168945,-1.));
#12358 = VECTOR('',#12359,1.);
#12359 = DIRECTION('',(-0.175850427895,0.984416896954,0.));
#12360 = PCURVE('',#12312,#12361);
#12361 = DEFINITIONAL_REPRESENTATION('',(#12362),#12366);
#12362 = LINE('',#12363,#12364);
#12363 = CARTESIAN_POINT('',(-0.719288461236,-4.632061019692));
#12364 = VECTOR('',#12365,1.);
#12365 = DIRECTION('',(0.175850427895,0.984416896954));
#12366 = ( GEOMETRIC_REPRESENTATION_CONTEXT(2) 
PARAMETRIC_REPRESENTATION_CONTEXT() REPRESENTATION_CONTEXT('2D SPACE',''
  ) );
#12367 = PCURVE('',#12368,#12373);
#12368 = PLANE('',#12369);
#12369 = AXIS2_PLACEMENT_3D('',#12370,#12371,#12372);
#12370 = CARTESIAN_POINT('',(-169.5807607153,56.144743540518,-1.));
#12371 = DIRECTION('',(-0.,-0.,-1.));
#12372 = DIRECTION('',(-1.,0.,0.));
#12373 = DEFINITIONAL_REPRESENTATION('',(#12374),#12377);
#12374 = B_SPLINE_CURVE_WITH_KNOTS('',1,(#12375,#12376),.UNSPECIFIED.,
  .F.,.F.,(2,2),(0.,9.477693708753),.PIECEWISE_BEZIER_KNOTS.);
#12375 = CARTESIAN_POINT('',(-0.914088962384,-4.474745371573));
#12376 = CARTESIAN_POINT('',(0.752567531757,4.855256459482));
#12377 = ( GEOMETRIC_REPRESENTATION_CONTEXT(2) 
PARAMETRIC_REPRESENTATION_CONTEXT() REPRESENTATION_CONTEXT('2D SPACE',''
  ) );
#12378 = ADVANCED_FACE('',(#12379),#12368,.T.);
#12379 = FACE_BOUND('',#12380,.T.);
#12380 = EDGE_LOOP('',(#12381,#12382,#12409));
#12381 = ORIENTED_EDGE('',*,*,#12354,.F.);
#12382 = ORIENTED_EDGE('',*,*,#12383,.T.);
#12383 = EDGE_CURVE('',#12328,#12384,#12386,.T.);
#12384 = VERTEX_POINT('',#12385);
#12385 = CARTESIAN_POINT('',(-169.0579986572,51.380996704102,-1.));
#12386 = SURFACE_CURVE('',#12387,(#12391,#12398),.PCURVE_S1.);
#12387 = LINE('',#12388,#12389);
#12388 = CARTESIAN_POINT('',(-168.6666717529,51.669998168945,-1.));
#12389 = VECTOR('',#12390,1.);
#12390 = DIRECTION('',(-0.804412051531,-0.594071756063,0.));
#12391 = PCURVE('',#12368,#12392);
#12392 = DEFINITIONAL_REPRESENTATION('',(#12393),#12397);
#12393 = LINE('',#12394,#12395);
#12394 = CARTESIAN_POINT('',(-0.914088962384,-4.474745371573));
#12395 = VECTOR('',#12396,1.);
#12396 = DIRECTION('',(0.804412051531,-0.594071756063));
#12397 = ( GEOMETRIC_REPRESENTATION_CONTEXT(2) 
PARAMETRIC_REPRESENTATION_CONTEXT() REPRESENTATION_CONTEXT('2D SPACE',''
  ) );
#12398 = PCURVE('',#12399,#12404);
#12399 = PLANE('',#12400);
#12400 = AXIS2_PLACEMENT_3D('',#12401,#12402,#12403);
#12401 = CARTESIAN_POINT('',(-168.9484397089,51.461907820093,
    -0.107040295691));
#12402 = DIRECTION('',(0.594071756063,-0.804412051531,1.852668803652E-17
    ));
#12403 = DIRECTION('',(-0.804412051531,-0.594071756063,
    -1.54074395551E-33));
#12404 = DEFINITIONAL_REPRESENTATION('',(#12405),#12408);
#12405 = B_SPLINE_CURVE_WITH_KNOTS('',1,(#12406,#12407),.UNSPECIFIED.,
  .F.,.F.,(2,2),(0.,0.486475685629),.PIECEWISE_BEZIER_KNOTS.);
#12406 = CARTESIAN_POINT('',(-0.350278138505,0.892959704309));
#12407 = CARTESIAN_POINT('',(0.136197547124,0.892959704309));
#12408 = ( GEOMETRIC_REPRESENTATION_CONTEXT(2) 
PARAMETRIC_REPRESENTATION_CONTEXT() REPRESENTATION_CONTEXT('2D SPACE',''
  ) );
#12409 = ORIENTED_EDGE('',*,*,#12410,.T.);
#12410 = EDGE_CURVE('',#12384,#11411,#12411,.T.);
#12411 = SURFACE_CURVE('',#12412,(#12416,#12423),.PCURVE_S1.);
#12412 = LINE('',#12413,#12414);
#12413 = CARTESIAN_POINT('',(-169.0579986572,51.380996704102,-1.));
#12414 = VECTOR('',#12415,1.);
#12415 = DIRECTION('',(-0.131434197045,0.991324897219,0.));
#12416 = PCURVE('',#12368,#12417);
#12417 = DEFINITIONAL_REPRESENTATION('',(#12418),#12422);
#12418 = LINE('',#12419,#12420);
#12419 = CARTESIAN_POINT('',(-0.522762058087,-4.763746836417));
#12420 = VECTOR('',#12421,1.);
#12421 = DIRECTION('',(0.131434197045,0.991324897219));
#12422 = ( GEOMETRIC_REPRESENTATION_CONTEXT(2) 
PARAMETRIC_REPRESENTATION_CONTEXT() REPRESENTATION_CONTEXT('2D SPACE',''
  ) );
#12423 = PCURVE('',#12424,#12429);
#12424 = PLANE('',#12425);
#12425 = AXIS2_PLACEMENT_3D('',#12426,#12427,#12428);
#12426 = CARTESIAN_POINT('',(-169.7873142613,56.024829568476,-1.));
#12427 = DIRECTION('',(-0.,-0.,-1.));
#12428 = DIRECTION('',(-1.,0.,0.));
#12429 = DEFINITIONAL_REPRESENTATION('',(#12430),#12433);
#12430 = B_SPLINE_CURVE_WITH_KNOTS('',1,(#12431,#12432),.UNSPECIFIED.,
  .F.,.F.,(2,2),(0.,9.703179374269),.PIECEWISE_BEZIER_KNOTS.);
#12431 = CARTESIAN_POINT('',(-0.729315604074,-4.643832864375));
#12432 = CARTESIAN_POINT('',(0.54601398577,4.975170431524));
#12433 = ( GEOMETRIC_REPRESENTATION_CONTEXT(2) 
PARAMETRIC_REPRESENTATION_CONTEXT() REPRESENTATION_CONTEXT('2D SPACE',''
  ) );
#12434 = ADVANCED_FACE('',(#12435),#12424,.T.);
#12435 = FACE_BOUND('',#12436,.T.);
#12436 = EDGE_LOOP('',(#12437,#12438,#12465));
#12437 = ORIENTED_EDGE('',*,*,#12410,.F.);
#12438 = ORIENTED_EDGE('',*,*,#12439,.T.);
#12439 = EDGE_CURVE('',#12384,#12440,#12442,.T.);
#12440 = VERTEX_POINT('',#12441);
#12441 = CARTESIAN_POINT('',(-169.4706726074,51.169998168945,-1.));
#12442 = SURFACE_CURVE('',#12443,(#12447,#12454),.PCURVE_S1.);
#12443 = LINE('',#12444,#12445);
#12444 = CARTESIAN_POINT('',(-169.0579986572,51.380996704102,-1.));
#12445 = VECTOR('',#12446,1.);
#12446 = DIRECTION('',(-0.89036796554,-0.455241568774,0.));
#12447 = PCURVE('',#12424,#12448);
#12448 = DEFINITIONAL_REPRESENTATION('',(#12449),#12453);
#12449 = LINE('',#12450,#12451);
#12450 = CARTESIAN_POINT('',(-0.729315604074,-4.643832864375));
#12451 = VECTOR('',#12452,1.);
#12452 = DIRECTION('',(0.89036796554,-0.455241568774));
#12453 = ( GEOMETRIC_REPRESENTATION_CONTEXT(2) 
PARAMETRIC_REPRESENTATION_CONTEXT() REPRESENTATION_CONTEXT('2D SPACE',''
  ) );
#12454 = PCURVE('',#12455,#12460);
#12455 = PLANE('',#12456);
#12456 = AXIS2_PLACEMENT_3D('',#12457,#12458,#12459);
#12457 = CARTESIAN_POINT('',(-169.3557061387,51.228780063159,
    -0.102621062242));
#12458 = DIRECTION('',(0.455241568774,-0.89036796554,-0.));
#12459 = DIRECTION('',(-0.89036796554,-0.455241568774,0.));
#12460 = DEFINITIONAL_REPRESENTATION('',(#12461),#12464);
#12461 = B_SPLINE_CURVE_WITH_KNOTS('',1,(#12462,#12463),.UNSPECIFIED.,
  .F.,.F.,(2,2),(0.,0.46348696962),.PIECEWISE_BEZIER_KNOTS.);
#12462 = CARTESIAN_POINT('',(-0.334364547052,0.897378937758));
#12463 = CARTESIAN_POINT('',(0.129122422568,0.897378937758));
#12464 = ( GEOMETRIC_REPRESENTATION_CONTEXT(2) 
PARAMETRIC_REPRESENTATION_CONTEXT() REPRESENTATION_CONTEXT('2D SPACE',''
  ) );
#12465 = ORIENTED_EDGE('',*,*,#12466,.T.);
#12466 = EDGE_CURVE('',#12440,#11411,#12467,.T.);
#12467 = SURFACE_CURVE('',#12468,(#12472,#12479),.PCURVE_S1.);
#12468 = LINE('',#12469,#12470);
#12469 = CARTESIAN_POINT('',(-169.4706726074,51.169998168945,-1.));
#12470 = VECTOR('',#12471,1.);
#12471 = DIRECTION('',(-8.742143753305E-02,0.996171417106,0.));
#12472 = PCURVE('',#12424,#12473);
#12473 = DEFINITIONAL_REPRESENTATION('',(#12474),#12478);
#12474 = LINE('',#12475,#12476);
#12475 = CARTESIAN_POINT('',(-0.316641653879,-4.854831399531));
#12476 = VECTOR('',#12477,1.);
#12477 = DIRECTION('',(8.742143753305E-02,0.996171417106));
#12478 = ( GEOMETRIC_REPRESENTATION_CONTEXT(2) 
PARAMETRIC_REPRESENTATION_CONTEXT() REPRESENTATION_CONTEXT('2D SPACE',''
  ) );
#12479 = PCURVE('',#12480,#12485);
#12480 = PLANE('',#12481);
#12481 = AXIS2_PLACEMENT_3D('',#12482,#12483,#12484);
#12482 = CARTESIAN_POINT('',(-170.0022180508,55.94435579576,-1.));
#12483 = DIRECTION('',(-0.,-0.,-1.));
#12484 = DIRECTION('',(-1.,0.,0.));
#12485 = DEFINITIONAL_REPRESENTATION('',(#12486),#12489);
#12486 = B_SPLINE_CURVE_WITH_KNOTS('',1,(#12487,#12488),.UNSPECIFIED.,
  .F.,.F.,(2,2),(0.,9.867781450314),.PIECEWISE_BEZIER_KNOTS.);
#12487 = CARTESIAN_POINT('',(-0.531545443392,-4.774357626815));
#12488 = CARTESIAN_POINT('',(0.331110196257,5.05564420424));
#12489 = ( GEOMETRIC_REPRESENTATION_CONTEXT(2) 
PARAMETRIC_REPRESENTATION_CONTEXT() REPRESENTATION_CONTEXT('2D SPACE',''
  ) );
#12490 = ADVANCED_FACE('',(#12491),#12480,.T.);
#12491 = FACE_BOUND('',#12492,.T.);
#12492 = EDGE_LOOP('',(#12493,#12520,#12545));
#12493 = ORIENTED_EDGE('',*,*,#12494,.T.);
#12494 = EDGE_CURVE('',#12440,#12495,#12497,.T.);
#12495 = VERTEX_POINT('',#12496);
#12496 = CARTESIAN_POINT('',(-169.8979949951,51.042999267578,-1.));
#12497 = SURFACE_CURVE('',#12498,(#12502,#12509),.PCURVE_S1.);
#12498 = LINE('',#12499,#12500);
#12499 = CARTESIAN_POINT('',(-169.4706726074,51.169998168945,-1.));
#12500 = VECTOR('',#12501,1.);
#12501 = DIRECTION('',(-0.958562632162,-0.284881870647,0.));
#12502 = PCURVE('',#12480,#12503);
#12503 = DEFINITIONAL_REPRESENTATION('',(#12504),#12508);
#12504 = LINE('',#12505,#12506);
#12505 = CARTESIAN_POINT('',(-0.531545443392,-4.774357626815));
#12506 = VECTOR('',#12507,1.);
#12507 = DIRECTION('',(0.958562632162,-0.284881870647));
#12508 = ( GEOMETRIC_REPRESENTATION_CONTEXT(2) 
PARAMETRIC_REPRESENTATION_CONTEXT() REPRESENTATION_CONTEXT('2D SPACE',''
  ) );
#12509 = PCURVE('',#12510,#12515);
#12510 = PLANE('',#12511);
#12511 = AXIS2_PLACEMENT_3D('',#12512,#12513,#12514);
#12512 = CARTESIAN_POINT('',(-169.7794025833,51.078244568159,
    -9.917847716582E-02));
#12513 = DIRECTION('',(0.284881870647,-0.958562632162,9.324890334839E-18
    ));
#12514 = DIRECTION('',(-0.958562632162,-0.284881870647,0.));
#12515 = DEFINITIONAL_REPRESENTATION('',(#12516),#12519);
#12516 = B_SPLINE_CURVE_WITH_KNOTS('',1,(#12517,#12518),.UNSPECIFIED.,
  .F.,.F.,(2,2),(0.,0.445794957322),.PIECEWISE_BEZIER_KNOTS.);
#12517 = CARTESIAN_POINT('',(-0.322075955827,0.900821522834));
#12518 = CARTESIAN_POINT('',(0.123719001495,0.900821522834));
#12519 = ( GEOMETRIC_REPRESENTATION_CONTEXT(2) 
PARAMETRIC_REPRESENTATION_CONTEXT() REPRESENTATION_CONTEXT('2D SPACE',''
  ) );
#12520 = ORIENTED_EDGE('',*,*,#12521,.T.);
#12521 = EDGE_CURVE('',#12495,#11411,#12522,.T.);
#12522 = SURFACE_CURVE('',#12523,(#12527,#12534),.PCURVE_S1.);
#12523 = LINE('',#12524,#12525);
#12524 = CARTESIAN_POINT('',(-169.8979949951,51.042999267578,-1.));
#12525 = VECTOR('',#12526,1.);
#12526 = DIRECTION('',(-4.367959566067E-02,0.999045591013,0.));
#12527 = PCURVE('',#12480,#12528);
#12528 = DEFINITIONAL_REPRESENTATION('',(#12529),#12533);
#12529 = LINE('',#12530,#12531);
#12530 = CARTESIAN_POINT('',(-0.104223055696,-4.901356528182));
#12531 = VECTOR('',#12532,1.);
#12532 = DIRECTION('',(4.367959566067E-02,0.999045591013));
#12533 = ( GEOMETRIC_REPRESENTATION_CONTEXT(2) 
PARAMETRIC_REPRESENTATION_CONTEXT() REPRESENTATION_CONTEXT('2D SPACE',''
  ) );
#12534 = PCURVE('',#12535,#12540);
#12535 = PLANE('',#12536);
#12536 = AXIS2_PLACEMENT_3D('',#12537,#12538,#12539);
#12537 = CARTESIAN_POINT('',(-170.2223402155,55.903764927845,-1.));
#12538 = DIRECTION('',(-0.,-0.,-1.));
#12539 = DIRECTION('',(-1.,0.,0.));
#12540 = DEFINITIONAL_REPRESENTATION('',(#12541),#12544);
#12541 = B_SPLINE_CURVE_WITH_KNOTS('',1,(#12542,#12543),.UNSPECIFIED.,
  .F.,.F.,(2,2),(0.,9.966512861864),.PIECEWISE_BEZIER_KNOTS.);
#12542 = CARTESIAN_POINT('',(-0.324345220457,-4.860765660267));
#12543 = CARTESIAN_POINT('',(0.110988031496,5.096235072155));
#12544 = ( GEOMETRIC_REPRESENTATION_CONTEXT(2) 
PARAMETRIC_REPRESENTATION_CONTEXT() REPRESENTATION_CONTEXT('2D SPACE',''
  ) );
#12545 = ORIENTED_EDGE('',*,*,#12466,.F.);
#12546 = ADVANCED_FACE('',(#12547),#12535,.T.);
#12547 = FACE_BOUND('',#12548,.T.);
#12548 = EDGE_LOOP('',(#12549,#12569,#12589));
#12549 = ORIENTED_EDGE('',*,*,#12550,.T.);
#12550 = EDGE_CURVE('',#12495,#9582,#12551,.T.);
#12551 = SURFACE_CURVE('',#12552,(#12556,#12563),.PCURVE_S1.);
#12552 = LINE('',#12553,#12554);
#12553 = CARTESIAN_POINT('',(-169.8979949951,51.042999267578,-1.));
#12554 = VECTOR('',#12555,1.);
#12555 = DIRECTION('',(-0.995157331071,-9.829489516156E-02,0.));
#12556 = PCURVE('',#12535,#12557);
#12557 = DEFINITIONAL_REPRESENTATION('',(#12558),#12562);
#12558 = LINE('',#12559,#12560);
#12559 = CARTESIAN_POINT('',(-0.324345220457,-4.860765660267));
#12560 = VECTOR('',#12561,1.);
#12561 = DIRECTION('',(0.995157331071,-9.829489516156E-02));
#12562 = ( GEOMETRIC_REPRESENTATION_CONTEXT(2) 
PARAMETRIC_REPRESENTATION_CONTEXT() REPRESENTATION_CONTEXT('2D SPACE',''
  ) );
#12563 = PCURVE('',#9622,#12564);
#12564 = DEFINITIONAL_REPRESENTATION('',(#12565),#12568);
#12565 = B_SPLINE_CURVE_WITH_KNOTS('',1,(#12566,#12567),.UNSPECIFIED.,
  .F.,.F.,(2,2),(0.,0.437451685639),.PIECEWISE_BEZIER_KNOTS.);
#12566 = CARTESIAN_POINT('',(-0.316268240433,0.902457602387));
#12567 = CARTESIAN_POINT('',(0.121183445206,0.902457602387));
#12568 = ( GEOMETRIC_REPRESENTATION_CONTEXT(2) 
PARAMETRIC_REPRESENTATION_CONTEXT() REPRESENTATION_CONTEXT('2D SPACE',''
  ) );
#12569 = ORIENTED_EDGE('',*,*,#12570,.T.);
#12570 = EDGE_CURVE('',#9582,#11411,#12571,.T.);
#12571 = SURFACE_CURVE('',#12572,(#12576,#12583),.PCURVE_S1.);
#12572 = LINE('',#12573,#12574);
#12573 = CARTESIAN_POINT('',(-170.333328247,51.,-1.));
#12574 = VECTOR('',#12575,1.);
#12575 = DIRECTION('',(0.,1.,0.));
#12576 = PCURVE('',#12535,#12577);
#12577 = DEFINITIONAL_REPRESENTATION('',(#12578),#12582);
#12578 = LINE('',#12579,#12580);
#12579 = CARTESIAN_POINT('',(0.110988031496,-4.903764927845));
#12580 = VECTOR('',#12581,1.);
#12581 = DIRECTION('',(0.,1.));
#12582 = ( GEOMETRIC_REPRESENTATION_CONTEXT(2) 
PARAMETRIC_REPRESENTATION_CONTEXT() REPRESENTATION_CONTEXT('2D SPACE',''
  ) );
#12583 = PCURVE('',#9733,#12584);
#12584 = DEFINITIONAL_REPRESENTATION('',(#12585),#12588);
#12585 = B_SPLINE_CURVE_WITH_KNOTS('',1,(#12586,#12587),.UNSPECIFIED.,
  .F.,.F.,(2,2),(0.,10.),.PIECEWISE_BEZIER_KNOTS.);
#12586 = CARTESIAN_POINT('',(-5.000004577637,-6.666667175293));
#12587 = CARTESIAN_POINT('',(-5.000004577637,3.333332824707));
#12588 = ( GEOMETRIC_REPRESENTATION_CONTEXT(2) 
PARAMETRIC_REPRESENTATION_CONTEXT() REPRESENTATION_CONTEXT('2D SPACE',''
  ) );
#12589 = ORIENTED_EDGE('',*,*,#12521,.F.);
#12590 = ADVANCED_FACE('',(#12591),#9733,.T.);
#12591 = FACE_BOUND('',#12592,.T.);
#12592 = EDGE_LOOP('',(#12593,#12594,#12595));
#12593 = ORIENTED_EDGE('',*,*,#12570,.F.);
#12594 = ORIENTED_EDGE('',*,*,#9720,.T.);
#12595 = ORIENTED_EDGE('',*,*,#12596,.F.);
#12596 = EDGE_CURVE('',#11411,#9694,#12597,.T.);
#12597 = SURFACE_CURVE('',#12598,(#12602,#12608),.PCURVE_S1.);
#12598 = LINE('',#12599,#12600);
#12599 = CARTESIAN_POINT('',(-170.333328247,61.,-1.));
#12600 = VECTOR('',#12601,1.);
#12601 = DIRECTION('',(-1.,0.,0.));
#12602 = PCURVE('',#9733,#12603);
#12603 = DEFINITIONAL_REPRESENTATION('',(#12604),#12607);
#12604 = B_SPLINE_CURVE_WITH_KNOTS('',1,(#12605,#12606),.UNSPECIFIED.,
  .F.,.F.,(2,2),(0.,13.333343505859),.PIECEWISE_BEZIER_KNOTS.);
#12605 = CARTESIAN_POINT('',(-5.000004577637,3.333332824707));
#12606 = CARTESIAN_POINT('',(8.333338928222,3.333332824707));
#12607 = ( GEOMETRIC_REPRESENTATION_CONTEXT(2) 
PARAMETRIC_REPRESENTATION_CONTEXT() REPRESENTATION_CONTEXT('2D SPACE',''
  ) );
#12608 = PCURVE('',#12609,#12614);
#12609 = PLANE('',#12610);
#12610 = AXIS2_PLACEMENT_3D('',#12611,#12612,#12613);
#12611 = CARTESIAN_POINT('',(-177.4627086254,61.,-0.462708625444));
#12612 = DIRECTION('',(2.554176781732E-30,1.,1.130298659319E-29));
#12613 = DIRECTION('',(0.,-1.130298659319E-29,1.));
#12614 = DEFINITIONAL_REPRESENTATION('',(#12615),#12619);
#12615 = LINE('',#12616,#12617);
#12616 = CARTESIAN_POINT('',(-0.537291374556,7.129380378373));
#12617 = VECTOR('',#12618,1.);
#12618 = DIRECTION('',(0.,-1.));
#12619 = ( GEOMETRIC_REPRESENTATION_CONTEXT(2) 
PARAMETRIC_REPRESENTATION_CONTEXT() REPRESENTATION_CONTEXT('2D SPACE',''
  ) );
#12620 = ADVANCED_FACE('',(#12621),#12631,.T.);
#12621 = FACE_BOUND('',#12622,.T.);
#12622 = EDGE_LOOP('',(#12623,#12648,#12673));
#12623 = ORIENTED_EDGE('',*,*,#12624,.T.);
#12624 = EDGE_CURVE('',#11411,#8089,#12625,.T.);
#12625 = SURFACE_CURVE('',#12626,(#12630,#12642),.PCURVE_S1.);
#12626 = LINE('',#12627,#12628);
#12627 = CARTESIAN_POINT('',(-170.333328247,61.,-1.));
#12628 = VECTOR('',#12629,1.);
#12629 = DIRECTION('',(-0.988936369471,0.,0.148340342246));
#12630 = PCURVE('',#12631,#12636);
#12631 = PLANE('',#12632);
#12632 = AXIS2_PLACEMENT_3D('',#12633,#12634,#12635);
#12633 = CARTESIAN_POINT('',(-176.5372913745,61.,0.462708625444));
#12634 = DIRECTION('',(4.143504562896E-30,1.,1.722211179482E-29));
#12635 = DIRECTION('',(0.,-1.722211179482E-29,1.));
#12636 = DEFINITIONAL_REPRESENTATION('',(#12637),#12641);
#12637 = LINE('',#12638,#12639);
#12638 = CARTESIAN_POINT('',(-1.462708625444,6.203963127486));
#12639 = VECTOR('',#12640,1.);
#12640 = DIRECTION('',(0.148340342246,-0.988936369471));
#12641 = ( GEOMETRIC_REPRESENTATION_CONTEXT(2) 
PARAMETRIC_REPRESENTATION_CONTEXT() REPRESENTATION_CONTEXT('2D SPACE',''
  ) );
#12642 = PCURVE('',#12609,#12643);
#12643 = DEFINITIONAL_REPRESENTATION('',(#12644),#12647);
#12644 = B_SPLINE_CURVE_WITH_KNOTS('',1,(#12645,#12646),.UNSPECIFIED.,
  .F.,.F.,(2,2),(0.,13.482509004085),.PIECEWISE_BEZIER_KNOTS.);
#12645 = CARTESIAN_POINT('',(-0.537291374556,7.129380378373));
#12646 = CARTESIAN_POINT('',(1.462708625444,-6.203963127486));
#12647 = ( GEOMETRIC_REPRESENTATION_CONTEXT(2) 
PARAMETRIC_REPRESENTATION_CONTEXT() REPRESENTATION_CONTEXT('2D SPACE',''
  ) );
#12648 = ORIENTED_EDGE('',*,*,#12649,.T.);
#12649 = EDGE_CURVE('',#8089,#8819,#12650,.T.);
#12650 = SURFACE_CURVE('',#12651,(#12655,#12662),.PCURVE_S1.);
#12651 = LINE('',#12652,#12653);
#12652 = CARTESIAN_POINT('',(-183.6666717529,61.,1.));
#12653 = VECTOR('',#12654,1.);
#12654 = DIRECTION('',(1.,0.,0.));
#12655 = PCURVE('',#12631,#12656);
#12656 = DEFINITIONAL_REPRESENTATION('',(#12657),#12661);
#12657 = LINE('',#12658,#12659);
#12658 = CARTESIAN_POINT('',(0.537291374556,-7.129380378373));
#12659 = VECTOR('',#12660,1.);
#12660 = DIRECTION('',(0.,1.));
#12661 = ( GEOMETRIC_REPRESENTATION_CONTEXT(2) 
PARAMETRIC_REPRESENTATION_CONTEXT() REPRESENTATION_CONTEXT('2D SPACE',''
  ) );
#12662 = PCURVE('',#12663,#12668);
#12663 = PLANE('',#12664);
#12664 = AXIS2_PLACEMENT_3D('',#12665,#12666,#12667);
#12665 = CARTESIAN_POINT('',(-175.3333328247,57.666667175293,1.));
#12666 = DIRECTION('',(0.,0.,1.));
#12667 = DIRECTION('',(1.,0.,-0.));
#12668 = DEFINITIONAL_REPRESENTATION('',(#12669),#12672);
#12669 = B_SPLINE_CURVE_WITH_KNOTS('',1,(#12670,#12671),.UNSPECIFIED.,
  .F.,.F.,(2,2),(0.,13.333343505859),.PIECEWISE_BEZIER_KNOTS.);
#12670 = CARTESIAN_POINT('',(-8.333338928222,3.333332824707));
#12671 = CARTESIAN_POINT('',(5.000004577637,3.333332824707));
#12672 = ( GEOMETRIC_REPRESENTATION_CONTEXT(2) 
PARAMETRIC_REPRESENTATION_CONTEXT() REPRESENTATION_CONTEXT('2D SPACE',''
  ) );
#12673 = ORIENTED_EDGE('',*,*,#12674,.T.);
#12674 = EDGE_CURVE('',#8819,#11411,#12675,.T.);
#12675 = SURFACE_CURVE('',#12676,(#12680,#12687),.PCURVE_S1.);
#12676 = LINE('',#12677,#12678);
#12677 = CARTESIAN_POINT('',(-170.333328247,61.,1.));
#12678 = VECTOR('',#12679,1.);
#12679 = DIRECTION('',(0.,0.,-1.));
#12680 = PCURVE('',#12631,#12681);
#12681 = DEFINITIONAL_REPRESENTATION('',(#12682),#12686);
#12682 = LINE('',#12683,#12684);
#12683 = CARTESIAN_POINT('',(0.537291374556,6.203963127486));
#12684 = VECTOR('',#12685,1.);
#12685 = DIRECTION('',(-1.,7.135989880456E-59));
#12686 = ( GEOMETRIC_REPRESENTATION_CONTEXT(2) 
PARAMETRIC_REPRESENTATION_CONTEXT() REPRESENTATION_CONTEXT('2D SPACE',''
  ) );
#12687 = PCURVE('',#9344,#12688);
#12688 = DEFINITIONAL_REPRESENTATION('',(#12689),#12692);
#12689 = B_SPLINE_CURVE_WITH_KNOTS('',1,(#12690,#12691),.UNSPECIFIED.,
  .F.,.F.,(2,2),(0.,2.),.PIECEWISE_BEZIER_KNOTS.);
#12690 = CARTESIAN_POINT('',(-0.121183445206,-0.902457602387));
#12691 = CARTESIAN_POINT('',(-0.121183445206,1.097542397613));
#12692 = ( GEOMETRIC_REPRESENTATION_CONTEXT(2) 
PARAMETRIC_REPRESENTATION_CONTEXT() REPRESENTATION_CONTEXT('2D SPACE',''
  ) );
#12693 = ADVANCED_FACE('',(#12694),#12609,.T.);
#12694 = FACE_BOUND('',#12695,.T.);
#12695 = EDGE_LOOP('',(#12696,#12716,#12717));
#12696 = ORIENTED_EDGE('',*,*,#12697,.T.);
#12697 = EDGE_CURVE('',#9694,#8089,#12698,.T.);
#12698 = SURFACE_CURVE('',#12699,(#12703,#12710),.PCURVE_S1.);
#12699 = LINE('',#12700,#12701);
#12700 = CARTESIAN_POINT('',(-183.6666717529,61.,-1.));
#12701 = VECTOR('',#12702,1.);
#12702 = DIRECTION('',(0.,0.,1.));
#12703 = PCURVE('',#12609,#12704);
#12704 = DEFINITIONAL_REPRESENTATION('',(#12705),#12709);
#12705 = LINE('',#12706,#12707);
#12706 = CARTESIAN_POINT('',(-0.537291374556,-6.203963127486));
#12707 = VECTOR('',#12708,1.);
#12708 = DIRECTION('',(1.,-2.886982592054E-59));
#12709 = ( GEOMETRIC_REPRESENTATION_CONTEXT(2) 
PARAMETRIC_REPRESENTATION_CONTEXT() REPRESENTATION_CONTEXT('2D SPACE',''
  ) );
#12710 = PCURVE('',#8129,#12711);
#12711 = DEFINITIONAL_REPRESENTATION('',(#12712),#12715);
#12712 = B_SPLINE_CURVE_WITH_KNOTS('',1,(#12713,#12714),.UNSPECIFIED.,
  .F.,.F.,(2,2),(0.,2.),.PIECEWISE_BEZIER_KNOTS.);
#12713 = CARTESIAN_POINT('',(0.121183445206,1.097542397613));
#12714 = CARTESIAN_POINT('',(0.121183445206,-0.902457602387));
#12715 = ( GEOMETRIC_REPRESENTATION_CONTEXT(2) 
PARAMETRIC_REPRESENTATION_CONTEXT() REPRESENTATION_CONTEXT('2D SPACE',''
  ) );
#12716 = ORIENTED_EDGE('',*,*,#12624,.F.);
#12717 = ORIENTED_EDGE('',*,*,#12596,.T.);
#12718 = ADVANCED_FACE('',(#12719),#9258,.T.);
#12719 = FACE_BOUND('',#12720,.T.);
#12720 = EDGE_LOOP('',(#12721,#12741,#12742));
#12721 = ORIENTED_EDGE('',*,*,#12722,.T.);
#12722 = EDGE_CURVE('',#11492,#9217,#12723,.T.);
#12723 = SURFACE_CURVE('',#12724,(#12728,#12735),.PCURVE_S1.);
#12724 = LINE('',#12725,#12726);
#12725 = CARTESIAN_POINT('',(-168.3040008544,59.967002868652,-1.));
#12726 = VECTOR('',#12727,1.);
#12727 = DIRECTION('',(-0.175646637873,0.175805523885,0.968628244671));
#12728 = PCURVE('',#9258,#12729);
#12729 = DEFINITIONAL_REPRESENTATION('',(#12730),#12734);
#12730 = LINE('',#12731,#12732);
#12731 = CARTESIAN_POINT('',(-0.144475442,-1.112087623969));
#12732 = VECTOR('',#12733,1.);
#12733 = DIRECTION('',(0.248514232238,0.968628244671));
#12734 = ( GEOMETRIC_REPRESENTATION_CONTEXT(2) 
PARAMETRIC_REPRESENTATION_CONTEXT() REPRESENTATION_CONTEXT('2D SPACE',''
  ) );
#12735 = PCURVE('',#9482,#12736);
#12736 = DEFINITIONAL_REPRESENTATION('',(#12737),#12740);
#12737 = B_SPLINE_CURVE_WITH_KNOTS('',1,(#12738,#12739),.UNSPECIFIED.,
  .F.,.F.,(2,2),(0.,2.064775636063),.PIECEWISE_BEZIER_KNOTS.);
#12738 = CARTESIAN_POINT('',(-0.368650689939,-0.887912376031));
#12739 = CARTESIAN_POINT('',(0.144475442,1.112087623969));
#12740 = ( GEOMETRIC_REPRESENTATION_CONTEXT(2) 
PARAMETRIC_REPRESENTATION_CONTEXT() REPRESENTATION_CONTEXT('2D SPACE',''
  ) );
#12741 = ORIENTED_EDGE('',*,*,#9244,.F.);
#12742 = ORIENTED_EDGE('',*,*,#12743,.T.);
#12743 = EDGE_CURVE('',#9161,#11492,#12744,.T.);
#12744 = SURFACE_CURVE('',#12745,(#12749,#12756),.PCURVE_S1.);
#12745 = LINE('',#12746,#12747);
#12746 = CARTESIAN_POINT('',(-168.3040008544,59.967002868652,1.));
#12747 = VECTOR('',#12748,1.);
#12748 = DIRECTION('',(0.,0.,-1.));
#12749 = PCURVE('',#9258,#12750);
#12750 = DEFINITIONAL_REPRESENTATION('',(#12751),#12755);
#12751 = LINE('',#12752,#12753);
#12752 = CARTESIAN_POINT('',(-0.144475442,0.887912376031));
#12753 = VECTOR('',#12754,1.);
#12754 = DIRECTION('',(0.,-1.));
#12755 = ( GEOMETRIC_REPRESENTATION_CONTEXT(2) 
PARAMETRIC_REPRESENTATION_CONTEXT() REPRESENTATION_CONTEXT('2D SPACE',''
  ) );
#12756 = PCURVE('',#11584,#12757);
#12757 = DEFINITIONAL_REPRESENTATION('',(#12758),#12761);
#12758 = B_SPLINE_CURVE_WITH_KNOTS('',1,(#12759,#12760),.UNSPECIFIED.,
  .F.,.F.,(2,2),(0.,2.),.PIECEWISE_BEZIER_KNOTS.);
#12759 = CARTESIAN_POINT('',(0.153413543654,1.117393911669));
#12760 = CARTESIAN_POINT('',(0.153413543654,-0.882606088331));
#12761 = ( GEOMETRIC_REPRESENTATION_CONTEXT(2) 
PARAMETRIC_REPRESENTATION_CONTEXT() REPRESENTATION_CONTEXT('2D SPACE',''
  ) );
#12762 = ADVANCED_FACE('',(#12763),#9482,.T.);
#12763 = FACE_BOUND('',#12764,.T.);
#12764 = EDGE_LOOP('',(#12765,#12766,#12767));
#12765 = ORIENTED_EDGE('',*,*,#9468,.F.);
#12766 = ORIENTED_EDGE('',*,*,#12722,.F.);
#12767 = ORIENTED_EDGE('',*,*,#11519,.F.);
#12768 = ADVANCED_FACE('',(#12769),#9202,.T.);
#12769 = FACE_BOUND('',#12770,.T.);
#12770 = EDGE_LOOP('',(#12771,#12791,#12792));
#12771 = ORIENTED_EDGE('',*,*,#12772,.T.);
#12772 = EDGE_CURVE('',#11543,#9161,#12773,.T.);
#12773 = SURFACE_CURVE('',#12774,(#12778,#12785),.PCURVE_S1.);
#12774 = LINE('',#12775,#12776);
#12775 = CARTESIAN_POINT('',(-167.9759979248,59.536003112793,-1.));
#12776 = VECTOR('',#12777,1.);
#12777 = DIRECTION('',(-0.158299572499,0.208007523484,0.965232674292));
#12778 = PCURVE('',#9202,#12779);
#12779 = DEFINITIONAL_REPRESENTATION('',(#12780),#12784);
#12780 = LINE('',#12781,#12782);
#12781 = CARTESIAN_POINT('',(-0.153413543654,-1.117393911669));
#12782 = VECTOR('',#12783,1.);
#12783 = DIRECTION('',(0.26139220432,0.965232674292));
#12784 = ( GEOMETRIC_REPRESENTATION_CONTEXT(2) 
PARAMETRIC_REPRESENTATION_CONTEXT() REPRESENTATION_CONTEXT('2D SPACE',''
  ) );
#12785 = PCURVE('',#11584,#12786);
#12786 = DEFINITIONAL_REPRESENTATION('',(#12787),#12790);
#12787 = B_SPLINE_CURVE_WITH_KNOTS('',1,(#12788,#12789),.UNSPECIFIED.,
  .F.,.F.,(2,2),(0.,2.07203926397),.PIECEWISE_BEZIER_KNOTS.);
#12788 = CARTESIAN_POINT('',(-0.388201366992,-0.882606088331));
#12789 = CARTESIAN_POINT('',(0.153413543654,1.117393911669));
#12790 = ( GEOMETRIC_REPRESENTATION_CONTEXT(2) 
PARAMETRIC_REPRESENTATION_CONTEXT() REPRESENTATION_CONTEXT('2D SPACE',''
  ) );
#12791 = ORIENTED_EDGE('',*,*,#9188,.F.);
#12792 = ORIENTED_EDGE('',*,*,#12793,.T.);
#12793 = EDGE_CURVE('',#9106,#11543,#12794,.T.);
#12794 = SURFACE_CURVE('',#12795,(#12799,#12806),.PCURVE_S1.);
#12795 = LINE('',#12796,#12797);
#12796 = CARTESIAN_POINT('',(-167.9759979248,59.536003112793,1.));
#12797 = VECTOR('',#12798,1.);
#12798 = DIRECTION('',(0.,0.,-1.));
#12799 = PCURVE('',#9202,#12800);
#12800 = DEFINITIONAL_REPRESENTATION('',(#12801),#12805);
#12801 = LINE('',#12802,#12803);
#12802 = CARTESIAN_POINT('',(-0.153413543654,0.882606088331));
#12803 = VECTOR('',#12804,1.);
#12804 = DIRECTION('',(0.,-1.));
#12805 = ( GEOMETRIC_REPRESENTATION_CONTEXT(2) 
PARAMETRIC_REPRESENTATION_CONTEXT() REPRESENTATION_CONTEXT('2D SPACE',''
  ) );
#12806 = PCURVE('',#11614,#12807);
#12807 = DEFINITIONAL_REPRESENTATION('',(#12808),#12811);
#12808 = B_SPLINE_CURVE_WITH_KNOTS('',1,(#12809,#12810),.UNSPECIFIED.,
  .F.,.F.,(2,2),(0.,2.),.PIECEWISE_BEZIER_KNOTS.);
#12809 = CARTESIAN_POINT('',(0.162334842753,1.122547412784));
#12810 = CARTESIAN_POINT('',(0.162334842753,-0.877452587216));
#12811 = ( GEOMETRIC_REPRESENTATION_CONTEXT(2) 
PARAMETRIC_REPRESENTATION_CONTEXT() REPRESENTATION_CONTEXT('2D SPACE',''
  ) );
#12812 = ADVANCED_FACE('',(#12813),#11584,.T.);
#12813 = FACE_BOUND('',#12814,.T.);
#12814 = EDGE_LOOP('',(#12815,#12816,#12817));
#12815 = ORIENTED_EDGE('',*,*,#12743,.F.);
#12816 = ORIENTED_EDGE('',*,*,#12772,.F.);
#12817 = ORIENTED_EDGE('',*,*,#11570,.F.);
#12818 = ADVANCED_FACE('',(#12819),#9121,.T.);
#12819 = FACE_BOUND('',#12820,.T.);
#12820 = EDGE_LOOP('',(#12821,#12841,#12842));
#12821 = ORIENTED_EDGE('',*,*,#12822,.T.);
#12822 = EDGE_CURVE('',#11599,#9106,#12823,.T.);
#12823 = SURFACE_CURVE('',#12824,(#12828,#12835),.PCURVE_S1.);
#12824 = LINE('',#12825,#12826);
#12825 = CARTESIAN_POINT('',(-167.6886596679,59.043998718262,-1.));
#12826 = VECTOR('',#12827,1.);
#12827 = DIRECTION('',(-0.138171634199,0.236588931714,0.96173503466));
#12828 = PCURVE('',#9121,#12829);
#12829 = DEFINITIONAL_REPRESENTATION('',(#12830),#12834);
#12830 = LINE('',#12831,#12832);
#12831 = CARTESIAN_POINT('',(-0.162334842753,-1.122547412784));
#12832 = VECTOR('',#12833,1.);
#12833 = DIRECTION('',(0.273981245903,0.96173503466));
#12834 = ( GEOMETRIC_REPRESENTATION_CONTEXT(2) 
PARAMETRIC_REPRESENTATION_CONTEXT() REPRESENTATION_CONTEXT('2D SPACE',''
  ) );
#12835 = PCURVE('',#11614,#12836);
#12836 = DEFINITIONAL_REPRESENTATION('',(#12837),#12840);
#12837 = B_SPLINE_CURVE_WITH_KNOTS('',1,(#12838,#12839),.UNSPECIFIED.,
  .F.,.F.,(2,2),(0.,2.079574859936),.PIECEWISE_BEZIER_KNOTS.);
#12838 = CARTESIAN_POINT('',(-0.407429668322,-0.877452587216));
#12839 = CARTESIAN_POINT('',(0.162334842753,1.122547412784));
#12840 = ( GEOMETRIC_REPRESENTATION_CONTEXT(2) 
PARAMETRIC_REPRESENTATION_CONTEXT() REPRESENTATION_CONTEXT('2D SPACE',''
  ) );
#12841 = ORIENTED_EDGE('',*,*,#9105,.F.);
#12842 = ORIENTED_EDGE('',*,*,#12843,.T.);
#12843 = EDGE_CURVE('',#9074,#11599,#12844,.T.);
#12844 = SURFACE_CURVE('',#12845,(#12849,#12856),.PCURVE_S1.);
#12845 = LINE('',#12846,#12847);
#12846 = CARTESIAN_POINT('',(-167.6886596679,59.043998718262,1.));
#12847 = VECTOR('',#12848,1.);
#12848 = DIRECTION('',(0.,0.,-1.));
#12849 = PCURVE('',#9121,#12850);
#12850 = DEFINITIONAL_REPRESENTATION('',(#12851),#12855);
#12851 = LINE('',#12852,#12853);
#12852 = CARTESIAN_POINT('',(-0.162334842753,0.877452587216));
#12853 = VECTOR('',#12854,1.);
#12854 = DIRECTION('',(0.,-1.));
#12855 = ( GEOMETRIC_REPRESENTATION_CONTEXT(2) 
PARAMETRIC_REPRESENTATION_CONTEXT() REPRESENTATION_CONTEXT('2D SPACE',''
  ) );
#12856 = PCURVE('',#12857,#12862);
#12857 = PLANE('',#12858);
#12858 = AXIS2_PLACEMENT_3D('',#12859,#12860,#12861);
#12859 = CARTESIAN_POINT('',(-167.6193485945,58.888185379953,
    0.127162789519));
#12860 = DIRECTION('',(0.913679396789,0.406435677424,0.));
#12861 = DIRECTION('',(-0.406435677424,0.913679396789,0.));
#12862 = DEFINITIONAL_REPRESENTATION('',(#12863),#12866);
#12863 = B_SPLINE_CURVE_WITH_KNOTS('',1,(#12864,#12865),.UNSPECIFIED.,
  .F.,.F.,(2,2),(0.,2.),.PIECEWISE_BEZIER_KNOTS.);
#12864 = CARTESIAN_POINT('',(0.170533930016,0.872837210481));
#12865 = CARTESIAN_POINT('',(0.170533930016,-1.127162789519));
#12866 = ( GEOMETRIC_REPRESENTATION_CONTEXT(2) 
PARAMETRIC_REPRESENTATION_CONTEXT() REPRESENTATION_CONTEXT('2D SPACE',''
  ) );
#12867 = ADVANCED_FACE('',(#12868),#11614,.T.);
#12868 = FACE_BOUND('',#12869,.T.);
#12869 = EDGE_LOOP('',(#12870,#12871,#12872));
#12870 = ORIENTED_EDGE('',*,*,#12793,.F.);
#12871 = ORIENTED_EDGE('',*,*,#12822,.F.);
#12872 = ORIENTED_EDGE('',*,*,#11598,.F.);
#12873 = ADVANCED_FACE('',(#12874),#12857,.T.);
#12874 = FACE_BOUND('',#12875,.T.);
#12875 = EDGE_LOOP('',(#12876,#12877,#12899));
#12876 = ORIENTED_EDGE('',*,*,#12843,.F.);
#12877 = ORIENTED_EDGE('',*,*,#12878,.T.);
#12878 = EDGE_CURVE('',#9074,#12879,#12881,.T.);
#12879 = VERTEX_POINT('',#12880);
#12880 = CARTESIAN_POINT('',(-167.4466705322,58.5,1.));
#12881 = SURFACE_CURVE('',#12882,(#12886,#12893),.PCURVE_S1.);
#12882 = LINE('',#12883,#12884);
#12883 = CARTESIAN_POINT('',(-167.6886596679,59.043998718262,1.));
#12884 = VECTOR('',#12885,1.);
#12885 = DIRECTION('',(0.406435677424,-0.913679396789,0.));
#12886 = PCURVE('',#12857,#12887);
#12887 = DEFINITIONAL_REPRESENTATION('',(#12888),#12892);
#12888 = LINE('',#12889,#12890);
#12889 = CARTESIAN_POINT('',(0.170533930016,0.872837210481));
#12890 = VECTOR('',#12891,1.);
#12891 = DIRECTION('',(-1.,0.));
#12892 = ( GEOMETRIC_REPRESENTATION_CONTEXT(2) 
PARAMETRIC_REPRESENTATION_CONTEXT() REPRESENTATION_CONTEXT('2D SPACE',''
  ) );
#12893 = PCURVE('',#9094,#12894);
#12894 = DEFINITIONAL_REPRESENTATION('',(#12895),#12898);
#12895 = B_SPLINE_CURVE_WITH_KNOTS('',1,(#12896,#12897),.UNSPECIFIED.,
  .F.,.F.,(2,2),(0.,0.59539343907),.PIECEWISE_BEZIER_KNOTS.);
#12896 = CARTESIAN_POINT('',(1.150803440268,-0.746556900295));
#12897 = CARTESIAN_POINT('',(1.39279257601,-1.290555618556));
#12898 = ( GEOMETRIC_REPRESENTATION_CONTEXT(2) 
PARAMETRIC_REPRESENTATION_CONTEXT() REPRESENTATION_CONTEXT('2D SPACE',''
  ) );
#12899 = ORIENTED_EDGE('',*,*,#12900,.T.);
#12900 = EDGE_CURVE('',#12879,#11599,#12901,.T.);
#12901 = SURFACE_CURVE('',#12902,(#12906,#12913),.PCURVE_S1.);
#12902 = LINE('',#12903,#12904);
#12903 = CARTESIAN_POINT('',(-167.4466705322,58.5,1.));
#12904 = VECTOR('',#12905,1.);
#12905 = DIRECTION('',(-0.115965032168,0.260692814449,-0.958431723081));
#12906 = PCURVE('',#12857,#12907);
#12907 = DEFINITIONAL_REPRESENTATION('',(#12908),#12912);
#12908 = LINE('',#12909,#12910);
#12909 = CARTESIAN_POINT('',(-0.424859509054,0.872837210481));
#12910 = VECTOR('',#12911,1.);
#12911 = DIRECTION('',(0.28532197986,-0.958431723081));
#12912 = ( GEOMETRIC_REPRESENTATION_CONTEXT(2) 
PARAMETRIC_REPRESENTATION_CONTEXT() REPRESENTATION_CONTEXT('2D SPACE',''
  ) );
#12913 = PCURVE('',#11696,#12914);
#12914 = DEFINITIONAL_REPRESENTATION('',(#12915),#12918);
#12915 = B_SPLINE_CURVE_WITH_KNOTS('',1,(#12916,#12917),.UNSPECIFIED.,
  .F.,.F.,(2,2),(0.,2.086742280994),.PIECEWISE_BEZIER_KNOTS.);
#12916 = CARTESIAN_POINT('',(-0.170533930016,1.127162789519));
#12917 = CARTESIAN_POINT('',(0.424859509054,-0.872837210481));
#12918 = ( GEOMETRIC_REPRESENTATION_CONTEXT(2) 
PARAMETRIC_REPRESENTATION_CONTEXT() REPRESENTATION_CONTEXT('2D SPACE',''
  ) );
#12919 = ADVANCED_FACE('',(#12920),#11696,.T.);
#12920 = FACE_BOUND('',#12921,.T.);
#12921 = EDGE_LOOP('',(#12922,#12923,#12943));
#12922 = ORIENTED_EDGE('',*,*,#12900,.F.);
#12923 = ORIENTED_EDGE('',*,*,#12924,.T.);
#12924 = EDGE_CURVE('',#12879,#11655,#12925,.T.);
#12925 = SURFACE_CURVE('',#12926,(#12930,#12937),.PCURVE_S1.);
#12926 = LINE('',#12927,#12928);
#12927 = CARTESIAN_POINT('',(-167.4466705322,58.5,1.));
#12928 = VECTOR('',#12929,1.);
#12929 = DIRECTION('',(0.,0.,-1.));
#12930 = PCURVE('',#11696,#12931);
#12931 = DEFINITIONAL_REPRESENTATION('',(#12932),#12936);
#12932 = LINE('',#12933,#12934);
#12933 = CARTESIAN_POINT('',(-0.170533930016,1.127162789519));
#12934 = VECTOR('',#12935,1.);
#12935 = DIRECTION('',(0.,-1.));
#12936 = ( GEOMETRIC_REPRESENTATION_CONTEXT(2) 
PARAMETRIC_REPRESENTATION_CONTEXT() REPRESENTATION_CONTEXT('2D SPACE',''
  ) );
#12937 = PCURVE('',#11752,#12938);
#12938 = DEFINITIONAL_REPRESENTATION('',(#12939),#12942);
#12939 = B_SPLINE_CURVE_WITH_KNOTS('',1,(#12940,#12941),.UNSPECIFIED.,
  .F.,.F.,(2,2),(0.,2.),.PIECEWISE_BEZIER_KNOTS.);
#12940 = CARTESIAN_POINT('',(0.177764677467,1.131140411545));
#12941 = CARTESIAN_POINT('',(0.177764677467,-0.868859588455));
#12942 = ( GEOMETRIC_REPRESENTATION_CONTEXT(2) 
PARAMETRIC_REPRESENTATION_CONTEXT() REPRESENTATION_CONTEXT('2D SPACE',''
  ) );
#12943 = ORIENTED_EDGE('',*,*,#11682,.F.);
#12944 = ADVANCED_FACE('',(#12945),#11752,.T.);
#12945 = FACE_BOUND('',#12946,.T.);
#12946 = EDGE_LOOP('',(#12947,#12948,#12973));
#12947 = ORIENTED_EDGE('',*,*,#12924,.F.);
#12948 = ORIENTED_EDGE('',*,*,#12949,.F.);
#12949 = EDGE_CURVE('',#11711,#12879,#12950,.T.);
#12950 = SURFACE_CURVE('',#12951,(#12955,#12961),.PCURVE_S1.);
#12951 = LINE('',#12952,#12953);
#12952 = CARTESIAN_POINT('',(-167.2539978027,57.91300201416,-1.));
#12953 = VECTOR('',#12954,1.);
#12954 = DIRECTION('',(-9.204484157569E-02,0.280424410628,0.955452718382
    ));
#12955 = PCURVE('',#11752,#12956);
#12956 = DEFINITIONAL_REPRESENTATION('',(#12957),#12960);
#12957 = B_SPLINE_CURVE_WITH_KNOTS('',1,(#12958,#12959),.UNSPECIFIED.,
  .F.,.F.,(2,2),(0.,2.093248531845),.PIECEWISE_BEZIER_KNOTS.);
#12958 = CARTESIAN_POINT('',(-0.440045500557,-0.868859588455));
#12959 = CARTESIAN_POINT('',(0.177764677467,1.131140411545));
#12960 = ( GEOMETRIC_REPRESENTATION_CONTEXT(2) 
PARAMETRIC_REPRESENTATION_CONTEXT() REPRESENTATION_CONTEXT('2D SPACE',''
  ) );
#12961 = PCURVE('',#12962,#12967);
#12962 = PLANE('',#12963);
#12963 = AXIS2_PLACEMENT_3D('',#12964,#12965,#12966);
#12964 = CARTESIAN_POINT('',(-167.3094361992,58.081900992096,
    0.131140411545));
#12965 = DIRECTION('',(0.950126765016,0.311863961368,2.729085039304E-17)
  );
#12966 = DIRECTION('',(-0.311863961368,0.950126765016,0.));
#12967 = DEFINITIONAL_REPRESENTATION('',(#12968),#12972);
#12968 = LINE('',#12969,#12970);
#12969 = CARTESIAN_POINT('',(-0.177764677467,-1.131140411545));
#12970 = VECTOR('',#12971,1.);
#12971 = DIRECTION('',(0.295144207019,0.955452718382));
#12972 = ( GEOMETRIC_REPRESENTATION_CONTEXT(2) 
PARAMETRIC_REPRESENTATION_CONTEXT() REPRESENTATION_CONTEXT('2D SPACE',''
  ) );
#12973 = ORIENTED_EDGE('',*,*,#11738,.F.);
#12974 = ADVANCED_FACE('',(#12975),#12962,.T.);
#12975 = FACE_BOUND('',#12976,.T.);
#12976 = EDGE_LOOP('',(#12977,#12978,#13005));
#12977 = ORIENTED_EDGE('',*,*,#12949,.T.);
#12978 = ORIENTED_EDGE('',*,*,#12979,.T.);
#12979 = EDGE_CURVE('',#12879,#12980,#12982,.T.);
#12980 = VERTEX_POINT('',#12981);
#12981 = CARTESIAN_POINT('',(-167.2539978027,57.91300201416,1.));
#12982 = SURFACE_CURVE('',#12983,(#12987,#12994),.PCURVE_S1.);
#12983 = LINE('',#12984,#12985);
#12984 = CARTESIAN_POINT('',(-167.4466705322,58.5,1.));
#12985 = VECTOR('',#12986,1.);
#12986 = DIRECTION('',(0.311863961368,-0.950126765016,0.));
#12987 = PCURVE('',#12962,#12988);
#12988 = DEFINITIONAL_REPRESENTATION('',(#12989),#12993);
#12989 = LINE('',#12990,#12991);
#12990 = CARTESIAN_POINT('',(0.440045500557,0.868859588455));
#12991 = VECTOR('',#12992,1.);
#12992 = DIRECTION('',(-1.,-3.055690478907E-33));
#12993 = ( GEOMETRIC_REPRESENTATION_CONTEXT(2) 
PARAMETRIC_REPRESENTATION_CONTEXT() REPRESENTATION_CONTEXT('2D SPACE',''
  ) );
#12994 = PCURVE('',#12995,#13000);
#12995 = PLANE('',#12996);
#12996 = AXIS2_PLACEMENT_3D('',#12997,#12998,#12999);
#12997 = CARTESIAN_POINT('',(-168.7341164851,59.496121546411,1.));
#12998 = DIRECTION('',(0.,0.,1.));
#12999 = DIRECTION('',(1.,0.,-0.));
#13000 = DEFINITIONAL_REPRESENTATION('',(#13001),#13004);
#13001 = B_SPLINE_CURVE_WITH_KNOTS('',1,(#13002,#13003),.UNSPECIFIED.,
  .F.,.F.,(2,2),(0.,0.617810178024),.PIECEWISE_BEZIER_KNOTS.);
#13002 = CARTESIAN_POINT('',(1.287445952897,-0.996121546411));
#13003 = CARTESIAN_POINT('',(1.480118682389,-1.583119532251));
#13004 = ( GEOMETRIC_REPRESENTATION_CONTEXT(2) 
PARAMETRIC_REPRESENTATION_CONTEXT() REPRESENTATION_CONTEXT('2D SPACE',''
  ) );
#13005 = ORIENTED_EDGE('',*,*,#13006,.T.);
#13006 = EDGE_CURVE('',#12980,#11711,#13007,.T.);
#13007 = SURFACE_CURVE('',#13008,(#13012,#13019),.PCURVE_S1.);
#13008 = LINE('',#13009,#13010);
#13009 = CARTESIAN_POINT('',(-167.2539978027,57.91300201416,1.));
#13010 = VECTOR('',#13011,1.);
#13011 = DIRECTION('',(0.,0.,-1.));
#13012 = PCURVE('',#12962,#13013);
#13013 = DEFINITIONAL_REPRESENTATION('',(#13014),#13018);
#13014 = LINE('',#13015,#13016);
#13015 = CARTESIAN_POINT('',(-0.177764677467,0.868859588455));
#13016 = VECTOR('',#13017,1.);
#13017 = DIRECTION('',(0.,-1.));
#13018 = ( GEOMETRIC_REPRESENTATION_CONTEXT(2) 
PARAMETRIC_REPRESENTATION_CONTEXT() REPRESENTATION_CONTEXT('2D SPACE',''
  ) );
#13019 = PCURVE('',#11808,#13020);
#13020 = DEFINITIONAL_REPRESENTATION('',(#13021),#13024);
#13021 = B_SPLINE_CURVE_WITH_KNOTS('',1,(#13022,#13023),.UNSPECIFIED.,
  .F.,.F.,(2,2),(0.,2.),.PIECEWISE_BEZIER_KNOTS.);
#13022 = CARTESIAN_POINT('',(0.183276904839,1.134116127401));
#13023 = CARTESIAN_POINT('',(0.183276904839,-0.865883872599));
#13024 = ( GEOMETRIC_REPRESENTATION_CONTEXT(2) 
PARAMETRIC_REPRESENTATION_CONTEXT() REPRESENTATION_CONTEXT('2D SPACE',''
  ) );
#13025 = ADVANCED_FACE('',(#13026),#11808,.T.);
#13026 = FACE_BOUND('',#13027,.T.);
#13027 = EDGE_LOOP('',(#13028,#13029,#13054));
#13028 = ORIENTED_EDGE('',*,*,#13006,.F.);
#13029 = ORIENTED_EDGE('',*,*,#13030,.F.);
#13030 = EDGE_CURVE('',#11767,#12980,#13031,.T.);
#13031 = SURFACE_CURVE('',#13032,(#13036,#13042),.PCURVE_S1.);
#13032 = LINE('',#13033,#13034);
#13033 = CARTESIAN_POINT('',(-167.1133270263,57.293998718262,-1.));
#13034 = VECTOR('',#13035,1.);
#13035 = DIRECTION('',(-6.703966607992E-02,0.294999255219,0.953142760866
    ));
#13036 = PCURVE('',#11808,#13037);
#13037 = DEFINITIONAL_REPRESENTATION('',(#13038),#13041);
#13038 = B_SPLINE_CURVE_WITH_KNOTS('',1,(#13039,#13040),.UNSPECIFIED.,
  .F.,.F.,(2,2),(0.,2.098321554876),.PIECEWISE_BEZIER_KNOTS.);
#13039 = CARTESIAN_POINT('',(-0.45150915964,-0.865883872599));
#13040 = CARTESIAN_POINT('',(0.183276904839,1.134116127401));
#13041 = ( GEOMETRIC_REPRESENTATION_CONTEXT(2) 
PARAMETRIC_REPRESENTATION_CONTEXT() REPRESENTATION_CONTEXT('2D SPACE',''
  ) );
#13042 = PCURVE('',#13043,#13048);
#13043 = PLANE('',#13044);
#13044 = AXIS2_PLACEMENT_3D('',#13045,#13046,#13047);
#13045 = CARTESIAN_POINT('',(-167.1539418191,57.47271878555,
    0.134116127401));
#13046 = DIRECTION('',(0.975136869784,0.221603441283,0.));
#13047 = DIRECTION('',(-0.221603441283,0.975136869784,0.));
#13048 = DEFINITIONAL_REPRESENTATION('',(#13049),#13053);
#13049 = LINE('',#13050,#13051);
#13050 = CARTESIAN_POINT('',(-0.183276904839,-1.134116127401));
#13051 = VECTOR('',#13052,1.);
#13052 = DIRECTION('',(0.302520871029,0.953142760866));
#13053 = ( GEOMETRIC_REPRESENTATION_CONTEXT(2) 
PARAMETRIC_REPRESENTATION_CONTEXT() REPRESENTATION_CONTEXT('2D SPACE',''
  ) );
#13054 = ORIENTED_EDGE('',*,*,#11794,.F.);
#13055 = ADVANCED_FACE('',(#13056),#13043,.T.);
#13056 = FACE_BOUND('',#13057,.T.);
#13057 = EDGE_LOOP('',(#13058,#13059,#13079));
#13058 = ORIENTED_EDGE('',*,*,#13030,.T.);
#13059 = ORIENTED_EDGE('',*,*,#13060,.T.);
#13060 = EDGE_CURVE('',#12980,#9018,#13061,.T.);
#13061 = SURFACE_CURVE('',#13062,(#13066,#13073),.PCURVE_S1.);
#13062 = LINE('',#13063,#13064);
#13063 = CARTESIAN_POINT('',(-167.2539978027,57.91300201416,1.));
#13064 = VECTOR('',#13065,1.);
#13065 = DIRECTION('',(0.221603441283,-0.975136869784,0.));
#13066 = PCURVE('',#13043,#13067);
#13067 = DEFINITIONAL_REPRESENTATION('',(#13068),#13072);
#13068 = LINE('',#13069,#13070);
#13069 = CARTESIAN_POINT('',(0.45150915964,0.865883872599));
#13070 = VECTOR('',#13071,1.);
#13071 = DIRECTION('',(-1.,0.));
#13072 = ( GEOMETRIC_REPRESENTATION_CONTEXT(2) 
PARAMETRIC_REPRESENTATION_CONTEXT() REPRESENTATION_CONTEXT('2D SPACE',''
  ) );
#13073 = PCURVE('',#9033,#13074);
#13074 = DEFINITIONAL_REPRESENTATION('',(#13075),#13078);
#13075 = B_SPLINE_CURVE_WITH_KNOTS('',1,(#13076,#13077),.UNSPECIFIED.,
  .F.,.F.,(2,2),(0.,0.634786064479),.PIECEWISE_BEZIER_KNOTS.);
#13076 = CARTESIAN_POINT('',(1.40161544144,-1.271325274893));
#13077 = CARTESIAN_POINT('',(1.542286217807,-1.890328570791));
#13078 = ( GEOMETRIC_REPRESENTATION_CONTEXT(2) 
PARAMETRIC_REPRESENTATION_CONTEXT() REPRESENTATION_CONTEXT('2D SPACE',''
  ) );
#13079 = ORIENTED_EDGE('',*,*,#13080,.T.);
#13080 = EDGE_CURVE('',#9018,#11767,#13081,.T.);
#13081 = SURFACE_CURVE('',#13082,(#13086,#13093),.PCURVE_S1.);
#13082 = LINE('',#13083,#13084);
#13083 = CARTESIAN_POINT('',(-167.1133270263,57.293998718262,1.));
#13084 = VECTOR('',#13085,1.);
#13085 = DIRECTION('',(0.,0.,-1.));
#13086 = PCURVE('',#13043,#13087);
#13087 = DEFINITIONAL_REPRESENTATION('',(#13088),#13092);
#13088 = LINE('',#13089,#13090);
#13089 = CARTESIAN_POINT('',(-0.183276904839,0.865883872599));
#13090 = VECTOR('',#13091,1.);
#13091 = DIRECTION('',(0.,-1.));
#13092 = ( GEOMETRIC_REPRESENTATION_CONTEXT(2) 
PARAMETRIC_REPRESENTATION_CONTEXT() REPRESENTATION_CONTEXT('2D SPACE',''
  ) );
#13093 = PCURVE('',#11864,#13094);
#13094 = DEFINITIONAL_REPRESENTATION('',(#13095),#13098);
#13095 = B_SPLINE_CURVE_WITH_KNOTS('',1,(#13096,#13097),.UNSPECIFIED.,
  .F.,.F.,(2,2),(0.,2.),.PIECEWISE_BEZIER_KNOTS.);
#13096 = CARTESIAN_POINT('',(0.187119930608,1.136162496729));
#13097 = CARTESIAN_POINT('',(0.187119930608,-0.863837503271));
#13098 = ( GEOMETRIC_REPRESENTATION_CONTEXT(2) 
PARAMETRIC_REPRESENTATION_CONTEXT() REPRESENTATION_CONTEXT('2D SPACE',''
  ) );
#13099 = ADVANCED_FACE('',(#13100),#11864,.T.);
#13100 = FACE_BOUND('',#13101,.T.);
#13101 = EDGE_LOOP('',(#13102,#13103,#13123));
#13102 = ORIENTED_EDGE('',*,*,#13080,.F.);
#13103 = ORIENTED_EDGE('',*,*,#13104,.F.);
#13104 = EDGE_CURVE('',#11823,#9018,#13105,.T.);
#13105 = SURFACE_CURVE('',#13106,(#13110,#13116),.PCURVE_S1.);
#13106 = LINE('',#13107,#13108);
#13107 = CARTESIAN_POINT('',(-167.0286712646,56.65299987793,-1.));
#13108 = VECTOR('',#13109,1.);
#13109 = DIRECTION('',(-4.027554256233E-02,0.304959468228,0.95151332277)
  );
#13110 = PCURVE('',#11864,#13111);
#13111 = DEFINITIONAL_REPRESENTATION('',(#13112),#13115);
#13112 = B_SPLINE_CURVE_WITH_KNOTS('',1,(#13113,#13114),.UNSPECIFIED.,
  .F.,.F.,(2,2),(0.,2.101914867757),.PIECEWISE_BEZIER_KNOTS.);
#13113 = CARTESIAN_POINT('',(-0.459444924066,-0.863837503271));
#13114 = CARTESIAN_POINT('',(0.187119930608,1.136162496729));
#13115 = ( GEOMETRIC_REPRESENTATION_CONTEXT(2) 
PARAMETRIC_REPRESENTATION_CONTEXT() REPRESENTATION_CONTEXT('2D SPACE',''
  ) );
#13116 = PCURVE('',#9058,#13117);
#13117 = DEFINITIONAL_REPRESENTATION('',(#13118),#13122);
#13118 = LINE('',#13119,#13120);
#13119 = CARTESIAN_POINT('',(-0.187119930608,-1.136162496729));
#13120 = VECTOR('',#13121,1.);
#13121 = DIRECTION('',(0.307607536629,0.95151332277));
#13122 = ( GEOMETRIC_REPRESENTATION_CONTEXT(2) 
PARAMETRIC_REPRESENTATION_CONTEXT() REPRESENTATION_CONTEXT('2D SPACE',''
  ) );
#13123 = ORIENTED_EDGE('',*,*,#11850,.F.);
#13124 = ADVANCED_FACE('',(#13125),#9058,.T.);
#13125 = FACE_BOUND('',#13126,.T.);
#13126 = EDGE_LOOP('',(#13127,#13128,#13129));
#13127 = ORIENTED_EDGE('',*,*,#13104,.T.);
#13128 = ORIENTED_EDGE('',*,*,#9045,.T.);
#13129 = ORIENTED_EDGE('',*,*,#13130,.T.);
#13130 = EDGE_CURVE('',#8962,#11823,#13131,.T.);
#13131 = SURFACE_CURVE('',#13132,(#13136,#13143),.PCURVE_S1.);
#13132 = LINE('',#13133,#13134);
#13133 = CARTESIAN_POINT('',(-167.0286712646,56.65299987793,1.));
#13134 = VECTOR('',#13135,1.);
#13135 = DIRECTION('',(0.,0.,-1.));
#13136 = PCURVE('',#9058,#13137);
#13137 = DEFINITIONAL_REPRESENTATION('',(#13138),#13142);
#13138 = LINE('',#13139,#13140);
#13139 = CARTESIAN_POINT('',(-0.187119930608,0.863837503271));
#13140 = VECTOR('',#13141,1.);
#13141 = DIRECTION('',(0.,-1.));
#13142 = ( GEOMETRIC_REPRESENTATION_CONTEXT(2) 
PARAMETRIC_REPRESENTATION_CONTEXT() REPRESENTATION_CONTEXT('2D SPACE',''
  ) );
#13143 = PCURVE('',#11920,#13144);
#13144 = DEFINITIONAL_REPRESENTATION('',(#13145),#13148);
#13145 = B_SPLINE_CURVE_WITH_KNOTS('',1,(#13146,#13147),.UNSPECIFIED.,
  .F.,.F.,(2,2),(0.,2.),.PIECEWISE_BEZIER_KNOTS.);
#13146 = CARTESIAN_POINT('',(0.189431900192,1.137382604532));
#13147 = CARTESIAN_POINT('',(0.189431900192,-0.862617395468));
#13148 = ( GEOMETRIC_REPRESENTATION_CONTEXT(2) 
PARAMETRIC_REPRESENTATION_CONTEXT() REPRESENTATION_CONTEXT('2D SPACE',''
  ) );
#13149 = ADVANCED_FACE('',(#13150),#9033,.T.);
#13150 = FACE_BOUND('',#13151,.T.);
#13151 = EDGE_LOOP('',(#13152,#13172,#13173));
#13152 = ORIENTED_EDGE('',*,*,#13153,.T.);
#13153 = EDGE_CURVE('',#12980,#8819,#13154,.T.);
#13154 = SURFACE_CURVE('',#13155,(#13159,#13166),.PCURVE_S1.);
#13155 = LINE('',#13156,#13157);
#13156 = CARTESIAN_POINT('',(-167.2539978027,57.91300201416,1.));
#13157 = VECTOR('',#13158,1.);
#13158 = DIRECTION('',(-0.706226980943,0.70798548812,0.));
#13159 = PCURVE('',#9033,#13160);
#13160 = DEFINITIONAL_REPRESENTATION('',(#13161),#13165);
#13161 = LINE('',#13162,#13163);
#13162 = CARTESIAN_POINT('',(1.40161544144,-1.271325274893));
#13163 = VECTOR('',#13164,1.);
#13164 = DIRECTION('',(-0.706226980943,0.70798548812));
#13165 = ( GEOMETRIC_REPRESENTATION_CONTEXT(2) 
PARAMETRIC_REPRESENTATION_CONTEXT() REPRESENTATION_CONTEXT('2D SPACE',''
  ) );
#13166 = PCURVE('',#12995,#13167);
#13167 = DEFINITIONAL_REPRESENTATION('',(#13168),#13171);
#13168 = B_SPLINE_CURVE_WITH_KNOTS('',1,(#13169,#13170),.UNSPECIFIED.,
  .F.,.F.,(2,2),(0.,4.360256018859),.PIECEWISE_BEZIER_KNOTS.);
#13169 = CARTESIAN_POINT('',(1.480118682389,-1.583119532251));
#13170 = CARTESIAN_POINT('',(-1.599211761947,1.503878453589));
#13171 = ( GEOMETRIC_REPRESENTATION_CONTEXT(2) 
PARAMETRIC_REPRESENTATION_CONTEXT() REPRESENTATION_CONTEXT('2D SPACE',''
  ) );
#13172 = ORIENTED_EDGE('',*,*,#9017,.F.);
#13173 = ORIENTED_EDGE('',*,*,#13060,.F.);
#13174 = ADVANCED_FACE('',(#13175),#12995,.T.);
#13175 = FACE_BOUND('',#13176,.T.);
#13176 = EDGE_LOOP('',(#13177,#13197,#13198));
#13177 = ORIENTED_EDGE('',*,*,#13178,.T.);
#13178 = EDGE_CURVE('',#12879,#8819,#13179,.T.);
#13179 = SURFACE_CURVE('',#13180,(#13184,#13191),.PCURVE_S1.);
#13180 = LINE('',#13181,#13182);
#13181 = CARTESIAN_POINT('',(-167.4466705322,58.5,1.));
#13182 = VECTOR('',#13183,1.);
#13183 = DIRECTION('',(-0.75591843785,0.654665804299,0.));
#13184 = PCURVE('',#12995,#13185);
#13185 = DEFINITIONAL_REPRESENTATION('',(#13186),#13190);
#13186 = LINE('',#13187,#13188);
#13187 = CARTESIAN_POINT('',(1.287445952897,-0.996121546411));
#13188 = VECTOR('',#13189,1.);
#13189 = DIRECTION('',(-0.75591843785,0.654665804299));
#13190 = ( GEOMETRIC_REPRESENTATION_CONTEXT(2) 
PARAMETRIC_REPRESENTATION_CONTEXT() REPRESENTATION_CONTEXT('2D SPACE',''
  ) );
#13191 = PCURVE('',#9094,#13192);
#13192 = DEFINITIONAL_REPRESENTATION('',(#13193),#13196);
#13193 = B_SPLINE_CURVE_WITH_KNOTS('',1,(#13194,#13195),.UNSPECIFIED.,
  .F.,.F.,(2,2),(0.,3.81874230116),.PIECEWISE_BEZIER_KNOTS.);
#13194 = CARTESIAN_POINT('',(1.39279257601,-1.290555618556));
#13195 = CARTESIAN_POINT('',(-1.493865138833,1.209444381444));
#13196 = ( GEOMETRIC_REPRESENTATION_CONTEXT(2) 
PARAMETRIC_REPRESENTATION_CONTEXT() REPRESENTATION_CONTEXT('2D SPACE',''
  ) );
#13197 = ORIENTED_EDGE('',*,*,#13153,.F.);
#13198 = ORIENTED_EDGE('',*,*,#12979,.F.);
#13199 = ADVANCED_FACE('',(#13200),#9094,.T.);
#13200 = FACE_BOUND('',#13201,.T.);
#13201 = EDGE_LOOP('',(#13202,#13203,#13204));
#13202 = ORIENTED_EDGE('',*,*,#13178,.F.);
#13203 = ORIENTED_EDGE('',*,*,#12878,.F.);
#13204 = ORIENTED_EDGE('',*,*,#9073,.F.);
#13205 = ADVANCED_FACE('',(#13206),#8866,.T.);
#13206 = FACE_BOUND('',#13207,.T.);
#13207 = EDGE_LOOP('',(#13208,#13235,#13236));
#13208 = ORIENTED_EDGE('',*,*,#13209,.T.);
#13209 = EDGE_CURVE('',#13210,#8851,#13212,.T.);
#13210 = VERTEX_POINT('',#13211);
#13211 = CARTESIAN_POINT('',(-167.2539978027,54.08699798584,1.));
#13212 = SURFACE_CURVE('',#13213,(#13217,#13224),.PCURVE_S1.);
#13213 = LINE('',#13214,#13215);
#13214 = CARTESIAN_POINT('',(-167.2539978027,54.08699798584,1.));
#13215 = VECTOR('',#13216,1.);
#13216 = DIRECTION('',(0.221603441283,0.975136869784,0.));
#13217 = PCURVE('',#8866,#13218);
#13218 = DEFINITIONAL_REPRESENTATION('',(#13219),#13223);
#13219 = LINE('',#13220,#13221);
#13220 = CARTESIAN_POINT('',(1.440187661767,-3.46897181937));
#13221 = VECTOR('',#13222,1.);
#13222 = DIRECTION('',(0.221603441283,0.975136869784));
#13223 = ( GEOMETRIC_REPRESENTATION_CONTEXT(2) 
PARAMETRIC_REPRESENTATION_CONTEXT() REPRESENTATION_CONTEXT('2D SPACE',''
  ) );
#13224 = PCURVE('',#13225,#13230);
#13225 = PLANE('',#13226);
#13226 = AXIS2_PLACEMENT_3D('',#13227,#13228,#13229);
#13227 = CARTESIAN_POINT('',(-167.2133830099,54.265718053128,
    0.134116127401));
#13228 = DIRECTION('',(0.975136869784,-0.221603441283,0.));
#13229 = DIRECTION('',(0.221603441283,0.975136869784,0.));
#13230 = DEFINITIONAL_REPRESENTATION('',(#13231),#13234);
#13231 = B_SPLINE_CURVE_WITH_KNOTS('',1,(#13232,#13233),.UNSPECIFIED.,
  .F.,.F.,(2,2),(0.,0.634786064479),.PIECEWISE_BEZIER_KNOTS.);
#13232 = CARTESIAN_POINT('',(-0.183276904839,0.865883872599));
#13233 = CARTESIAN_POINT('',(0.45150915964,0.865883872599));
#13234 = ( GEOMETRIC_REPRESENTATION_CONTEXT(2) 
PARAMETRIC_REPRESENTATION_CONTEXT() REPRESENTATION_CONTEXT('2D SPACE',''
  ) );
#13235 = ORIENTED_EDGE('',*,*,#8850,.F.);
#13236 = ORIENTED_EDGE('',*,*,#13237,.F.);
#13237 = EDGE_CURVE('',#13210,#8819,#13238,.T.);
#13238 = SURFACE_CURVE('',#13239,(#13243,#13249),.PCURVE_S1.);
#13239 = LINE('',#13240,#13241);
#13240 = CARTESIAN_POINT('',(-167.2539978027,54.08699798584,1.));
#13241 = VECTOR('',#13242,1.);
#13242 = DIRECTION('',(-0.406898044964,0.913473579806,0.));
#13243 = PCURVE('',#8866,#13244);
#13244 = DEFINITIONAL_REPRESENTATION('',(#13245),#13248);
#13245 = B_SPLINE_CURVE_WITH_KNOTS('',1,(#13246,#13247),.UNSPECIFIED.,
  .F.,.F.,(2,2),(0.,7.567818234683),.PIECEWISE_BEZIER_KNOTS.);
#13246 = CARTESIAN_POINT('',(1.440187661767,-3.46897181937));
#13247 = CARTESIAN_POINT('',(-1.639142782569,3.44403019479));
#13248 = ( GEOMETRIC_REPRESENTATION_CONTEXT(2) 
PARAMETRIC_REPRESENTATION_CONTEXT() REPRESENTATION_CONTEXT('2D SPACE',''
  ) );
#13249 = PCURVE('',#13250,#13255);
#13250 = PLANE('',#13251);
#13251 = AXIS2_PLACEMENT_3D('',#13252,#13253,#13254);
#13252 = CARTESIAN_POINT('',(-168.7864190661,57.255282066591,1.));
#13253 = DIRECTION('',(0.,0.,1.));
#13254 = DIRECTION('',(1.,0.,-0.));
#13255 = DEFINITIONAL_REPRESENTATION('',(#13256),#13260);
#13256 = LINE('',#13257,#13258);
#13257 = CARTESIAN_POINT('',(1.532421263445,-3.168284080751));
#13258 = VECTOR('',#13259,1.);
#13259 = DIRECTION('',(-0.406898044964,0.913473579806));
#13260 = ( GEOMETRIC_REPRESENTATION_CONTEXT(2) 
PARAMETRIC_REPRESENTATION_CONTEXT() REPRESENTATION_CONTEXT('2D SPACE',''
  ) );
#13261 = ADVANCED_FACE('',(#13262),#13276,.T.);
#13262 = FACE_BOUND('',#13263,.T.);
#13263 = EDGE_LOOP('',(#13264,#13298,#13323));
#13264 = ORIENTED_EDGE('',*,*,#13265,.T.);
#13265 = EDGE_CURVE('',#13266,#13268,#13270,.T.);
#13266 = VERTEX_POINT('',#13267);
#13267 = CARTESIAN_POINT('',(-169.4706726074,51.169998168945,1.));
#13268 = VERTEX_POINT('',#13269);
#13269 = CARTESIAN_POINT('',(-169.0579986572,51.380996704102,1.));
#13270 = SURFACE_CURVE('',#13271,(#13275,#13287),.PCURVE_S1.);
#13271 = LINE('',#13272,#13273);
#13272 = CARTESIAN_POINT('',(-169.4706726074,51.169998168945,1.));
#13273 = VECTOR('',#13274,1.);
#13274 = DIRECTION('',(0.89036796554,0.455241568774,0.));
#13275 = PCURVE('',#13276,#13281);
#13276 = PLANE('',#13277);
#13277 = AXIS2_PLACEMENT_3D('',#13278,#13279,#13280);
#13278 = CARTESIAN_POINT('',(-169.7873142613,56.024829568476,1.));
#13279 = DIRECTION('',(0.,0.,1.));
#13280 = DIRECTION('',(1.,0.,-0.));
#13281 = DEFINITIONAL_REPRESENTATION('',(#13282),#13286);
#13282 = LINE('',#13283,#13284);
#13283 = CARTESIAN_POINT('',(0.316641653879,-4.854831399531));
#13284 = VECTOR('',#13285,1.);
#13285 = DIRECTION('',(0.89036796554,0.455241568774));
#13286 = ( GEOMETRIC_REPRESENTATION_CONTEXT(2) 
PARAMETRIC_REPRESENTATION_CONTEXT() REPRESENTATION_CONTEXT('2D SPACE',''
  ) );
#13287 = PCURVE('',#13288,#13293);
#13288 = PLANE('',#13289);
#13289 = AXIS2_PLACEMENT_3D('',#13290,#13291,#13292);
#13290 = CARTESIAN_POINT('',(-169.1729651259,51.322214809888,
    0.102621062242));
#13291 = DIRECTION('',(0.455241568774,-0.89036796554,-0.));
#13292 = DIRECTION('',(-0.89036796554,-0.455241568774,0.));
#13293 = DEFINITIONAL_REPRESENTATION('',(#13294),#13297);
#13294 = B_SPLINE_CURVE_WITH_KNOTS('',1,(#13295,#13296),.UNSPECIFIED.,
  .F.,.F.,(2,2),(0.,0.46348696962),.PIECEWISE_BEZIER_KNOTS.);
#13295 = CARTESIAN_POINT('',(0.334364547052,-0.897378937758));
#13296 = CARTESIAN_POINT('',(-0.129122422568,-0.897378937758));
#13297 = ( GEOMETRIC_REPRESENTATION_CONTEXT(2) 
PARAMETRIC_REPRESENTATION_CONTEXT() REPRESENTATION_CONTEXT('2D SPACE',''
  ) );
#13298 = ORIENTED_EDGE('',*,*,#13299,.T.);
#13299 = EDGE_CURVE('',#13268,#8819,#13300,.T.);
#13300 = SURFACE_CURVE('',#13301,(#13305,#13312),.PCURVE_S1.);
#13301 = LINE('',#13302,#13303);
#13302 = CARTESIAN_POINT('',(-169.0579986572,51.380996704102,1.));
#13303 = VECTOR('',#13304,1.);
#13304 = DIRECTION('',(-0.131434197045,0.991324897219,0.));
#13305 = PCURVE('',#13276,#13306);
#13306 = DEFINITIONAL_REPRESENTATION('',(#13307),#13311);
#13307 = LINE('',#13308,#13309);
#13308 = CARTESIAN_POINT('',(0.729315604074,-4.643832864375));
#13309 = VECTOR('',#13310,1.);
#13310 = DIRECTION('',(-0.131434197045,0.991324897219));
#13311 = ( GEOMETRIC_REPRESENTATION_CONTEXT(2) 
PARAMETRIC_REPRESENTATION_CONTEXT() REPRESENTATION_CONTEXT('2D SPACE',''
  ) );
#13312 = PCURVE('',#13313,#13318);
#13313 = PLANE('',#13314);
#13314 = AXIS2_PLACEMENT_3D('',#13315,#13316,#13317);
#13315 = CARTESIAN_POINT('',(-169.5807607153,56.144743540518,1.));
#13316 = DIRECTION('',(0.,0.,1.));
#13317 = DIRECTION('',(1.,0.,-0.));
#13318 = DEFINITIONAL_REPRESENTATION('',(#13319),#13322);
#13319 = B_SPLINE_CURVE_WITH_KNOTS('',1,(#13320,#13321),.UNSPECIFIED.,
  .F.,.F.,(2,2),(0.,9.703179374269),.PIECEWISE_BEZIER_KNOTS.);
#13320 = CARTESIAN_POINT('',(0.522762058087,-4.763746836417));
#13321 = CARTESIAN_POINT('',(-0.752567531757,4.855256459482));
#13322 = ( GEOMETRIC_REPRESENTATION_CONTEXT(2) 
PARAMETRIC_REPRESENTATION_CONTEXT() REPRESENTATION_CONTEXT('2D SPACE',''
  ) );
#13323 = ORIENTED_EDGE('',*,*,#13324,.T.);
#13324 = EDGE_CURVE('',#8819,#13266,#13325,.T.);
#13325 = SURFACE_CURVE('',#13326,(#13330,#13337),.PCURVE_S1.);
#13326 = LINE('',#13327,#13328);
#13327 = CARTESIAN_POINT('',(-170.333328247,61.,1.));
#13328 = VECTOR('',#13329,1.);
#13329 = DIRECTION('',(8.742143753305E-02,-0.996171417106,0.));
#13330 = PCURVE('',#13276,#13331);
#13331 = DEFINITIONAL_REPRESENTATION('',(#13332),#13336);
#13332 = LINE('',#13333,#13334);
#13333 = CARTESIAN_POINT('',(-0.54601398577,4.975170431524));
#13334 = VECTOR('',#13335,1.);
#13335 = DIRECTION('',(8.742143753305E-02,-0.996171417106));
#13336 = ( GEOMETRIC_REPRESENTATION_CONTEXT(2) 
PARAMETRIC_REPRESENTATION_CONTEXT() REPRESENTATION_CONTEXT('2D SPACE',''
  ) );
#13337 = PCURVE('',#13338,#13343);
#13338 = PLANE('',#13339);
#13339 = AXIS2_PLACEMENT_3D('',#13340,#13341,#13342);
#13340 = CARTESIAN_POINT('',(-170.0022180508,55.94435579576,1.));
#13341 = DIRECTION('',(0.,0.,1.));
#13342 = DIRECTION('',(1.,0.,-0.));
#13343 = DEFINITIONAL_REPRESENTATION('',(#13344),#13347);
#13344 = B_SPLINE_CURVE_WITH_KNOTS('',1,(#13345,#13346),.UNSPECIFIED.,
  .F.,.F.,(2,2),(0.,9.867781450314),.PIECEWISE_BEZIER_KNOTS.);
#13345 = CARTESIAN_POINT('',(-0.331110196257,5.05564420424));
#13346 = CARTESIAN_POINT('',(0.531545443392,-4.774357626815));
#13347 = ( GEOMETRIC_REPRESENTATION_CONTEXT(2) 
PARAMETRIC_REPRESENTATION_CONTEXT() REPRESENTATION_CONTEXT('2D SPACE',''
  ) );
#13348 = ADVANCED_FACE('',(#13349),#13338,.T.);
#13349 = FACE_BOUND('',#13350,.T.);
#13350 = EDGE_LOOP('',(#13351,#13378,#13403));
#13351 = ORIENTED_EDGE('',*,*,#13352,.T.);
#13352 = EDGE_CURVE('',#8819,#13353,#13355,.T.);
#13353 = VERTEX_POINT('',#13354);
#13354 = CARTESIAN_POINT('',(-169.8979949951,51.042999267578,1.));
#13355 = SURFACE_CURVE('',#13356,(#13360,#13367),.PCURVE_S1.);
#13356 = LINE('',#13357,#13358);
#13357 = CARTESIAN_POINT('',(-170.333328247,61.,1.));
#13358 = VECTOR('',#13359,1.);
#13359 = DIRECTION('',(4.367959566067E-02,-0.999045591013,0.));
#13360 = PCURVE('',#13338,#13361);
#13361 = DEFINITIONAL_REPRESENTATION('',(#13362),#13366);
#13362 = LINE('',#13363,#13364);
#13363 = CARTESIAN_POINT('',(-0.331110196257,5.05564420424));
#13364 = VECTOR('',#13365,1.);
#13365 = DIRECTION('',(4.367959566067E-02,-0.999045591013));
#13366 = ( GEOMETRIC_REPRESENTATION_CONTEXT(2) 
PARAMETRIC_REPRESENTATION_CONTEXT() REPRESENTATION_CONTEXT('2D SPACE',''
  ) );
#13367 = PCURVE('',#13368,#13373);
#13368 = PLANE('',#13369);
#13369 = AXIS2_PLACEMENT_3D('',#13370,#13371,#13372);
#13370 = CARTESIAN_POINT('',(-170.2223402155,55.903764927845,1.));
#13371 = DIRECTION('',(0.,0.,1.));
#13372 = DIRECTION('',(1.,0.,-0.));
#13373 = DEFINITIONAL_REPRESENTATION('',(#13374),#13377);
#13374 = B_SPLINE_CURVE_WITH_KNOTS('',1,(#13375,#13376),.UNSPECIFIED.,
  .F.,.F.,(2,2),(0.,9.966512861864),.PIECEWISE_BEZIER_KNOTS.);
#13375 = CARTESIAN_POINT('',(-0.110988031496,5.096235072155));
#13376 = CARTESIAN_POINT('',(0.324345220457,-4.860765660267));
#13377 = ( GEOMETRIC_REPRESENTATION_CONTEXT(2) 
PARAMETRIC_REPRESENTATION_CONTEXT() REPRESENTATION_CONTEXT('2D SPACE',''
  ) );
#13378 = ORIENTED_EDGE('',*,*,#13379,.T.);
#13379 = EDGE_CURVE('',#13353,#13266,#13380,.T.);
#13380 = SURFACE_CURVE('',#13381,(#13385,#13392),.PCURVE_S1.);
#13381 = LINE('',#13382,#13383);
#13382 = CARTESIAN_POINT('',(-169.8979949951,51.042999267578,1.));
#13383 = VECTOR('',#13384,1.);
#13384 = DIRECTION('',(0.958562632162,0.284881870647,0.));
#13385 = PCURVE('',#13338,#13386);
#13386 = DEFINITIONAL_REPRESENTATION('',(#13387),#13391);
#13387 = LINE('',#13388,#13389);
#13388 = CARTESIAN_POINT('',(0.104223055696,-4.901356528182));
#13389 = VECTOR('',#13390,1.);
#13390 = DIRECTION('',(0.958562632162,0.284881870647));
#13391 = ( GEOMETRIC_REPRESENTATION_CONTEXT(2) 
PARAMETRIC_REPRESENTATION_CONTEXT() REPRESENTATION_CONTEXT('2D SPACE',''
  ) );
#13392 = PCURVE('',#13393,#13398);
#13393 = PLANE('',#13394);
#13394 = AXIS2_PLACEMENT_3D('',#13395,#13396,#13397);
#13395 = CARTESIAN_POINT('',(-169.5892650191,51.134752868365,
    9.917847716582E-02));
#13396 = DIRECTION('',(0.284881870647,-0.958562632162,
    -9.324890334839E-18));
#13397 = DIRECTION('',(-0.958562632162,-0.284881870647,
    3.851859888774E-34));
#13398 = DEFINITIONAL_REPRESENTATION('',(#13399),#13402);
#13399 = B_SPLINE_CURVE_WITH_KNOTS('',1,(#13400,#13401),.UNSPECIFIED.,
  .F.,.F.,(2,2),(0.,0.445794957322),.PIECEWISE_BEZIER_KNOTS.);
#13400 = CARTESIAN_POINT('',(0.322075955827,-0.900821522834));
#13401 = CARTESIAN_POINT('',(-0.123719001495,-0.900821522834));
#13402 = ( GEOMETRIC_REPRESENTATION_CONTEXT(2) 
PARAMETRIC_REPRESENTATION_CONTEXT() REPRESENTATION_CONTEXT('2D SPACE',''
  ) );
#13403 = ORIENTED_EDGE('',*,*,#13324,.F.);
#13404 = ADVANCED_FACE('',(#13405),#13313,.T.);
#13405 = FACE_BOUND('',#13406,.T.);
#13406 = EDGE_LOOP('',(#13407,#13434,#13459));
#13407 = ORIENTED_EDGE('',*,*,#13408,.T.);
#13408 = EDGE_CURVE('',#13268,#13409,#13411,.T.);
#13409 = VERTEX_POINT('',#13410);
#13410 = CARTESIAN_POINT('',(-168.6666717529,51.669998168945,1.));
#13411 = SURFACE_CURVE('',#13412,(#13416,#13423),.PCURVE_S1.);
#13412 = LINE('',#13413,#13414);
#13413 = CARTESIAN_POINT('',(-169.0579986572,51.380996704102,1.));
#13414 = VECTOR('',#13415,1.);
#13415 = DIRECTION('',(0.804412051531,0.594071756063,0.));
#13416 = PCURVE('',#13313,#13417);
#13417 = DEFINITIONAL_REPRESENTATION('',(#13418),#13422);
#13418 = LINE('',#13419,#13420);
#13419 = CARTESIAN_POINT('',(0.522762058087,-4.763746836417));
#13420 = VECTOR('',#13421,1.);
#13421 = DIRECTION('',(0.804412051531,0.594071756063));
#13422 = ( GEOMETRIC_REPRESENTATION_CONTEXT(2) 
PARAMETRIC_REPRESENTATION_CONTEXT() REPRESENTATION_CONTEXT('2D SPACE',''
  ) );
#13423 = PCURVE('',#13424,#13429);
#13424 = PLANE('',#13425);
#13425 = AXIS2_PLACEMENT_3D('',#13426,#13427,#13428);
#13426 = CARTESIAN_POINT('',(-168.7762307012,51.589087052954,
    0.107040295691));
#13427 = DIRECTION('',(0.594071756063,-0.804412051531,1.852668803652E-17
    ));
#13428 = DIRECTION('',(-0.804412051531,-0.594071756063,1.54074395551E-33
    ));
#13429 = DEFINITIONAL_REPRESENTATION('',(#13430),#13433);
#13430 = B_SPLINE_CURVE_WITH_KNOTS('',1,(#13431,#13432),.UNSPECIFIED.,
  .F.,.F.,(2,2),(0.,0.486475685629),.PIECEWISE_BEZIER_KNOTS.);
#13431 = CARTESIAN_POINT('',(0.350278138505,-0.892959704309));
#13432 = CARTESIAN_POINT('',(-0.136197547124,-0.892959704309));
#13433 = ( GEOMETRIC_REPRESENTATION_CONTEXT(2) 
PARAMETRIC_REPRESENTATION_CONTEXT() REPRESENTATION_CONTEXT('2D SPACE',''
  ) );
#13434 = ORIENTED_EDGE('',*,*,#13435,.T.);
#13435 = EDGE_CURVE('',#13409,#8819,#13436,.T.);
#13436 = SURFACE_CURVE('',#13437,(#13441,#13448),.PCURVE_S1.);
#13437 = LINE('',#13438,#13439);
#13438 = CARTESIAN_POINT('',(-168.6666717529,51.669998168945,1.));
#13439 = VECTOR('',#13440,1.);
#13440 = DIRECTION('',(-0.175850427895,0.984416896954,0.));
#13441 = PCURVE('',#13313,#13442);
#13442 = DEFINITIONAL_REPRESENTATION('',(#13443),#13447);
#13443 = LINE('',#13444,#13445);
#13444 = CARTESIAN_POINT('',(0.914088962384,-4.474745371573));
#13445 = VECTOR('',#13446,1.);
#13446 = DIRECTION('',(-0.175850427895,0.984416896954));
#13447 = ( GEOMETRIC_REPRESENTATION_CONTEXT(2) 
PARAMETRIC_REPRESENTATION_CONTEXT() REPRESENTATION_CONTEXT('2D SPACE',''
  ) );
#13448 = PCURVE('',#13449,#13454);
#13449 = PLANE('',#13450);
#13450 = AXIS2_PLACEMENT_3D('',#13451,#13452,#13453);
#13451 = CARTESIAN_POINT('',(-169.3859602141,56.302059188637,1.));
#13452 = DIRECTION('',(0.,0.,1.));
#13453 = DIRECTION('',(1.,0.,-0.));
#13454 = DEFINITIONAL_REPRESENTATION('',(#13455),#13458);
#13455 = B_SPLINE_CURVE_WITH_KNOTS('',1,(#13456,#13457),.UNSPECIFIED.,
  .F.,.F.,(2,2),(0.,9.477693708753),.PIECEWISE_BEZIER_KNOTS.);
#13456 = CARTESIAN_POINT('',(0.719288461236,-4.632061019692));
#13457 = CARTESIAN_POINT('',(-0.947368032905,4.697940811363));
#13458 = ( GEOMETRIC_REPRESENTATION_CONTEXT(2) 
PARAMETRIC_REPRESENTATION_CONTEXT() REPRESENTATION_CONTEXT('2D SPACE',''
  ) );
#13459 = ORIENTED_EDGE('',*,*,#13299,.F.);
#13460 = ADVANCED_FACE('',(#13461),#13449,.T.);
#13461 = FACE_BOUND('',#13462,.T.);
#13462 = EDGE_LOOP('',(#13463,#13490,#13515));
#13463 = ORIENTED_EDGE('',*,*,#13464,.T.);
#13464 = EDGE_CURVE('',#13409,#13465,#13467,.T.);
#13465 = VERTEX_POINT('',#13466);
#13466 = CARTESIAN_POINT('',(-168.3040008544,52.032997131348,1.));
#13467 = SURFACE_CURVE('',#13468,(#13472,#13479),.PCURVE_S1.);
#13468 = LINE('',#13469,#13470);
#13469 = CARTESIAN_POINT('',(-168.6666717529,51.669998168945,1.));
#13470 = VECTOR('',#13471,1.);
#13471 = DIRECTION('',(0.706787037072,0.707426380782,0.));
#13472 = PCURVE('',#13449,#13473);
#13473 = DEFINITIONAL_REPRESENTATION('',(#13474),#13478);
#13474 = LINE('',#13475,#13476);
#13475 = CARTESIAN_POINT('',(0.719288461236,-4.632061019692));
#13476 = VECTOR('',#13477,1.);
#13477 = DIRECTION('',(0.706787037072,0.707426380782));
#13478 = ( GEOMETRIC_REPRESENTATION_CONTEXT(2) 
PARAMETRIC_REPRESENTATION_CONTEXT() REPRESENTATION_CONTEXT('2D SPACE',''
  ) );
#13479 = PCURVE('',#13480,#13485);
#13480 = PLANE('',#13481);
#13481 = AXIS2_PLACEMENT_3D('',#13482,#13483,#13484);
#13482 = CARTESIAN_POINT('',(-168.406114224,51.930791392301,
    0.112087623969));
#13483 = DIRECTION('',(0.707426380782,-0.706787037072,0.));
#13484 = DIRECTION('',(0.706787037072,0.707426380782,0.));
#13485 = DEFINITIONAL_REPRESENTATION('',(#13486),#13489);
#13486 = B_SPLINE_CURVE_WITH_KNOTS('',1,(#13487,#13488),.UNSPECIFIED.,
  .F.,.F.,(2,2),(0.,0.513126131939),.PIECEWISE_BEZIER_KNOTS.);
#13487 = CARTESIAN_POINT('',(-0.368650689939,0.887912376031));
#13488 = CARTESIAN_POINT('',(0.144475442,0.887912376031));
#13489 = ( GEOMETRIC_REPRESENTATION_CONTEXT(2) 
PARAMETRIC_REPRESENTATION_CONTEXT() REPRESENTATION_CONTEXT('2D SPACE',''
  ) );
#13490 = ORIENTED_EDGE('',*,*,#13491,.T.);
#13491 = EDGE_CURVE('',#13465,#8819,#13492,.T.);
#13492 = SURFACE_CURVE('',#13493,(#13497,#13504),.PCURVE_S1.);
#13493 = LINE('',#13494,#13495);
#13494 = CARTESIAN_POINT('',(-168.3040008544,52.032997131348,1.));
#13495 = VECTOR('',#13496,1.);
#13496 = DIRECTION('',(-0.220728662278,0.975335253976,0.));
#13497 = PCURVE('',#13449,#13498);
#13498 = DEFINITIONAL_REPRESENTATION('',(#13499),#13503);
#13499 = LINE('',#13500,#13501);
#13500 = CARTESIAN_POINT('',(1.081959359674,-4.26906205729));
#13501 = VECTOR('',#13502,1.);
#13502 = DIRECTION('',(-0.220728662278,0.975335253976));
#13503 = ( GEOMETRIC_REPRESENTATION_CONTEXT(2) 
PARAMETRIC_REPRESENTATION_CONTEXT() REPRESENTATION_CONTEXT('2D SPACE',''
  ) );
#13504 = PCURVE('',#13505,#13510);
#13505 = PLANE('',#13506);
#13506 = AXIS2_PLACEMENT_3D('',#13507,#13508,#13509);
#13507 = CARTESIAN_POINT('',(-169.2062062368,56.494807943338,1.));
#13508 = DIRECTION('',(0.,0.,1.));
#13509 = DIRECTION('',(1.,0.,-0.));
#13510 = DEFINITIONAL_REPRESENTATION('',(#13511),#13514);
#13511 = B_SPLINE_CURVE_WITH_KNOTS('',1,(#13512,#13513),.UNSPECIFIED.,
  .F.,.F.,(2,2),(0.,9.193764740991),.PIECEWISE_BEZIER_KNOTS.);
#13512 = CARTESIAN_POINT('',(0.902205382331,-4.461810811991));
#13513 = CARTESIAN_POINT('',(-1.127122010247,4.505192056662));
#13514 = ( GEOMETRIC_REPRESENTATION_CONTEXT(2) 
PARAMETRIC_REPRESENTATION_CONTEXT() REPRESENTATION_CONTEXT('2D SPACE',''
  ) );
#13515 = ORIENTED_EDGE('',*,*,#13435,.F.);
#13516 = ADVANCED_FACE('',(#13517),#13505,.T.);
#13517 = FACE_BOUND('',#13518,.T.);
#13518 = EDGE_LOOP('',(#13519,#13546,#13571));
#13519 = ORIENTED_EDGE('',*,*,#13520,.T.);
#13520 = EDGE_CURVE('',#13465,#13521,#13523,.T.);
#13521 = VERTEX_POINT('',#13522);
#13522 = CARTESIAN_POINT('',(-167.9759979248,52.463996887207,1.));
#13523 = SURFACE_CURVE('',#13524,(#13528,#13535),.PCURVE_S1.);
#13524 = LINE('',#13525,#13526);
#13525 = CARTESIAN_POINT('',(-168.3040008544,52.032997131348,1.));
#13526 = VECTOR('',#13527,1.);
#13527 = DIRECTION('',(0.605601735181,0.795767892256,0.));
#13528 = PCURVE('',#13505,#13529);
#13529 = DEFINITIONAL_REPRESENTATION('',(#13530),#13534);
#13530 = LINE('',#13531,#13532);
#13531 = CARTESIAN_POINT('',(0.902205382331,-4.461810811991));
#13532 = VECTOR('',#13533,1.);
#13533 = DIRECTION('',(0.605601735181,0.795767892256));
#13534 = ( GEOMETRIC_REPRESENTATION_CONTEXT(2) 
PARAMETRIC_REPRESENTATION_CONTEXT() REPRESENTATION_CONTEXT('2D SPACE',''
  ) );
#13535 = PCURVE('',#13536,#13541);
#13536 = PLANE('',#13537);
#13537 = AXIS2_PLACEMENT_3D('',#13538,#13539,#13540);
#13538 = CARTESIAN_POINT('',(-168.068905433,52.34191531493,
    0.117393911669));
#13539 = DIRECTION('',(0.795767892256,-0.605601735181,
    -1.837545066236E-17));
#13540 = DIRECTION('',(0.605601735181,0.795767892256,0.));
#13541 = DEFINITIONAL_REPRESENTATION('',(#13542),#13545);
#13542 = B_SPLINE_CURVE_WITH_KNOTS('',1,(#13543,#13544),.UNSPECIFIED.,
  .F.,.F.,(2,2),(0.,0.541614910646),.PIECEWISE_BEZIER_KNOTS.);
#13543 = CARTESIAN_POINT('',(-0.388201366992,0.882606088331));
#13544 = CARTESIAN_POINT('',(0.153413543654,0.882606088331));
#13545 = ( GEOMETRIC_REPRESENTATION_CONTEXT(2) 
PARAMETRIC_REPRESENTATION_CONTEXT() REPRESENTATION_CONTEXT('2D SPACE',''
  ) );
#13546 = ORIENTED_EDGE('',*,*,#13547,.T.);
#13547 = EDGE_CURVE('',#13521,#8819,#13548,.T.);
#13548 = SURFACE_CURVE('',#13549,(#13553,#13560),.PCURVE_S1.);
#13549 = LINE('',#13550,#13551);
#13550 = CARTESIAN_POINT('',(-167.9759979248,52.463996887207,1.));
#13551 = VECTOR('',#13552,1.);
#13552 = DIRECTION('',(-0.266198766965,0.963918158594,0.));
#13553 = PCURVE('',#13505,#13554);
#13554 = DEFINITIONAL_REPRESENTATION('',(#13555),#13559);
#13555 = LINE('',#13556,#13557);
#13556 = CARTESIAN_POINT('',(1.230208312019,-4.030811056131));
#13557 = VECTOR('',#13558,1.);
#13558 = DIRECTION('',(-0.266198766965,0.963918158594));
#13559 = ( GEOMETRIC_REPRESENTATION_CONTEXT(2) 
PARAMETRIC_REPRESENTATION_CONTEXT() REPRESENTATION_CONTEXT('2D SPACE',''
  ) );
#13560 = PCURVE('',#13561,#13566);
#13561 = PLANE('',#13562);
#13562 = AXIS2_PLACEMENT_3D('',#13563,#13564,#13565);
#13563 = CARTESIAN_POINT('',(-169.0445661932,56.720343242687,1.));
#13564 = DIRECTION('',(0.,0.,1.));
#13565 = DIRECTION('',(1.,0.,-0.));
#13566 = DEFINITIONAL_REPRESENTATION('',(#13567),#13570);
#13567 = B_SPLINE_CURVE_WITH_KNOTS('',1,(#13568,#13569),.UNSPECIFIED.,
  .F.,.F.,(2,2),(0.,8.855526827348),.PIECEWISE_BEZIER_KNOTS.);
#13568 = CARTESIAN_POINT('',(1.068568268427,-4.25634635548));
#13569 = CARTESIAN_POINT('',(-1.288762053838,4.279656757313));
#13570 = ( GEOMETRIC_REPRESENTATION_CONTEXT(2) 
PARAMETRIC_REPRESENTATION_CONTEXT() REPRESENTATION_CONTEXT('2D SPACE',''
  ) );
#13571 = ORIENTED_EDGE('',*,*,#13491,.F.);
#13572 = ADVANCED_FACE('',(#13573),#13561,.T.);
#13573 = FACE_BOUND('',#13574,.T.);
#13574 = EDGE_LOOP('',(#13575,#13602,#13627));
#13575 = ORIENTED_EDGE('',*,*,#13576,.T.);
#13576 = EDGE_CURVE('',#13521,#13577,#13579,.T.);
#13577 = VERTEX_POINT('',#13578);
#13578 = CARTESIAN_POINT('',(-167.6886596679,52.956001281738,1.));
#13579 = SURFACE_CURVE('',#13580,(#13584,#13591),.PCURVE_S1.);
#13580 = LINE('',#13581,#13582);
#13581 = CARTESIAN_POINT('',(-167.9759979248,52.463996887207,1.));
#13582 = VECTOR('',#13583,1.);
#13583 = DIRECTION('',(0.504310555065,0.863522358744,0.));
#13584 = PCURVE('',#13561,#13585);
#13585 = DEFINITIONAL_REPRESENTATION('',(#13586),#13590);
#13586 = LINE('',#13587,#13588);
#13587 = CARTESIAN_POINT('',(1.068568268427,-4.25634635548));
#13588 = VECTOR('',#13589,1.);
#13589 = DIRECTION('',(0.504310555065,0.863522358744));
#13590 = ( GEOMETRIC_REPRESENTATION_CONTEXT(2) 
PARAMETRIC_REPRESENTATION_CONTEXT() REPRESENTATION_CONTEXT('2D SPACE',''
  ) );
#13591 = PCURVE('',#13592,#13597);
#13592 = PLANE('',#13593);
#13593 = AXIS2_PLACEMENT_3D('',#13594,#13595,#13596);
#13594 = CARTESIAN_POINT('',(-167.8941307501,52.604176653527,
    0.122547412784));
#13595 = DIRECTION('',(0.863522358744,-0.504310555065,1.830480330989E-17
    ));
#13596 = DIRECTION('',(0.504310555065,0.863522358744,0.));
#13597 = DEFINITIONAL_REPRESENTATION('',(#13598),#13601);
#13598 = B_SPLINE_CURVE_WITH_KNOTS('',1,(#13599,#13600),.UNSPECIFIED.,
  .F.,.F.,(2,2),(0.,0.569764511074),.PIECEWISE_BEZIER_KNOTS.);
#13599 = CARTESIAN_POINT('',(-0.162334842753,0.877452587216));
#13600 = CARTESIAN_POINT('',(0.407429668322,0.877452587216));
#13601 = ( GEOMETRIC_REPRESENTATION_CONTEXT(2) 
PARAMETRIC_REPRESENTATION_CONTEXT() REPRESENTATION_CONTEXT('2D SPACE',''
  ) );
#13602 = ORIENTED_EDGE('',*,*,#13603,.T.);
#13603 = EDGE_CURVE('',#13577,#8819,#13604,.T.);
#13604 = SURFACE_CURVE('',#13605,(#13609,#13616),.PCURVE_S1.);
#13605 = LINE('',#13606,#13607);
#13606 = CARTESIAN_POINT('',(-167.6886596679,52.956001281738,1.));
#13607 = VECTOR('',#13608,1.);
#13608 = DIRECTION('',(-0.312328136842,0.949974281197,0.));
#13609 = PCURVE('',#13561,#13610);
#13610 = DEFINITIONAL_REPRESENTATION('',(#13611),#13615);
#13611 = LINE('',#13612,#13613);
#13612 = CARTESIAN_POINT('',(1.355906525263,-3.764341960948));
#13613 = VECTOR('',#13614,1.);
#13614 = DIRECTION('',(-0.312328136842,0.949974281197));
#13615 = ( GEOMETRIC_REPRESENTATION_CONTEXT(2) 
PARAMETRIC_REPRESENTATION_CONTEXT() REPRESENTATION_CONTEXT('2D SPACE',''
  ) );
#13616 = PCURVE('',#13617,#13622);
#13617 = PLANE('',#13618);
#13618 = AXIS2_PLACEMENT_3D('',#13619,#13620,#13621);
#13619 = CARTESIAN_POINT('',(-168.9038726801,56.975261029575,1.));
#13620 = DIRECTION('',(0.,0.,1.));
#13621 = DIRECTION('',(1.,0.,-0.));
#13622 = DEFINITIONAL_REPRESENTATION('',(#13623),#13626);
#13623 = B_SPLINE_CURVE_WITH_KNOTS('',1,(#13624,#13625),.UNSPECIFIED.,
  .F.,.F.,(2,2),(0.,8.46759631021),.PIECEWISE_BEZIER_KNOTS.);
#13624 = CARTESIAN_POINT('',(1.215213012149,-4.019259747837));
#13625 = CARTESIAN_POINT('',(-1.429455566953,4.024738970425));
#13626 = ( GEOMETRIC_REPRESENTATION_CONTEXT(2) 
PARAMETRIC_REPRESENTATION_CONTEXT() REPRESENTATION_CONTEXT('2D SPACE',''
  ) );
#13627 = ORIENTED_EDGE('',*,*,#13547,.F.);
#13628 = ADVANCED_FACE('',(#13629),#13617,.T.);
#13629 = FACE_BOUND('',#13630,.T.);
#13630 = EDGE_LOOP('',(#13631,#13658,#13678));
#13631 = ORIENTED_EDGE('',*,*,#13632,.T.);
#13632 = EDGE_CURVE('',#13577,#13633,#13635,.T.);
#13633 = VERTEX_POINT('',#13634);
#13634 = CARTESIAN_POINT('',(-167.4466705322,53.5,1.));
#13635 = SURFACE_CURVE('',#13636,(#13640,#13647),.PCURVE_S1.);
#13636 = LINE('',#13637,#13638);
#13637 = CARTESIAN_POINT('',(-167.6886596679,52.956001281738,1.));
#13638 = VECTOR('',#13639,1.);
#13639 = DIRECTION('',(0.406435677424,0.913679396789,0.));
#13640 = PCURVE('',#13617,#13641);
#13641 = DEFINITIONAL_REPRESENTATION('',(#13642),#13646);
#13642 = LINE('',#13643,#13644);
#13643 = CARTESIAN_POINT('',(1.215213012149,-4.019259747837));
#13644 = VECTOR('',#13645,1.);
#13645 = DIRECTION('',(0.406435677424,0.913679396789));
#13646 = ( GEOMETRIC_REPRESENTATION_CONTEXT(2) 
PARAMETRIC_REPRESENTATION_CONTEXT() REPRESENTATION_CONTEXT('2D SPACE',''
  ) );
#13647 = PCURVE('',#13648,#13653);
#13648 = PLANE('',#13649);
#13649 = AXIS2_PLACEMENT_3D('',#13650,#13651,#13652);
#13650 = CARTESIAN_POINT('',(-167.6193485945,53.111814620047,
    0.127162789519));
#13651 = DIRECTION('',(0.913679396789,-0.406435677424,3.648832210377E-17
    ));
#13652 = DIRECTION('',(0.406435677424,0.913679396789,0.));
#13653 = DEFINITIONAL_REPRESENTATION('',(#13654),#13657);
#13654 = B_SPLINE_CURVE_WITH_KNOTS('',1,(#13655,#13656),.UNSPECIFIED.,
  .F.,.F.,(2,2),(0.,0.59539343907),.PIECEWISE_BEZIER_KNOTS.);
#13655 = CARTESIAN_POINT('',(-0.170533930016,0.872837210481));
#13656 = CARTESIAN_POINT('',(0.424859509054,0.872837210481));
#13657 = ( GEOMETRIC_REPRESENTATION_CONTEXT(2) 
PARAMETRIC_REPRESENTATION_CONTEXT() REPRESENTATION_CONTEXT('2D SPACE',''
  ) );
#13658 = ORIENTED_EDGE('',*,*,#13659,.T.);
#13659 = EDGE_CURVE('',#13633,#8819,#13660,.T.);
#13660 = SURFACE_CURVE('',#13661,(#13665,#13672),.PCURVE_S1.);
#13661 = LINE('',#13662,#13663);
#13662 = CARTESIAN_POINT('',(-167.4466705322,53.5,1.));
#13663 = VECTOR('',#13664,1.);
#13664 = DIRECTION('',(-0.359200456421,0.933260431019,0.));
#13665 = PCURVE('',#13617,#13666);
#13666 = DEFINITIONAL_REPRESENTATION('',(#13667),#13671);
#13667 = LINE('',#13668,#13669);
#13668 = CARTESIAN_POINT('',(1.457202147891,-3.475261029575));
#13669 = VECTOR('',#13670,1.);
#13670 = DIRECTION('',(-0.359200456421,0.933260431019));
#13671 = ( GEOMETRIC_REPRESENTATION_CONTEXT(2) 
PARAMETRIC_REPRESENTATION_CONTEXT() REPRESENTATION_CONTEXT('2D SPACE',''
  ) );
#13672 = PCURVE('',#13250,#13673);
#13673 = DEFINITIONAL_REPRESENTATION('',(#13674),#13677);
#13674 = B_SPLINE_CURVE_WITH_KNOTS('',1,(#13675,#13676),.UNSPECIFIED.,
  .F.,.F.,(2,2),(0.,8.03634200135),.PIECEWISE_BEZIER_KNOTS.);
#13675 = CARTESIAN_POINT('',(1.339748533953,-3.755282066591));
#13676 = CARTESIAN_POINT('',(-1.546909180891,3.744717933409));
#13677 = ( GEOMETRIC_REPRESENTATION_CONTEXT(2) 
PARAMETRIC_REPRESENTATION_CONTEXT() REPRESENTATION_CONTEXT('2D SPACE',''
  ) );
#13678 = ORIENTED_EDGE('',*,*,#13603,.F.);
#13679 = ADVANCED_FACE('',(#13680),#13250,.T.);
#13680 = FACE_BOUND('',#13681,.T.);
#13681 = EDGE_LOOP('',(#13682,#13707,#13708));
#13682 = ORIENTED_EDGE('',*,*,#13683,.T.);
#13683 = EDGE_CURVE('',#13633,#13210,#13684,.T.);
#13684 = SURFACE_CURVE('',#13685,(#13689,#13696),.PCURVE_S1.);
#13685 = LINE('',#13686,#13687);
#13686 = CARTESIAN_POINT('',(-167.4466705322,53.5,1.));
#13687 = VECTOR('',#13688,1.);
#13688 = DIRECTION('',(0.311863961368,0.950126765016,0.));
#13689 = PCURVE('',#13250,#13690);
#13690 = DEFINITIONAL_REPRESENTATION('',(#13691),#13695);
#13691 = LINE('',#13692,#13693);
#13692 = CARTESIAN_POINT('',(1.339748533953,-3.755282066591));
#13693 = VECTOR('',#13694,1.);
#13694 = DIRECTION('',(0.311863961368,0.950126765016));
#13695 = ( GEOMETRIC_REPRESENTATION_CONTEXT(2) 
PARAMETRIC_REPRESENTATION_CONTEXT() REPRESENTATION_CONTEXT('2D SPACE',''
  ) );
#13696 = PCURVE('',#13697,#13702);
#13697 = PLANE('',#13698);
#13698 = AXIS2_PLACEMENT_3D('',#13699,#13700,#13701);
#13699 = CARTESIAN_POINT('',(-167.3912321357,53.668898977936,
    0.131140411545));
#13700 = DIRECTION('',(0.950126765016,-0.311863961368,
    -1.819390026202E-17));
#13701 = DIRECTION('',(0.311863961368,0.950126765016,7.703719777549E-34)
  );
#13702 = DEFINITIONAL_REPRESENTATION('',(#13703),#13706);
#13703 = B_SPLINE_CURVE_WITH_KNOTS('',1,(#13704,#13705),.UNSPECIFIED.,
  .F.,.F.,(2,2),(0.,0.617810178024),.PIECEWISE_BEZIER_KNOTS.);
#13704 = CARTESIAN_POINT('',(-0.177764677467,0.868859588455));
#13705 = CARTESIAN_POINT('',(0.440045500557,0.868859588455));
#13706 = ( GEOMETRIC_REPRESENTATION_CONTEXT(2) 
PARAMETRIC_REPRESENTATION_CONTEXT() REPRESENTATION_CONTEXT('2D SPACE',''
  ) );
#13707 = ORIENTED_EDGE('',*,*,#13237,.T.);
#13708 = ORIENTED_EDGE('',*,*,#13659,.F.);
#13709 = ADVANCED_FACE('',(#13710),#13368,.T.);
#13710 = FACE_BOUND('',#13711,.T.);
#13711 = EDGE_LOOP('',(#13712,#13732,#13757));
#13712 = ORIENTED_EDGE('',*,*,#13713,.T.);
#13713 = EDGE_CURVE('',#8819,#9548,#13714,.T.);
#13714 = SURFACE_CURVE('',#13715,(#13719,#13726),.PCURVE_S1.);
#13715 = LINE('',#13716,#13717);
#13716 = CARTESIAN_POINT('',(-170.333328247,61.,1.));
#13717 = VECTOR('',#13718,1.);
#13718 = DIRECTION('',(0.,-1.,0.));
#13719 = PCURVE('',#13368,#13720);
#13720 = DEFINITIONAL_REPRESENTATION('',(#13721),#13725);
#13721 = LINE('',#13722,#13723);
#13722 = CARTESIAN_POINT('',(-0.110988031496,5.096235072155));
#13723 = VECTOR('',#13724,1.);
#13724 = DIRECTION('',(0.,-1.));
#13725 = ( GEOMETRIC_REPRESENTATION_CONTEXT(2) 
PARAMETRIC_REPRESENTATION_CONTEXT() REPRESENTATION_CONTEXT('2D SPACE',''
  ) );
#13726 = PCURVE('',#12663,#13727);
#13727 = DEFINITIONAL_REPRESENTATION('',(#13728),#13731);
#13728 = B_SPLINE_CURVE_WITH_KNOTS('',1,(#13729,#13730),.UNSPECIFIED.,
  .F.,.F.,(2,2),(0.,10.),.PIECEWISE_BEZIER_KNOTS.);
#13729 = CARTESIAN_POINT('',(5.000004577637,3.333332824707));
#13730 = CARTESIAN_POINT('',(5.000004577637,-6.666667175293));
#13731 = ( GEOMETRIC_REPRESENTATION_CONTEXT(2) 
PARAMETRIC_REPRESENTATION_CONTEXT() REPRESENTATION_CONTEXT('2D SPACE',''
  ) );
#13732 = ORIENTED_EDGE('',*,*,#13733,.T.);
#13733 = EDGE_CURVE('',#9548,#13353,#13734,.T.);
#13734 = SURFACE_CURVE('',#13735,(#13739,#13746),.PCURVE_S1.);
#13735 = LINE('',#13736,#13737);
#13736 = CARTESIAN_POINT('',(-170.333328247,51.,1.));
#13737 = VECTOR('',#13738,1.);
#13738 = DIRECTION('',(0.995157331071,9.829489516156E-02,0.));
#13739 = PCURVE('',#13368,#13740);
#13740 = DEFINITIONAL_REPRESENTATION('',(#13741),#13745);
#13741 = LINE('',#13742,#13743);
#13742 = CARTESIAN_POINT('',(-0.110988031496,-4.903764927845));
#13743 = VECTOR('',#13744,1.);
#13744 = DIRECTION('',(0.995157331071,9.829489516156E-02));
#13745 = ( GEOMETRIC_REPRESENTATION_CONTEXT(2) 
PARAMETRIC_REPRESENTATION_CONTEXT() REPRESENTATION_CONTEXT('2D SPACE',''
  ) );
#13746 = PCURVE('',#13747,#13752);
#13747 = PLANE('',#13748);
#13748 = AXIS2_PLACEMENT_3D('',#13749,#13750,#13751);
#13749 = CARTESIAN_POINT('',(-170.018591589,51.031087553536,
    9.754239761328E-02));
#13750 = DIRECTION('',(9.829489516156E-02,-0.995157331071,
    -4.669072306745E-18));
#13751 = DIRECTION('',(-0.995157331071,-9.829489516156E-02,0.));
#13752 = DEFINITIONAL_REPRESENTATION('',(#13753),#13756);
#13753 = B_SPLINE_CURVE_WITH_KNOTS('',1,(#13754,#13755),.UNSPECIFIED.,
  .F.,.F.,(2,2),(0.,0.437451685639),.PIECEWISE_BEZIER_KNOTS.);
#13754 = CARTESIAN_POINT('',(0.316268240433,-0.902457602387));
#13755 = CARTESIAN_POINT('',(-0.121183445206,-0.902457602387));
#13756 = ( GEOMETRIC_REPRESENTATION_CONTEXT(2) 
PARAMETRIC_REPRESENTATION_CONTEXT() REPRESENTATION_CONTEXT('2D SPACE',''
  ) );
#13757 = ORIENTED_EDGE('',*,*,#13352,.F.);
#13758 = ADVANCED_FACE('',(#13759),#8776,.T.);
#13759 = FACE_BOUND('',#13760,.T.);
#13760 = EDGE_LOOP('',(#13761,#13781,#13782));
#13761 = ORIENTED_EDGE('',*,*,#13762,.T.);
#13762 = EDGE_CURVE('',#9831,#8089,#13763,.T.);
#13763 = SURFACE_CURVE('',#13764,(#13768,#13775),.PCURVE_S1.);
#13764 = LINE('',#13765,#13766);
#13765 = CARTESIAN_POINT('',(-186.5533294677,53.5,1.));
#13766 = VECTOR('',#13767,1.);
#13767 = DIRECTION('',(0.359200456421,0.933260431019,0.));
#13768 = PCURVE('',#8776,#13769);
#13769 = DEFINITIONAL_REPRESENTATION('',(#13770),#13774);
#13770 = LINE('',#13771,#13772);
#13771 = CARTESIAN_POINT('',(-1.339748533953,-3.755282066591));
#13772 = VECTOR('',#13773,1.);
#13773 = DIRECTION('',(0.359200456421,0.933260431019));
#13774 = ( GEOMETRIC_REPRESENTATION_CONTEXT(2) 
PARAMETRIC_REPRESENTATION_CONTEXT() REPRESENTATION_CONTEXT('2D SPACE',''
  ) );
#13775 = PCURVE('',#10090,#13776);
#13776 = DEFINITIONAL_REPRESENTATION('',(#13777),#13780);
#13777 = B_SPLINE_CURVE_WITH_KNOTS('',1,(#13778,#13779),.UNSPECIFIED.,
  .F.,.F.,(2,2),(0.,8.03634200135),.PIECEWISE_BEZIER_KNOTS.);
#13778 = CARTESIAN_POINT('',(-1.457202147891,-3.475261029575));
#13779 = CARTESIAN_POINT('',(1.429455566953,4.024738970425));
#13780 = ( GEOMETRIC_REPRESENTATION_CONTEXT(2) 
PARAMETRIC_REPRESENTATION_CONTEXT() REPRESENTATION_CONTEXT('2D SPACE',''
  ) );
#13781 = ORIENTED_EDGE('',*,*,#8760,.F.);
#13782 = ORIENTED_EDGE('',*,*,#9830,.F.);
#13783 = ADVANCED_FACE('',(#13784),#10090,.T.);
#13784 = FACE_BOUND('',#13785,.T.);
#13785 = EDGE_LOOP('',(#13786,#13806,#13807));
#13786 = ORIENTED_EDGE('',*,*,#13787,.T.);
#13787 = EDGE_CURVE('',#9916,#8089,#13788,.T.);
#13788 = SURFACE_CURVE('',#13789,(#13793,#13800),.PCURVE_S1.);
#13789 = LINE('',#13790,#13791);
#13790 = CARTESIAN_POINT('',(-186.311340332,52.956001281738,1.));
#13791 = VECTOR('',#13792,1.);
#13792 = DIRECTION('',(0.312328136842,0.949974281197,0.));
#13793 = PCURVE('',#10090,#13794);
#13794 = DEFINITIONAL_REPRESENTATION('',(#13795),#13799);
#13795 = LINE('',#13796,#13797);
#13796 = CARTESIAN_POINT('',(-1.215213012149,-4.019259747837));
#13797 = VECTOR('',#13798,1.);
#13798 = DIRECTION('',(0.312328136842,0.949974281197));
#13799 = ( GEOMETRIC_REPRESENTATION_CONTEXT(2) 
PARAMETRIC_REPRESENTATION_CONTEXT() REPRESENTATION_CONTEXT('2D SPACE',''
  ) );
#13800 = PCURVE('',#9931,#13801);
#13801 = DEFINITIONAL_REPRESENTATION('',(#13802),#13805);
#13802 = B_SPLINE_CURVE_WITH_KNOTS('',1,(#13803,#13804),.UNSPECIFIED.,
  .F.,.F.,(2,2),(0.,8.46759631021),.PIECEWISE_BEZIER_KNOTS.);
#13803 = CARTESIAN_POINT('',(-1.355906525263,-3.764341960948));
#13804 = CARTESIAN_POINT('',(1.288762053838,4.279656757313));
#13805 = ( GEOMETRIC_REPRESENTATION_CONTEXT(2) 
PARAMETRIC_REPRESENTATION_CONTEXT() REPRESENTATION_CONTEXT('2D SPACE',''
  ) );
#13806 = ORIENTED_EDGE('',*,*,#13762,.F.);
#13807 = ORIENTED_EDGE('',*,*,#10076,.F.);
#13808 = ADVANCED_FACE('',(#13809),#9931,.T.);
#13809 = FACE_BOUND('',#13810,.T.);
#13810 = EDGE_LOOP('',(#13811,#13836,#13837));
#13811 = ORIENTED_EDGE('',*,*,#13812,.T.);
#13812 = EDGE_CURVE('',#9884,#8089,#13813,.T.);
#13813 = SURFACE_CURVE('',#13814,(#13818,#13825),.PCURVE_S1.);
#13814 = LINE('',#13815,#13816);
#13815 = CARTESIAN_POINT('',(-186.0240020751,52.463996887207,1.));
#13816 = VECTOR('',#13817,1.);
#13817 = DIRECTION('',(0.266198766965,0.963918158594,0.));
#13818 = PCURVE('',#9931,#13819);
#13819 = DEFINITIONAL_REPRESENTATION('',(#13820),#13824);
#13820 = LINE('',#13821,#13822);
#13821 = CARTESIAN_POINT('',(-1.068568268427,-4.25634635548));
#13822 = VECTOR('',#13823,1.);
#13823 = DIRECTION('',(0.266198766965,0.963918158594));
#13824 = ( GEOMETRIC_REPRESENTATION_CONTEXT(2) 
PARAMETRIC_REPRESENTATION_CONTEXT() REPRESENTATION_CONTEXT('2D SPACE',''
  ) );
#13825 = PCURVE('',#13826,#13831);
#13826 = PLANE('',#13827);
#13827 = AXIS2_PLACEMENT_3D('',#13828,#13829,#13830);
#13828 = CARTESIAN_POINT('',(-184.7937937631,56.494807943338,1.));
#13829 = DIRECTION('',(0.,0.,1.));
#13830 = DIRECTION('',(1.,0.,-0.));
#13831 = DEFINITIONAL_REPRESENTATION('',(#13832),#13835);
#13832 = B_SPLINE_CURVE_WITH_KNOTS('',1,(#13833,#13834),.UNSPECIFIED.,
  .F.,.F.,(2,2),(0.,8.855526827348),.PIECEWISE_BEZIER_KNOTS.);
#13833 = CARTESIAN_POINT('',(-1.230208312019,-4.030811056131));
#13834 = CARTESIAN_POINT('',(1.127122010247,4.505192056662));
#13835 = ( GEOMETRIC_REPRESENTATION_CONTEXT(2) 
PARAMETRIC_REPRESENTATION_CONTEXT() REPRESENTATION_CONTEXT('2D SPACE',''
  ) );
#13836 = ORIENTED_EDGE('',*,*,#13787,.F.);
#13837 = ORIENTED_EDGE('',*,*,#9915,.F.);
#13838 = ADVANCED_FACE('',(#13839),#13826,.T.);
#13839 = FACE_BOUND('',#13840,.T.);
#13840 = EDGE_LOOP('',(#13841,#13868,#13869));
#13841 = ORIENTED_EDGE('',*,*,#13842,.T.);
#13842 = EDGE_CURVE('',#13843,#8089,#13845,.T.);
#13843 = VERTEX_POINT('',#13844);
#13844 = CARTESIAN_POINT('',(-185.6959991455,52.032997131348,1.));
#13845 = SURFACE_CURVE('',#13846,(#13850,#13857),.PCURVE_S1.);
#13846 = LINE('',#13847,#13848);
#13847 = CARTESIAN_POINT('',(-185.6959991455,52.032997131348,1.));
#13848 = VECTOR('',#13849,1.);
#13849 = DIRECTION('',(0.220728662278,0.975335253976,0.));
#13850 = PCURVE('',#13826,#13851);
#13851 = DEFINITIONAL_REPRESENTATION('',(#13852),#13856);
#13852 = LINE('',#13853,#13854);
#13853 = CARTESIAN_POINT('',(-0.902205382331,-4.461810811991));
#13854 = VECTOR('',#13855,1.);
#13855 = DIRECTION('',(0.220728662278,0.975335253976));
#13856 = ( GEOMETRIC_REPRESENTATION_CONTEXT(2) 
PARAMETRIC_REPRESENTATION_CONTEXT() REPRESENTATION_CONTEXT('2D SPACE',''
  ) );
#13857 = PCURVE('',#13858,#13863);
#13858 = PLANE('',#13859);
#13859 = AXIS2_PLACEMENT_3D('',#13860,#13861,#13862);
#13860 = CARTESIAN_POINT('',(-184.6140397858,56.302059188637,1.));
#13861 = DIRECTION('',(0.,0.,1.));
#13862 = DIRECTION('',(1.,0.,-0.));
#13863 = DEFINITIONAL_REPRESENTATION('',(#13864),#13867);
#13864 = B_SPLINE_CURVE_WITH_KNOTS('',1,(#13865,#13866),.UNSPECIFIED.,
  .F.,.F.,(2,2),(0.,9.193764740991),.PIECEWISE_BEZIER_KNOTS.);
#13865 = CARTESIAN_POINT('',(-1.081959359674,-4.26906205729));
#13866 = CARTESIAN_POINT('',(0.947368032905,4.697940811363));
#13867 = ( GEOMETRIC_REPRESENTATION_CONTEXT(2) 
PARAMETRIC_REPRESENTATION_CONTEXT() REPRESENTATION_CONTEXT('2D SPACE',''
  ) );
#13868 = ORIENTED_EDGE('',*,*,#13812,.F.);
#13869 = ORIENTED_EDGE('',*,*,#13870,.T.);
#13870 = EDGE_CURVE('',#9884,#13843,#13871,.T.);
#13871 = SURFACE_CURVE('',#13872,(#13876,#13883),.PCURVE_S1.);
#13872 = LINE('',#13873,#13874);
#13873 = CARTESIAN_POINT('',(-186.0240020751,52.463996887207,1.));
#13874 = VECTOR('',#13875,1.);
#13875 = DIRECTION('',(0.605601735181,-0.795767892256,0.));
#13876 = PCURVE('',#13826,#13877);
#13877 = DEFINITIONAL_REPRESENTATION('',(#13878),#13882);
#13878 = LINE('',#13879,#13880);
#13879 = CARTESIAN_POINT('',(-1.230208312019,-4.030811056131));
#13880 = VECTOR('',#13881,1.);
#13881 = DIRECTION('',(0.605601735181,-0.795767892256));
#13882 = ( GEOMETRIC_REPRESENTATION_CONTEXT(2) 
PARAMETRIC_REPRESENTATION_CONTEXT() REPRESENTATION_CONTEXT('2D SPACE',''
  ) );
#13883 = PCURVE('',#9986,#13884);
#13884 = DEFINITIONAL_REPRESENTATION('',(#13885),#13888);
#13885 = B_SPLINE_CURVE_WITH_KNOTS('',1,(#13886,#13887),.UNSPECIFIED.,
  .F.,.F.,(2,2),(0.,0.541614910646),.PIECEWISE_BEZIER_KNOTS.);
#13886 = CARTESIAN_POINT('',(-0.153413543654,0.882606088331));
#13887 = CARTESIAN_POINT('',(0.388201366992,0.882606088331));
#13888 = ( GEOMETRIC_REPRESENTATION_CONTEXT(2) 
PARAMETRIC_REPRESENTATION_CONTEXT() REPRESENTATION_CONTEXT('2D SPACE',''
  ) );
#13889 = ADVANCED_FACE('',(#13890),#13858,.T.);
#13890 = FACE_BOUND('',#13891,.T.);
#13891 = EDGE_LOOP('',(#13892,#13919,#13920));
#13892 = ORIENTED_EDGE('',*,*,#13893,.T.);
#13893 = EDGE_CURVE('',#13894,#8089,#13896,.T.);
#13894 = VERTEX_POINT('',#13895);
#13895 = CARTESIAN_POINT('',(-185.333328247,51.669998168945,1.));
#13896 = SURFACE_CURVE('',#13897,(#13901,#13908),.PCURVE_S1.);
#13897 = LINE('',#13898,#13899);
#13898 = CARTESIAN_POINT('',(-185.333328247,51.669998168945,1.));
#13899 = VECTOR('',#13900,1.);
#13900 = DIRECTION('',(0.175850427895,0.984416896954,0.));
#13901 = PCURVE('',#13858,#13902);
#13902 = DEFINITIONAL_REPRESENTATION('',(#13903),#13907);
#13903 = LINE('',#13904,#13905);
#13904 = CARTESIAN_POINT('',(-0.719288461236,-4.632061019692));
#13905 = VECTOR('',#13906,1.);
#13906 = DIRECTION('',(0.175850427895,0.984416896954));
#13907 = ( GEOMETRIC_REPRESENTATION_CONTEXT(2) 
PARAMETRIC_REPRESENTATION_CONTEXT() REPRESENTATION_CONTEXT('2D SPACE',''
  ) );
#13908 = PCURVE('',#13909,#13914);
#13909 = PLANE('',#13910);
#13910 = AXIS2_PLACEMENT_3D('',#13911,#13912,#13913);
#13911 = CARTESIAN_POINT('',(-184.4192392846,56.144743540518,1.));
#13912 = DIRECTION('',(0.,0.,1.));
#13913 = DIRECTION('',(1.,0.,-0.));
#13914 = DEFINITIONAL_REPRESENTATION('',(#13915),#13918);
#13915 = B_SPLINE_CURVE_WITH_KNOTS('',1,(#13916,#13917),.UNSPECIFIED.,
  .F.,.F.,(2,2),(0.,9.477693708753),.PIECEWISE_BEZIER_KNOTS.);
#13916 = CARTESIAN_POINT('',(-0.914088962384,-4.474745371573));
#13917 = CARTESIAN_POINT('',(0.752567531757,4.855256459482));
#13918 = ( GEOMETRIC_REPRESENTATION_CONTEXT(2) 
PARAMETRIC_REPRESENTATION_CONTEXT() REPRESENTATION_CONTEXT('2D SPACE',''
  ) );
#13919 = ORIENTED_EDGE('',*,*,#13842,.F.);
#13920 = ORIENTED_EDGE('',*,*,#13921,.T.);
#13921 = EDGE_CURVE('',#13843,#13894,#13922,.T.);
#13922 = SURFACE_CURVE('',#13923,(#13927,#13934),.PCURVE_S1.);
#13923 = LINE('',#13924,#13925);
#13924 = CARTESIAN_POINT('',(-185.6959991455,52.032997131348,1.));
#13925 = VECTOR('',#13926,1.);
#13926 = DIRECTION('',(0.706787037072,-0.707426380782,0.));
#13927 = PCURVE('',#13858,#13928);
#13928 = DEFINITIONAL_REPRESENTATION('',(#13929),#13933);
#13929 = LINE('',#13930,#13931);
#13930 = CARTESIAN_POINT('',(-1.081959359674,-4.26906205729));
#13931 = VECTOR('',#13932,1.);
#13932 = DIRECTION('',(0.706787037072,-0.707426380782));
#13933 = ( GEOMETRIC_REPRESENTATION_CONTEXT(2) 
PARAMETRIC_REPRESENTATION_CONTEXT() REPRESENTATION_CONTEXT('2D SPACE',''
  ) );
#13934 = PCURVE('',#13935,#13940);
#13935 = PLANE('',#13936);
#13936 = AXIS2_PLACEMENT_3D('',#13937,#13938,#13939);
#13937 = CARTESIAN_POINT('',(-185.5938857759,51.930791392301,
    0.112087623969));
#13938 = DIRECTION('',(-0.707426380782,-0.706787037072,-0.));
#13939 = DIRECTION('',(0.706787037072,-0.707426380782,0.));
#13940 = DEFINITIONAL_REPRESENTATION('',(#13941),#13944);
#13941 = B_SPLINE_CURVE_WITH_KNOTS('',1,(#13942,#13943),.UNSPECIFIED.,
  .F.,.F.,(2,2),(0.,0.513126131939),.PIECEWISE_BEZIER_KNOTS.);
#13942 = CARTESIAN_POINT('',(-0.144475442,0.887912376031));
#13943 = CARTESIAN_POINT('',(0.368650689939,0.887912376031));
#13944 = ( GEOMETRIC_REPRESENTATION_CONTEXT(2) 
PARAMETRIC_REPRESENTATION_CONTEXT() REPRESENTATION_CONTEXT('2D SPACE',''
  ) );
#13945 = ADVANCED_FACE('',(#13946),#13909,.T.);
#13946 = FACE_BOUND('',#13947,.T.);
#13947 = EDGE_LOOP('',(#13948,#13975,#13976));
#13948 = ORIENTED_EDGE('',*,*,#13949,.T.);
#13949 = EDGE_CURVE('',#13950,#8089,#13952,.T.);
#13950 = VERTEX_POINT('',#13951);
#13951 = CARTESIAN_POINT('',(-184.9420013427,51.380996704102,1.));
#13952 = SURFACE_CURVE('',#13953,(#13957,#13964),.PCURVE_S1.);
#13953 = LINE('',#13954,#13955);
#13954 = CARTESIAN_POINT('',(-184.9420013427,51.380996704102,1.));
#13955 = VECTOR('',#13956,1.);
#13956 = DIRECTION('',(0.131434197045,0.991324897219,0.));
#13957 = PCURVE('',#13909,#13958);
#13958 = DEFINITIONAL_REPRESENTATION('',(#13959),#13963);
#13959 = LINE('',#13960,#13961);
#13960 = CARTESIAN_POINT('',(-0.522762058087,-4.763746836417));
#13961 = VECTOR('',#13962,1.);
#13962 = DIRECTION('',(0.131434197045,0.991324897219));
#13963 = ( GEOMETRIC_REPRESENTATION_CONTEXT(2) 
PARAMETRIC_REPRESENTATION_CONTEXT() REPRESENTATION_CONTEXT('2D SPACE',''
  ) );
#13964 = PCURVE('',#13965,#13970);
#13965 = PLANE('',#13966);
#13966 = AXIS2_PLACEMENT_3D('',#13967,#13968,#13969);
#13967 = CARTESIAN_POINT('',(-184.2126857386,56.024829568476,1.));
#13968 = DIRECTION('',(0.,0.,1.));
#13969 = DIRECTION('',(1.,0.,-0.));
#13970 = DEFINITIONAL_REPRESENTATION('',(#13971),#13974);
#13971 = B_SPLINE_CURVE_WITH_KNOTS('',1,(#13972,#13973),.UNSPECIFIED.,
  .F.,.F.,(2,2),(0.,9.703179374269),.PIECEWISE_BEZIER_KNOTS.);
#13972 = CARTESIAN_POINT('',(-0.729315604074,-4.643832864375));
#13973 = CARTESIAN_POINT('',(0.54601398577,4.975170431524));
#13974 = ( GEOMETRIC_REPRESENTATION_CONTEXT(2) 
PARAMETRIC_REPRESENTATION_CONTEXT() REPRESENTATION_CONTEXT('2D SPACE',''
  ) );
#13975 = ORIENTED_EDGE('',*,*,#13893,.F.);
#13976 = ORIENTED_EDGE('',*,*,#13977,.T.);
#13977 = EDGE_CURVE('',#13894,#13950,#13978,.T.);
#13978 = SURFACE_CURVE('',#13979,(#13983,#13990),.PCURVE_S1.);
#13979 = LINE('',#13980,#13981);
#13980 = CARTESIAN_POINT('',(-185.333328247,51.669998168945,1.));
#13981 = VECTOR('',#13982,1.);
#13982 = DIRECTION('',(0.804412051531,-0.594071756063,0.));
#13983 = PCURVE('',#13909,#13984);
#13984 = DEFINITIONAL_REPRESENTATION('',(#13985),#13989);
#13985 = LINE('',#13986,#13987);
#13986 = CARTESIAN_POINT('',(-0.914088962384,-4.474745371573));
#13987 = VECTOR('',#13988,1.);
#13988 = DIRECTION('',(0.804412051531,-0.594071756063));
#13989 = ( GEOMETRIC_REPRESENTATION_CONTEXT(2) 
PARAMETRIC_REPRESENTATION_CONTEXT() REPRESENTATION_CONTEXT('2D SPACE',''
  ) );
#13990 = PCURVE('',#13991,#13996);
#13991 = PLANE('',#13992);
#13992 = AXIS2_PLACEMENT_3D('',#13993,#13994,#13995);
#13993 = CARTESIAN_POINT('',(-185.2237692987,51.589087052954,
    0.107040295691));
#13994 = DIRECTION('',(-0.594071756063,-0.804412051531,
    1.852668803652E-17));
#13995 = DIRECTION('',(-0.804412051531,0.594071756063,-1.54074395551E-33
    ));
#13996 = DEFINITIONAL_REPRESENTATION('',(#13997),#14000);
#13997 = B_SPLINE_CURVE_WITH_KNOTS('',1,(#13998,#13999),.UNSPECIFIED.,
  .F.,.F.,(2,2),(0.,0.486475685629),.PIECEWISE_BEZIER_KNOTS.);
#13998 = CARTESIAN_POINT('',(0.136197547124,-0.892959704309));
#13999 = CARTESIAN_POINT('',(-0.350278138505,-0.892959704309));
#14000 = ( GEOMETRIC_REPRESENTATION_CONTEXT(2) 
PARAMETRIC_REPRESENTATION_CONTEXT() REPRESENTATION_CONTEXT('2D SPACE',''
  ) );
#14001 = ADVANCED_FACE('',(#14002),#13965,.T.);
#14002 = FACE_BOUND('',#14003,.T.);
#14003 = EDGE_LOOP('',(#14004,#14031,#14032));
#14004 = ORIENTED_EDGE('',*,*,#14005,.T.);
#14005 = EDGE_CURVE('',#14006,#8089,#14008,.T.);
#14006 = VERTEX_POINT('',#14007);
#14007 = CARTESIAN_POINT('',(-184.5293273925,51.169998168945,1.));
#14008 = SURFACE_CURVE('',#14009,(#14013,#14020),.PCURVE_S1.);
#14009 = LINE('',#14010,#14011);
#14010 = CARTESIAN_POINT('',(-184.5293273925,51.169998168945,1.));
#14011 = VECTOR('',#14012,1.);
#14012 = DIRECTION('',(8.742143753305E-02,0.996171417106,0.));
#14013 = PCURVE('',#13965,#14014);
#14014 = DEFINITIONAL_REPRESENTATION('',(#14015),#14019);
#14015 = LINE('',#14016,#14017);
#14016 = CARTESIAN_POINT('',(-0.316641653879,-4.854831399531));
#14017 = VECTOR('',#14018,1.);
#14018 = DIRECTION('',(8.742143753305E-02,0.996171417106));
#14019 = ( GEOMETRIC_REPRESENTATION_CONTEXT(2) 
PARAMETRIC_REPRESENTATION_CONTEXT() REPRESENTATION_CONTEXT('2D SPACE',''
  ) );
#14020 = PCURVE('',#14021,#14026);
#14021 = PLANE('',#14022);
#14022 = AXIS2_PLACEMENT_3D('',#14023,#14024,#14025);
#14023 = CARTESIAN_POINT('',(-183.9977819491,55.94435579576,1.));
#14024 = DIRECTION('',(0.,0.,1.));
#14025 = DIRECTION('',(1.,0.,-0.));
#14026 = DEFINITIONAL_REPRESENTATION('',(#14027),#14030);
#14027 = B_SPLINE_CURVE_WITH_KNOTS('',1,(#14028,#14029),.UNSPECIFIED.,
  .F.,.F.,(2,2),(0.,9.867781450314),.PIECEWISE_BEZIER_KNOTS.);
#14028 = CARTESIAN_POINT('',(-0.531545443392,-4.774357626815));
#14029 = CARTESIAN_POINT('',(0.331110196257,5.05564420424));
#14030 = ( GEOMETRIC_REPRESENTATION_CONTEXT(2) 
PARAMETRIC_REPRESENTATION_CONTEXT() REPRESENTATION_CONTEXT('2D SPACE',''
  ) );
#14031 = ORIENTED_EDGE('',*,*,#13949,.F.);
#14032 = ORIENTED_EDGE('',*,*,#14033,.T.);
#14033 = EDGE_CURVE('',#13950,#14006,#14034,.T.);
#14034 = SURFACE_CURVE('',#14035,(#14039,#14046),.PCURVE_S1.);
#14035 = LINE('',#14036,#14037);
#14036 = CARTESIAN_POINT('',(-184.9420013427,51.380996704102,1.));
#14037 = VECTOR('',#14038,1.);
#14038 = DIRECTION('',(0.89036796554,-0.455241568774,0.));
#14039 = PCURVE('',#13965,#14040);
#14040 = DEFINITIONAL_REPRESENTATION('',(#14041),#14045);
#14041 = LINE('',#14042,#14043);
#14042 = CARTESIAN_POINT('',(-0.729315604074,-4.643832864375));
#14043 = VECTOR('',#14044,1.);
#14044 = DIRECTION('',(0.89036796554,-0.455241568774));
#14045 = ( GEOMETRIC_REPRESENTATION_CONTEXT(2) 
PARAMETRIC_REPRESENTATION_CONTEXT() REPRESENTATION_CONTEXT('2D SPACE',''
  ) );
#14046 = PCURVE('',#14047,#14052);
#14047 = PLANE('',#14048);
#14048 = AXIS2_PLACEMENT_3D('',#14049,#14050,#14051);
#14049 = CARTESIAN_POINT('',(-184.827034874,51.322214809888,
    0.102621062242));
#14050 = DIRECTION('',(-0.455241568774,-0.89036796554,
    -9.297502842886E-18));
#14051 = DIRECTION('',(-0.89036796554,0.455241568774,0.));
#14052 = DEFINITIONAL_REPRESENTATION('',(#14053),#14056);
#14053 = B_SPLINE_CURVE_WITH_KNOTS('',1,(#14054,#14055),.UNSPECIFIED.,
  .F.,.F.,(2,2),(0.,0.46348696962),.PIECEWISE_BEZIER_KNOTS.);
#14054 = CARTESIAN_POINT('',(0.129122422568,-0.897378937758));
#14055 = CARTESIAN_POINT('',(-0.334364547052,-0.897378937758));
#14056 = ( GEOMETRIC_REPRESENTATION_CONTEXT(2) 
PARAMETRIC_REPRESENTATION_CONTEXT() REPRESENTATION_CONTEXT('2D SPACE',''
  ) );
#14057 = ADVANCED_FACE('',(#14058),#14021,.T.);
#14058 = FACE_BOUND('',#14059,.T.);
#14059 = EDGE_LOOP('',(#14060,#14087,#14088));
#14060 = ORIENTED_EDGE('',*,*,#14061,.T.);
#14061 = EDGE_CURVE('',#14062,#8089,#14064,.T.);
#14062 = VERTEX_POINT('',#14063);
#14063 = CARTESIAN_POINT('',(-184.1020050048,51.042999267578,1.));
#14064 = SURFACE_CURVE('',#14065,(#14069,#14076),.PCURVE_S1.);
#14065 = LINE('',#14066,#14067);
#14066 = CARTESIAN_POINT('',(-184.1020050048,51.042999267578,1.));
#14067 = VECTOR('',#14068,1.);
#14068 = DIRECTION('',(4.367959566067E-02,0.999045591013,0.));
#14069 = PCURVE('',#14021,#14070);
#14070 = DEFINITIONAL_REPRESENTATION('',(#14071),#14075);
#14071 = LINE('',#14072,#14073);
#14072 = CARTESIAN_POINT('',(-0.104223055696,-4.901356528182));
#14073 = VECTOR('',#14074,1.);
#14074 = DIRECTION('',(4.367959566067E-02,0.999045591013));
#14075 = ( GEOMETRIC_REPRESENTATION_CONTEXT(2) 
PARAMETRIC_REPRESENTATION_CONTEXT() REPRESENTATION_CONTEXT('2D SPACE',''
  ) );
#14076 = PCURVE('',#14077,#14082);
#14077 = PLANE('',#14078);
#14078 = AXIS2_PLACEMENT_3D('',#14079,#14080,#14081);
#14079 = CARTESIAN_POINT('',(-183.7776597844,55.903764927845,1.));
#14080 = DIRECTION('',(0.,0.,1.));
#14081 = DIRECTION('',(1.,0.,-0.));
#14082 = DEFINITIONAL_REPRESENTATION('',(#14083),#14086);
#14083 = B_SPLINE_CURVE_WITH_KNOTS('',1,(#14084,#14085),.UNSPECIFIED.,
  .F.,.F.,(2,2),(0.,9.966512861864),.PIECEWISE_BEZIER_KNOTS.);
#14084 = CARTESIAN_POINT('',(-0.324345220457,-4.860765660267));
#14085 = CARTESIAN_POINT('',(0.110988031496,5.096235072155));
#14086 = ( GEOMETRIC_REPRESENTATION_CONTEXT(2) 
PARAMETRIC_REPRESENTATION_CONTEXT() REPRESENTATION_CONTEXT('2D SPACE',''
  ) );
#14087 = ORIENTED_EDGE('',*,*,#14005,.F.);
#14088 = ORIENTED_EDGE('',*,*,#14089,.T.);
#14089 = EDGE_CURVE('',#14006,#14062,#14090,.T.);
#14090 = SURFACE_CURVE('',#14091,(#14095,#14102),.PCURVE_S1.);
#14091 = LINE('',#14092,#14093);
#14092 = CARTESIAN_POINT('',(-184.5293273925,51.169998168945,1.));
#14093 = VECTOR('',#14094,1.);
#14094 = DIRECTION('',(0.958562632162,-0.284881870647,0.));
#14095 = PCURVE('',#14021,#14096);
#14096 = DEFINITIONAL_REPRESENTATION('',(#14097),#14101);
#14097 = LINE('',#14098,#14099);
#14098 = CARTESIAN_POINT('',(-0.531545443392,-4.774357626815));
#14099 = VECTOR('',#14100,1.);
#14100 = DIRECTION('',(0.958562632162,-0.284881870647));
#14101 = ( GEOMETRIC_REPRESENTATION_CONTEXT(2) 
PARAMETRIC_REPRESENTATION_CONTEXT() REPRESENTATION_CONTEXT('2D SPACE',''
  ) );
#14102 = PCURVE('',#14103,#14108);
#14103 = PLANE('',#14104);
#14104 = AXIS2_PLACEMENT_3D('',#14105,#14106,#14107);
#14105 = CARTESIAN_POINT('',(-184.4107349808,51.134752868365,
    9.917847716582E-02));
#14106 = DIRECTION('',(-0.284881870647,-0.958562632162,
    -9.324890334839E-18));
#14107 = DIRECTION('',(-0.958562632162,0.284881870647,
    -3.851859888774E-34));
#14108 = DEFINITIONAL_REPRESENTATION('',(#14109),#14112);
#14109 = B_SPLINE_CURVE_WITH_KNOTS('',1,(#14110,#14111),.UNSPECIFIED.,
  .F.,.F.,(2,2),(0.,0.445794957322),.PIECEWISE_BEZIER_KNOTS.);
#14110 = CARTESIAN_POINT('',(0.123719001495,-0.900821522834));
#14111 = CARTESIAN_POINT('',(-0.322075955827,-0.900821522834));
#14112 = ( GEOMETRIC_REPRESENTATION_CONTEXT(2) 
PARAMETRIC_REPRESENTATION_CONTEXT() REPRESENTATION_CONTEXT('2D SPACE',''
  ) );
#14113 = ADVANCED_FACE('',(#14114),#14077,.T.);
#14114 = FACE_BOUND('',#14115,.T.);
#14115 = EDGE_LOOP('',(#14116,#14136,#14137));
#14116 = ORIENTED_EDGE('',*,*,#14117,.T.);
#14117 = EDGE_CURVE('',#9637,#8089,#14118,.T.);
#14118 = SURFACE_CURVE('',#14119,(#14123,#14130),.PCURVE_S1.);
#14119 = LINE('',#14120,#14121);
#14120 = CARTESIAN_POINT('',(-183.6666717529,51.,1.));
#14121 = VECTOR('',#14122,1.);
#14122 = DIRECTION('',(0.,1.,0.));
#14123 = PCURVE('',#14077,#14124);
#14124 = DEFINITIONAL_REPRESENTATION('',(#14125),#14129);
#14125 = LINE('',#14126,#14127);
#14126 = CARTESIAN_POINT('',(0.110988031496,-4.903764927845));
#14127 = VECTOR('',#14128,1.);
#14128 = DIRECTION('',(0.,1.));
#14129 = ( GEOMETRIC_REPRESENTATION_CONTEXT(2) 
PARAMETRIC_REPRESENTATION_CONTEXT() REPRESENTATION_CONTEXT('2D SPACE',''
  ) );
#14130 = PCURVE('',#9678,#14131);
#14131 = DEFINITIONAL_REPRESENTATION('',(#14132),#14135);
#14132 = B_SPLINE_CURVE_WITH_KNOTS('',1,(#14133,#14134),.UNSPECIFIED.,
  .F.,.F.,(2,2),(0.,10.),.PIECEWISE_BEZIER_KNOTS.);
#14133 = CARTESIAN_POINT('',(-5.000004577637,-3.333332824707));
#14134 = CARTESIAN_POINT('',(-5.000004577637,6.666667175293));
#14135 = ( GEOMETRIC_REPRESENTATION_CONTEXT(2) 
PARAMETRIC_REPRESENTATION_CONTEXT() REPRESENTATION_CONTEXT('2D SPACE',''
  ) );
#14136 = ORIENTED_EDGE('',*,*,#14061,.F.);
#14137 = ORIENTED_EDGE('',*,*,#14138,.T.);
#14138 = EDGE_CURVE('',#14062,#9637,#14139,.T.);
#14139 = SURFACE_CURVE('',#14140,(#14144,#14151),.PCURVE_S1.);
#14140 = LINE('',#14141,#14142);
#14141 = CARTESIAN_POINT('',(-184.1020050048,51.042999267578,1.));
#14142 = VECTOR('',#14143,1.);
#14143 = DIRECTION('',(0.995157331071,-9.829489516156E-02,0.));
#14144 = PCURVE('',#14077,#14145);
#14145 = DEFINITIONAL_REPRESENTATION('',(#14146),#14150);
#14146 = LINE('',#14147,#14148);
#14147 = CARTESIAN_POINT('',(-0.324345220457,-4.860765660267));
#14148 = VECTOR('',#14149,1.);
#14149 = DIRECTION('',(0.995157331071,-9.829489516156E-02));
#14150 = ( GEOMETRIC_REPRESENTATION_CONTEXT(2) 
PARAMETRIC_REPRESENTATION_CONTEXT() REPRESENTATION_CONTEXT('2D SPACE',''
  ) );
#14151 = PCURVE('',#9652,#14152);
#14152 = DEFINITIONAL_REPRESENTATION('',(#14153),#14156);
#14153 = B_SPLINE_CURVE_WITH_KNOTS('',1,(#14154,#14155),.UNSPECIFIED.,
  .F.,.F.,(2,2),(0.,0.437451685639),.PIECEWISE_BEZIER_KNOTS.);
#14154 = CARTESIAN_POINT('',(0.316268240433,-0.902457602387));
#14155 = CARTESIAN_POINT('',(-0.121183445206,-0.902457602387));
#14156 = ( GEOMETRIC_REPRESENTATION_CONTEXT(2) 
PARAMETRIC_REPRESENTATION_CONTEXT() REPRESENTATION_CONTEXT('2D SPACE',''
  ) );
#14157 = ADVANCED_FACE('',(#14158),#12663,.T.);
#14158 = FACE_BOUND('',#14159,.T.);
#14159 = EDGE_LOOP('',(#14160,#14161,#14162));
#14160 = ORIENTED_EDGE('',*,*,#13713,.F.);
#14161 = ORIENTED_EDGE('',*,*,#12649,.F.);
#14162 = ORIENTED_EDGE('',*,*,#14163,.T.);
#14163 = EDGE_CURVE('',#8089,#9548,#14164,.T.);
#14164 = SURFACE_CURVE('',#14165,(#14169,#14176),.PCURVE_S1.);
#14165 = LINE('',#14166,#14167);
#14166 = CARTESIAN_POINT('',(-183.6666717529,61.,1.));
#14167 = VECTOR('',#14168,1.);
#14168 = DIRECTION('',(0.800000219726,-0.599999707031,0.));
#14169 = PCURVE('',#12663,#14170);
#14170 = DEFINITIONAL_REPRESENTATION('',(#14171),#14175);
#14171 = LINE('',#14172,#14173);
#14172 = CARTESIAN_POINT('',(-8.333338928222,3.333332824707));
#14173 = VECTOR('',#14174,1.);
#14174 = DIRECTION('',(0.800000219726,-0.599999707031));
#14175 = ( GEOMETRIC_REPRESENTATION_CONTEXT(2) 
PARAMETRIC_REPRESENTATION_CONTEXT() REPRESENTATION_CONTEXT('2D SPACE',''
  ) );
#14176 = PCURVE('',#9678,#14177);
#14177 = DEFINITIONAL_REPRESENTATION('',(#14178),#14181);
#14178 = B_SPLINE_CURVE_WITH_KNOTS('',1,(#14179,#14180),.UNSPECIFIED.,
  .F.,.F.,(2,2),(0.,16.666674804689),.PIECEWISE_BEZIER_KNOTS.);
#14179 = CARTESIAN_POINT('',(-5.000004577637,6.666667175293));
#14180 = CARTESIAN_POINT('',(8.333338928222,-3.333332824707));
#14181 = ( GEOMETRIC_REPRESENTATION_CONTEXT(2) 
PARAMETRIC_REPRESENTATION_CONTEXT() REPRESENTATION_CONTEXT('2D SPACE',''
  ) );
#14182 = ADVANCED_FACE('',(#14183),#9678,.T.);
#14183 = FACE_BOUND('',#14184,.T.);
#14184 = EDGE_LOOP('',(#14185,#14186,#14187));
#14185 = ORIENTED_EDGE('',*,*,#14117,.F.);
#14186 = ORIENTED_EDGE('',*,*,#9664,.F.);
#14187 = ORIENTED_EDGE('',*,*,#14163,.F.);
#14188 = ADVANCED_FACE('',(#14189),#9344,.T.);
#14189 = FACE_BOUND('',#14190,.T.);
#14190 = EDGE_LOOP('',(#14191,#14211,#14212));
#14191 = ORIENTED_EDGE('',*,*,#14192,.T.);
#14192 = EDGE_CURVE('',#9329,#11411,#14193,.T.);
#14193 = SURFACE_CURVE('',#14194,(#14198,#14205),.PCURVE_S1.);
#14194 = LINE('',#14195,#14196);
#14195 = CARTESIAN_POINT('',(-169.8979949951,60.957000732422,1.));
#14196 = VECTOR('',#14197,1.);
#14197 = DIRECTION('',(-0.212639603002,2.100309853695E-02,
    -0.976904943732));
#14198 = PCURVE('',#9344,#14199);
#14199 = DEFINITIONAL_REPRESENTATION('',(#14200),#14204);
#14200 = LINE('',#14201,#14202);
#14201 = CARTESIAN_POINT('',(0.316268240433,-0.902457602387));
#14202 = VECTOR('',#14203,1.);
#14203 = DIRECTION('',(-0.213674357172,0.976904943732));
#14204 = ( GEOMETRIC_REPRESENTATION_CONTEXT(2) 
PARAMETRIC_REPRESENTATION_CONTEXT() REPRESENTATION_CONTEXT('2D SPACE',''
  ) );
#14205 = PCURVE('',#11446,#14206);
#14206 = DEFINITIONAL_REPRESENTATION('',(#14207),#14210);
#14207 = B_SPLINE_CURVE_WITH_KNOTS('',1,(#14208,#14209),.UNSPECIFIED.,
  .F.,.F.,(2,2),(0.,2.047282095186),.PIECEWISE_BEZIER_KNOTS.);
#14208 = CARTESIAN_POINT('',(0.121183445206,-1.097542397613));
#14209 = CARTESIAN_POINT('',(-0.316268240433,0.902457602387));
#14210 = ( GEOMETRIC_REPRESENTATION_CONTEXT(2) 
PARAMETRIC_REPRESENTATION_CONTEXT() REPRESENTATION_CONTEXT('2D SPACE',''
  ) );
#14211 = ORIENTED_EDGE('',*,*,#12674,.F.);
#14212 = ORIENTED_EDGE('',*,*,#9328,.F.);
#14213 = ADVANCED_FACE('',(#14214),#11446,.T.);
#14214 = FACE_BOUND('',#14215,.T.);
#14215 = EDGE_LOOP('',(#14216,#14217,#14218));
#14216 = ORIENTED_EDGE('',*,*,#11432,.F.);
#14217 = ORIENTED_EDGE('',*,*,#14192,.F.);
#14218 = ORIENTED_EDGE('',*,*,#14219,.T.);
#14219 = EDGE_CURVE('',#9329,#11324,#14220,.T.);
#14220 = SURFACE_CURVE('',#14221,(#14225,#14232),.PCURVE_S1.);
#14221 = LINE('',#14222,#14223);
#14222 = CARTESIAN_POINT('',(-169.8979949951,60.957000732422,1.));
#14223 = VECTOR('',#14224,1.);
#14224 = DIRECTION('',(0.,0.,-1.));
#14225 = PCURVE('',#11446,#14226);
#14226 = DEFINITIONAL_REPRESENTATION('',(#14227),#14231);
#14227 = LINE('',#14228,#14229);
#14228 = CARTESIAN_POINT('',(0.121183445206,-1.097542397613));
#14229 = VECTOR('',#14230,1.);
#14230 = DIRECTION('',(0.,1.));
#14231 = ( GEOMETRIC_REPRESENTATION_CONTEXT(2) 
PARAMETRIC_REPRESENTATION_CONTEXT() REPRESENTATION_CONTEXT('2D SPACE',''
  ) );
#14232 = PCURVE('',#11346,#14233);
#14233 = DEFINITIONAL_REPRESENTATION('',(#14234),#14237);
#14234 = B_SPLINE_CURVE_WITH_KNOTS('',1,(#14235,#14236),.UNSPECIFIED.,
  .F.,.F.,(2,2),(0.,2.),.PIECEWISE_BEZIER_KNOTS.);
#14235 = CARTESIAN_POINT('',(-0.123719001495,-1.099178477166));
#14236 = CARTESIAN_POINT('',(-0.123719001495,0.900821522834));
#14237 = ( GEOMETRIC_REPRESENTATION_CONTEXT(2) 
PARAMETRIC_REPRESENTATION_CONTEXT() REPRESENTATION_CONTEXT('2D SPACE',''
  ) );
#14238 = ADVANCED_FACE('',(#14239),#9425,.T.);
#14239 = FACE_BOUND('',#14240,.T.);
#14240 = EDGE_LOOP('',(#14241,#14261,#14262));
#14241 = ORIENTED_EDGE('',*,*,#14242,.T.);
#14242 = EDGE_CURVE('',#11326,#9329,#14243,.T.);
#14243 = SURFACE_CURVE('',#14244,(#14248,#14255),.PCURVE_S1.);
#14244 = LINE('',#14245,#14246);
#14245 = CARTESIAN_POINT('',(-169.4706726074,60.830001831055,-1.));
#14246 = VECTOR('',#14247,1.);
#14247 = DIRECTION('',(-0.20854342876,6.19784666157E-02,0.976047287787)
  );
#14248 = PCURVE('',#9425,#14249);
#14249 = DEFINITIONAL_REPRESENTATION('',(#14250),#14254);
#14250 = LINE('',#14251,#14252);
#14251 = CARTESIAN_POINT('',(0.123719001495,1.099178477166));
#14252 = VECTOR('',#14253,1.);
#14253 = DIRECTION('',(-0.217558479502,-0.976047287787));
#14254 = ( GEOMETRIC_REPRESENTATION_CONTEXT(2) 
PARAMETRIC_REPRESENTATION_CONTEXT() REPRESENTATION_CONTEXT('2D SPACE',''
  ) );
#14255 = PCURVE('',#11346,#14256);
#14256 = DEFINITIONAL_REPRESENTATION('',(#14257),#14260);
#14257 = B_SPLINE_CURVE_WITH_KNOTS('',1,(#14258,#14259),.UNSPECIFIED.,
  .F.,.F.,(2,2),(0.,2.049081048659),.PIECEWISE_BEZIER_KNOTS.);
#14258 = CARTESIAN_POINT('',(0.322075955827,0.900821522834));
#14259 = CARTESIAN_POINT('',(-0.123719001495,-1.099178477166));
#14260 = ( GEOMETRIC_REPRESENTATION_CONTEXT(2) 
PARAMETRIC_REPRESENTATION_CONTEXT() REPRESENTATION_CONTEXT('2D SPACE',''
  ) );
#14261 = ORIENTED_EDGE('',*,*,#9411,.F.);
#14262 = ORIENTED_EDGE('',*,*,#14263,.T.);
#14263 = EDGE_CURVE('',#9385,#11326,#14264,.T.);
#14264 = SURFACE_CURVE('',#14265,(#14269,#14276),.PCURVE_S1.);
#14265 = LINE('',#14266,#14267);
#14266 = CARTESIAN_POINT('',(-169.4706726074,60.830001831055,1.));
#14267 = VECTOR('',#14268,1.);
#14268 = DIRECTION('',(0.,0.,-1.));
#14269 = PCURVE('',#9425,#14270);
#14270 = DEFINITIONAL_REPRESENTATION('',(#14271),#14275);
#14271 = LINE('',#14272,#14273);
#14272 = CARTESIAN_POINT('',(0.123719001495,-0.900821522834));
#14273 = VECTOR('',#14274,1.);
#14274 = DIRECTION('',(0.,1.));
#14275 = ( GEOMETRIC_REPRESENTATION_CONTEXT(2) 
PARAMETRIC_REPRESENTATION_CONTEXT() REPRESENTATION_CONTEXT('2D SPACE',''
  ) );
#14276 = PCURVE('',#11371,#14277);
#14277 = DEFINITIONAL_REPRESENTATION('',(#14278),#14281);
#14278 = B_SPLINE_CURVE_WITH_KNOTS('',1,(#14279,#14280),.UNSPECIFIED.,
  .F.,.F.,(2,2),(0.,2.),.PIECEWISE_BEZIER_KNOTS.);
#14279 = CARTESIAN_POINT('',(-0.129122422568,-1.102621062242));
#14280 = CARTESIAN_POINT('',(-0.129122422568,0.897378937758));
#14281 = ( GEOMETRIC_REPRESENTATION_CONTEXT(2) 
PARAMETRIC_REPRESENTATION_CONTEXT() REPRESENTATION_CONTEXT('2D SPACE',''
  ) );
#14282 = ADVANCED_FACE('',(#14283),#11346,.T.);
#14283 = FACE_BOUND('',#14284,.T.);
#14284 = EDGE_LOOP('',(#14285,#14286,#14287));
#14285 = ORIENTED_EDGE('',*,*,#14219,.F.);
#14286 = ORIENTED_EDGE('',*,*,#14242,.F.);
#14287 = ORIENTED_EDGE('',*,*,#11323,.F.);
#14288 = ADVANCED_FACE('',(#14289),#9400,.T.);
#14289 = FACE_BOUND('',#14290,.T.);
#14290 = EDGE_LOOP('',(#14291,#14311,#14312));
#14291 = ORIENTED_EDGE('',*,*,#14292,.T.);
#14292 = EDGE_CURVE('',#9497,#9385,#14293,.T.);
#14293 = SURFACE_CURVE('',#14294,(#14298,#14305),.PCURVE_S1.);
#14294 = LINE('',#14295,#14296);
#14295 = CARTESIAN_POINT('',(-169.0579986572,60.619003295898,-1.));
#14296 = VECTOR('',#14297,1.);
#14297 = DIRECTION('',(-0.201009938294,0.102775575031,0.974182829804));
#14298 = PCURVE('',#9400,#14299);
#14299 = DEFINITIONAL_REPRESENTATION('',(#14300),#14304);
#14300 = LINE('',#14301,#14302);
#14301 = CARTESIAN_POINT('',(0.129122422568,1.102621062242));
#14302 = VECTOR('',#14303,1.);
#14303 = DIRECTION('',(-0.225760523821,-0.974182829804));
#14304 = ( GEOMETRIC_REPRESENTATION_CONTEXT(2) 
PARAMETRIC_REPRESENTATION_CONTEXT() REPRESENTATION_CONTEXT('2D SPACE',''
  ) );
#14305 = PCURVE('',#11371,#14306);
#14306 = DEFINITIONAL_REPRESENTATION('',(#14307),#14310);
#14307 = B_SPLINE_CURVE_WITH_KNOTS('',1,(#14308,#14309),.UNSPECIFIED.,
  .F.,.F.,(2,2),(0.,2.053002720653),.PIECEWISE_BEZIER_KNOTS.);
#14308 = CARTESIAN_POINT('',(0.334364547052,0.897378937758));
#14309 = CARTESIAN_POINT('',(-0.129122422568,-1.102621062242));
#14310 = ( GEOMETRIC_REPRESENTATION_CONTEXT(2) 
PARAMETRIC_REPRESENTATION_CONTEXT() REPRESENTATION_CONTEXT('2D SPACE',''
  ) );
#14311 = ORIENTED_EDGE('',*,*,#9384,.F.);
#14312 = ORIENTED_EDGE('',*,*,#9496,.F.);
#14313 = ADVANCED_FACE('',(#14314),#11371,.T.);
#14314 = FACE_BOUND('',#14315,.T.);
#14315 = EDGE_LOOP('',(#14316,#14317,#14318));
#14316 = ORIENTED_EDGE('',*,*,#14263,.F.);
#14317 = ORIENTED_EDGE('',*,*,#14292,.F.);
#14318 = ORIENTED_EDGE('',*,*,#11357,.F.);
#14319 = ADVANCED_FACE('',(#14320),#9003,.T.);
#14320 = FACE_BOUND('',#14321,.T.);
#14321 = EDGE_LOOP('',(#14322,#14342,#14343));
#14322 = ORIENTED_EDGE('',*,*,#14323,.T.);
#14323 = EDGE_CURVE('',#11879,#8962,#14324,.T.);
#14324 = SURFACE_CURVE('',#14325,(#14329,#14336),.PCURVE_S1.);
#14325 = LINE('',#14326,#14327);
#14326 = CARTESIAN_POINT('',(-167.,56.,-1.));
#14327 = VECTOR('',#14328,1.);
#14328 = DIRECTION('',(-1.362638840533E-02,0.310346616182,0.950525801524
    ));
#14329 = PCURVE('',#9003,#14330);
#14330 = DEFINITIONAL_REPRESENTATION('',(#14331),#14335);
#14331 = LINE('',#14332,#14333);
#14332 = CARTESIAN_POINT('',(-0.189431900192,-1.137382604532));
#14333 = VECTOR('',#14334,1.);
#14334 = DIRECTION('',(0.310645619053,0.950525801524));
#14335 = ( GEOMETRIC_REPRESENTATION_CONTEXT(2) 
PARAMETRIC_REPRESENTATION_CONTEXT() REPRESENTATION_CONTEXT('2D SPACE',''
  ) );
#14336 = PCURVE('',#11920,#14337);
#14337 = DEFINITIONAL_REPRESENTATION('',(#14338),#14341);
#14338 = B_SPLINE_CURVE_WITH_KNOTS('',1,(#14339,#14340),.UNSPECIFIED.,
  .F.,.F.,(2,2),(0.,2.10409859132),.PIECEWISE_BEZIER_KNOTS.);
#14339 = CARTESIAN_POINT('',(-0.464197109257,-0.862617395468));
#14340 = CARTESIAN_POINT('',(0.189431900192,1.137382604532));
#14341 = ( GEOMETRIC_REPRESENTATION_CONTEXT(2) 
PARAMETRIC_REPRESENTATION_CONTEXT() REPRESENTATION_CONTEXT('2D SPACE',''
  ) );
#14342 = ORIENTED_EDGE('',*,*,#8989,.F.);
#14343 = ORIENTED_EDGE('',*,*,#14344,.T.);
#14344 = EDGE_CURVE('',#8906,#11879,#14345,.T.);
#14345 = SURFACE_CURVE('',#14346,(#14350,#14357),.PCURVE_S1.);
#14346 = LINE('',#14347,#14348);
#14347 = CARTESIAN_POINT('',(-167.,56.,1.));
#14348 = VECTOR('',#14349,1.);
#14349 = DIRECTION('',(0.,0.,-1.));
#14350 = PCURVE('',#9003,#14351);
#14351 = DEFINITIONAL_REPRESENTATION('',(#14352),#14356);
#14352 = LINE('',#14353,#14354);
#14353 = CARTESIAN_POINT('',(-0.189431900192,0.862617395468));
#14354 = VECTOR('',#14355,1.);
#14355 = DIRECTION('',(-6.01853107621E-36,-1.));
#14356 = ( GEOMETRIC_REPRESENTATION_CONTEXT(2) 
PARAMETRIC_REPRESENTATION_CONTEXT() REPRESENTATION_CONTEXT('2D SPACE',''
  ) );
#14357 = PCURVE('',#8947,#14358);
#14358 = DEFINITIONAL_REPRESENTATION('',(#14359),#14362);
#14359 = B_SPLINE_CURVE_WITH_KNOTS('',1,(#14360,#14361),.UNSPECIFIED.,
  .F.,.F.,(2,2),(0.,2.),.PIECEWISE_BEZIER_KNOTS.);
#14360 = CARTESIAN_POINT('',(0.189431900192,0.862617395468));
#14361 = CARTESIAN_POINT('',(0.189431900192,-1.137382604532));
#14362 = ( GEOMETRIC_REPRESENTATION_CONTEXT(2) 
PARAMETRIC_REPRESENTATION_CONTEXT() REPRESENTATION_CONTEXT('2D SPACE',''
  ) );
#14363 = ADVANCED_FACE('',(#14364),#11920,.T.);
#14364 = FACE_BOUND('',#14365,.T.);
#14365 = EDGE_LOOP('',(#14366,#14367,#14368));
#14366 = ORIENTED_EDGE('',*,*,#13130,.F.);
#14367 = ORIENTED_EDGE('',*,*,#14323,.F.);
#14368 = ORIENTED_EDGE('',*,*,#11906,.F.);
#14369 = ADVANCED_FACE('',(#14370),#8947,.T.);
#14370 = FACE_BOUND('',#14371,.T.);
#14371 = EDGE_LOOP('',(#14372,#14392,#14393));
#14372 = ORIENTED_EDGE('',*,*,#14373,.T.);
#14373 = EDGE_CURVE('',#8817,#11879,#14374,.T.);
#14374 = SURFACE_CURVE('',#14375,(#14379,#14386),.PCURVE_S1.);
#14375 = LINE('',#14376,#14377);
#14376 = CARTESIAN_POINT('',(-167.0286712646,55.34700012207,1.));
#14377 = VECTOR('',#14378,1.);
#14378 = DIRECTION('',(1.362638840533E-02,0.310346616182,-0.950525801524
    ));
#14379 = PCURVE('',#8947,#14380);
#14380 = DEFINITIONAL_REPRESENTATION('',(#14381),#14385);
#14381 = LINE('',#14382,#14383);
#14382 = CARTESIAN_POINT('',(-0.464197109257,0.862617395468));
#14383 = VECTOR('',#14384,1.);
#14384 = DIRECTION('',(0.310645619053,-0.950525801524));
#14385 = ( GEOMETRIC_REPRESENTATION_CONTEXT(2) 
PARAMETRIC_REPRESENTATION_CONTEXT() REPRESENTATION_CONTEXT('2D SPACE',''
  ) );
#14386 = PCURVE('',#11976,#14387);
#14387 = DEFINITIONAL_REPRESENTATION('',(#14388),#14391);
#14388 = B_SPLINE_CURVE_WITH_KNOTS('',1,(#14389,#14390),.UNSPECIFIED.,
  .F.,.F.,(2,2),(0.,2.10409859132),.PIECEWISE_BEZIER_KNOTS.);
#14389 = CARTESIAN_POINT('',(-0.189431900192,1.137382604532));
#14390 = CARTESIAN_POINT('',(0.464197109257,-0.862617395468));
#14391 = ( GEOMETRIC_REPRESENTATION_CONTEXT(2) 
PARAMETRIC_REPRESENTATION_CONTEXT() REPRESENTATION_CONTEXT('2D SPACE',''
  ) );
#14392 = ORIENTED_EDGE('',*,*,#14344,.F.);
#14393 = ORIENTED_EDGE('',*,*,#8933,.F.);
#14394 = ADVANCED_FACE('',(#14395),#11976,.T.);
#14395 = FACE_BOUND('',#14396,.T.);
#14396 = EDGE_LOOP('',(#14397,#14398,#14399));
#14397 = ORIENTED_EDGE('',*,*,#11962,.F.);
#14398 = ORIENTED_EDGE('',*,*,#14373,.F.);
#14399 = ORIENTED_EDGE('',*,*,#14400,.T.);
#14400 = EDGE_CURVE('',#8817,#11935,#14401,.T.);
#14401 = SURFACE_CURVE('',#14402,(#14406,#14413),.PCURVE_S1.);
#14402 = LINE('',#14403,#14404);
#14403 = CARTESIAN_POINT('',(-167.0286712646,55.34700012207,1.));
#14404 = VECTOR('',#14405,1.);
#14405 = DIRECTION('',(0.,0.,-1.));
#14406 = PCURVE('',#11976,#14407);
#14407 = DEFINITIONAL_REPRESENTATION('',(#14408),#14412);
#14408 = LINE('',#14409,#14410);
#14409 = CARTESIAN_POINT('',(-0.189431900192,1.137382604532));
#14410 = VECTOR('',#14411,1.);
#14411 = DIRECTION('',(0.,-1.));
#14412 = ( GEOMETRIC_REPRESENTATION_CONTEXT(2) 
PARAMETRIC_REPRESENTATION_CONTEXT() REPRESENTATION_CONTEXT('2D SPACE',''
  ) );
#14413 = PCURVE('',#12007,#14414);
#14414 = DEFINITIONAL_REPRESENTATION('',(#14415),#14418);
#14415 = B_SPLINE_CURVE_WITH_KNOTS('',1,(#14416,#14417),.UNSPECIFIED.,
  .F.,.F.,(2,2),(0.,2.),.PIECEWISE_BEZIER_KNOTS.);
#14416 = CARTESIAN_POINT('',(0.187119930608,1.136162496729));
#14417 = CARTESIAN_POINT('',(0.187119930608,-0.863837503271));
#14418 = ( GEOMETRIC_REPRESENTATION_CONTEXT(2) 
PARAMETRIC_REPRESENTATION_CONTEXT() REPRESENTATION_CONTEXT('2D SPACE',''
  ) );
#14419 = ADVANCED_FACE('',(#14420),#8891,.T.);
#14420 = FACE_BOUND('',#14421,.T.);
#14421 = EDGE_LOOP('',(#14422,#14442,#14443));
#14422 = ORIENTED_EDGE('',*,*,#14423,.T.);
#14423 = EDGE_CURVE('',#11992,#8817,#14424,.T.);
#14424 = SURFACE_CURVE('',#14425,(#14429,#14436),.PCURVE_S1.);
#14425 = LINE('',#14426,#14427);
#14426 = CARTESIAN_POINT('',(-167.1133270263,54.706001281738,-1.));
#14427 = VECTOR('',#14428,1.);
#14428 = DIRECTION('',(4.027554256233E-02,0.304959468228,0.95151332277)
  );
#14429 = PCURVE('',#8891,#14430);
#14430 = DEFINITIONAL_REPRESENTATION('',(#14431),#14435);
#14431 = LINE('',#14432,#14433);
#14432 = CARTESIAN_POINT('',(-0.187119930608,-1.136162496729));
#14433 = VECTOR('',#14434,1.);
#14434 = DIRECTION('',(0.307607536629,0.95151332277));
#14435 = ( GEOMETRIC_REPRESENTATION_CONTEXT(2) 
PARAMETRIC_REPRESENTATION_CONTEXT() REPRESENTATION_CONTEXT('2D SPACE',''
  ) );
#14436 = PCURVE('',#12007,#14437);
#14437 = DEFINITIONAL_REPRESENTATION('',(#14438),#14441);
#14438 = B_SPLINE_CURVE_WITH_KNOTS('',1,(#14439,#14440),.UNSPECIFIED.,
  .F.,.F.,(2,2),(0.,2.101914867757),.PIECEWISE_BEZIER_KNOTS.);
#14439 = CARTESIAN_POINT('',(-0.459444924066,-0.863837503271));
#14440 = CARTESIAN_POINT('',(0.187119930608,1.136162496729));
#14441 = ( GEOMETRIC_REPRESENTATION_CONTEXT(2) 
PARAMETRIC_REPRESENTATION_CONTEXT() REPRESENTATION_CONTEXT('2D SPACE',''
  ) );
#14442 = ORIENTED_EDGE('',*,*,#8877,.F.);
#14443 = ORIENTED_EDGE('',*,*,#14444,.T.);
#14444 = EDGE_CURVE('',#8851,#11992,#14445,.T.);
#14445 = SURFACE_CURVE('',#14446,(#14450,#14457),.PCURVE_S1.);
#14446 = LINE('',#14447,#14448);
#14447 = CARTESIAN_POINT('',(-167.1133270263,54.706001281738,1.));
#14448 = VECTOR('',#14449,1.);
#14449 = DIRECTION('',(0.,0.,-1.));
#14450 = PCURVE('',#8891,#14451);
#14451 = DEFINITIONAL_REPRESENTATION('',(#14452),#14456);
#14452 = LINE('',#14453,#14454);
#14453 = CARTESIAN_POINT('',(-0.187119930608,0.863837503271));
#14454 = VECTOR('',#14455,1.);
#14455 = DIRECTION('',(0.,-1.));
#14456 = ( GEOMETRIC_REPRESENTATION_CONTEXT(2) 
PARAMETRIC_REPRESENTATION_CONTEXT() REPRESENTATION_CONTEXT('2D SPACE',''
  ) );
#14457 = PCURVE('',#12063,#14458);
#14458 = DEFINITIONAL_REPRESENTATION('',(#14459),#14462);
#14459 = B_SPLINE_CURVE_WITH_KNOTS('',1,(#14460,#14461),.UNSPECIFIED.,
  .F.,.F.,(2,2),(0.,2.),.PIECEWISE_BEZIER_KNOTS.);
#14460 = CARTESIAN_POINT('',(0.183276904839,1.134116127401));
#14461 = CARTESIAN_POINT('',(0.183276904839,-0.865883872599));
#14462 = ( GEOMETRIC_REPRESENTATION_CONTEXT(2) 
PARAMETRIC_REPRESENTATION_CONTEXT() REPRESENTATION_CONTEXT('2D SPACE',''
  ) );
#14463 = ADVANCED_FACE('',(#14464),#12007,.T.);
#14464 = FACE_BOUND('',#14465,.T.);
#14465 = EDGE_LOOP('',(#14466,#14467,#14468));
#14466 = ORIENTED_EDGE('',*,*,#14400,.F.);
#14467 = ORIENTED_EDGE('',*,*,#14423,.F.);
#14468 = ORIENTED_EDGE('',*,*,#11991,.F.);
#14469 = ADVANCED_FACE('',(#14470),#13225,.T.);
#14470 = FACE_BOUND('',#14471,.T.);
#14471 = EDGE_LOOP('',(#14472,#14492,#14493));
#14472 = ORIENTED_EDGE('',*,*,#14473,.T.);
#14473 = EDGE_CURVE('',#12048,#8851,#14474,.T.);
#14474 = SURFACE_CURVE('',#14475,(#14479,#14486),.PCURVE_S1.);
#14475 = LINE('',#14476,#14477);
#14476 = CARTESIAN_POINT('',(-167.2539978027,54.08699798584,-1.));
#14477 = VECTOR('',#14478,1.);
#14478 = DIRECTION('',(6.703966607992E-02,0.294999255219,0.953142760866)
  );
#14479 = PCURVE('',#13225,#14480);
#14480 = DEFINITIONAL_REPRESENTATION('',(#14481),#14485);
#14481 = LINE('',#14482,#14483);
#14482 = CARTESIAN_POINT('',(-0.183276904839,-1.134116127401));
#14483 = VECTOR('',#14484,1.);
#14484 = DIRECTION('',(0.302520871029,0.953142760866));
#14485 = ( GEOMETRIC_REPRESENTATION_CONTEXT(2) 
PARAMETRIC_REPRESENTATION_CONTEXT() REPRESENTATION_CONTEXT('2D SPACE',''
  ) );
#14486 = PCURVE('',#12063,#14487);
#14487 = DEFINITIONAL_REPRESENTATION('',(#14488),#14491);
#14488 = B_SPLINE_CURVE_WITH_KNOTS('',1,(#14489,#14490),.UNSPECIFIED.,
  .F.,.F.,(2,2),(0.,2.098321554876),.PIECEWISE_BEZIER_KNOTS.);
#14489 = CARTESIAN_POINT('',(-0.45150915964,-0.865883872599));
#14490 = CARTESIAN_POINT('',(0.183276904839,1.134116127401));
#14491 = ( GEOMETRIC_REPRESENTATION_CONTEXT(2) 
PARAMETRIC_REPRESENTATION_CONTEXT() REPRESENTATION_CONTEXT('2D SPACE',''
  ) );
#14492 = ORIENTED_EDGE('',*,*,#13209,.F.);
#14493 = ORIENTED_EDGE('',*,*,#14494,.T.);
#14494 = EDGE_CURVE('',#13210,#12048,#14495,.T.);
#14495 = SURFACE_CURVE('',#14496,(#14500,#14507),.PCURVE_S1.);
#14496 = LINE('',#14497,#14498);
#14497 = CARTESIAN_POINT('',(-167.2539978027,54.08699798584,1.));
#14498 = VECTOR('',#14499,1.);
#14499 = DIRECTION('',(0.,0.,-1.));
#14500 = PCURVE('',#13225,#14501);
#14501 = DEFINITIONAL_REPRESENTATION('',(#14502),#14506);
#14502 = LINE('',#14503,#14504);
#14503 = CARTESIAN_POINT('',(-0.183276904839,0.865883872599));
#14504 = VECTOR('',#14505,1.);
#14505 = DIRECTION('',(0.,-1.));
#14506 = ( GEOMETRIC_REPRESENTATION_CONTEXT(2) 
PARAMETRIC_REPRESENTATION_CONTEXT() REPRESENTATION_CONTEXT('2D SPACE',''
  ) );
#14507 = PCURVE('',#12119,#14508);
#14508 = DEFINITIONAL_REPRESENTATION('',(#14509),#14512);
#14509 = B_SPLINE_CURVE_WITH_KNOTS('',1,(#14510,#14511),.UNSPECIFIED.,
  .F.,.F.,(2,2),(0.,2.),.PIECEWISE_BEZIER_KNOTS.);
#14510 = CARTESIAN_POINT('',(0.177764677467,1.131140411545));
#14511 = CARTESIAN_POINT('',(0.177764677467,-0.868859588455));
#14512 = ( GEOMETRIC_REPRESENTATION_CONTEXT(2) 
PARAMETRIC_REPRESENTATION_CONTEXT() REPRESENTATION_CONTEXT('2D SPACE',''
  ) );
#14513 = ADVANCED_FACE('',(#14514),#12063,.T.);
#14514 = FACE_BOUND('',#14515,.T.);
#14515 = EDGE_LOOP('',(#14516,#14517,#14518));
#14516 = ORIENTED_EDGE('',*,*,#14444,.F.);
#14517 = ORIENTED_EDGE('',*,*,#14473,.F.);
#14518 = ORIENTED_EDGE('',*,*,#12047,.F.);
#14519 = ADVANCED_FACE('',(#14520),#13697,.T.);
#14520 = FACE_BOUND('',#14521,.T.);
#14521 = EDGE_LOOP('',(#14522,#14542,#14543));
#14522 = ORIENTED_EDGE('',*,*,#14523,.T.);
#14523 = EDGE_CURVE('',#12104,#13210,#14524,.T.);
#14524 = SURFACE_CURVE('',#14525,(#14529,#14536),.PCURVE_S1.);
#14525 = LINE('',#14526,#14527);
#14526 = CARTESIAN_POINT('',(-167.4466705322,53.5,-1.));
#14527 = VECTOR('',#14528,1.);
#14528 = DIRECTION('',(9.204484157569E-02,0.280424410628,0.955452718382)
  );
#14529 = PCURVE('',#13697,#14530);
#14530 = DEFINITIONAL_REPRESENTATION('',(#14531),#14535);
#14531 = LINE('',#14532,#14533);
#14532 = CARTESIAN_POINT('',(-0.177764677467,-1.131140411545));
#14533 = VECTOR('',#14534,1.);
#14534 = DIRECTION('',(0.295144207019,0.955452718382));
#14535 = ( GEOMETRIC_REPRESENTATION_CONTEXT(2) 
PARAMETRIC_REPRESENTATION_CONTEXT() REPRESENTATION_CONTEXT('2D SPACE',''
  ) );
#14536 = PCURVE('',#12119,#14537);
#14537 = DEFINITIONAL_REPRESENTATION('',(#14538),#14541);
#14538 = B_SPLINE_CURVE_WITH_KNOTS('',1,(#14539,#14540),.UNSPECIFIED.,
  .F.,.F.,(2,2),(0.,2.093248531845),.PIECEWISE_BEZIER_KNOTS.);
#14539 = CARTESIAN_POINT('',(-0.440045500557,-0.868859588455));
#14540 = CARTESIAN_POINT('',(0.177764677467,1.131140411545));
#14541 = ( GEOMETRIC_REPRESENTATION_CONTEXT(2) 
PARAMETRIC_REPRESENTATION_CONTEXT() REPRESENTATION_CONTEXT('2D SPACE',''
  ) );
#14542 = ORIENTED_EDGE('',*,*,#13683,.F.);
#14543 = ORIENTED_EDGE('',*,*,#14544,.T.);
#14544 = EDGE_CURVE('',#13633,#12104,#14545,.T.);
#14545 = SURFACE_CURVE('',#14546,(#14550,#14557),.PCURVE_S1.);
#14546 = LINE('',#14547,#14548);
#14547 = CARTESIAN_POINT('',(-167.4466705322,53.5,1.));
#14548 = VECTOR('',#14549,1.);
#14549 = DIRECTION('',(0.,0.,-1.));
#14550 = PCURVE('',#13697,#14551);
#14551 = DEFINITIONAL_REPRESENTATION('',(#14552),#14556);
#14552 = LINE('',#14553,#14554);
#14553 = CARTESIAN_POINT('',(-0.177764677467,0.868859588455));
#14554 = VECTOR('',#14555,1.);
#14555 = DIRECTION('',(0.,-1.));
#14556 = ( GEOMETRIC_REPRESENTATION_CONTEXT(2) 
PARAMETRIC_REPRESENTATION_CONTEXT() REPRESENTATION_CONTEXT('2D SPACE',''
  ) );
#14557 = PCURVE('',#12175,#14558);
#14558 = DEFINITIONAL_REPRESENTATION('',(#14559),#14562);
#14559 = B_SPLINE_CURVE_WITH_KNOTS('',1,(#14560,#14561),.UNSPECIFIED.,
  .F.,.F.,(2,2),(0.,2.),.PIECEWISE_BEZIER_KNOTS.);
#14560 = CARTESIAN_POINT('',(0.170533930016,1.127162789519));
#14561 = CARTESIAN_POINT('',(0.170533930016,-0.872837210481));
#14562 = ( GEOMETRIC_REPRESENTATION_CONTEXT(2) 
PARAMETRIC_REPRESENTATION_CONTEXT() REPRESENTATION_CONTEXT('2D SPACE',''
  ) );
#14563 = ADVANCED_FACE('',(#14564),#12119,.T.);
#14564 = FACE_BOUND('',#14565,.T.);
#14565 = EDGE_LOOP('',(#14566,#14567,#14568));
#14566 = ORIENTED_EDGE('',*,*,#14494,.F.);
#14567 = ORIENTED_EDGE('',*,*,#14523,.F.);
#14568 = ORIENTED_EDGE('',*,*,#12103,.F.);
#14569 = ADVANCED_FACE('',(#14570),#13648,.T.);
#14570 = FACE_BOUND('',#14571,.T.);
#14571 = EDGE_LOOP('',(#14572,#14592,#14593));
#14572 = ORIENTED_EDGE('',*,*,#14573,.T.);
#14573 = EDGE_CURVE('',#12160,#13633,#14574,.T.);
#14574 = SURFACE_CURVE('',#14575,(#14579,#14586),.PCURVE_S1.);
#14575 = LINE('',#14576,#14577);
#14576 = CARTESIAN_POINT('',(-167.6886596679,52.956001281738,-1.));
#14577 = VECTOR('',#14578,1.);
#14578 = DIRECTION('',(0.115965032168,0.260692814449,0.958431723081));
#14579 = PCURVE('',#13648,#14580);
#14580 = DEFINITIONAL_REPRESENTATION('',(#14581),#14585);
#14581 = LINE('',#14582,#14583);
#14582 = CARTESIAN_POINT('',(-0.170533930016,-1.127162789519));
#14583 = VECTOR('',#14584,1.);
#14584 = DIRECTION('',(0.28532197986,0.958431723081));
#14585 = ( GEOMETRIC_REPRESENTATION_CONTEXT(2) 
PARAMETRIC_REPRESENTATION_CONTEXT() REPRESENTATION_CONTEXT('2D SPACE',''
  ) );
#14586 = PCURVE('',#12175,#14587);
#14587 = DEFINITIONAL_REPRESENTATION('',(#14588),#14591);
#14588 = B_SPLINE_CURVE_WITH_KNOTS('',1,(#14589,#14590),.UNSPECIFIED.,
  .F.,.F.,(2,2),(0.,2.086742280994),.PIECEWISE_BEZIER_KNOTS.);
#14589 = CARTESIAN_POINT('',(-0.424859509054,-0.872837210481));
#14590 = CARTESIAN_POINT('',(0.170533930016,1.127162789519));
#14591 = ( GEOMETRIC_REPRESENTATION_CONTEXT(2) 
PARAMETRIC_REPRESENTATION_CONTEXT() REPRESENTATION_CONTEXT('2D SPACE',''
  ) );
#14592 = ORIENTED_EDGE('',*,*,#13632,.F.);
#14593 = ORIENTED_EDGE('',*,*,#14594,.T.);
#14594 = EDGE_CURVE('',#13577,#12160,#14595,.T.);
#14595 = SURFACE_CURVE('',#14596,(#14600,#14607),.PCURVE_S1.);
#14596 = LINE('',#14597,#14598);
#14597 = CARTESIAN_POINT('',(-167.6886596679,52.956001281738,1.));
#14598 = VECTOR('',#14599,1.);
#14599 = DIRECTION('',(0.,0.,-1.));
#14600 = PCURVE('',#13648,#14601);
#14601 = DEFINITIONAL_REPRESENTATION('',(#14602),#14606);
#14602 = LINE('',#14603,#14604);
#14603 = CARTESIAN_POINT('',(-0.170533930016,0.872837210481));
#14604 = VECTOR('',#14605,1.);
#14605 = DIRECTION('',(0.,-1.));
#14606 = ( GEOMETRIC_REPRESENTATION_CONTEXT(2) 
PARAMETRIC_REPRESENTATION_CONTEXT() REPRESENTATION_CONTEXT('2D SPACE',''
  ) );
#14607 = PCURVE('',#12231,#14608);
#14608 = DEFINITIONAL_REPRESENTATION('',(#14609),#14612);
#14609 = B_SPLINE_CURVE_WITH_KNOTS('',1,(#14610,#14611),.UNSPECIFIED.,
  .F.,.F.,(2,2),(0.,2.),.PIECEWISE_BEZIER_KNOTS.);
#14610 = CARTESIAN_POINT('',(0.162334842753,1.122547412784));
#14611 = CARTESIAN_POINT('',(0.162334842753,-0.877452587216));
#14612 = ( GEOMETRIC_REPRESENTATION_CONTEXT(2) 
PARAMETRIC_REPRESENTATION_CONTEXT() REPRESENTATION_CONTEXT('2D SPACE',''
  ) );
#14613 = ADVANCED_FACE('',(#14614),#12175,.T.);
#14614 = FACE_BOUND('',#14615,.T.);
#14615 = EDGE_LOOP('',(#14616,#14617,#14618));
#14616 = ORIENTED_EDGE('',*,*,#14544,.F.);
#14617 = ORIENTED_EDGE('',*,*,#14573,.F.);
#14618 = ORIENTED_EDGE('',*,*,#12159,.F.);
#14619 = ADVANCED_FACE('',(#14620),#13592,.T.);
#14620 = FACE_BOUND('',#14621,.T.);
#14621 = EDGE_LOOP('',(#14622,#14642,#14643));
#14622 = ORIENTED_EDGE('',*,*,#14623,.T.);
#14623 = EDGE_CURVE('',#12216,#13577,#14624,.T.);
#14624 = SURFACE_CURVE('',#14625,(#14629,#14636),.PCURVE_S1.);
#14625 = LINE('',#14626,#14627);
#14626 = CARTESIAN_POINT('',(-167.9759979248,52.463996887207,-1.));
#14627 = VECTOR('',#14628,1.);
#14628 = DIRECTION('',(0.138171634199,0.236588931714,0.96173503466));
#14629 = PCURVE('',#13592,#14630);
#14630 = DEFINITIONAL_REPRESENTATION('',(#14631),#14635);
#14631 = LINE('',#14632,#14633);
#14632 = CARTESIAN_POINT('',(-0.162334842753,-1.122547412784));
#14633 = VECTOR('',#14634,1.);
#14634 = DIRECTION('',(0.273981245903,0.96173503466));
#14635 = ( GEOMETRIC_REPRESENTATION_CONTEXT(2) 
PARAMETRIC_REPRESENTATION_CONTEXT() REPRESENTATION_CONTEXT('2D SPACE',''
  ) );
#14636 = PCURVE('',#12231,#14637);
#14637 = DEFINITIONAL_REPRESENTATION('',(#14638),#14641);
#14638 = B_SPLINE_CURVE_WITH_KNOTS('',1,(#14639,#14640),.UNSPECIFIED.,
  .F.,.F.,(2,2),(0.,2.079574859936),.PIECEWISE_BEZIER_KNOTS.);
#14639 = CARTESIAN_POINT('',(-0.407429668322,-0.877452587216));
#14640 = CARTESIAN_POINT('',(0.162334842753,1.122547412784));
#14641 = ( GEOMETRIC_REPRESENTATION_CONTEXT(2) 
PARAMETRIC_REPRESENTATION_CONTEXT() REPRESENTATION_CONTEXT('2D SPACE',''
  ) );
#14642 = ORIENTED_EDGE('',*,*,#13576,.F.);
#14643 = ORIENTED_EDGE('',*,*,#14644,.T.);
#14644 = EDGE_CURVE('',#13521,#12216,#14645,.T.);
#14645 = SURFACE_CURVE('',#14646,(#14650,#14657),.PCURVE_S1.);
#14646 = LINE('',#14647,#14648);
#14647 = CARTESIAN_POINT('',(-167.9759979248,52.463996887207,1.));
#14648 = VECTOR('',#14649,1.);
#14649 = DIRECTION('',(0.,0.,-1.));
#14650 = PCURVE('',#13592,#14651);
#14651 = DEFINITIONAL_REPRESENTATION('',(#14652),#14656);
#14652 = LINE('',#14653,#14654);
#14653 = CARTESIAN_POINT('',(-0.162334842753,0.877452587216));
#14654 = VECTOR('',#14655,1.);
#14655 = DIRECTION('',(0.,-1.));
#14656 = ( GEOMETRIC_REPRESENTATION_CONTEXT(2) 
PARAMETRIC_REPRESENTATION_CONTEXT() REPRESENTATION_CONTEXT('2D SPACE',''
  ) );
#14657 = PCURVE('',#13536,#14658);
#14658 = DEFINITIONAL_REPRESENTATION('',(#14659),#14662);
#14659 = B_SPLINE_CURVE_WITH_KNOTS('',1,(#14660,#14661),.UNSPECIFIED.,
  .F.,.F.,(2,2),(0.,2.),.PIECEWISE_BEZIER_KNOTS.);
#14660 = CARTESIAN_POINT('',(0.153413543654,0.882606088331));
#14661 = CARTESIAN_POINT('',(0.153413543654,-1.117393911669));
#14662 = ( GEOMETRIC_REPRESENTATION_CONTEXT(2) 
PARAMETRIC_REPRESENTATION_CONTEXT() REPRESENTATION_CONTEXT('2D SPACE',''
  ) );
#14663 = ADVANCED_FACE('',(#14664),#12231,.T.);
#14664 = FACE_BOUND('',#14665,.T.);
#14665 = EDGE_LOOP('',(#14666,#14667,#14668));
#14666 = ORIENTED_EDGE('',*,*,#14594,.F.);
#14667 = ORIENTED_EDGE('',*,*,#14623,.F.);
#14668 = ORIENTED_EDGE('',*,*,#12215,.F.);
#14669 = ADVANCED_FACE('',(#14670),#12287,.T.);
#14670 = FACE_BOUND('',#14671,.T.);
#14671 = EDGE_LOOP('',(#14672,#14692,#14712));
#14672 = ORIENTED_EDGE('',*,*,#14673,.T.);
#14673 = EDGE_CURVE('',#12216,#13465,#14674,.T.);
#14674 = SURFACE_CURVE('',#14675,(#14679,#14686),.PCURVE_S1.);
#14675 = LINE('',#14676,#14677);
#14676 = CARTESIAN_POINT('',(-167.9759979248,52.463996887207,-1.));
#14677 = VECTOR('',#14678,1.);
#14678 = DIRECTION('',(-0.158299572499,-0.208007523484,0.965232674292));
#14679 = PCURVE('',#12287,#14680);
#14680 = DEFINITIONAL_REPRESENTATION('',(#14681),#14685);
#14681 = LINE('',#14682,#14683);
#14682 = CARTESIAN_POINT('',(0.388201366992,-0.882606088331));
#14683 = VECTOR('',#14684,1.);
#14684 = DIRECTION('',(-0.26139220432,0.965232674292));
#14685 = ( GEOMETRIC_REPRESENTATION_CONTEXT(2) 
PARAMETRIC_REPRESENTATION_CONTEXT() REPRESENTATION_CONTEXT('2D SPACE',''
  ) );
#14686 = PCURVE('',#13536,#14687);
#14687 = DEFINITIONAL_REPRESENTATION('',(#14688),#14691);
#14688 = B_SPLINE_CURVE_WITH_KNOTS('',1,(#14689,#14690),.UNSPECIFIED.,
  .F.,.F.,(2,2),(0.,2.07203926397),.PIECEWISE_BEZIER_KNOTS.);
#14689 = CARTESIAN_POINT('',(0.153413543654,-1.117393911669));
#14690 = CARTESIAN_POINT('',(-0.388201366992,0.882606088331));
#14691 = ( GEOMETRIC_REPRESENTATION_CONTEXT(2) 
PARAMETRIC_REPRESENTATION_CONTEXT() REPRESENTATION_CONTEXT('2D SPACE',''
  ) );
#14692 = ORIENTED_EDGE('',*,*,#14693,.T.);
#14693 = EDGE_CURVE('',#13465,#12272,#14694,.T.);
#14694 = SURFACE_CURVE('',#14695,(#14699,#14706),.PCURVE_S1.);
#14695 = LINE('',#14696,#14697);
#14696 = CARTESIAN_POINT('',(-168.3040008544,52.032997131348,1.));
#14697 = VECTOR('',#14698,1.);
#14698 = DIRECTION('',(0.,0.,-1.));
#14699 = PCURVE('',#12287,#14700);
#14700 = DEFINITIONAL_REPRESENTATION('',(#14701),#14705);
#14701 = LINE('',#14702,#14703);
#14702 = CARTESIAN_POINT('',(-0.153413543654,1.117393911669));
#14703 = VECTOR('',#14704,1.);
#14704 = DIRECTION('',(0.,-1.));
#14705 = ( GEOMETRIC_REPRESENTATION_CONTEXT(2) 
PARAMETRIC_REPRESENTATION_CONTEXT() REPRESENTATION_CONTEXT('2D SPACE',''
  ) );
#14706 = PCURVE('',#13480,#14707);
#14707 = DEFINITIONAL_REPRESENTATION('',(#14708),#14711);
#14708 = B_SPLINE_CURVE_WITH_KNOTS('',1,(#14709,#14710),.UNSPECIFIED.,
  .F.,.F.,(2,2),(0.,2.),.PIECEWISE_BEZIER_KNOTS.);
#14709 = CARTESIAN_POINT('',(0.144475442,0.887912376031));
#14710 = CARTESIAN_POINT('',(0.144475442,-1.112087623969));
#14711 = ( GEOMETRIC_REPRESENTATION_CONTEXT(2) 
PARAMETRIC_REPRESENTATION_CONTEXT() REPRESENTATION_CONTEXT('2D SPACE',''
  ) );
#14712 = ORIENTED_EDGE('',*,*,#12271,.F.);
#14713 = ADVANCED_FACE('',(#14714),#13536,.T.);
#14714 = FACE_BOUND('',#14715,.T.);
#14715 = EDGE_LOOP('',(#14716,#14717,#14718));
#14716 = ORIENTED_EDGE('',*,*,#13520,.F.);
#14717 = ORIENTED_EDGE('',*,*,#14673,.F.);
#14718 = ORIENTED_EDGE('',*,*,#14644,.F.);
#14719 = ADVANCED_FACE('',(#14720),#8186,.T.);
#14720 = FACE_BOUND('',#14721,.T.);
#14721 = EDGE_LOOP('',(#14722,#14742,#14743));
#14722 = ORIENTED_EDGE('',*,*,#14723,.T.);
#14723 = EDGE_CURVE('',#10330,#8145,#14724,.T.);
#14724 = SURFACE_CURVE('',#14725,(#14729,#14736),.PCURVE_S1.);
#14725 = LINE('',#14726,#14727);
#14726 = CARTESIAN_POINT('',(-184.9420013427,60.619003295898,-1.));
#14727 = VECTOR('',#14728,1.);
#14728 = DIRECTION('',(-0.190120073367,-0.140406854463,0.971668808248));
#14729 = PCURVE('',#8186,#14730);
#14730 = DEFINITIONAL_REPRESENTATION('',(#14731),#14735);
#14731 = LINE('',#14732,#14733);
#14732 = CARTESIAN_POINT('',(0.136197547124,1.107040295691));
#14733 = VECTOR('',#14734,1.);
#14734 = DIRECTION('',(-0.236346624849,-0.971668808248));
#14735 = ( GEOMETRIC_REPRESENTATION_CONTEXT(2) 
PARAMETRIC_REPRESENTATION_CONTEXT() REPRESENTATION_CONTEXT('2D SPACE',''
  ) );
#14736 = PCURVE('',#10371,#14737);
#14737 = DEFINITIONAL_REPRESENTATION('',(#14738),#14741);
#14738 = B_SPLINE_CURVE_WITH_KNOTS('',1,(#14739,#14740),.UNSPECIFIED.,
  .F.,.F.,(2,2),(0.,2.058314502866),.PIECEWISE_BEZIER_KNOTS.);
#14739 = CARTESIAN_POINT('',(0.350278138505,0.892959704309));
#14740 = CARTESIAN_POINT('',(-0.136197547124,-1.107040295691));
#14741 = ( GEOMETRIC_REPRESENTATION_CONTEXT(2) 
PARAMETRIC_REPRESENTATION_CONTEXT() REPRESENTATION_CONTEXT('2D SPACE',''
  ) );
#14742 = ORIENTED_EDGE('',*,*,#8172,.F.);
#14743 = ORIENTED_EDGE('',*,*,#14744,.T.);
#14744 = EDGE_CURVE('',#8034,#10330,#14745,.T.);
#14745 = SURFACE_CURVE('',#14746,(#14750,#14757),.PCURVE_S1.);
#14746 = LINE('',#14747,#14748);
#14747 = CARTESIAN_POINT('',(-184.9420013427,60.619003295898,1.));
#14748 = VECTOR('',#14749,1.);
#14749 = DIRECTION('',(0.,0.,-1.));
#14750 = PCURVE('',#8186,#14751);
#14751 = DEFINITIONAL_REPRESENTATION('',(#14752),#14756);
#14752 = LINE('',#14753,#14754);
#14753 = CARTESIAN_POINT('',(0.136197547124,-0.892959704309));
#14754 = VECTOR('',#14755,1.);
#14755 = DIRECTION('',(0.,1.));
#14756 = ( GEOMETRIC_REPRESENTATION_CONTEXT(2) 
PARAMETRIC_REPRESENTATION_CONTEXT() REPRESENTATION_CONTEXT('2D SPACE',''
  ) );
#14757 = PCURVE('',#10402,#14758);
#14758 = DEFINITIONAL_REPRESENTATION('',(#14759),#14762);
#14759 = B_SPLINE_CURVE_WITH_KNOTS('',1,(#14760,#14761),.UNSPECIFIED.,
  .F.,.F.,(2,2),(0.,2.),.PIECEWISE_BEZIER_KNOTS.);
#14760 = CARTESIAN_POINT('',(-0.129122422568,-1.102621062242));
#14761 = CARTESIAN_POINT('',(-0.129122422568,0.897378937758));
#14762 = ( GEOMETRIC_REPRESENTATION_CONTEXT(2) 
PARAMETRIC_REPRESENTATION_CONTEXT() REPRESENTATION_CONTEXT('2D SPACE',''
  ) );
#14763 = ADVANCED_FACE('',(#14764),#10371,.T.);
#14764 = FACE_BOUND('',#14765,.T.);
#14765 = EDGE_LOOP('',(#14766,#14786,#14787));
#14766 = ORIENTED_EDGE('',*,*,#14767,.T.);
#14767 = EDGE_CURVE('',#10274,#8145,#14768,.T.);
#14768 = SURFACE_CURVE('',#14769,(#14773,#14780),.PCURVE_S1.);
#14769 = LINE('',#14770,#14771);
#14770 = CARTESIAN_POINT('',(-185.333328247,60.330001831055,-1.));
#14771 = VECTOR('',#14772,1.);
#14772 = DIRECTION('',(0.,0.,1.));
#14773 = PCURVE('',#10371,#14774);
#14774 = DEFINITIONAL_REPRESENTATION('',(#14775),#14779);
#14775 = LINE('',#14776,#14777);
#14776 = CARTESIAN_POINT('',(-0.136197547124,0.892959704309));
#14777 = VECTOR('',#14778,1.);
#14778 = DIRECTION('',(0.,-1.));
#14779 = ( GEOMETRIC_REPRESENTATION_CONTEXT(2) 
PARAMETRIC_REPRESENTATION_CONTEXT() REPRESENTATION_CONTEXT('2D SPACE',''
  ) );
#14780 = PCURVE('',#8216,#14781);
#14781 = DEFINITIONAL_REPRESENTATION('',(#14782),#14785);
#14782 = B_SPLINE_CURVE_WITH_KNOTS('',1,(#14783,#14784),.UNSPECIFIED.,
  .F.,.F.,(2,2),(0.,2.),.PIECEWISE_BEZIER_KNOTS.);
#14783 = CARTESIAN_POINT('',(-0.144475442,-1.112087623969));
#14784 = CARTESIAN_POINT('',(-0.144475442,0.887912376031));
#14785 = ( GEOMETRIC_REPRESENTATION_CONTEXT(2) 
PARAMETRIC_REPRESENTATION_CONTEXT() REPRESENTATION_CONTEXT('2D SPACE',''
  ) );
#14786 = ORIENTED_EDGE('',*,*,#14723,.F.);
#14787 = ORIENTED_EDGE('',*,*,#10357,.F.);
#14788 = ADVANCED_FACE('',(#14789),#8049,.T.);
#14789 = FACE_BOUND('',#14790,.T.);
#14790 = EDGE_LOOP('',(#14791,#14811,#14812));
#14791 = ORIENTED_EDGE('',*,*,#14792,.T.);
#14792 = EDGE_CURVE('',#10387,#8034,#14793,.T.);
#14793 = SURFACE_CURVE('',#14794,(#14798,#14805),.PCURVE_S1.);
#14794 = LINE('',#14795,#14796);
#14795 = CARTESIAN_POINT('',(-184.5293273925,60.830001831055,-1.));
#14796 = VECTOR('',#14797,1.);
#14797 = DIRECTION('',(-0.201009938294,-0.102775575031,0.974182829804));
#14798 = PCURVE('',#8049,#14799);
#14799 = DEFINITIONAL_REPRESENTATION('',(#14800),#14804);
#14800 = LINE('',#14801,#14802);
#14801 = CARTESIAN_POINT('',(0.129122422568,1.102621062242));
#14802 = VECTOR('',#14803,1.);
#14803 = DIRECTION('',(-0.225760523821,-0.974182829804));
#14804 = ( GEOMETRIC_REPRESENTATION_CONTEXT(2) 
PARAMETRIC_REPRESENTATION_CONTEXT() REPRESENTATION_CONTEXT('2D SPACE',''
  ) );
#14805 = PCURVE('',#10402,#14806);
#14806 = DEFINITIONAL_REPRESENTATION('',(#14807),#14810);
#14807 = B_SPLINE_CURVE_WITH_KNOTS('',1,(#14808,#14809),.UNSPECIFIED.,
  .F.,.F.,(2,2),(0.,2.053002720653),.PIECEWISE_BEZIER_KNOTS.);
#14808 = CARTESIAN_POINT('',(0.334364547052,0.897378937758));
#14809 = CARTESIAN_POINT('',(-0.129122422568,-1.102621062242));
#14810 = ( GEOMETRIC_REPRESENTATION_CONTEXT(2) 
PARAMETRIC_REPRESENTATION_CONTEXT() REPRESENTATION_CONTEXT('2D SPACE',''
  ) );
#14811 = ORIENTED_EDGE('',*,*,#8033,.F.);
#14812 = ORIENTED_EDGE('',*,*,#14813,.T.);
#14813 = EDGE_CURVE('',#8002,#10387,#14814,.T.);
#14814 = SURFACE_CURVE('',#14815,(#14819,#14826),.PCURVE_S1.);
#14815 = LINE('',#14816,#14817);
#14816 = CARTESIAN_POINT('',(-184.5293273925,60.830001831055,1.));
#14817 = VECTOR('',#14818,1.);
#14818 = DIRECTION('',(0.,0.,-1.));
#14819 = PCURVE('',#8049,#14820);
#14820 = DEFINITIONAL_REPRESENTATION('',(#14821),#14825);
#14821 = LINE('',#14822,#14823);
#14822 = CARTESIAN_POINT('',(0.129122422568,-0.897378937758));
#14823 = VECTOR('',#14824,1.);
#14824 = DIRECTION('',(0.,1.));
#14825 = ( GEOMETRIC_REPRESENTATION_CONTEXT(2) 
PARAMETRIC_REPRESENTATION_CONTEXT() REPRESENTATION_CONTEXT('2D SPACE',''
  ) );
#14826 = PCURVE('',#10457,#14827);
#14827 = DEFINITIONAL_REPRESENTATION('',(#14828),#14831);
#14828 = B_SPLINE_CURVE_WITH_KNOTS('',1,(#14829,#14830),.UNSPECIFIED.,
  .F.,.F.,(2,2),(0.,2.),.PIECEWISE_BEZIER_KNOTS.);
#14829 = CARTESIAN_POINT('',(-0.123719001495,-1.099178477166));
#14830 = CARTESIAN_POINT('',(-0.123719001495,0.900821522834));
#14831 = ( GEOMETRIC_REPRESENTATION_CONTEXT(2) 
PARAMETRIC_REPRESENTATION_CONTEXT() REPRESENTATION_CONTEXT('2D SPACE',''
  ) );
#14832 = ADVANCED_FACE('',(#14833),#10402,.T.);
#14833 = FACE_BOUND('',#14834,.T.);
#14834 = EDGE_LOOP('',(#14835,#14836,#14837));
#14835 = ORIENTED_EDGE('',*,*,#14744,.F.);
#14836 = ORIENTED_EDGE('',*,*,#14792,.F.);
#14837 = ORIENTED_EDGE('',*,*,#10386,.F.);
#14838 = ADVANCED_FACE('',(#14839),#8022,.T.);
#14839 = FACE_BOUND('',#14840,.T.);
#14840 = EDGE_LOOP('',(#14841,#14861,#14862));
#14841 = ORIENTED_EDGE('',*,*,#14842,.T.);
#14842 = EDGE_CURVE('',#10442,#8002,#14843,.T.);
#14843 = SURFACE_CURVE('',#14844,(#14848,#14855),.PCURVE_S1.);
#14844 = LINE('',#14845,#14846);
#14845 = CARTESIAN_POINT('',(-184.1020050048,60.957000732422,-1.));
#14846 = VECTOR('',#14847,1.);
#14847 = DIRECTION('',(-0.20854342876,-6.19784666157E-02,0.976047287787)
  );
#14848 = PCURVE('',#8022,#14849);
#14849 = DEFINITIONAL_REPRESENTATION('',(#14850),#14854);
#14850 = LINE('',#14851,#14852);
#14851 = CARTESIAN_POINT('',(0.123719001495,1.099178477166));
#14852 = VECTOR('',#14853,1.);
#14853 = DIRECTION('',(-0.217558479502,-0.976047287787));
#14854 = ( GEOMETRIC_REPRESENTATION_CONTEXT(2) 
PARAMETRIC_REPRESENTATION_CONTEXT() REPRESENTATION_CONTEXT('2D SPACE',''
  ) );
#14855 = PCURVE('',#10457,#14856);
#14856 = DEFINITIONAL_REPRESENTATION('',(#14857),#14860);
#14857 = B_SPLINE_CURVE_WITH_KNOTS('',1,(#14858,#14859),.UNSPECIFIED.,
  .F.,.F.,(2,2),(0.,2.049081048659),.PIECEWISE_BEZIER_KNOTS.);
#14858 = CARTESIAN_POINT('',(0.322075955827,0.900821522834));
#14859 = CARTESIAN_POINT('',(-0.123719001495,-1.099178477166));
#14860 = ( GEOMETRIC_REPRESENTATION_CONTEXT(2) 
PARAMETRIC_REPRESENTATION_CONTEXT() REPRESENTATION_CONTEXT('2D SPACE',''
  ) );
#14861 = ORIENTED_EDGE('',*,*,#7999,.F.);
#14862 = ORIENTED_EDGE('',*,*,#14863,.T.);
#14863 = EDGE_CURVE('',#8000,#10442,#14864,.T.);
#14864 = SURFACE_CURVE('',#14865,(#14869,#14876),.PCURVE_S1.);
#14865 = LINE('',#14866,#14867);
#14866 = CARTESIAN_POINT('',(-184.1020050048,60.957000732422,1.));
#14867 = VECTOR('',#14868,1.);
#14868 = DIRECTION('',(0.,0.,-1.));
#14869 = PCURVE('',#8022,#14870);
#14870 = DEFINITIONAL_REPRESENTATION('',(#14871),#14875);
#14871 = LINE('',#14872,#14873);
#14872 = CARTESIAN_POINT('',(0.123719001495,-0.900821522834));
#14873 = VECTOR('',#14874,1.);
#14874 = DIRECTION('',(3.851859888774E-34,1.));
#14875 = ( GEOMETRIC_REPRESENTATION_CONTEXT(2) 
PARAMETRIC_REPRESENTATION_CONTEXT() REPRESENTATION_CONTEXT('2D SPACE',''
  ) );
#14876 = PCURVE('',#10572,#14877);
#14877 = DEFINITIONAL_REPRESENTATION('',(#14878),#14881);
#14878 = B_SPLINE_CURVE_WITH_KNOTS('',1,(#14879,#14880),.UNSPECIFIED.,
  .F.,.F.,(2,2),(0.,2.),.PIECEWISE_BEZIER_KNOTS.);
#14879 = CARTESIAN_POINT('',(-0.121183445206,-1.097542397613));
#14880 = CARTESIAN_POINT('',(-0.121183445206,0.902457602387));
#14881 = ( GEOMETRIC_REPRESENTATION_CONTEXT(2) 
PARAMETRIC_REPRESENTATION_CONTEXT() REPRESENTATION_CONTEXT('2D SPACE',''
  ) );
#14882 = ADVANCED_FACE('',(#14883),#10457,.T.);
#14883 = FACE_BOUND('',#14884,.T.);
#14884 = EDGE_LOOP('',(#14885,#14886,#14887));
#14885 = ORIENTED_EDGE('',*,*,#14813,.F.);
#14886 = ORIENTED_EDGE('',*,*,#14842,.F.);
#14887 = ORIENTED_EDGE('',*,*,#10441,.F.);
#14888 = ADVANCED_FACE('',(#14889),#8129,.T.);
#14889 = FACE_BOUND('',#14890,.T.);
#14890 = EDGE_LOOP('',(#14891,#14911,#14912));
#14891 = ORIENTED_EDGE('',*,*,#14892,.T.);
#14892 = EDGE_CURVE('',#9694,#8000,#14893,.T.);
#14893 = SURFACE_CURVE('',#14894,(#14898,#14905),.PCURVE_S1.);
#14894 = LINE('',#14895,#14896);
#14895 = CARTESIAN_POINT('',(-183.6666717529,61.,-1.));
#14896 = VECTOR('',#14897,1.);
#14897 = DIRECTION('',(-0.212639603002,-2.100309853695E-02,
    0.976904943732));
#14898 = PCURVE('',#8129,#14899);
#14899 = DEFINITIONAL_REPRESENTATION('',(#14900),#14904);
#14900 = LINE('',#14901,#14902);
#14901 = CARTESIAN_POINT('',(0.121183445206,1.097542397613));
#14902 = VECTOR('',#14903,1.);
#14903 = DIRECTION('',(-0.213674357172,-0.976904943732));
#14904 = ( GEOMETRIC_REPRESENTATION_CONTEXT(2) 
PARAMETRIC_REPRESENTATION_CONTEXT() REPRESENTATION_CONTEXT('2D SPACE',''
  ) );
#14905 = PCURVE('',#10572,#14906);
#14906 = DEFINITIONAL_REPRESENTATION('',(#14907),#14910);
#14907 = B_SPLINE_CURVE_WITH_KNOTS('',1,(#14908,#14909),.UNSPECIFIED.,
  .F.,.F.,(2,2),(0.,2.047282095186),.PIECEWISE_BEZIER_KNOTS.);
#14908 = CARTESIAN_POINT('',(0.316268240433,0.902457602387));
#14909 = CARTESIAN_POINT('',(-0.121183445206,-1.097542397613));
#14910 = ( GEOMETRIC_REPRESENTATION_CONTEXT(2) 
PARAMETRIC_REPRESENTATION_CONTEXT() REPRESENTATION_CONTEXT('2D SPACE',''
  ) );
#14911 = ORIENTED_EDGE('',*,*,#8115,.F.);
#14912 = ORIENTED_EDGE('',*,*,#12697,.F.);
#14913 = ADVANCED_FACE('',(#14914),#10572,.T.);
#14914 = FACE_BOUND('',#14915,.T.);
#14915 = EDGE_LOOP('',(#14916,#14917,#14918));
#14916 = ORIENTED_EDGE('',*,*,#14863,.F.);
#14917 = ORIENTED_EDGE('',*,*,#14892,.F.);
#14918 = ORIENTED_EDGE('',*,*,#10553,.F.);
#14919 = ADVANCED_FACE('',(#14920),#10119,.T.);
#14920 = FACE_BOUND('',#14921,.T.);
#14921 = EDGE_LOOP('',(#14922,#14923,#14943));
#14922 = ORIENTED_EDGE('',*,*,#10105,.F.);
#14923 = ORIENTED_EDGE('',*,*,#14924,.T.);
#14924 = EDGE_CURVE('',#8705,#10889,#14925,.T.);
#14925 = SURFACE_CURVE('',#14926,(#14930,#14937),.PCURVE_S1.);
#14926 = LINE('',#14927,#14928);
#14927 = CARTESIAN_POINT('',(-186.8866729736,54.706001281738,1.));
#14928 = VECTOR('',#14929,1.);
#14929 = DIRECTION('',(0.,0.,-1.));
#14930 = PCURVE('',#10119,#14931);
#14931 = DEFINITIONAL_REPRESENTATION('',(#14932),#14936);
#14932 = LINE('',#14933,#14934);
#14933 = CARTESIAN_POINT('',(-0.183276904839,1.134116127401));
#14934 = VECTOR('',#14935,1.);
#14935 = DIRECTION('',(0.,-1.));
#14936 = ( GEOMETRIC_REPRESENTATION_CONTEXT(2) 
PARAMETRIC_REPRESENTATION_CONTEXT() REPRESENTATION_CONTEXT('2D SPACE',''
  ) );
#14937 = PCURVE('',#10948,#14938);
#14938 = DEFINITIONAL_REPRESENTATION('',(#14939),#14942);
#14939 = B_SPLINE_CURVE_WITH_KNOTS('',1,(#14940,#14941),.UNSPECIFIED.,
  .F.,.F.,(2,2),(0.,2.),.PIECEWISE_BEZIER_KNOTS.);
#14940 = CARTESIAN_POINT('',(0.187119930608,1.136162496729));
#14941 = CARTESIAN_POINT('',(0.187119930608,-0.863837503271));
#14942 = ( GEOMETRIC_REPRESENTATION_CONTEXT(2) 
PARAMETRIC_REPRESENTATION_CONTEXT() REPRESENTATION_CONTEXT('2D SPACE',''
  ) );
#14943 = ORIENTED_EDGE('',*,*,#10888,.F.);
#14944 = ADVANCED_FACE('',(#14945),#8720,.T.);
#14945 = FACE_BOUND('',#14946,.T.);
#14946 = EDGE_LOOP('',(#14947,#14967,#14968));
#14947 = ORIENTED_EDGE('',*,*,#14948,.T.);
#14948 = EDGE_CURVE('',#10832,#8705,#14949,.T.);
#14949 = SURFACE_CURVE('',#14950,(#14954,#14961),.PCURVE_S1.);
#14950 = LINE('',#14951,#14952);
#14951 = CARTESIAN_POINT('',(-186.9713287353,55.34700012207,-1.));
#14952 = VECTOR('',#14953,1.);
#14953 = DIRECTION('',(4.027554256233E-02,-0.304959468228,0.95151332277)
  );
#14954 = PCURVE('',#8720,#14955);
#14955 = DEFINITIONAL_REPRESENTATION('',(#14956),#14960);
#14956 = LINE('',#14957,#14958);
#14957 = CARTESIAN_POINT('',(-0.187119930608,-1.136162496729));
#14958 = VECTOR('',#14959,1.);
#14959 = DIRECTION('',(0.307607536629,0.95151332277));
#14960 = ( GEOMETRIC_REPRESENTATION_CONTEXT(2) 
PARAMETRIC_REPRESENTATION_CONTEXT() REPRESENTATION_CONTEXT('2D SPACE',''
  ) );
#14961 = PCURVE('',#10948,#14962);
#14962 = DEFINITIONAL_REPRESENTATION('',(#14963),#14966);
#14963 = B_SPLINE_CURVE_WITH_KNOTS('',1,(#14964,#14965),.UNSPECIFIED.,
  .F.,.F.,(2,2),(0.,2.101914867757),.PIECEWISE_BEZIER_KNOTS.);
#14964 = CARTESIAN_POINT('',(-0.459444924066,-0.863837503271));
#14965 = CARTESIAN_POINT('',(0.187119930608,1.136162496729));
#14966 = ( GEOMETRIC_REPRESENTATION_CONTEXT(2) 
PARAMETRIC_REPRESENTATION_CONTEXT() REPRESENTATION_CONTEXT('2D SPACE',''
  ) );
#14967 = ORIENTED_EDGE('',*,*,#8704,.F.);
#14968 = ORIENTED_EDGE('',*,*,#14969,.T.);
#14969 = EDGE_CURVE('',#8649,#10832,#14970,.T.);
#14970 = SURFACE_CURVE('',#14971,(#14975,#14982),.PCURVE_S1.);
#14971 = LINE('',#14972,#14973);
#14972 = CARTESIAN_POINT('',(-186.9713287353,55.34700012207,1.));
#14973 = VECTOR('',#14974,1.);
#14974 = DIRECTION('',(0.,0.,-1.));
#14975 = PCURVE('',#8720,#14976);
#14976 = DEFINITIONAL_REPRESENTATION('',(#14977),#14981);
#14977 = LINE('',#14978,#14979);
#14978 = CARTESIAN_POINT('',(-0.187119930608,0.863837503271));
#14979 = VECTOR('',#14980,1.);
#14980 = DIRECTION('',(0.,-1.));
#14981 = ( GEOMETRIC_REPRESENTATION_CONTEXT(2) 
PARAMETRIC_REPRESENTATION_CONTEXT() REPRESENTATION_CONTEXT('2D SPACE',''
  ) );
#14982 = PCURVE('',#10847,#14983);
#14983 = DEFINITIONAL_REPRESENTATION('',(#14984),#14987);
#14984 = B_SPLINE_CURVE_WITH_KNOTS('',1,(#14985,#14986),.UNSPECIFIED.,
  .F.,.F.,(2,2),(0.,2.),.PIECEWISE_BEZIER_KNOTS.);
#14985 = CARTESIAN_POINT('',(0.189431900192,1.137382604532));
#14986 = CARTESIAN_POINT('',(0.189431900192,-0.862617395468));
#14987 = ( GEOMETRIC_REPRESENTATION_CONTEXT(2) 
PARAMETRIC_REPRESENTATION_CONTEXT() REPRESENTATION_CONTEXT('2D SPACE',''
  ) );
#14988 = ADVANCED_FACE('',(#14989),#10948,.T.);
#14989 = FACE_BOUND('',#14990,.T.);
#14990 = EDGE_LOOP('',(#14991,#14992,#14993));
#14991 = ORIENTED_EDGE('',*,*,#14924,.F.);
#14992 = ORIENTED_EDGE('',*,*,#14948,.F.);
#14993 = ORIENTED_EDGE('',*,*,#10934,.F.);
#14994 = ADVANCED_FACE('',(#14995),#8664,.T.);
#14995 = FACE_BOUND('',#14996,.T.);
#14996 = EDGE_LOOP('',(#14997,#15017,#15018));
#14997 = ORIENTED_EDGE('',*,*,#14998,.T.);
#14998 = EDGE_CURVE('',#10776,#8649,#14999,.T.);
#14999 = SURFACE_CURVE('',#15000,(#15004,#15011),.PCURVE_S1.);
#15000 = LINE('',#15001,#15002);
#15001 = CARTESIAN_POINT('',(-187.,56.,-1.));
#15002 = VECTOR('',#15003,1.);
#15003 = DIRECTION('',(1.362638840533E-02,-0.310346616182,0.950525801524
    ));
#15004 = PCURVE('',#8664,#15005);
#15005 = DEFINITIONAL_REPRESENTATION('',(#15006),#15010);
#15006 = LINE('',#15007,#15008);
#15007 = CARTESIAN_POINT('',(-0.189431900192,-1.137382604532));
#15008 = VECTOR('',#15009,1.);
#15009 = DIRECTION('',(0.310645619053,0.950525801524));
#15010 = ( GEOMETRIC_REPRESENTATION_CONTEXT(2) 
PARAMETRIC_REPRESENTATION_CONTEXT() REPRESENTATION_CONTEXT('2D SPACE',''
  ) );
#15011 = PCURVE('',#10847,#15012);
#15012 = DEFINITIONAL_REPRESENTATION('',(#15013),#15016);
#15013 = B_SPLINE_CURVE_WITH_KNOTS('',1,(#15014,#15015),.UNSPECIFIED.,
  .F.,.F.,(2,2),(0.,2.10409859132),.PIECEWISE_BEZIER_KNOTS.);
#15014 = CARTESIAN_POINT('',(-0.464197109257,-0.862617395468));
#15015 = CARTESIAN_POINT('',(0.189431900192,1.137382604532));
#15016 = ( GEOMETRIC_REPRESENTATION_CONTEXT(2) 
PARAMETRIC_REPRESENTATION_CONTEXT() REPRESENTATION_CONTEXT('2D SPACE',''
  ) );
#15017 = ORIENTED_EDGE('',*,*,#8648,.F.);
#15018 = ORIENTED_EDGE('',*,*,#15019,.T.);
#15019 = EDGE_CURVE('',#8593,#10776,#15020,.T.);
#15020 = SURFACE_CURVE('',#15021,(#15025,#15032),.PCURVE_S1.);
#15021 = LINE('',#15022,#15023);
#15022 = CARTESIAN_POINT('',(-187.,56.,1.));
#15023 = VECTOR('',#15024,1.);
#15024 = DIRECTION('',(0.,0.,-1.));
#15025 = PCURVE('',#8664,#15026);
#15026 = DEFINITIONAL_REPRESENTATION('',(#15027),#15031);
#15027 = LINE('',#15028,#15029);
#15028 = CARTESIAN_POINT('',(-0.189431900192,0.862617395468));
#15029 = VECTOR('',#15030,1.);
#15030 = DIRECTION('',(0.,-1.));
#15031 = ( GEOMETRIC_REPRESENTATION_CONTEXT(2) 
PARAMETRIC_REPRESENTATION_CONTEXT() REPRESENTATION_CONTEXT('2D SPACE',''
  ) );
#15032 = PCURVE('',#8634,#15033);
#15033 = DEFINITIONAL_REPRESENTATION('',(#15034),#15037);
#15034 = B_SPLINE_CURVE_WITH_KNOTS('',1,(#15035,#15036),.UNSPECIFIED.,
  .F.,.F.,(2,2),(0.,2.),.PIECEWISE_BEZIER_KNOTS.);
#15035 = CARTESIAN_POINT('',(0.189431900192,0.862617395468));
#15036 = CARTESIAN_POINT('',(0.189431900192,-1.137382604532));
#15037 = ( GEOMETRIC_REPRESENTATION_CONTEXT(2) 
PARAMETRIC_REPRESENTATION_CONTEXT() REPRESENTATION_CONTEXT('2D SPACE',''
  ) );
#15038 = ADVANCED_FACE('',(#15039),#10847,.T.);
#15039 = FACE_BOUND('',#15040,.T.);
#15040 = EDGE_LOOP('',(#15041,#15042,#15043));
#15041 = ORIENTED_EDGE('',*,*,#14969,.F.);
#15042 = ORIENTED_EDGE('',*,*,#14998,.F.);
#15043 = ORIENTED_EDGE('',*,*,#10831,.F.);
#15044 = ADVANCED_FACE('',(#15045),#10816,.T.);
#15045 = FACE_BOUND('',#15046,.T.);
#15046 = EDGE_LOOP('',(#15047,#15067,#15087));
#15047 = ORIENTED_EDGE('',*,*,#15048,.T.);
#15048 = EDGE_CURVE('',#10776,#8537,#15049,.T.);
#15049 = SURFACE_CURVE('',#15050,(#15054,#15061),.PCURVE_S1.);
#15050 = LINE('',#15051,#15052);
#15051 = CARTESIAN_POINT('',(-187.,56.,-1.));
#15052 = VECTOR('',#15053,1.);
#15053 = DIRECTION('',(1.362638840533E-02,0.310346616182,0.950525801524)
  );
#15054 = PCURVE('',#10816,#15055);
#15055 = DEFINITIONAL_REPRESENTATION('',(#15056),#15060);
#15056 = LINE('',#15057,#15058);
#15057 = CARTESIAN_POINT('',(0.464197109257,-0.862617395468));
#15058 = VECTOR('',#15059,1.);
#15059 = DIRECTION('',(-0.310645619053,0.950525801524));
#15060 = ( GEOMETRIC_REPRESENTATION_CONTEXT(2) 
PARAMETRIC_REPRESENTATION_CONTEXT() REPRESENTATION_CONTEXT('2D SPACE',''
  ) );
#15061 = PCURVE('',#8634,#15062);
#15062 = DEFINITIONAL_REPRESENTATION('',(#15063),#15066);
#15063 = B_SPLINE_CURVE_WITH_KNOTS('',1,(#15064,#15065),.UNSPECIFIED.,
  .F.,.F.,(2,2),(0.,2.10409859132),.PIECEWISE_BEZIER_KNOTS.);
#15064 = CARTESIAN_POINT('',(0.189431900192,-1.137382604532));
#15065 = CARTESIAN_POINT('',(-0.464197109257,0.862617395468));
#15066 = ( GEOMETRIC_REPRESENTATION_CONTEXT(2) 
PARAMETRIC_REPRESENTATION_CONTEXT() REPRESENTATION_CONTEXT('2D SPACE',''
  ) );
#15067 = ORIENTED_EDGE('',*,*,#15068,.T.);
#15068 = EDGE_CURVE('',#8537,#10690,#15069,.T.);
#15069 = SURFACE_CURVE('',#15070,(#15074,#15081),.PCURVE_S1.);
#15070 = LINE('',#15071,#15072);
#15071 = CARTESIAN_POINT('',(-186.9713287353,56.65299987793,1.));
#15072 = VECTOR('',#15073,1.);
#15073 = DIRECTION('',(0.,0.,-1.));
#15074 = PCURVE('',#10816,#15075);
#15075 = DEFINITIONAL_REPRESENTATION('',(#15076),#15080);
#15076 = LINE('',#15077,#15078);
#15077 = CARTESIAN_POINT('',(-0.189431900192,1.137382604532));
#15078 = VECTOR('',#15079,1.);
#15079 = DIRECTION('',(0.,-1.));
#15080 = ( GEOMETRIC_REPRESENTATION_CONTEXT(2) 
PARAMETRIC_REPRESENTATION_CONTEXT() REPRESENTATION_CONTEXT('2D SPACE',''
  ) );
#15081 = PCURVE('',#8578,#15082);
#15082 = DEFINITIONAL_REPRESENTATION('',(#15083),#15086);
#15083 = B_SPLINE_CURVE_WITH_KNOTS('',1,(#15084,#15085),.UNSPECIFIED.,
  .F.,.F.,(2,2),(0.,2.),.PIECEWISE_BEZIER_KNOTS.);
#15084 = CARTESIAN_POINT('',(0.187119930608,0.863837503271));
#15085 = CARTESIAN_POINT('',(0.187119930608,-1.136162496729));
#15086 = ( GEOMETRIC_REPRESENTATION_CONTEXT(2) 
PARAMETRIC_REPRESENTATION_CONTEXT() REPRESENTATION_CONTEXT('2D SPACE',''
  ) );
#15087 = ORIENTED_EDGE('',*,*,#10802,.F.);
#15088 = ADVANCED_FACE('',(#15089),#8634,.T.);
#15089 = FACE_BOUND('',#15090,.T.);
#15090 = EDGE_LOOP('',(#15091,#15092,#15093));
#15091 = ORIENTED_EDGE('',*,*,#8620,.F.);
#15092 = ORIENTED_EDGE('',*,*,#15048,.F.);
#15093 = ORIENTED_EDGE('',*,*,#15019,.F.);
#15094 = ADVANCED_FACE('',(#15095),#10730,.T.);
#15095 = FACE_BOUND('',#15096,.T.);
#15096 = EDGE_LOOP('',(#15097,#15117,#15137));
#15097 = ORIENTED_EDGE('',*,*,#15098,.T.);
#15098 = EDGE_CURVE('',#10690,#8481,#15099,.T.);
#15099 = SURFACE_CURVE('',#15100,(#15104,#15111),.PCURVE_S1.);
#15100 = LINE('',#15101,#15102);
#15101 = CARTESIAN_POINT('',(-186.9713287353,56.65299987793,-1.));
#15102 = VECTOR('',#15103,1.);
#15103 = DIRECTION('',(4.027554256233E-02,0.304959468228,0.95151332277)
  );
#15104 = PCURVE('',#10730,#15105);
#15105 = DEFINITIONAL_REPRESENTATION('',(#15106),#15110);
#15106 = LINE('',#15107,#15108);
#15107 = CARTESIAN_POINT('',(0.459444924066,-0.863837503271));
#15108 = VECTOR('',#15109,1.);
#15109 = DIRECTION('',(-0.307607536629,0.95151332277));
#15110 = ( GEOMETRIC_REPRESENTATION_CONTEXT(2) 
PARAMETRIC_REPRESENTATION_CONTEXT() REPRESENTATION_CONTEXT('2D SPACE',''
  ) );
#15111 = PCURVE('',#8578,#15112);
#15112 = DEFINITIONAL_REPRESENTATION('',(#15113),#15116);
#15113 = B_SPLINE_CURVE_WITH_KNOTS('',1,(#15114,#15115),.UNSPECIFIED.,
  .F.,.F.,(2,2),(0.,2.101914867757),.PIECEWISE_BEZIER_KNOTS.);
#15114 = CARTESIAN_POINT('',(0.187119930608,-1.136162496729));
#15115 = CARTESIAN_POINT('',(-0.459444924066,0.863837503271));
#15116 = ( GEOMETRIC_REPRESENTATION_CONTEXT(2) 
PARAMETRIC_REPRESENTATION_CONTEXT() REPRESENTATION_CONTEXT('2D SPACE',''
  ) );
#15117 = ORIENTED_EDGE('',*,*,#15118,.T.);
#15118 = EDGE_CURVE('',#8481,#10634,#15119,.T.);
#15119 = SURFACE_CURVE('',#15120,(#15124,#15131),.PCURVE_S1.);
#15120 = LINE('',#15121,#15122);
#15121 = CARTESIAN_POINT('',(-186.8866729736,57.293998718262,1.));
#15122 = VECTOR('',#15123,1.);
#15123 = DIRECTION('',(0.,0.,-1.));
#15124 = PCURVE('',#10730,#15125);
#15125 = DEFINITIONAL_REPRESENTATION('',(#15126),#15130);
#15126 = LINE('',#15127,#15128);
#15127 = CARTESIAN_POINT('',(-0.187119930608,1.136162496729));
#15128 = VECTOR('',#15129,1.);
#15129 = DIRECTION('',(0.,-1.));
#15130 = ( GEOMETRIC_REPRESENTATION_CONTEXT(2) 
PARAMETRIC_REPRESENTATION_CONTEXT() REPRESENTATION_CONTEXT('2D SPACE',''
  ) );
#15131 = PCURVE('',#8522,#15132);
#15132 = DEFINITIONAL_REPRESENTATION('',(#15133),#15136);
#15133 = B_SPLINE_CURVE_WITH_KNOTS('',1,(#15134,#15135),.UNSPECIFIED.,
  .F.,.F.,(2,2),(0.,2.),.PIECEWISE_BEZIER_KNOTS.);
#15134 = CARTESIAN_POINT('',(0.183276904839,0.865883872599));
#15135 = CARTESIAN_POINT('',(0.183276904839,-1.134116127401));
#15136 = ( GEOMETRIC_REPRESENTATION_CONTEXT(2) 
PARAMETRIC_REPRESENTATION_CONTEXT() REPRESENTATION_CONTEXT('2D SPACE',''
  ) );
#15137 = ORIENTED_EDGE('',*,*,#10716,.F.);
#15138 = ADVANCED_FACE('',(#15139),#8578,.T.);
#15139 = FACE_BOUND('',#15140,.T.);
#15140 = EDGE_LOOP('',(#15141,#15142,#15143));
#15141 = ORIENTED_EDGE('',*,*,#8564,.F.);
#15142 = ORIENTED_EDGE('',*,*,#15098,.F.);
#15143 = ORIENTED_EDGE('',*,*,#15068,.F.);
#15144 = ADVANCED_FACE('',(#15145),#10649,.T.);
#15145 = FACE_BOUND('',#15146,.T.);
#15146 = EDGE_LOOP('',(#15147,#15167,#15187));
#15147 = ORIENTED_EDGE('',*,*,#15148,.T.);
#15148 = EDGE_CURVE('',#10634,#8425,#15149,.T.);
#15149 = SURFACE_CURVE('',#15150,(#15154,#15161),.PCURVE_S1.);
#15150 = LINE('',#15151,#15152);
#15151 = CARTESIAN_POINT('',(-186.8866729736,57.293998718262,-1.));
#15152 = VECTOR('',#15153,1.);
#15153 = DIRECTION('',(6.703966607992E-02,0.294999255219,0.953142760866)
  );
#15154 = PCURVE('',#10649,#15155);
#15155 = DEFINITIONAL_REPRESENTATION('',(#15156),#15160);
#15156 = LINE('',#15157,#15158);
#15157 = CARTESIAN_POINT('',(0.45150915964,-0.865883872599));
#15158 = VECTOR('',#15159,1.);
#15159 = DIRECTION('',(-0.302520871029,0.953142760866));
#15160 = ( GEOMETRIC_REPRESENTATION_CONTEXT(2) 
PARAMETRIC_REPRESENTATION_CONTEXT() REPRESENTATION_CONTEXT('2D SPACE',''
  ) );
#15161 = PCURVE('',#8522,#15162);
#15162 = DEFINITIONAL_REPRESENTATION('',(#15163),#15166);
#15163 = B_SPLINE_CURVE_WITH_KNOTS('',1,(#15164,#15165),.UNSPECIFIED.,
  .F.,.F.,(2,2),(0.,2.098321554876),.PIECEWISE_BEZIER_KNOTS.);
#15164 = CARTESIAN_POINT('',(0.183276904839,-1.134116127401));
#15165 = CARTESIAN_POINT('',(-0.45150915964,0.865883872599));
#15166 = ( GEOMETRIC_REPRESENTATION_CONTEXT(2) 
PARAMETRIC_REPRESENTATION_CONTEXT() REPRESENTATION_CONTEXT('2D SPACE',''
  ) );
#15167 = ORIENTED_EDGE('',*,*,#15168,.T.);
#15168 = EDGE_CURVE('',#8425,#10584,#15169,.T.);
#15169 = SURFACE_CURVE('',#15170,(#15174,#15181),.PCURVE_S1.);
#15170 = LINE('',#15171,#15172);
#15171 = CARTESIAN_POINT('',(-186.7460021972,57.91300201416,1.));
#15172 = VECTOR('',#15173,1.);
#15173 = DIRECTION('',(0.,0.,-1.));
#15174 = PCURVE('',#10649,#15175);
#15175 = DEFINITIONAL_REPRESENTATION('',(#15176),#15180);
#15176 = LINE('',#15177,#15178);
#15177 = CARTESIAN_POINT('',(-0.183276904839,1.134116127401));
#15178 = VECTOR('',#15179,1.);
#15179 = DIRECTION('',(-0.,-1.));
#15180 = ( GEOMETRIC_REPRESENTATION_CONTEXT(2) 
PARAMETRIC_REPRESENTATION_CONTEXT() REPRESENTATION_CONTEXT('2D SPACE',''
  ) );
#15181 = PCURVE('',#8466,#15182);
#15182 = DEFINITIONAL_REPRESENTATION('',(#15183),#15186);
#15183 = B_SPLINE_CURVE_WITH_KNOTS('',1,(#15184,#15185),.UNSPECIFIED.,
  .F.,.F.,(2,2),(0.,2.),.PIECEWISE_BEZIER_KNOTS.);
#15184 = CARTESIAN_POINT('',(0.177764677467,0.868859588455));
#15185 = CARTESIAN_POINT('',(0.177764677467,-1.131140411545));
#15186 = ( GEOMETRIC_REPRESENTATION_CONTEXT(2) 
PARAMETRIC_REPRESENTATION_CONTEXT() REPRESENTATION_CONTEXT('2D SPACE',''
  ) );
#15187 = ORIENTED_EDGE('',*,*,#10633,.F.);
#15188 = ADVANCED_FACE('',(#15189),#8522,.T.);
#15189 = FACE_BOUND('',#15190,.T.);
#15190 = EDGE_LOOP('',(#15191,#15192,#15193));
#15191 = ORIENTED_EDGE('',*,*,#8508,.F.);
#15192 = ORIENTED_EDGE('',*,*,#15148,.F.);
#15193 = ORIENTED_EDGE('',*,*,#15118,.F.);
#15194 = ADVANCED_FACE('',(#15195),#10759,.T.);
#15195 = FACE_BOUND('',#15196,.T.);
#15196 = EDGE_LOOP('',(#15197,#15217,#15237));
#15197 = ORIENTED_EDGE('',*,*,#15198,.T.);
#15198 = EDGE_CURVE('',#10584,#8369,#15199,.T.);
#15199 = SURFACE_CURVE('',#15200,(#15204,#15211),.PCURVE_S1.);
#15200 = LINE('',#15201,#15202);
#15201 = CARTESIAN_POINT('',(-186.7460021972,57.91300201416,-1.));
#15202 = VECTOR('',#15203,1.);
#15203 = DIRECTION('',(9.204484157569E-02,0.280424410628,0.955452718382)
  );
#15204 = PCURVE('',#10759,#15205);
#15205 = DEFINITIONAL_REPRESENTATION('',(#15206),#15210);
#15206 = LINE('',#15207,#15208);
#15207 = CARTESIAN_POINT('',(0.440045500557,-0.868859588455));
#15208 = VECTOR('',#15209,1.);
#15209 = DIRECTION('',(-0.295144207019,0.955452718382));
#15210 = ( GEOMETRIC_REPRESENTATION_CONTEXT(2) 
PARAMETRIC_REPRESENTATION_CONTEXT() REPRESENTATION_CONTEXT('2D SPACE',''
  ) );
#15211 = PCURVE('',#8466,#15212);
#15212 = DEFINITIONAL_REPRESENTATION('',(#15213),#15216);
#15213 = B_SPLINE_CURVE_WITH_KNOTS('',1,(#15214,#15215),.UNSPECIFIED.,
  .F.,.F.,(2,2),(0.,2.093248531845),.PIECEWISE_BEZIER_KNOTS.);
#15214 = CARTESIAN_POINT('',(0.177764677467,-1.131140411545));
#15215 = CARTESIAN_POINT('',(-0.440045500557,0.868859588455));
#15216 = ( GEOMETRIC_REPRESENTATION_CONTEXT(2) 
PARAMETRIC_REPRESENTATION_CONTEXT() REPRESENTATION_CONTEXT('2D SPACE',''
  ) );
#15217 = ORIENTED_EDGE('',*,*,#15218,.T.);
#15218 = EDGE_CURVE('',#8369,#10498,#15219,.T.);
#15219 = SURFACE_CURVE('',#15220,(#15224,#15231),.PCURVE_S1.);
#15220 = LINE('',#15221,#15222);
#15221 = CARTESIAN_POINT('',(-186.5533294677,58.5,1.));
#15222 = VECTOR('',#15223,1.);
#15223 = DIRECTION('',(0.,0.,-1.));
#15224 = PCURVE('',#10759,#15225);
#15225 = DEFINITIONAL_REPRESENTATION('',(#15226),#15230);
#15226 = LINE('',#15227,#15228);
#15227 = CARTESIAN_POINT('',(-0.177764677467,1.131140411545));
#15228 = VECTOR('',#15229,1.);
#15229 = DIRECTION('',(3.851859888774E-34,-1.));
#15230 = ( GEOMETRIC_REPRESENTATION_CONTEXT(2) 
PARAMETRIC_REPRESENTATION_CONTEXT() REPRESENTATION_CONTEXT('2D SPACE',''
  ) );
#15231 = PCURVE('',#8410,#15232);
#15232 = DEFINITIONAL_REPRESENTATION('',(#15233),#15236);
#15233 = B_SPLINE_CURVE_WITH_KNOTS('',1,(#15234,#15235),.UNSPECIFIED.,
  .F.,.F.,(2,2),(0.,2.),.PIECEWISE_BEZIER_KNOTS.);
#15234 = CARTESIAN_POINT('',(0.170533930016,0.872837210481));
#15235 = CARTESIAN_POINT('',(0.170533930016,-1.127162789519));
#15236 = ( GEOMETRIC_REPRESENTATION_CONTEXT(2) 
PARAMETRIC_REPRESENTATION_CONTEXT() REPRESENTATION_CONTEXT('2D SPACE',''
  ) );
#15237 = ORIENTED_EDGE('',*,*,#10745,.F.);
#15238 = ADVANCED_FACE('',(#15239),#8466,.T.);
#15239 = FACE_BOUND('',#15240,.T.);
#15240 = EDGE_LOOP('',(#15241,#15242,#15243));
#15241 = ORIENTED_EDGE('',*,*,#8452,.F.);
#15242 = ORIENTED_EDGE('',*,*,#15198,.F.);
#15243 = ORIENTED_EDGE('',*,*,#15168,.F.);
#15244 = ADVANCED_FACE('',(#15245),#8410,.T.);
#15245 = FACE_BOUND('',#15246,.T.);
#15246 = EDGE_LOOP('',(#15247,#15248,#15249));
#15247 = ORIENTED_EDGE('',*,*,#15218,.F.);
#15248 = ORIENTED_EDGE('',*,*,#8396,.F.);
#15249 = ORIENTED_EDGE('',*,*,#15250,.T.);
#15250 = EDGE_CURVE('',#8313,#10498,#15251,.T.);
#15251 = SURFACE_CURVE('',#15252,(#15256,#15263),.PCURVE_S1.);
#15252 = LINE('',#15253,#15254);
#15253 = CARTESIAN_POINT('',(-186.311340332,59.043998718262,1.));
#15254 = VECTOR('',#15255,1.);
#15255 = DIRECTION('',(-0.115965032168,-0.260692814449,-0.958431723081)
  );
#15256 = PCURVE('',#8410,#15257);
#15257 = DEFINITIONAL_REPRESENTATION('',(#15258),#15262);
#15258 = LINE('',#15259,#15260);
#15259 = CARTESIAN_POINT('',(-0.424859509054,0.872837210481));
#15260 = VECTOR('',#15261,1.);
#15261 = DIRECTION('',(0.28532197986,-0.958431723081));
#15262 = ( GEOMETRIC_REPRESENTATION_CONTEXT(2) 
PARAMETRIC_REPRESENTATION_CONTEXT() REPRESENTATION_CONTEXT('2D SPACE',''
  ) );
#15263 = PCURVE('',#10513,#15264);
#15264 = DEFINITIONAL_REPRESENTATION('',(#15265),#15268);
#15265 = B_SPLINE_CURVE_WITH_KNOTS('',1,(#15266,#15267),.UNSPECIFIED.,
  .F.,.F.,(2,2),(0.,2.086742280994),.PIECEWISE_BEZIER_KNOTS.);
#15266 = CARTESIAN_POINT('',(-0.170533930016,1.127162789519));
#15267 = CARTESIAN_POINT('',(0.424859509054,-0.872837210481));
#15268 = ( GEOMETRIC_REPRESENTATION_CONTEXT(2) 
PARAMETRIC_REPRESENTATION_CONTEXT() REPRESENTATION_CONTEXT('2D SPACE',''
  ) );
#15269 = ADVANCED_FACE('',(#15270),#10513,.T.);
#15270 = FACE_BOUND('',#15271,.T.);
#15271 = EDGE_LOOP('',(#15272,#15292,#15293));
#15272 = ORIENTED_EDGE('',*,*,#15273,.T.);
#15273 = EDGE_CURVE('',#8313,#10185,#15274,.T.);
#15274 = SURFACE_CURVE('',#15275,(#15279,#15286),.PCURVE_S1.);
#15275 = LINE('',#15276,#15277);
#15276 = CARTESIAN_POINT('',(-186.311340332,59.043998718262,1.));
#15277 = VECTOR('',#15278,1.);
#15278 = DIRECTION('',(0.,0.,-1.));
#15279 = PCURVE('',#10513,#15280);
#15280 = DEFINITIONAL_REPRESENTATION('',(#15281),#15285);
#15281 = LINE('',#15282,#15283);
#15282 = CARTESIAN_POINT('',(-0.170533930016,1.127162789519));
#15283 = VECTOR('',#15284,1.);
#15284 = DIRECTION('',(-0.,-1.));
#15285 = ( GEOMETRIC_REPRESENTATION_CONTEXT(2) 
PARAMETRIC_REPRESENTATION_CONTEXT() REPRESENTATION_CONTEXT('2D SPACE',''
  ) );
#15286 = PCURVE('',#10207,#15287);
#15287 = DEFINITIONAL_REPRESENTATION('',(#15288),#15291);
#15288 = B_SPLINE_CURVE_WITH_KNOTS('',1,(#15289,#15290),.UNSPECIFIED.,
  .F.,.F.,(2,2),(0.,2.),.PIECEWISE_BEZIER_KNOTS.);
#15289 = CARTESIAN_POINT('',(0.162334842753,1.122547412784));
#15290 = CARTESIAN_POINT('',(0.162334842753,-0.877452587216));
#15291 = ( GEOMETRIC_REPRESENTATION_CONTEXT(2) 
PARAMETRIC_REPRESENTATION_CONTEXT() REPRESENTATION_CONTEXT('2D SPACE',''
  ) );
#15292 = ORIENTED_EDGE('',*,*,#10497,.F.);
#15293 = ORIENTED_EDGE('',*,*,#15250,.F.);
#15294 = ADVANCED_FACE('',(#15295),#9652,.T.);
#15295 = FACE_BOUND('',#15296,.T.);
#15296 = EDGE_LOOP('',(#15297,#15317,#15318));
#15297 = ORIENTED_EDGE('',*,*,#15298,.T.);
#15298 = EDGE_CURVE('',#14062,#9550,#15299,.T.);
#15299 = SURFACE_CURVE('',#15300,(#15304,#15311),.PCURVE_S1.);
#15300 = LINE('',#15301,#15302);
#15301 = CARTESIAN_POINT('',(-184.1020050048,51.042999267578,1.));
#15302 = VECTOR('',#15303,1.);
#15303 = DIRECTION('',(0.212639603002,-2.100309853695E-02,
    -0.976904943732));
#15304 = PCURVE('',#9652,#15305);
#15305 = DEFINITIONAL_REPRESENTATION('',(#15306),#15310);
#15306 = LINE('',#15307,#15308);
#15307 = CARTESIAN_POINT('',(0.316268240433,-0.902457602387));
#15308 = VECTOR('',#15309,1.);
#15309 = DIRECTION('',(-0.213674357172,0.976904943732));
#15310 = ( GEOMETRIC_REPRESENTATION_CONTEXT(2) 
PARAMETRIC_REPRESENTATION_CONTEXT() REPRESENTATION_CONTEXT('2D SPACE',''
  ) );
#15311 = PCURVE('',#11029,#15312);
#15312 = DEFINITIONAL_REPRESENTATION('',(#15313),#15316);
#15313 = B_SPLINE_CURVE_WITH_KNOTS('',1,(#15314,#15315),.UNSPECIFIED.,
  .F.,.F.,(2,2),(0.,2.047282095186),.PIECEWISE_BEZIER_KNOTS.);
#15314 = CARTESIAN_POINT('',(0.121183445206,-1.097542397613));
#15315 = CARTESIAN_POINT('',(-0.316268240433,0.902457602387));
#15316 = ( GEOMETRIC_REPRESENTATION_CONTEXT(2) 
PARAMETRIC_REPRESENTATION_CONTEXT() REPRESENTATION_CONTEXT('2D SPACE',''
  ) );
#15317 = ORIENTED_EDGE('',*,*,#9636,.F.);
#15318 = ORIENTED_EDGE('',*,*,#14138,.F.);
#15319 = ADVANCED_FACE('',(#15320),#11029,.T.);
#15320 = FACE_BOUND('',#15321,.T.);
#15321 = EDGE_LOOP('',(#15322,#15323,#15324));
#15322 = ORIENTED_EDGE('',*,*,#11013,.F.);
#15323 = ORIENTED_EDGE('',*,*,#15298,.F.);
#15324 = ORIENTED_EDGE('',*,*,#15325,.T.);
#15325 = EDGE_CURVE('',#14062,#11014,#15326,.T.);
#15326 = SURFACE_CURVE('',#15327,(#15331,#15338),.PCURVE_S1.);
#15327 = LINE('',#15328,#15329);
#15328 = CARTESIAN_POINT('',(-184.1020050048,51.042999267578,1.));
#15329 = VECTOR('',#15330,1.);
#15330 = DIRECTION('',(0.,0.,-1.));
#15331 = PCURVE('',#11029,#15332);
#15332 = DEFINITIONAL_REPRESENTATION('',(#15333),#15337);
#15333 = LINE('',#15334,#15335);
#15334 = CARTESIAN_POINT('',(0.121183445206,-1.097542397613));
#15335 = VECTOR('',#15336,1.);
#15336 = DIRECTION('',(0.,1.));
#15337 = ( GEOMETRIC_REPRESENTATION_CONTEXT(2) 
PARAMETRIC_REPRESENTATION_CONTEXT() REPRESENTATION_CONTEXT('2D SPACE',''
  ) );
#15338 = PCURVE('',#11085,#15339);
#15339 = DEFINITIONAL_REPRESENTATION('',(#15340),#15343);
#15340 = B_SPLINE_CURVE_WITH_KNOTS('',1,(#15341,#15342),.UNSPECIFIED.,
  .F.,.F.,(2,2),(0.,2.),.PIECEWISE_BEZIER_KNOTS.);
#15341 = CARTESIAN_POINT('',(-0.123719001495,-1.099178477166));
#15342 = CARTESIAN_POINT('',(-0.123719001495,0.900821522834));
#15343 = ( GEOMETRIC_REPRESENTATION_CONTEXT(2) 
PARAMETRIC_REPRESENTATION_CONTEXT() REPRESENTATION_CONTEXT('2D SPACE',''
  ) );
#15344 = ADVANCED_FACE('',(#15345),#14103,.T.);
#15345 = FACE_BOUND('',#15346,.T.);
#15346 = EDGE_LOOP('',(#15347,#15367,#15368));
#15347 = ORIENTED_EDGE('',*,*,#15348,.T.);
#15348 = EDGE_CURVE('',#11070,#14062,#15349,.T.);
#15349 = SURFACE_CURVE('',#15350,(#15354,#15361),.PCURVE_S1.);
#15350 = LINE('',#15351,#15352);
#15351 = CARTESIAN_POINT('',(-184.5293273925,51.169998168945,-1.));
#15352 = VECTOR('',#15353,1.);
#15353 = DIRECTION('',(0.20854342876,-6.19784666157E-02,0.976047287787)
  );
#15354 = PCURVE('',#14103,#15355);
#15355 = DEFINITIONAL_REPRESENTATION('',(#15356),#15360);
#15356 = LINE('',#15357,#15358);
#15357 = CARTESIAN_POINT('',(0.123719001495,1.099178477166));
#15358 = VECTOR('',#15359,1.);
#15359 = DIRECTION('',(-0.217558479502,-0.976047287787));
#15360 = ( GEOMETRIC_REPRESENTATION_CONTEXT(2) 
PARAMETRIC_REPRESENTATION_CONTEXT() REPRESENTATION_CONTEXT('2D SPACE',''
  ) );
#15361 = PCURVE('',#11085,#15362);
#15362 = DEFINITIONAL_REPRESENTATION('',(#15363),#15366);
#15363 = B_SPLINE_CURVE_WITH_KNOTS('',1,(#15364,#15365),.UNSPECIFIED.,
  .F.,.F.,(2,2),(0.,2.049081048659),.PIECEWISE_BEZIER_KNOTS.);
#15364 = CARTESIAN_POINT('',(0.322075955827,0.900821522834));
#15365 = CARTESIAN_POINT('',(-0.123719001495,-1.099178477166));
#15366 = ( GEOMETRIC_REPRESENTATION_CONTEXT(2) 
PARAMETRIC_REPRESENTATION_CONTEXT() REPRESENTATION_CONTEXT('2D SPACE',''
  ) );
#15367 = ORIENTED_EDGE('',*,*,#14089,.F.);
#15368 = ORIENTED_EDGE('',*,*,#15369,.T.);
#15369 = EDGE_CURVE('',#14006,#11070,#15370,.T.);
#15370 = SURFACE_CURVE('',#15371,(#15375,#15382),.PCURVE_S1.);
#15371 = LINE('',#15372,#15373);
#15372 = CARTESIAN_POINT('',(-184.5293273925,51.169998168945,1.));
#15373 = VECTOR('',#15374,1.);
#15374 = DIRECTION('',(0.,0.,-1.));
#15375 = PCURVE('',#14103,#15376);
#15376 = DEFINITIONAL_REPRESENTATION('',(#15377),#15381);
#15377 = LINE('',#15378,#15379);
#15378 = CARTESIAN_POINT('',(0.123719001495,-0.900821522834));
#15379 = VECTOR('',#15380,1.);
#15380 = DIRECTION('',(0.,1.));
#15381 = ( GEOMETRIC_REPRESENTATION_CONTEXT(2) 
PARAMETRIC_REPRESENTATION_CONTEXT() REPRESENTATION_CONTEXT('2D SPACE',''
  ) );
#15382 = PCURVE('',#11141,#15383);
#15383 = DEFINITIONAL_REPRESENTATION('',(#15384),#15387);
#15384 = B_SPLINE_CURVE_WITH_KNOTS('',1,(#15385,#15386),.UNSPECIFIED.,
  .F.,.F.,(2,2),(0.,2.),.PIECEWISE_BEZIER_KNOTS.);
#15385 = CARTESIAN_POINT('',(-0.129122422568,-1.102621062242));
#15386 = CARTESIAN_POINT('',(-0.129122422568,0.897378937758));
#15387 = ( GEOMETRIC_REPRESENTATION_CONTEXT(2) 
PARAMETRIC_REPRESENTATION_CONTEXT() REPRESENTATION_CONTEXT('2D SPACE',''
  ) );
#15388 = ADVANCED_FACE('',(#15389),#11085,.T.);
#15389 = FACE_BOUND('',#15390,.T.);
#15390 = EDGE_LOOP('',(#15391,#15392,#15393));
#15391 = ORIENTED_EDGE('',*,*,#15325,.F.);
#15392 = ORIENTED_EDGE('',*,*,#15348,.F.);
#15393 = ORIENTED_EDGE('',*,*,#11069,.F.);
#15394 = ADVANCED_FACE('',(#15395),#14047,.T.);
#15395 = FACE_BOUND('',#15396,.T.);
#15396 = EDGE_LOOP('',(#15397,#15417,#15418));
#15397 = ORIENTED_EDGE('',*,*,#15398,.T.);
#15398 = EDGE_CURVE('',#11126,#14006,#15399,.T.);
#15399 = SURFACE_CURVE('',#15400,(#15404,#15411),.PCURVE_S1.);
#15400 = LINE('',#15401,#15402);
#15401 = CARTESIAN_POINT('',(-184.9420013427,51.380996704102,-1.));
#15402 = VECTOR('',#15403,1.);
#15403 = DIRECTION('',(0.201009938294,-0.102775575031,0.974182829804));
#15404 = PCURVE('',#14047,#15405);
#15405 = DEFINITIONAL_REPRESENTATION('',(#15406),#15410);
#15406 = LINE('',#15407,#15408);
#15407 = CARTESIAN_POINT('',(0.129122422568,1.102621062242));
#15408 = VECTOR('',#15409,1.);
#15409 = DIRECTION('',(-0.225760523821,-0.974182829804));
#15410 = ( GEOMETRIC_REPRESENTATION_CONTEXT(2) 
PARAMETRIC_REPRESENTATION_CONTEXT() REPRESENTATION_CONTEXT('2D SPACE',''
  ) );
#15411 = PCURVE('',#11141,#15412);
#15412 = DEFINITIONAL_REPRESENTATION('',(#15413),#15416);
#15413 = B_SPLINE_CURVE_WITH_KNOTS('',1,(#15414,#15415),.UNSPECIFIED.,
  .F.,.F.,(2,2),(0.,2.053002720653),.PIECEWISE_BEZIER_KNOTS.);
#15414 = CARTESIAN_POINT('',(0.334364547052,0.897378937758));
#15415 = CARTESIAN_POINT('',(-0.129122422568,-1.102621062242));
#15416 = ( GEOMETRIC_REPRESENTATION_CONTEXT(2) 
PARAMETRIC_REPRESENTATION_CONTEXT() REPRESENTATION_CONTEXT('2D SPACE',''
  ) );
#15417 = ORIENTED_EDGE('',*,*,#14033,.F.);
#15418 = ORIENTED_EDGE('',*,*,#15419,.T.);
#15419 = EDGE_CURVE('',#13950,#11126,#15420,.T.);
#15420 = SURFACE_CURVE('',#15421,(#15425,#15432),.PCURVE_S1.);
#15421 = LINE('',#15422,#15423);
#15422 = CARTESIAN_POINT('',(-184.9420013427,51.380996704102,1.));
#15423 = VECTOR('',#15424,1.);
#15424 = DIRECTION('',(0.,0.,-1.));
#15425 = PCURVE('',#14047,#15426);
#15426 = DEFINITIONAL_REPRESENTATION('',(#15427),#15431);
#15427 = LINE('',#15428,#15429);
#15428 = CARTESIAN_POINT('',(0.129122422568,-0.897378937758));
#15429 = VECTOR('',#15430,1.);
#15430 = DIRECTION('',(0.,1.));
#15431 = ( GEOMETRIC_REPRESENTATION_CONTEXT(2) 
PARAMETRIC_REPRESENTATION_CONTEXT() REPRESENTATION_CONTEXT('2D SPACE',''
  ) );
#15432 = PCURVE('',#11197,#15433);
#15433 = DEFINITIONAL_REPRESENTATION('',(#15434),#15437);
#15434 = B_SPLINE_CURVE_WITH_KNOTS('',1,(#15435,#15436),.UNSPECIFIED.,
  .F.,.F.,(2,2),(0.,2.),.PIECEWISE_BEZIER_KNOTS.);
#15435 = CARTESIAN_POINT('',(-0.136197547124,-1.107040295691));
#15436 = CARTESIAN_POINT('',(-0.136197547124,0.892959704309));
#15437 = ( GEOMETRIC_REPRESENTATION_CONTEXT(2) 
PARAMETRIC_REPRESENTATION_CONTEXT() REPRESENTATION_CONTEXT('2D SPACE',''
  ) );
#15438 = ADVANCED_FACE('',(#15439),#11141,.T.);
#15439 = FACE_BOUND('',#15440,.T.);
#15440 = EDGE_LOOP('',(#15441,#15442,#15443));
#15441 = ORIENTED_EDGE('',*,*,#15369,.F.);
#15442 = ORIENTED_EDGE('',*,*,#15398,.F.);
#15443 = ORIENTED_EDGE('',*,*,#11125,.F.);
#15444 = ADVANCED_FACE('',(#15445),#13991,.T.);
#15445 = FACE_BOUND('',#15446,.T.);
#15446 = EDGE_LOOP('',(#15447,#15467,#15468));
#15447 = ORIENTED_EDGE('',*,*,#15448,.T.);
#15448 = EDGE_CURVE('',#11182,#13950,#15449,.T.);
#15449 = SURFACE_CURVE('',#15450,(#15454,#15461),.PCURVE_S1.);
#15450 = LINE('',#15451,#15452);
#15451 = CARTESIAN_POINT('',(-185.333328247,51.669998168945,-1.));
#15452 = VECTOR('',#15453,1.);
#15453 = DIRECTION('',(0.190120073367,-0.140406854463,0.971668808248));
#15454 = PCURVE('',#13991,#15455);
#15455 = DEFINITIONAL_REPRESENTATION('',(#15456),#15460);
#15456 = LINE('',#15457,#15458);
#15457 = CARTESIAN_POINT('',(0.136197547124,1.107040295691));
#15458 = VECTOR('',#15459,1.);
#15459 = DIRECTION('',(-0.236346624849,-0.971668808248));
#15460 = ( GEOMETRIC_REPRESENTATION_CONTEXT(2) 
PARAMETRIC_REPRESENTATION_CONTEXT() REPRESENTATION_CONTEXT('2D SPACE',''
  ) );
#15461 = PCURVE('',#11197,#15462);
#15462 = DEFINITIONAL_REPRESENTATION('',(#15463),#15466);
#15463 = B_SPLINE_CURVE_WITH_KNOTS('',1,(#15464,#15465),.UNSPECIFIED.,
  .F.,.F.,(2,2),(0.,2.058314502866),.PIECEWISE_BEZIER_KNOTS.);
#15464 = CARTESIAN_POINT('',(0.350278138505,0.892959704309));
#15465 = CARTESIAN_POINT('',(-0.136197547124,-1.107040295691));
#15466 = ( GEOMETRIC_REPRESENTATION_CONTEXT(2) 
PARAMETRIC_REPRESENTATION_CONTEXT() REPRESENTATION_CONTEXT('2D SPACE',''
  ) );
#15467 = ORIENTED_EDGE('',*,*,#13977,.F.);
#15468 = ORIENTED_EDGE('',*,*,#15469,.T.);
#15469 = EDGE_CURVE('',#13894,#11182,#15470,.T.);
#15470 = SURFACE_CURVE('',#15471,(#15475,#15482),.PCURVE_S1.);
#15471 = LINE('',#15472,#15473);
#15472 = CARTESIAN_POINT('',(-185.333328247,51.669998168945,1.));
#15473 = VECTOR('',#15474,1.);
#15474 = DIRECTION('',(0.,0.,-1.));
#15475 = PCURVE('',#13991,#15476);
#15476 = DEFINITIONAL_REPRESENTATION('',(#15477),#15481);
#15477 = LINE('',#15478,#15479);
#15478 = CARTESIAN_POINT('',(0.136197547124,-0.892959704309));
#15479 = VECTOR('',#15480,1.);
#15480 = DIRECTION('',(0.,1.));
#15481 = ( GEOMETRIC_REPRESENTATION_CONTEXT(2) 
PARAMETRIC_REPRESENTATION_CONTEXT() REPRESENTATION_CONTEXT('2D SPACE',''
  ) );
#15482 = PCURVE('',#11253,#15483);
#15483 = DEFINITIONAL_REPRESENTATION('',(#15484),#15487);
#15484 = B_SPLINE_CURVE_WITH_KNOTS('',1,(#15485,#15486),.UNSPECIFIED.,
  .F.,.F.,(2,2),(0.,2.),.PIECEWISE_BEZIER_KNOTS.);
#15485 = CARTESIAN_POINT('',(0.144475442,1.112087623969));
#15486 = CARTESIAN_POINT('',(0.144475442,-0.887912376031));
#15487 = ( GEOMETRIC_REPRESENTATION_CONTEXT(2) 
PARAMETRIC_REPRESENTATION_CONTEXT() REPRESENTATION_CONTEXT('2D SPACE',''
  ) );
#15488 = ADVANCED_FACE('',(#15489),#11197,.T.);
#15489 = FACE_BOUND('',#15490,.T.);
#15490 = EDGE_LOOP('',(#15491,#15492,#15493));
#15491 = ORIENTED_EDGE('',*,*,#15419,.F.);
#15492 = ORIENTED_EDGE('',*,*,#15448,.F.);
#15493 = ORIENTED_EDGE('',*,*,#11181,.F.);
#15494 = ADVANCED_FACE('',(#15495),#13935,.T.);
#15495 = FACE_BOUND('',#15496,.T.);
#15496 = EDGE_LOOP('',(#15497,#15517,#15518));
#15497 = ORIENTED_EDGE('',*,*,#15498,.T.);
#15498 = EDGE_CURVE('',#11238,#13894,#15499,.T.);
#15499 = SURFACE_CURVE('',#15500,(#15504,#15511),.PCURVE_S1.);
#15500 = LINE('',#15501,#15502);
#15501 = CARTESIAN_POINT('',(-185.6959991455,52.032997131348,-1.));
#15502 = VECTOR('',#15503,1.);
#15503 = DIRECTION('',(0.175646637873,-0.175805523885,0.968628244671));
#15504 = PCURVE('',#13935,#15505);
#15505 = DEFINITIONAL_REPRESENTATION('',(#15506),#15510);
#15506 = LINE('',#15507,#15508);
#15507 = CARTESIAN_POINT('',(-0.144475442,-1.112087623969));
#15508 = VECTOR('',#15509,1.);
#15509 = DIRECTION('',(0.248514232238,0.968628244671));
#15510 = ( GEOMETRIC_REPRESENTATION_CONTEXT(2) 
PARAMETRIC_REPRESENTATION_CONTEXT() REPRESENTATION_CONTEXT('2D SPACE',''
  ) );
#15511 = PCURVE('',#11253,#15512);
#15512 = DEFINITIONAL_REPRESENTATION('',(#15513),#15516);
#15513 = B_SPLINE_CURVE_WITH_KNOTS('',1,(#15514,#15515),.UNSPECIFIED.,
  .F.,.F.,(2,2),(0.,2.064775636063),.PIECEWISE_BEZIER_KNOTS.);
#15514 = CARTESIAN_POINT('',(-0.368650689939,-0.887912376031));
#15515 = CARTESIAN_POINT('',(0.144475442,1.112087623969));
#15516 = ( GEOMETRIC_REPRESENTATION_CONTEXT(2) 
PARAMETRIC_REPRESENTATION_CONTEXT() REPRESENTATION_CONTEXT('2D SPACE',''
  ) );
#15517 = ORIENTED_EDGE('',*,*,#13921,.F.);
#15518 = ORIENTED_EDGE('',*,*,#15519,.T.);
#15519 = EDGE_CURVE('',#13843,#11238,#15520,.T.);
#15520 = SURFACE_CURVE('',#15521,(#15525,#15532),.PCURVE_S1.);
#15521 = LINE('',#15522,#15523);
#15522 = CARTESIAN_POINT('',(-185.6959991455,52.032997131348,1.));
#15523 = VECTOR('',#15524,1.);
#15524 = DIRECTION('',(0.,0.,-1.));
#15525 = PCURVE('',#13935,#15526);
#15526 = DEFINITIONAL_REPRESENTATION('',(#15527),#15531);
#15527 = LINE('',#15528,#15529);
#15528 = CARTESIAN_POINT('',(-0.144475442,0.887912376031));
#15529 = VECTOR('',#15530,1.);
#15530 = DIRECTION('',(0.,-1.));
#15531 = ( GEOMETRIC_REPRESENTATION_CONTEXT(2) 
PARAMETRIC_REPRESENTATION_CONTEXT() REPRESENTATION_CONTEXT('2D SPACE',''
  ) );
#15532 = PCURVE('',#11302,#15533);
#15533 = DEFINITIONAL_REPRESENTATION('',(#15534),#15537);
#15534 = B_SPLINE_CURVE_WITH_KNOTS('',1,(#15535,#15536),.UNSPECIFIED.,
  .F.,.F.,(2,2),(0.,2.),.PIECEWISE_BEZIER_KNOTS.);
#15535 = CARTESIAN_POINT('',(0.153413543654,1.117393911669));
#15536 = CARTESIAN_POINT('',(0.153413543654,-0.882606088331));
#15537 = ( GEOMETRIC_REPRESENTATION_CONTEXT(2) 
PARAMETRIC_REPRESENTATION_CONTEXT() REPRESENTATION_CONTEXT('2D SPACE',''
  ) );
#15538 = ADVANCED_FACE('',(#15539),#11253,.T.);
#15539 = FACE_BOUND('',#15540,.T.);
#15540 = EDGE_LOOP('',(#15541,#15542,#15543));
#15541 = ORIENTED_EDGE('',*,*,#15469,.F.);
#15542 = ORIENTED_EDGE('',*,*,#15498,.F.);
#15543 = ORIENTED_EDGE('',*,*,#11237,.F.);
#15544 = ADVANCED_FACE('',(#15545),#9986,.T.);
#15545 = FACE_BOUND('',#15546,.T.);
#15546 = EDGE_LOOP('',(#15547,#15567,#15568));
#15547 = ORIENTED_EDGE('',*,*,#15548,.T.);
#15548 = EDGE_CURVE('',#9971,#13843,#15549,.T.);
#15549 = SURFACE_CURVE('',#15550,(#15554,#15561),.PCURVE_S1.);
#15550 = LINE('',#15551,#15552);
#15551 = CARTESIAN_POINT('',(-186.0240020751,52.463996887207,-1.));
#15552 = VECTOR('',#15553,1.);
#15553 = DIRECTION('',(0.158299572499,-0.208007523484,0.965232674292));
#15554 = PCURVE('',#9986,#15555);
#15555 = DEFINITIONAL_REPRESENTATION('',(#15556),#15560);
#15556 = LINE('',#15557,#15558);
#15557 = CARTESIAN_POINT('',(-0.153413543654,-1.117393911669));
#15558 = VECTOR('',#15559,1.);
#15559 = DIRECTION('',(0.26139220432,0.965232674292));
#15560 = ( GEOMETRIC_REPRESENTATION_CONTEXT(2) 
PARAMETRIC_REPRESENTATION_CONTEXT() REPRESENTATION_CONTEXT('2D SPACE',''
  ) );
#15561 = PCURVE('',#11302,#15562);
#15562 = DEFINITIONAL_REPRESENTATION('',(#15563),#15566);
#15563 = B_SPLINE_CURVE_WITH_KNOTS('',1,(#15564,#15565),.UNSPECIFIED.,
  .F.,.F.,(2,2),(0.,2.07203926397),.PIECEWISE_BEZIER_KNOTS.);
#15564 = CARTESIAN_POINT('',(-0.388201366992,-0.882606088331));
#15565 = CARTESIAN_POINT('',(0.153413543654,1.117393911669));
#15566 = ( GEOMETRIC_REPRESENTATION_CONTEXT(2) 
PARAMETRIC_REPRESENTATION_CONTEXT() REPRESENTATION_CONTEXT('2D SPACE',''
  ) );
#15567 = ORIENTED_EDGE('',*,*,#13870,.F.);
#15568 = ORIENTED_EDGE('',*,*,#9970,.F.);
#15569 = ADVANCED_FACE('',(#15570),#11302,.T.);
#15570 = FACE_BOUND('',#15571,.T.);
#15571 = EDGE_LOOP('',(#15572,#15573,#15574));
#15572 = ORIENTED_EDGE('',*,*,#15519,.F.);
#15573 = ORIENTED_EDGE('',*,*,#15548,.F.);
#15574 = ORIENTED_EDGE('',*,*,#11288,.F.);
#15575 = ADVANCED_FACE('',(#15576),#12343,.T.);
#15576 = FACE_BOUND('',#15577,.T.);
#15577 = EDGE_LOOP('',(#15578,#15598,#15618));
#15578 = ORIENTED_EDGE('',*,*,#15579,.T.);
#15579 = EDGE_CURVE('',#12272,#13409,#15580,.T.);
#15580 = SURFACE_CURVE('',#15581,(#15585,#15592),.PCURVE_S1.);
#15581 = LINE('',#15582,#15583);
#15582 = CARTESIAN_POINT('',(-168.3040008544,52.032997131348,-1.));
#15583 = VECTOR('',#15584,1.);
#15584 = DIRECTION('',(-0.175646637873,-0.175805523885,0.968628244671));
#15585 = PCURVE('',#12343,#15586);
#15586 = DEFINITIONAL_REPRESENTATION('',(#15587),#15591);
#15587 = LINE('',#15588,#15589);
#15588 = CARTESIAN_POINT('',(0.368650689939,-0.887912376031));
#15589 = VECTOR('',#15590,1.);
#15590 = DIRECTION('',(-0.248514232238,0.968628244671));
#15591 = ( GEOMETRIC_REPRESENTATION_CONTEXT(2) 
PARAMETRIC_REPRESENTATION_CONTEXT() REPRESENTATION_CONTEXT('2D SPACE',''
  ) );
#15592 = PCURVE('',#13480,#15593);
#15593 = DEFINITIONAL_REPRESENTATION('',(#15594),#15597);
#15594 = B_SPLINE_CURVE_WITH_KNOTS('',1,(#15595,#15596),.UNSPECIFIED.,
  .F.,.F.,(2,2),(0.,2.064775636063),.PIECEWISE_BEZIER_KNOTS.);
#15595 = CARTESIAN_POINT('',(0.144475442,-1.112087623969));
#15596 = CARTESIAN_POINT('',(-0.368650689939,0.887912376031));
#15597 = ( GEOMETRIC_REPRESENTATION_CONTEXT(2) 
PARAMETRIC_REPRESENTATION_CONTEXT() REPRESENTATION_CONTEXT('2D SPACE',''
  ) );
#15598 = ORIENTED_EDGE('',*,*,#15599,.T.);
#15599 = EDGE_CURVE('',#13409,#12328,#15600,.T.);
#15600 = SURFACE_CURVE('',#15601,(#15605,#15612),.PCURVE_S1.);
#15601 = LINE('',#15602,#15603);
#15602 = CARTESIAN_POINT('',(-168.6666717529,51.669998168945,1.));
#15603 = VECTOR('',#15604,1.);
#15604 = DIRECTION('',(0.,0.,-1.));
#15605 = PCURVE('',#12343,#15606);
#15606 = DEFINITIONAL_REPRESENTATION('',(#15607),#15611);
#15607 = LINE('',#15608,#15609);
#15608 = CARTESIAN_POINT('',(-0.144475442,1.112087623969));
#15609 = VECTOR('',#15610,1.);
#15610 = DIRECTION('',(0.,-1.));
#15611 = ( GEOMETRIC_REPRESENTATION_CONTEXT(2) 
PARAMETRIC_REPRESENTATION_CONTEXT() REPRESENTATION_CONTEXT('2D SPACE',''
  ) );
#15612 = PCURVE('',#13424,#15613);
#15613 = DEFINITIONAL_REPRESENTATION('',(#15614),#15617);
#15614 = B_SPLINE_CURVE_WITH_KNOTS('',1,(#15615,#15616),.UNSPECIFIED.,
  .F.,.F.,(2,2),(0.,2.),.PIECEWISE_BEZIER_KNOTS.);
#15615 = CARTESIAN_POINT('',(-0.136197547124,-0.892959704309));
#15616 = CARTESIAN_POINT('',(-0.136197547124,1.107040295691));
#15617 = ( GEOMETRIC_REPRESENTATION_CONTEXT(2) 
PARAMETRIC_REPRESENTATION_CONTEXT() REPRESENTATION_CONTEXT('2D SPACE',''
  ) );
#15618 = ORIENTED_EDGE('',*,*,#12327,.F.);
#15619 = ADVANCED_FACE('',(#15620),#13480,.T.);
#15620 = FACE_BOUND('',#15621,.T.);
#15621 = EDGE_LOOP('',(#15622,#15623,#15624));
#15622 = ORIENTED_EDGE('',*,*,#13464,.F.);
#15623 = ORIENTED_EDGE('',*,*,#15579,.F.);
#15624 = ORIENTED_EDGE('',*,*,#14693,.F.);
#15625 = ADVANCED_FACE('',(#15626),#12399,.T.);
#15626 = FACE_BOUND('',#15627,.T.);
#15627 = EDGE_LOOP('',(#15628,#15648,#15668));
#15628 = ORIENTED_EDGE('',*,*,#15629,.T.);
#15629 = EDGE_CURVE('',#12328,#13268,#15630,.T.);
#15630 = SURFACE_CURVE('',#15631,(#15635,#15642),.PCURVE_S1.);
#15631 = LINE('',#15632,#15633);
#15632 = CARTESIAN_POINT('',(-168.6666717529,51.669998168945,-1.));
#15633 = VECTOR('',#15634,1.);
#15634 = DIRECTION('',(-0.190120073367,-0.140406854463,0.971668808248));
#15635 = PCURVE('',#12399,#15636);
#15636 = DEFINITIONAL_REPRESENTATION('',(#15637),#15641);
#15637 = LINE('',#15638,#15639);
#15638 = CARTESIAN_POINT('',(-0.350278138505,0.892959704309));
#15639 = VECTOR('',#15640,1.);
#15640 = DIRECTION('',(0.236346624849,-0.971668808248));
#15641 = ( GEOMETRIC_REPRESENTATION_CONTEXT(2) 
PARAMETRIC_REPRESENTATION_CONTEXT() REPRESENTATION_CONTEXT('2D SPACE',''
  ) );
#15642 = PCURVE('',#13424,#15643);
#15643 = DEFINITIONAL_REPRESENTATION('',(#15644),#15647);
#15644 = B_SPLINE_CURVE_WITH_KNOTS('',1,(#15645,#15646),.UNSPECIFIED.,
  .F.,.F.,(2,2),(0.,2.058314502866),.PIECEWISE_BEZIER_KNOTS.);
#15645 = CARTESIAN_POINT('',(-0.136197547124,1.107040295691));
#15646 = CARTESIAN_POINT('',(0.350278138505,-0.892959704309));
#15647 = ( GEOMETRIC_REPRESENTATION_CONTEXT(2) 
PARAMETRIC_REPRESENTATION_CONTEXT() REPRESENTATION_CONTEXT('2D SPACE',''
  ) );
#15648 = ORIENTED_EDGE('',*,*,#15649,.T.);
#15649 = EDGE_CURVE('',#13268,#12384,#15650,.T.);
#15650 = SURFACE_CURVE('',#15651,(#15655,#15662),.PCURVE_S1.);
#15651 = LINE('',#15652,#15653);
#15652 = CARTESIAN_POINT('',(-169.0579986572,51.380996704102,1.));
#15653 = VECTOR('',#15654,1.);
#15654 = DIRECTION('',(0.,0.,-1.));
#15655 = PCURVE('',#12399,#15656);
#15656 = DEFINITIONAL_REPRESENTATION('',(#15657),#15661);
#15657 = LINE('',#15658,#15659);
#15658 = CARTESIAN_POINT('',(0.136197547124,-1.107040295691));
#15659 = VECTOR('',#15660,1.);
#15660 = DIRECTION('',(0.,1.));
#15661 = ( GEOMETRIC_REPRESENTATION_CONTEXT(2) 
PARAMETRIC_REPRESENTATION_CONTEXT() REPRESENTATION_CONTEXT('2D SPACE',''
  ) );
#15662 = PCURVE('',#13288,#15663);
#15663 = DEFINITIONAL_REPRESENTATION('',(#15664),#15667);
#15664 = B_SPLINE_CURVE_WITH_KNOTS('',1,(#15665,#15666),.UNSPECIFIED.,
  .F.,.F.,(2,2),(0.,2.),.PIECEWISE_BEZIER_KNOTS.);
#15665 = CARTESIAN_POINT('',(-0.129122422568,-0.897378937758));
#15666 = CARTESIAN_POINT('',(-0.129122422568,1.102621062242));
#15667 = ( GEOMETRIC_REPRESENTATION_CONTEXT(2) 
PARAMETRIC_REPRESENTATION_CONTEXT() REPRESENTATION_CONTEXT('2D SPACE',''
  ) );
#15668 = ORIENTED_EDGE('',*,*,#12383,.F.);
#15669 = ADVANCED_FACE('',(#15670),#13424,.T.);
#15670 = FACE_BOUND('',#15671,.T.);
#15671 = EDGE_LOOP('',(#15672,#15673,#15674));
#15672 = ORIENTED_EDGE('',*,*,#13408,.F.);
#15673 = ORIENTED_EDGE('',*,*,#15629,.F.);
#15674 = ORIENTED_EDGE('',*,*,#15599,.F.);
#15675 = ADVANCED_FACE('',(#15676),#12455,.T.);
#15676 = FACE_BOUND('',#15677,.T.);
#15677 = EDGE_LOOP('',(#15678,#15698,#15718));
#15678 = ORIENTED_EDGE('',*,*,#15679,.T.);
#15679 = EDGE_CURVE('',#12384,#13266,#15680,.T.);
#15680 = SURFACE_CURVE('',#15681,(#15685,#15692),.PCURVE_S1.);
#15681 = LINE('',#15682,#15683);
#15682 = CARTESIAN_POINT('',(-169.0579986572,51.380996704102,-1.));
#15683 = VECTOR('',#15684,1.);
#15684 = DIRECTION('',(-0.201009938294,-0.102775575031,0.974182829804));
#15685 = PCURVE('',#12455,#15686);
#15686 = DEFINITIONAL_REPRESENTATION('',(#15687),#15691);
#15687 = LINE('',#15688,#15689);
#15688 = CARTESIAN_POINT('',(-0.334364547052,0.897378937758));
#15689 = VECTOR('',#15690,1.);
#15690 = DIRECTION('',(0.225760523821,-0.974182829804));
#15691 = ( GEOMETRIC_REPRESENTATION_CONTEXT(2) 
PARAMETRIC_REPRESENTATION_CONTEXT() REPRESENTATION_CONTEXT('2D SPACE',''
  ) );
#15692 = PCURVE('',#13288,#15693);
#15693 = DEFINITIONAL_REPRESENTATION('',(#15694),#15697);
#15694 = B_SPLINE_CURVE_WITH_KNOTS('',1,(#15695,#15696),.UNSPECIFIED.,
  .F.,.F.,(2,2),(0.,2.053002720653),.PIECEWISE_BEZIER_KNOTS.);
#15695 = CARTESIAN_POINT('',(-0.129122422568,1.102621062242));
#15696 = CARTESIAN_POINT('',(0.334364547052,-0.897378937758));
#15697 = ( GEOMETRIC_REPRESENTATION_CONTEXT(2) 
PARAMETRIC_REPRESENTATION_CONTEXT() REPRESENTATION_CONTEXT('2D SPACE',''
  ) );
#15698 = ORIENTED_EDGE('',*,*,#15699,.T.);
#15699 = EDGE_CURVE('',#13266,#12440,#15700,.T.);
#15700 = SURFACE_CURVE('',#15701,(#15705,#15712),.PCURVE_S1.);
#15701 = LINE('',#15702,#15703);
#15702 = CARTESIAN_POINT('',(-169.4706726074,51.169998168945,1.));
#15703 = VECTOR('',#15704,1.);
#15704 = DIRECTION('',(0.,0.,-1.));
#15705 = PCURVE('',#12455,#15706);
#15706 = DEFINITIONAL_REPRESENTATION('',(#15707),#15711);
#15707 = LINE('',#15708,#15709);
#15708 = CARTESIAN_POINT('',(0.129122422568,-1.102621062242));
#15709 = VECTOR('',#15710,1.);
#15710 = DIRECTION('',(-0.,1.));
#15711 = ( GEOMETRIC_REPRESENTATION_CONTEXT(2) 
PARAMETRIC_REPRESENTATION_CONTEXT() REPRESENTATION_CONTEXT('2D SPACE',''
  ) );
#15712 = PCURVE('',#13393,#15713);
#15713 = DEFINITIONAL_REPRESENTATION('',(#15714),#15717);
#15714 = B_SPLINE_CURVE_WITH_KNOTS('',1,(#15715,#15716),.UNSPECIFIED.,
  .F.,.F.,(2,2),(0.,2.),.PIECEWISE_BEZIER_KNOTS.);
#15715 = CARTESIAN_POINT('',(-0.123719001495,-0.900821522834));
#15716 = CARTESIAN_POINT('',(-0.123719001495,1.099178477166));
#15717 = ( GEOMETRIC_REPRESENTATION_CONTEXT(2) 
PARAMETRIC_REPRESENTATION_CONTEXT() REPRESENTATION_CONTEXT('2D SPACE',''
  ) );
#15718 = ORIENTED_EDGE('',*,*,#12439,.F.);
#15719 = ADVANCED_FACE('',(#15720),#13288,.T.);
#15720 = FACE_BOUND('',#15721,.T.);
#15721 = EDGE_LOOP('',(#15722,#15723,#15724));
#15722 = ORIENTED_EDGE('',*,*,#13265,.F.);
#15723 = ORIENTED_EDGE('',*,*,#15679,.F.);
#15724 = ORIENTED_EDGE('',*,*,#15649,.F.);
#15725 = ADVANCED_FACE('',(#15726),#12510,.T.);
#15726 = FACE_BOUND('',#15727,.T.);
#15727 = EDGE_LOOP('',(#15728,#15748,#15768));
#15728 = ORIENTED_EDGE('',*,*,#15729,.T.);
#15729 = EDGE_CURVE('',#12440,#13353,#15730,.T.);
#15730 = SURFACE_CURVE('',#15731,(#15735,#15742),.PCURVE_S1.);
#15731 = LINE('',#15732,#15733);
#15732 = CARTESIAN_POINT('',(-169.4706726074,51.169998168945,-1.));
#15733 = VECTOR('',#15734,1.);
#15734 = DIRECTION('',(-0.20854342876,-6.19784666157E-02,0.976047287787)
  );
#15735 = PCURVE('',#12510,#15736);
#15736 = DEFINITIONAL_REPRESENTATION('',(#15737),#15741);
#15737 = LINE('',#15738,#15739);
#15738 = CARTESIAN_POINT('',(-0.322075955827,0.900821522834));
#15739 = VECTOR('',#15740,1.);
#15740 = DIRECTION('',(0.217558479502,-0.976047287787));
#15741 = ( GEOMETRIC_REPRESENTATION_CONTEXT(2) 
PARAMETRIC_REPRESENTATION_CONTEXT() REPRESENTATION_CONTEXT('2D SPACE',''
  ) );
#15742 = PCURVE('',#13393,#15743);
#15743 = DEFINITIONAL_REPRESENTATION('',(#15744),#15747);
#15744 = B_SPLINE_CURVE_WITH_KNOTS('',1,(#15745,#15746),.UNSPECIFIED.,
  .F.,.F.,(2,2),(0.,2.049081048659),.PIECEWISE_BEZIER_KNOTS.);
#15745 = CARTESIAN_POINT('',(-0.123719001495,1.099178477166));
#15746 = CARTESIAN_POINT('',(0.322075955827,-0.900821522834));
#15747 = ( GEOMETRIC_REPRESENTATION_CONTEXT(2) 
PARAMETRIC_REPRESENTATION_CONTEXT() REPRESENTATION_CONTEXT('2D SPACE',''
  ) );
#15748 = ORIENTED_EDGE('',*,*,#15749,.T.);
#15749 = EDGE_CURVE('',#13353,#12495,#15750,.T.);
#15750 = SURFACE_CURVE('',#15751,(#15755,#15762),.PCURVE_S1.);
#15751 = LINE('',#15752,#15753);
#15752 = CARTESIAN_POINT('',(-169.8979949951,51.042999267578,1.));
#15753 = VECTOR('',#15754,1.);
#15754 = DIRECTION('',(0.,0.,-1.));
#15755 = PCURVE('',#12510,#15756);
#15756 = DEFINITIONAL_REPRESENTATION('',(#15757),#15761);
#15757 = LINE('',#15758,#15759);
#15758 = CARTESIAN_POINT('',(0.123719001495,-1.099178477166));
#15759 = VECTOR('',#15760,1.);
#15760 = DIRECTION('',(0.,1.));
#15761 = ( GEOMETRIC_REPRESENTATION_CONTEXT(2) 
PARAMETRIC_REPRESENTATION_CONTEXT() REPRESENTATION_CONTEXT('2D SPACE',''
  ) );
#15762 = PCURVE('',#13747,#15763);
#15763 = DEFINITIONAL_REPRESENTATION('',(#15764),#15767);
#15764 = B_SPLINE_CURVE_WITH_KNOTS('',1,(#15765,#15766),.UNSPECIFIED.,
  .F.,.F.,(2,2),(0.,2.),.PIECEWISE_BEZIER_KNOTS.);
#15765 = CARTESIAN_POINT('',(-0.121183445206,-0.902457602387));
#15766 = CARTESIAN_POINT('',(-0.121183445206,1.097542397613));
#15767 = ( GEOMETRIC_REPRESENTATION_CONTEXT(2) 
PARAMETRIC_REPRESENTATION_CONTEXT() REPRESENTATION_CONTEXT('2D SPACE',''
  ) );
#15768 = ORIENTED_EDGE('',*,*,#12494,.F.);
#15769 = ADVANCED_FACE('',(#15770),#13393,.T.);
#15770 = FACE_BOUND('',#15771,.T.);
#15771 = EDGE_LOOP('',(#15772,#15773,#15774));
#15772 = ORIENTED_EDGE('',*,*,#13379,.F.);
#15773 = ORIENTED_EDGE('',*,*,#15729,.F.);
#15774 = ORIENTED_EDGE('',*,*,#15699,.F.);
#15775 = ADVANCED_FACE('',(#15776),#9622,.T.);
#15776 = FACE_BOUND('',#15777,.T.);
#15777 = EDGE_LOOP('',(#15778,#15798,#15799));
#15778 = ORIENTED_EDGE('',*,*,#15779,.T.);
#15779 = EDGE_CURVE('',#12495,#9548,#15780,.T.);
#15780 = SURFACE_CURVE('',#15781,(#15785,#15792),.PCURVE_S1.);
#15781 = LINE('',#15782,#15783);
#15782 = CARTESIAN_POINT('',(-169.8979949951,51.042999267578,-1.));
#15783 = VECTOR('',#15784,1.);
#15784 = DIRECTION('',(-0.212639603002,-2.100309853695E-02,
    0.976904943732));
#15785 = PCURVE('',#9622,#15786);
#15786 = DEFINITIONAL_REPRESENTATION('',(#15787),#15791);
#15787 = LINE('',#15788,#15789);
#15788 = CARTESIAN_POINT('',(-0.316268240433,0.902457602387));
#15789 = VECTOR('',#15790,1.);
#15790 = DIRECTION('',(0.213674357172,-0.976904943732));
#15791 = ( GEOMETRIC_REPRESENTATION_CONTEXT(2) 
PARAMETRIC_REPRESENTATION_CONTEXT() REPRESENTATION_CONTEXT('2D SPACE',''
  ) );
#15792 = PCURVE('',#13747,#15793);
#15793 = DEFINITIONAL_REPRESENTATION('',(#15794),#15797);
#15794 = B_SPLINE_CURVE_WITH_KNOTS('',1,(#15795,#15796),.UNSPECIFIED.,
  .F.,.F.,(2,2),(0.,2.047282095186),.PIECEWISE_BEZIER_KNOTS.);
#15795 = CARTESIAN_POINT('',(-0.121183445206,1.097542397613));
#15796 = CARTESIAN_POINT('',(0.316268240433,-0.902457602387));
#15797 = ( GEOMETRIC_REPRESENTATION_CONTEXT(2) 
PARAMETRIC_REPRESENTATION_CONTEXT() REPRESENTATION_CONTEXT('2D SPACE',''
  ) );
#15798 = ORIENTED_EDGE('',*,*,#9608,.F.);
#15799 = ORIENTED_EDGE('',*,*,#12550,.F.);
#15800 = ADVANCED_FACE('',(#15801),#13747,.T.);
#15801 = FACE_BOUND('',#15802,.T.);
#15802 = EDGE_LOOP('',(#15803,#15804,#15805));
#15803 = ORIENTED_EDGE('',*,*,#13733,.F.);
#15804 = ORIENTED_EDGE('',*,*,#15779,.F.);
#15805 = ORIENTED_EDGE('',*,*,#15749,.F.);
#15806 = ADVANCED_FACE('',(#15807),#8328,.T.);
#15807 = FACE_BOUND('',#15808,.T.);
#15808 = EDGE_LOOP('',(#15809,#15829,#15830));
#15809 = ORIENTED_EDGE('',*,*,#15810,.T.);
#15810 = EDGE_CURVE('',#10187,#8313,#15811,.T.);
#15811 = SURFACE_CURVE('',#15812,(#15816,#15823),.PCURVE_S1.);
#15812 = LINE('',#15813,#15814);
#15813 = CARTESIAN_POINT('',(-186.0240020751,59.536003112793,-1.));
#15814 = VECTOR('',#15815,1.);
#15815 = DIRECTION('',(-0.138171634199,-0.236588931714,0.96173503466));
#15816 = PCURVE('',#8328,#15817);
#15817 = DEFINITIONAL_REPRESENTATION('',(#15818),#15822);
#15818 = LINE('',#15819,#15820);
#15819 = CARTESIAN_POINT('',(-0.162334842753,-1.122547412784));
#15820 = VECTOR('',#15821,1.);
#15821 = DIRECTION('',(0.273981245903,0.96173503466));
#15822 = ( GEOMETRIC_REPRESENTATION_CONTEXT(2) 
PARAMETRIC_REPRESENTATION_CONTEXT() REPRESENTATION_CONTEXT('2D SPACE',''
  ) );
#15823 = PCURVE('',#10207,#15824);
#15824 = DEFINITIONAL_REPRESENTATION('',(#15825),#15828);
#15825 = B_SPLINE_CURVE_WITH_KNOTS('',1,(#15826,#15827),.UNSPECIFIED.,
  .F.,.F.,(2,2),(0.,2.079574859936),.PIECEWISE_BEZIER_KNOTS.);
#15826 = CARTESIAN_POINT('',(-0.407429668322,-0.877452587216));
#15827 = CARTESIAN_POINT('',(0.162334842753,1.122547412784));
#15828 = ( GEOMETRIC_REPRESENTATION_CONTEXT(2) 
PARAMETRIC_REPRESENTATION_CONTEXT() REPRESENTATION_CONTEXT('2D SPACE',''
  ) );
#15829 = ORIENTED_EDGE('',*,*,#8312,.F.);
#15830 = ORIENTED_EDGE('',*,*,#15831,.T.);
#15831 = EDGE_CURVE('',#8257,#10187,#15832,.T.);
#15832 = SURFACE_CURVE('',#15833,(#15837,#15844),.PCURVE_S1.);
#15833 = LINE('',#15834,#15835);
#15834 = CARTESIAN_POINT('',(-186.0240020751,59.536003112793,1.));
#15835 = VECTOR('',#15836,1.);
#15836 = DIRECTION('',(0.,0.,-1.));
#15837 = PCURVE('',#8328,#15838);
#15838 = DEFINITIONAL_REPRESENTATION('',(#15839),#15843);
#15839 = LINE('',#15840,#15841);
#15840 = CARTESIAN_POINT('',(-0.162334842753,0.877452587216));
#15841 = VECTOR('',#15842,1.);
#15842 = DIRECTION('',(0.,-1.));
#15843 = ( GEOMETRIC_REPRESENTATION_CONTEXT(2) 
PARAMETRIC_REPRESENTATION_CONTEXT() REPRESENTATION_CONTEXT('2D SPACE',''
  ) );
#15844 = PCURVE('',#10234,#15845);
#15845 = DEFINITIONAL_REPRESENTATION('',(#15846),#15849);
#15846 = B_SPLINE_CURVE_WITH_KNOTS('',1,(#15847,#15848),.UNSPECIFIED.,
  .F.,.F.,(2,2),(0.,2.),.PIECEWISE_BEZIER_KNOTS.);
#15847 = CARTESIAN_POINT('',(0.153413543654,1.117393911669));
#15848 = CARTESIAN_POINT('',(0.153413543654,-0.882606088331));
#15849 = ( GEOMETRIC_REPRESENTATION_CONTEXT(2) 
PARAMETRIC_REPRESENTATION_CONTEXT() REPRESENTATION_CONTEXT('2D SPACE',''
  ) );
#15850 = ADVANCED_FACE('',(#15851),#10207,.T.);
#15851 = FACE_BOUND('',#15852,.T.);
#15852 = EDGE_LOOP('',(#15853,#15854,#15855));
#15853 = ORIENTED_EDGE('',*,*,#15273,.F.);
#15854 = ORIENTED_EDGE('',*,*,#15810,.F.);
#15855 = ORIENTED_EDGE('',*,*,#10184,.F.);
#15856 = ADVANCED_FACE('',(#15857),#8272,.T.);
#15857 = FACE_BOUND('',#15858,.T.);
#15858 = EDGE_LOOP('',(#15859,#15879,#15880));
#15859 = ORIENTED_EDGE('',*,*,#15860,.T.);
#15860 = EDGE_CURVE('',#10219,#8257,#15861,.T.);
#15861 = SURFACE_CURVE('',#15862,(#15866,#15873),.PCURVE_S1.);
#15862 = LINE('',#15863,#15864);
#15863 = CARTESIAN_POINT('',(-185.6959991455,59.967002868652,-1.));
#15864 = VECTOR('',#15865,1.);
#15865 = DIRECTION('',(-0.158299572499,-0.208007523484,0.965232674292));
#15866 = PCURVE('',#8272,#15867);
#15867 = DEFINITIONAL_REPRESENTATION('',(#15868),#15872);
#15868 = LINE('',#15869,#15870);
#15869 = CARTESIAN_POINT('',(-0.153413543654,-1.117393911669));
#15870 = VECTOR('',#15871,1.);
#15871 = DIRECTION('',(0.26139220432,0.965232674292));
#15872 = ( GEOMETRIC_REPRESENTATION_CONTEXT(2) 
PARAMETRIC_REPRESENTATION_CONTEXT() REPRESENTATION_CONTEXT('2D SPACE',''
  ) );
#15873 = PCURVE('',#10234,#15874);
#15874 = DEFINITIONAL_REPRESENTATION('',(#15875),#15878);
#15875 = B_SPLINE_CURVE_WITH_KNOTS('',1,(#15876,#15877),.UNSPECIFIED.,
  .F.,.F.,(2,2),(0.,2.07203926397),.PIECEWISE_BEZIER_KNOTS.);
#15876 = CARTESIAN_POINT('',(-0.388201366992,-0.882606088331));
#15877 = CARTESIAN_POINT('',(0.153413543654,1.117393911669));
#15878 = ( GEOMETRIC_REPRESENTATION_CONTEXT(2) 
PARAMETRIC_REPRESENTATION_CONTEXT() REPRESENTATION_CONTEXT('2D SPACE',''
  ) );
#15879 = ORIENTED_EDGE('',*,*,#8256,.F.);
#15880 = ORIENTED_EDGE('',*,*,#15881,.T.);
#15881 = EDGE_CURVE('',#8201,#10219,#15882,.T.);
#15882 = SURFACE_CURVE('',#15883,(#15887,#15894),.PCURVE_S1.);
#15883 = LINE('',#15884,#15885);
#15884 = CARTESIAN_POINT('',(-185.6959991455,59.967002868652,1.));
#15885 = VECTOR('',#15886,1.);
#15886 = DIRECTION('',(0.,0.,-1.));
#15887 = PCURVE('',#8272,#15888);
#15888 = DEFINITIONAL_REPRESENTATION('',(#15889),#15893);
#15889 = LINE('',#15890,#15891);
#15890 = CARTESIAN_POINT('',(-0.153413543654,0.882606088331));
#15891 = VECTOR('',#15892,1.);
#15892 = DIRECTION('',(-0.,-1.));
#15893 = ( GEOMETRIC_REPRESENTATION_CONTEXT(2) 
PARAMETRIC_REPRESENTATION_CONTEXT() REPRESENTATION_CONTEXT('2D SPACE',''
  ) );
#15894 = PCURVE('',#10315,#15895);
#15895 = DEFINITIONAL_REPRESENTATION('',(#15896),#15899);
#15896 = B_SPLINE_CURVE_WITH_KNOTS('',1,(#15897,#15898),.UNSPECIFIED.,
  .F.,.F.,(2,2),(0.,2.),.PIECEWISE_BEZIER_KNOTS.);
#15897 = CARTESIAN_POINT('',(0.144475442,1.112087623969));
#15898 = CARTESIAN_POINT('',(0.144475442,-0.887912376031));
#15899 = ( GEOMETRIC_REPRESENTATION_CONTEXT(2) 
PARAMETRIC_REPRESENTATION_CONTEXT() REPRESENTATION_CONTEXT('2D SPACE',''
  ) );
#15900 = ADVANCED_FACE('',(#15901),#10234,.T.);
#15901 = FACE_BOUND('',#15902,.T.);
#15902 = EDGE_LOOP('',(#15903,#15904,#15905));
#15903 = ORIENTED_EDGE('',*,*,#15831,.F.);
#15904 = ORIENTED_EDGE('',*,*,#15860,.F.);
#15905 = ORIENTED_EDGE('',*,*,#10218,.F.);
#15906 = ADVANCED_FACE('',(#15907),#8216,.T.);
#15907 = FACE_BOUND('',#15908,.T.);
#15908 = EDGE_LOOP('',(#15909,#15929,#15930));
#15909 = ORIENTED_EDGE('',*,*,#15910,.T.);
#15910 = EDGE_CURVE('',#10274,#8201,#15911,.T.);
#15911 = SURFACE_CURVE('',#15912,(#15916,#15923),.PCURVE_S1.);
#15912 = LINE('',#15913,#15914);
#15913 = CARTESIAN_POINT('',(-185.333328247,60.330001831055,-1.));
#15914 = VECTOR('',#15915,1.);
#15915 = DIRECTION('',(-0.175646637873,-0.175805523885,0.968628244671));
#15916 = PCURVE('',#8216,#15917);
#15917 = DEFINITIONAL_REPRESENTATION('',(#15918),#15922);
#15918 = LINE('',#15919,#15920);
#15919 = CARTESIAN_POINT('',(-0.144475442,-1.112087623969));
#15920 = VECTOR('',#15921,1.);
#15921 = DIRECTION('',(0.248514232238,0.968628244671));
#15922 = ( GEOMETRIC_REPRESENTATION_CONTEXT(2) 
PARAMETRIC_REPRESENTATION_CONTEXT() REPRESENTATION_CONTEXT('2D SPACE',''
  ) );
#15923 = PCURVE('',#10315,#15924);
#15924 = DEFINITIONAL_REPRESENTATION('',(#15925),#15928);
#15925 = B_SPLINE_CURVE_WITH_KNOTS('',1,(#15926,#15927),.UNSPECIFIED.,
  .F.,.F.,(2,2),(0.,2.064775636063),.PIECEWISE_BEZIER_KNOTS.);
#15926 = CARTESIAN_POINT('',(-0.368650689939,-0.887912376031));
#15927 = CARTESIAN_POINT('',(0.144475442,1.112087623969));
#15928 = ( GEOMETRIC_REPRESENTATION_CONTEXT(2) 
PARAMETRIC_REPRESENTATION_CONTEXT() REPRESENTATION_CONTEXT('2D SPACE',''
  ) );
#15929 = ORIENTED_EDGE('',*,*,#8200,.F.);
#15930 = ORIENTED_EDGE('',*,*,#14767,.F.);
#15931 = ADVANCED_FACE('',(#15932),#10315,.T.);
#15932 = FACE_BOUND('',#15933,.T.);
#15933 = EDGE_LOOP('',(#15934,#15935,#15936));
#15934 = ORIENTED_EDGE('',*,*,#15881,.F.);
#15935 = ORIENTED_EDGE('',*,*,#15910,.F.);
#15936 = ORIENTED_EDGE('',*,*,#10301,.F.);
#15937 = ( GEOMETRIC_REPRESENTATION_CONTEXT(3) 
GLOBAL_UNCERTAINTY_ASSIGNED_CONTEXT((#15941)) 
GLOBAL_UNIT_ASSIGNED_CONTEXT((#15938,#15939,#15940)) 
REPRESENTATION_CONTEXT('Context #1',
  '3D Context with UNIT and UNCERTAINTY') );
#15938 = ( LENGTH_UNIT() NAMED_UNIT(*) SI_UNIT(.MILLI.,.METRE.) );
#15939 = ( NAMED_UNIT(*) PLANE_ANGLE_UNIT() SI_UNIT($,.RADIAN.) );
#15940 = ( NAMED_UNIT(*) SI_UNIT($,.STERADIAN.) SOLID_ANGLE_UNIT() );
#15941 = UNCERTAINTY_MEASURE_WITH_UNIT(LENGTH_MEASURE(1.E-07),#15938,
  'distance_accuracy_value','confusion accuracy');
#15942 = SHAPE_DEFINITION_REPRESENTATION(#15943,#7992);
#15943 = PRODUCT_DEFINITION_SHAPE('','',#15944);
#15944 = PRODUCT_DEFINITION('design','',#15945,#15948);
#15945 = PRODUCT_DEFINITION_FORMATION('','',#15946);
#15946 = PRODUCT(' STEP translator 7.5 1.2',
  ' STEP translator 7.5 1.2','',(#15947));
#15947 = PRODUCT_CONTEXT('',#2,'mechanical');
#15948 = PRODUCT_DEFINITION_CONTEXT('part definition',#2,'design');
#15949 = CONTEXT_DEPENDENT_SHAPE_REPRESENTATION(#15950,#15952);
#15950 = ( REPRESENTATION_RELATIONSHIP('','',#7992,#10) 
REPRESENTATION_RELATIONSHIP_WITH_TRANSFORMATION(#15951) 
SHAPE_REPRESENTATION_RELATIONSHIP() );
#15951 = ITEM_DEFINED_TRANSFORMATION('','',#11,#19);
#15952 = PRODUCT_DEFINITION_SHAPE('Placement','Placement of an item',
  #15953);
#15953 = NEXT_ASSEMBLY_USAGE_OCCURRENCE('2','','',#5,#15944,$);
#15954 = PRODUCT_RELATED_PRODUCT_CATEGORY('part',$,(#15946));
ENDSEC;
END-ISO-10303-21;
