ISO-10303-21;
HEADER;
FILE_DESCRIPTION((' Model'),'2;1');
FILE_NAME(' Shape Model','2026-04-24T17:45:48',(''),(
    ''),' ','','Unknown');
FILE_SCHEMA(('AUTOMOTIVE_DESIGN { 1 0 10303 214 1 1 1 1 }'));
ENDSEC;
DATA;
#1 = APPLICATION_PROTOCOL_DEFINITION('international standard',
  'automotive_design',2000,#2);
#2 = APPLICATION_CONTEXT(
  'core data for automotive mechanical design processes');
#3 = SHAPE_DEFINITION_REPRESENTATION(#4,#10);
#4 = PRODUCT_DEFINITION_SHAPE('','',#5);
#5 = PRODUCT_DEFINITION('design','',#6,#9);
#6 = PRODUCT_DEFINITION_FORMATION('','',#7);
#7 = PRODUCT(' STEP translator 7.5 1',
  ' STEP translator 7.5 1','',(#8));
#8 = PRODUCT_CONTEXT('',#2,'mechanical');
#9 = PRODUCT_DEFINITION_CONTEXT('part definition',#2,'design');
#10 = MANIFOLD_SURFACE_SHAPE_REPRESENTATION('',(#11,#15),#13791);
#11 = AXIS2_PLACEMENT_3D('',#12,#13,#14);
#12 = CARTESIAN_POINT('',(0.,0.,0.));
#13 = DIRECTION('',(0.,0.,1.));
#14 = DIRECTION('',(1.,0.,-0.));
#15 = SHELL_BASED_SURFACE_MODEL('',(#16));
#16 = CLOSED_SHELL('',(#17,#106,#162,#251,#307,#396,#452,#501,#590,#646,
    #702,#779,#809,#865,#921,#972,#1028,#1110,#1154,#1184,#1240,#1296,
    #1352,#1401,#1426,#1470,#1476,#1525,#1581,#1587,#1612,#1642,#1698,
    #1780,#1805,#1861,#1912,#1968,#2024,#2080,#2131,#2175,#2226,#2301,
    #2331,#2356,#2362,#2387,#2431,#2461,#2491,#2547,#2577,#2657,#2682,
    #2726,#2770,#2776,#2822,#2852,#2877,#2883,#2913,#3000,#3051,#3138,
    #3194,#3250,#3306,#3395,#3451,#3502,#3558,#3588,#3670,#3700,#3756,
    #3807,#3896,#3950,#4001,#4057,#4082,#4133,#4189,#4245,#4294,#4350,
    #4439,#4495,#4577,#4626,#4656,#4738,#4794,#4838,#4863,#4869,#4894,
    #4983,#5039,#5119,#5170,#5200,#5251,#5340,#5396,#5485,#5529,#5559,
    #5648,#5704,#5793,#5849,#5905,#5956,#6038,#6094,#6145,#6201,#6257,
    #6313,#6369,#6413,#6464,#6551,#6602,#6656,#6707,#6763,#6819,#6868,
    #6898,#6954,#7010,#7099,#7143,#7173,#7229,#7285,#7341,#7397,#7453,
    #7509,#7563,#7609,#7634,#7659,#7689,#7738,#7789,#7845,#7875,#7881,
    #7930,#7955,#7961,#7967,#8018,#8069,#8120,#8169,#8194,#8200,#8251,
    #8307,#8351,#8405,#8461,#8491,#8540,#8570,#8614,#8639,#8669,#8699,
    #8776,#8832,#8921,#8977,#9033,#9089,#9145,#9201,#9257,#9301,#9331,
    #9382,#9438,#9518,#9567,#9592,#9648,#9730,#9786,#9811,#9860,#9890,
    #9920,#9974,#10018,#10043,#10087,#10112,#10118,#10174,#10223,#10229,
    #10259,#10313,#10357,#10382,#10388,#10432,#10457,#10508,#10595,
    #10644,#10688,#10713,#10719,#10725,#10750,#10801,#10831,#10887,
    #10931,#10987,#11038,#11044,#11074,#11104,#11155,#11206,#11212,
    #11258,#11314,#11365,#11390,#11415,#11459,#11465,#11509,#11534,
    #11559,#11584,#11609,#11615,#11640,#11684,#11709,#11734,#11740,
    #11765,#11790,#11815,#11840,#11865,#11890,#11915,#11921,#11927,
    #11952,#11958,#12002,#12027,#12071,#12077,#12102,#12158,#12183,
    #12213,#12262,#12268,#12293,#12323,#12367,#12392,#12398,#12423,
    #12453,#12504,#12548,#12573,#12622,#12666,#12672,#12678,#12722,
    #12728,#12758,#12764,#12789,#12814,#12820,#12826,#12851,#12900,
    #12925,#12931,#12980,#13005,#13049,#13079,#13085,#13110,#13116,
    #13141,#13166,#13172,#13216,#13222,#13247,#13253,#13297,#13322,
    #13328,#13334,#13340,#13346,#13390,#13415,#13440,#13470,#13495,
    #13501,#13526,#13532,#13538,#13563,#13593,#13618,#13648,#13692,
    #13717,#13742,#13748,#13754,#13779,#13785));
#17 = ADVANCED_FACE('',(#18),#32,.T.);
#18 = FACE_BOUND('',#19,.T.);
#19 = EDGE_LOOP('',(#20,#54,#81));
#20 = ORIENTED_EDGE('',*,*,#21,.T.);
#21 = EDGE_CURVE('',#22,#24,#26,.T.);
#22 = VERTEX_POINT('',#23);
#23 = CARTESIAN_POINT('',(-144.6569976806,31.479999542236,2.002000808716
    ));
#24 = VERTEX_POINT('',#25);
#25 = CARTESIAN_POINT('',(-144.6569976806,32.250999450684,2.002000808716
    ));
#26 = SURFACE_CURVE('',#27,(#31,#43),.PCURVE_S1.);
#27 = LINE('',#28,#29);
#28 = CARTESIAN_POINT('',(-144.6569976806,31.479999542236,2.002000808716
    ));
#29 = VECTOR('',#30,1.);
#30 = DIRECTION('',(0.,1.,0.));
#31 = PCURVE('',#32,#37);
#32 = PLANE('',#33);
#33 = AXIS2_PLACEMENT_3D('',#34,#35,#36);
#34 = CARTESIAN_POINT('',(-144.6569976806,31.738323525178,1.62817637564)
  );
#35 = DIRECTION('',(-1.,-0.,-0.));
#36 = DIRECTION('',(0.,0.,-1.));
#37 = DEFINITIONAL_REPRESENTATION('',(#38),#42);
#38 = LINE('',#39,#40);
#39 = CARTESIAN_POINT('',(-0.373824433076,0.258323982942));
#40 = VECTOR('',#41,1.);
#41 = DIRECTION('',(0.,-1.));
#42 = ( GEOMETRIC_REPRESENTATION_CONTEXT(2) 
PARAMETRIC_REPRESENTATION_CONTEXT() REPRESENTATION_CONTEXT('2D SPACE',''
  ) );
#43 = PCURVE('',#44,#49);
#44 = PLANE('',#45);
#45 = AXIS2_PLACEMENT_3D('',#46,#47,#48);
#46 = CARTESIAN_POINT('',(-144.6992627668,31.816198407856,2.002000808716
    ));
#47 = DIRECTION('',(-0.,-0.,-1.));
#48 = DIRECTION('',(-1.,0.,0.));
#49 = DEFINITIONAL_REPRESENTATION('',(#50),#53);
#50 = B_SPLINE_CURVE_WITH_KNOTS('',1,(#51,#52),.UNSPECIFIED.,.F.,.F.,(2,
    2),(0.,0.770999908447),.PIECEWISE_BEZIER_KNOTS.);
#51 = CARTESIAN_POINT('',(-4.226508617288E-02,-0.336198865619));
#52 = CARTESIAN_POINT('',(-4.226508617288E-02,0.434801042828));
#53 = ( GEOMETRIC_REPRESENTATION_CONTEXT(2) 
PARAMETRIC_REPRESENTATION_CONTEXT() REPRESENTATION_CONTEXT('2D SPACE',''
  ) );
#54 = ORIENTED_EDGE('',*,*,#55,.T.);
#55 = EDGE_CURVE('',#24,#56,#58,.T.);
#56 = VERTEX_POINT('',#57);
#57 = CARTESIAN_POINT('',(-144.6569976806,31.479999542236,1.));
#58 = SURFACE_CURVE('',#59,(#63,#70),.PCURVE_S1.);
#59 = LINE('',#60,#61);
#60 = CARTESIAN_POINT('',(-144.6569976806,32.250999450684,2.002000808716
    ));
#61 = VECTOR('',#62,1.);
#62 = DIRECTION('',(0.,-0.609825073441,-0.79253604322));
#63 = PCURVE('',#32,#64);
#64 = DEFINITIONAL_REPRESENTATION('',(#65),#69);
#65 = LINE('',#66,#67);
#66 = CARTESIAN_POINT('',(-0.373824433076,-0.512675925506));
#67 = VECTOR('',#68,1.);
#68 = DIRECTION('',(0.79253604322,0.609825073441));
#69 = ( GEOMETRIC_REPRESENTATION_CONTEXT(2) 
PARAMETRIC_REPRESENTATION_CONTEXT() REPRESENTATION_CONTEXT('2D SPACE',''
  ) );
#70 = PCURVE('',#71,#76);
#71 = PLANE('',#72);
#72 = AXIS2_PLACEMENT_3D('',#73,#74,#75);
#73 = CARTESIAN_POINT('',(-144.6569976806,31.992675467742,1.373824433076
    ));
#74 = DIRECTION('',(-1.,-0.,-0.));
#75 = DIRECTION('',(0.,0.,-1.));
#76 = DEFINITIONAL_REPRESENTATION('',(#77),#80);
#77 = B_SPLINE_CURVE_WITH_KNOTS('',1,(#78,#79),.UNSPECIFIED.,.F.,.F.,(2,
    2),(0.,1.264296832035),.PIECEWISE_BEZIER_KNOTS.);
#78 = CARTESIAN_POINT('',(-0.62817637564,-0.258323982942));
#79 = CARTESIAN_POINT('',(0.373824433076,0.512675925506));
#80 = ( GEOMETRIC_REPRESENTATION_CONTEXT(2) 
PARAMETRIC_REPRESENTATION_CONTEXT() REPRESENTATION_CONTEXT('2D SPACE',''
  ) );
#81 = ORIENTED_EDGE('',*,*,#82,.T.);
#82 = EDGE_CURVE('',#56,#22,#83,.T.);
#83 = SURFACE_CURVE('',#84,(#88,#95),.PCURVE_S1.);
#84 = LINE('',#85,#86);
#85 = CARTESIAN_POINT('',(-144.6569976806,31.479999542236,1.));
#86 = VECTOR('',#87,1.);
#87 = DIRECTION('',(0.,0.,1.));
#88 = PCURVE('',#32,#89);
#89 = DEFINITIONAL_REPRESENTATION('',(#90),#94);
#90 = LINE('',#91,#92);
#91 = CARTESIAN_POINT('',(0.62817637564,0.258323982942));
#92 = VECTOR('',#93,1.);
#93 = DIRECTION('',(-1.,0.));
#94 = ( GEOMETRIC_REPRESENTATION_CONTEXT(2) 
PARAMETRIC_REPRESENTATION_CONTEXT() REPRESENTATION_CONTEXT('2D SPACE',''
  ) );
#95 = PCURVE('',#96,#101);
#96 = PLANE('',#97);
#97 = AXIS2_PLACEMENT_3D('',#98,#99,#100);
#98 = CARTESIAN_POINT('',(-143.960174277,30.921799218284,1.696616902773)
  );
#99 = DIRECTION('',(-0.625201389228,-0.780463466734,1.613368868139E-16)
  );
#100 = DIRECTION('',(-0.780463466734,0.625201389228,0.));
#101 = DEFINITIONAL_REPRESENTATION('',(#102),#105);
#102 = B_SPLINE_CURVE_WITH_KNOTS('',1,(#103,#104),.UNSPECIFIED.,.F.,.F.,
  (2,2),(0.,1.002000808716),.PIECEWISE_BEZIER_KNOTS.);
#103 = CARTESIAN_POINT('',(0.892832827262,0.696616902773));
#104 = CARTESIAN_POINT('',(0.892832827262,-0.305383905943));
#105 = ( GEOMETRIC_REPRESENTATION_CONTEXT(2) 
PARAMETRIC_REPRESENTATION_CONTEXT() REPRESENTATION_CONTEXT('2D SPACE',''
  ) );
#106 = ADVANCED_FACE('',(#107),#96,.T.);
#107 = FACE_BOUND('',#108,.T.);
#108 = EDGE_LOOP('',(#109,#136,#137));
#109 = ORIENTED_EDGE('',*,*,#110,.T.);
#110 = EDGE_CURVE('',#111,#22,#113,.T.);
#111 = VERTEX_POINT('',#112);
#112 = CARTESIAN_POINT('',(-142.9580078125,30.118999481201,
    2.002000808716));
#113 = SURFACE_CURVE('',#114,(#118,#125),.PCURVE_S1.);
#114 = LINE('',#115,#116);
#115 = CARTESIAN_POINT('',(-142.9580078125,30.118999481201,
    2.002000808716));
#116 = VECTOR('',#117,1.);
#117 = DIRECTION('',(-0.780463466734,0.625201389228,0.));
#118 = PCURVE('',#96,#119);
#119 = DEFINITIONAL_REPRESENTATION('',(#120),#124);
#120 = LINE('',#121,#122);
#121 = CARTESIAN_POINT('',(-1.284065824091,-0.305383905943));
#122 = VECTOR('',#123,1.);
#123 = DIRECTION('',(1.,-6.739910641945E-33));
#124 = ( GEOMETRIC_REPRESENTATION_CONTEXT(2) 
PARAMETRIC_REPRESENTATION_CONTEXT() REPRESENTATION_CONTEXT('2D SPACE',''
  ) );
#125 = PCURVE('',#126,#131);
#126 = PLANE('',#127);
#127 = AXIS2_PLACEMENT_3D('',#128,#129,#130);
#128 = CARTESIAN_POINT('',(-143.7983688963,30.747529076929,
    2.002000808716));
#129 = DIRECTION('',(-0.,-0.,-1.));
#130 = DIRECTION('',(-1.,0.,0.));
#131 = DEFINITIONAL_REPRESENTATION('',(#132),#135);
#132 = B_SPLINE_CURVE_WITH_KNOTS('',1,(#133,#134),.UNSPECIFIED.,.F.,.F.,
  (2,2),(0.,2.176898651353),.PIECEWISE_BEZIER_KNOTS.);
#133 = CARTESIAN_POINT('',(-0.840361083882,-0.628529595728));
#134 = CARTESIAN_POINT('',(0.858628784282,0.732470465307));
#135 = ( GEOMETRIC_REPRESENTATION_CONTEXT(2) 
PARAMETRIC_REPRESENTATION_CONTEXT() REPRESENTATION_CONTEXT('2D SPACE',''
  ) );
#136 = ORIENTED_EDGE('',*,*,#82,.F.);
#137 = ORIENTED_EDGE('',*,*,#138,.F.);
#138 = EDGE_CURVE('',#111,#56,#139,.T.);
#139 = SURFACE_CURVE('',#140,(#144,#150),.PCURVE_S1.);
#140 = LINE('',#141,#142);
#141 = CARTESIAN_POINT('',(-142.9580078125,30.118999481201,
    2.002000808716));
#142 = VECTOR('',#143,1.);
#143 = DIRECTION('',(-0.708966008019,0.56792733039,-0.418121689069));
#144 = PCURVE('',#96,#145);
#145 = DEFINITIONAL_REPRESENTATION('',(#146),#149);
#146 = B_SPLINE_CURVE_WITH_KNOTS('',1,(#147,#148),.UNSPECIFIED.,.F.,.F.,
  (2,2),(0.,2.39643346641),.PIECEWISE_BEZIER_KNOTS.);
#147 = CARTESIAN_POINT('',(-1.284065824091,-0.305383905943));
#148 = CARTESIAN_POINT('',(0.892832827262,0.696616902773));
#149 = ( GEOMETRIC_REPRESENTATION_CONTEXT(2) 
PARAMETRIC_REPRESENTATION_CONTEXT() REPRESENTATION_CONTEXT('2D SPACE',''
  ) );
#150 = PCURVE('',#151,#156);
#151 = PLANE('',#152);
#152 = AXIS2_PLACEMENT_3D('',#153,#154,#155);
#153 = CARTESIAN_POINT('',(-143.654831216,30.677199805154,1.305383905943
    ));
#154 = DIRECTION('',(-0.625201389228,-0.780463466734,1.613368868139E-16)
  );
#155 = DIRECTION('',(-0.780463466734,0.625201389228,0.));
#156 = DEFINITIONAL_REPRESENTATION('',(#157),#161);
#157 = LINE('',#158,#159);
#158 = CARTESIAN_POINT('',(-0.892832827262,-0.696616902773));
#159 = VECTOR('',#160,1.);
#160 = DIRECTION('',(0.908391024356,0.418121689069));
#161 = ( GEOMETRIC_REPRESENTATION_CONTEXT(2) 
PARAMETRIC_REPRESENTATION_CONTEXT() REPRESENTATION_CONTEXT('2D SPACE',''
  ) );
#162 = ADVANCED_FACE('',(#163),#177,.T.);
#163 = FACE_BOUND('',#164,.T.);
#164 = EDGE_LOOP('',(#165,#199,#226));
#165 = ORIENTED_EDGE('',*,*,#166,.T.);
#166 = EDGE_CURVE('',#167,#169,#171,.T.);
#167 = VERTEX_POINT('',#168);
#168 = CARTESIAN_POINT('',(-142.7694854736,95.002998352051,11.));
#169 = VERTEX_POINT('',#170);
#170 = CARTESIAN_POINT('',(-146.0019989013,91.997528076172,
    2.996999740601));
#171 = SURFACE_CURVE('',#172,(#176,#188),.PCURVE_S1.);
#172 = LINE('',#173,#174);
#173 = CARTESIAN_POINT('',(-142.7694854736,95.002998352051,11.));
#174 = VECTOR('',#175,1.);
#175 = DIRECTION('',(-0.353686983153,-0.328844949478,-0.875652052559));
#176 = PCURVE('',#177,#182);
#177 = PLANE('',#178);
#178 = AXIS2_PLACEMENT_3D('',#179,#180,#181);
#179 = CARTESIAN_POINT('',(-143.7856905626,94.058168807671,
    6.179158303031));
#180 = DIRECTION('',(0.680919430732,-0.73235833364,-7.040208591663E-17)
  );
#181 = DIRECTION('',(-0.73235833364,-0.680919430732,0.));
#182 = DEFINITIONAL_REPRESENTATION('',(#183),#187);
#183 = LINE('',#184,#185);
#184 = CARTESIAN_POINT('',(-1.387579061099,-4.820841696969));
#185 = VECTOR('',#186,1.);
#186 = DIRECTION('',(0.48294252541,0.875652052559));
#187 = ( GEOMETRIC_REPRESENTATION_CONTEXT(2) 
PARAMETRIC_REPRESENTATION_CONTEXT() REPRESENTATION_CONTEXT('2D SPACE',''
  ) );
#188 = PCURVE('',#189,#194);
#189 = PLANE('',#190);
#190 = AXIS2_PLACEMENT_3D('',#191,#192,#193);
#191 = CARTESIAN_POINT('',(-144.9857938123,92.942357620551,
    7.817841437569));
#192 = DIRECTION('',(0.680919430732,-0.73235833364,-3.520104295831E-17)
  );
#193 = DIRECTION('',(-0.73235833364,-0.680919430732,3.08148791102E-33));
#194 = DEFINITIONAL_REPRESENTATION('',(#195),#198);
#195 = B_SPLINE_CURVE_WITH_KNOTS('',1,(#196,#197),.UNSPECIFIED.,.F.,.F.,
  (2,2),(0.,9.13947524706),.PIECEWISE_BEZIER_KNOTS.);
#196 = CARTESIAN_POINT('',(-3.026262195638,-3.182158562431));
#197 = CARTESIAN_POINT('',(1.387579061099,4.820841696969));
#198 = ( GEOMETRIC_REPRESENTATION_CONTEXT(2) 
PARAMETRIC_REPRESENTATION_CONTEXT() REPRESENTATION_CONTEXT('2D SPACE',''
  ) );
#199 = ORIENTED_EDGE('',*,*,#200,.T.);
#200 = EDGE_CURVE('',#169,#201,#203,.T.);
#201 = VERTEX_POINT('',#202);
#202 = CARTESIAN_POINT('',(-142.7694854736,95.002998352051,
    2.996999740601));
#203 = SURFACE_CURVE('',#204,(#208,#215),.PCURVE_S1.);
#204 = LINE('',#205,#206);
#205 = CARTESIAN_POINT('',(-146.0019989013,91.997528076172,
    2.996999740601));
#206 = VECTOR('',#207,1.);
#207 = DIRECTION('',(0.73235833364,0.680919430732,0.));
#208 = PCURVE('',#177,#209);
#209 = DEFINITIONAL_REPRESENTATION('',(#210),#214);
#210 = LINE('',#211,#212);
#211 = CARTESIAN_POINT('',(3.026262195638,3.182158562431));
#212 = VECTOR('',#213,1.);
#213 = DIRECTION('',(-1.,-2.179537917529E-32));
#214 = ( GEOMETRIC_REPRESENTATION_CONTEXT(2) 
PARAMETRIC_REPRESENTATION_CONTEXT() REPRESENTATION_CONTEXT('2D SPACE',''
  ) );
#215 = PCURVE('',#216,#221);
#216 = PLANE('',#217);
#217 = AXIS2_PLACEMENT_3D('',#218,#219,#220);
#218 = CARTESIAN_POINT('',(-145.1443346531,65.095435498622,
    2.996999740601));
#219 = DIRECTION('',(3.717651729628E-30,-1.126730734216E-31,1.));
#220 = DIRECTION('',(1.,0.,-3.717651729628E-30));
#221 = DEFINITIONAL_REPRESENTATION('',(#222),#225);
#222 = B_SPLINE_CURVE_WITH_KNOTS('',1,(#223,#224),.UNSPECIFIED.,.F.,.F.,
  (2,2),(0.,4.413841256737),.PIECEWISE_BEZIER_KNOTS.);
#223 = CARTESIAN_POINT('',(-0.857664248204,26.90209257755));
#224 = CARTESIAN_POINT('',(2.374849179531,29.907562853429));
#225 = ( GEOMETRIC_REPRESENTATION_CONTEXT(2) 
PARAMETRIC_REPRESENTATION_CONTEXT() REPRESENTATION_CONTEXT('2D SPACE',''
  ) );
#226 = ORIENTED_EDGE('',*,*,#227,.T.);
#227 = EDGE_CURVE('',#201,#167,#228,.T.);
#228 = SURFACE_CURVE('',#229,(#233,#240),.PCURVE_S1.);
#229 = LINE('',#230,#231);
#230 = CARTESIAN_POINT('',(-142.7694854736,95.002998352051,
    2.996999740601));
#231 = VECTOR('',#232,1.);
#232 = DIRECTION('',(0.,0.,1.));
#233 = PCURVE('',#177,#234);
#234 = DEFINITIONAL_REPRESENTATION('',(#235),#239);
#235 = LINE('',#236,#237);
#236 = CARTESIAN_POINT('',(-1.387579061099,3.182158562431));
#237 = VECTOR('',#238,1.);
#238 = DIRECTION('',(0.,-1.));
#239 = ( GEOMETRIC_REPRESENTATION_CONTEXT(2) 
PARAMETRIC_REPRESENTATION_CONTEXT() REPRESENTATION_CONTEXT('2D SPACE',''
  ) );
#240 = PCURVE('',#241,#246);
#241 = PLANE('',#242);
#242 = AXIS2_PLACEMENT_3D('',#243,#244,#245);
#243 = CARTESIAN_POINT('',(-88.85915452981,95.002998352051,
    8.927654094938));
#244 = DIRECTION('',(1.392570065424E-31,-1.,-2.134522521193E-30));
#245 = DIRECTION('',(0.,2.134522521193E-30,-1.));
#246 = DEFINITIONAL_REPRESENTATION('',(#247),#250);
#247 = B_SPLINE_CURVE_WITH_KNOTS('',1,(#248,#249),.UNSPECIFIED.,.F.,.F.,
  (2,2),(0.,8.003000259399),.PIECEWISE_BEZIER_KNOTS.);
#248 = CARTESIAN_POINT('',(5.930654354337,-53.91033094382));
#249 = CARTESIAN_POINT('',(-2.072345905062,-53.91033094382));
#250 = ( GEOMETRIC_REPRESENTATION_CONTEXT(2) 
PARAMETRIC_REPRESENTATION_CONTEXT() REPRESENTATION_CONTEXT('2D SPACE',''
  ) );
#251 = ADVANCED_FACE('',(#252),#189,.T.);
#252 = FACE_BOUND('',#253,.T.);
#253 = EDGE_LOOP('',(#254,#281,#282));
#254 = ORIENTED_EDGE('',*,*,#255,.T.);
#255 = EDGE_CURVE('',#256,#169,#258,.T.);
#256 = VERTEX_POINT('',#257);
#257 = CARTESIAN_POINT('',(-146.0019989013,91.997528076172,11.));
#258 = SURFACE_CURVE('',#259,(#263,#270),.PCURVE_S1.);
#259 = LINE('',#260,#261);
#260 = CARTESIAN_POINT('',(-146.0019989013,91.997528076172,11.));
#261 = VECTOR('',#262,1.);
#262 = DIRECTION('',(0.,0.,-1.));
#263 = PCURVE('',#189,#264);
#264 = DEFINITIONAL_REPRESENTATION('',(#265),#269);
#265 = LINE('',#266,#267);
#266 = CARTESIAN_POINT('',(1.387579061099,-3.182158562431));
#267 = VECTOR('',#268,1.);
#268 = DIRECTION('',(0.,1.));
#269 = ( GEOMETRIC_REPRESENTATION_CONTEXT(2) 
PARAMETRIC_REPRESENTATION_CONTEXT() REPRESENTATION_CONTEXT('2D SPACE',''
  ) );
#270 = PCURVE('',#271,#276);
#271 = PLANE('',#272);
#272 = AXIS2_PLACEMENT_3D('',#273,#274,#275);
#273 = CARTESIAN_POINT('',(-146.0019989013,65.124302946484,
    8.860612951672));
#274 = DIRECTION('',(1.,0.,0.));
#275 = DIRECTION('',(-0.,0.,1.));
#276 = DEFINITIONAL_REPRESENTATION('',(#277),#280);
#277 = B_SPLINE_CURVE_WITH_KNOTS('',1,(#278,#279),.UNSPECIFIED.,.F.,.F.,
  (2,2),(0.,8.003000259399),.PIECEWISE_BEZIER_KNOTS.);
#278 = CARTESIAN_POINT('',(2.139387048328,-26.87322512968));
#279 = CARTESIAN_POINT('',(-5.863613211071,-26.87322512968));
#280 = ( GEOMETRIC_REPRESENTATION_CONTEXT(2) 
PARAMETRIC_REPRESENTATION_CONTEXT() REPRESENTATION_CONTEXT('2D SPACE',''
  ) );
#281 = ORIENTED_EDGE('',*,*,#166,.F.);
#282 = ORIENTED_EDGE('',*,*,#283,.F.);
#283 = EDGE_CURVE('',#256,#167,#284,.T.);
#284 = SURFACE_CURVE('',#285,(#289,#295),.PCURVE_S1.);
#285 = LINE('',#286,#287);
#286 = CARTESIAN_POINT('',(-146.0019989013,91.997528076172,11.));
#287 = VECTOR('',#288,1.);
#288 = DIRECTION('',(0.73235833364,0.680919430732,0.));
#289 = PCURVE('',#189,#290);
#290 = DEFINITIONAL_REPRESENTATION('',(#291),#294);
#291 = B_SPLINE_CURVE_WITH_KNOTS('',1,(#292,#293),.UNSPECIFIED.,.F.,.F.,
  (2,2),(0.,4.413841256737),.PIECEWISE_BEZIER_KNOTS.);
#292 = CARTESIAN_POINT('',(1.387579061099,-3.182158562431));
#293 = CARTESIAN_POINT('',(-3.026262195638,-3.182158562431));
#294 = ( GEOMETRIC_REPRESENTATION_CONTEXT(2) 
PARAMETRIC_REPRESENTATION_CONTEXT() REPRESENTATION_CONTEXT('2D SPACE',''
  ) );
#295 = PCURVE('',#296,#301);
#296 = PLANE('',#297);
#297 = AXIS2_PLACEMENT_3D('',#298,#299,#300);
#298 = CARTESIAN_POINT('',(-145.0989404392,93.962525595597,11.));
#299 = DIRECTION('',(0.,0.,1.));
#300 = DIRECTION('',(1.,0.,-0.));
#301 = DEFINITIONAL_REPRESENTATION('',(#302),#306);
#302 = LINE('',#303,#304);
#303 = CARTESIAN_POINT('',(-0.903058462083,-1.964997519425));
#304 = VECTOR('',#305,1.);
#305 = DIRECTION('',(0.73235833364,0.680919430732));
#306 = ( GEOMETRIC_REPRESENTATION_CONTEXT(2) 
PARAMETRIC_REPRESENTATION_CONTEXT() REPRESENTATION_CONTEXT('2D SPACE',''
  ) );
#307 = ADVANCED_FACE('',(#308),#322,.T.);
#308 = FACE_BOUND('',#309,.T.);
#309 = EDGE_LOOP('',(#310,#344,#371));
#310 = ORIENTED_EDGE('',*,*,#311,.T.);
#311 = EDGE_CURVE('',#312,#314,#316,.T.);
#312 = VERTEX_POINT('',#313);
#313 = CARTESIAN_POINT('',(-147.,94.712997436523,11.));
#314 = VERTEX_POINT('',#315);
#315 = CARTESIAN_POINT('',(-147.,31.860363006592,3.002141952515));
#316 = SURFACE_CURVE('',#317,(#321,#333),.PCURVE_S1.);
#317 = LINE('',#318,#319);
#318 = CARTESIAN_POINT('',(-147.,94.712997436523,11.));
#319 = VECTOR('',#320,1.);
#320 = DIRECTION('',(0.,-0.992001011226,-0.126229924055));
#321 = PCURVE('',#322,#327);
#322 = PLANE('',#323);
#323 = AXIS2_PLACEMENT_3D('',#324,#325,#326);
#324 = CARTESIAN_POINT('',(-147.,61.413918583862,8.873832613952));
#325 = DIRECTION('',(-1.,-0.,-0.));
#326 = DIRECTION('',(0.,0.,-1.));
#327 = DEFINITIONAL_REPRESENTATION('',(#328),#332);
#328 = LINE('',#329,#330);
#329 = CARTESIAN_POINT('',(-2.126167386048,-33.29907885266));
#330 = VECTOR('',#331,1.);
#331 = DIRECTION('',(0.126229924055,0.992001011226));
#332 = ( GEOMETRIC_REPRESENTATION_CONTEXT(2) 
PARAMETRIC_REPRESENTATION_CONTEXT() REPRESENTATION_CONTEXT('2D SPACE',''
  ) );
#333 = PCURVE('',#334,#339);
#334 = PLANE('',#335);
#335 = AXIS2_PLACEMENT_3D('',#336,#337,#338);
#336 = CARTESIAN_POINT('',(-147.,65.159441859253,5.128309338562));
#337 = DIRECTION('',(-1.,-0.,-0.));
#338 = DIRECTION('',(0.,0.,-1.));
#339 = DEFINITIONAL_REPRESENTATION('',(#340),#343);
#340 = B_SPLINE_CURVE_WITH_KNOTS('',1,(#341,#342),.UNSPECIFIED.,.F.,.F.,
  (2,2),(0.,63.359445926636),.PIECEWISE_BEZIER_KNOTS.);
#341 = CARTESIAN_POINT('',(-5.871690661438,-29.55355557727));
#342 = CARTESIAN_POINT('',(2.126167386048,33.299078852661));
#343 = ( GEOMETRIC_REPRESENTATION_CONTEXT(2) 
PARAMETRIC_REPRESENTATION_CONTEXT() REPRESENTATION_CONTEXT('2D SPACE',''
  ) );
#344 = ORIENTED_EDGE('',*,*,#345,.T.);
#345 = EDGE_CURVE('',#314,#346,#348,.T.);
#346 = VERTEX_POINT('',#347);
#347 = CARTESIAN_POINT('',(-147.,31.860363006592,11.));
#348 = SURFACE_CURVE('',#349,(#353,#360),.PCURVE_S1.);
#349 = LINE('',#350,#351);
#350 = CARTESIAN_POINT('',(-147.,31.860363006592,3.002141952515));
#351 = VECTOR('',#352,1.);
#352 = DIRECTION('',(0.,0.,1.));
#353 = PCURVE('',#322,#354);
#354 = DEFINITIONAL_REPRESENTATION('',(#355),#359);
#355 = LINE('',#356,#357);
#356 = CARTESIAN_POINT('',(5.871690661438,29.553555577271));
#357 = VECTOR('',#358,1.);
#358 = DIRECTION('',(-1.,0.));
#359 = ( GEOMETRIC_REPRESENTATION_CONTEXT(2) 
PARAMETRIC_REPRESENTATION_CONTEXT() REPRESENTATION_CONTEXT('2D SPACE',''
  ) );
#360 = PCURVE('',#361,#366);
#361 = PLANE('',#362);
#362 = AXIS2_PLACEMENT_3D('',#363,#364,#365);
#363 = CARTESIAN_POINT('',(-145.7368237006,30.597277821745,
    7.944521665197));
#364 = DIRECTION('',(-0.707081277558,-0.707132283895,1.407678680634E-16)
  );
#365 = DIRECTION('',(-0.707132283895,0.707081277558,-1.232595164408E-32)
  );
#366 = DEFINITIONAL_REPRESENTATION('',(#367),#370);
#367 = B_SPLINE_CURVE_WITH_KNOTS('',1,(#368,#369),.UNSPECIFIED.,.F.,.F.,
  (2,2),(0.,7.997858047485),.PIECEWISE_BEZIER_KNOTS.);
#368 = CARTESIAN_POINT('',(1.786336627677,4.942379712682));
#369 = CARTESIAN_POINT('',(1.786336627677,-3.055478334803));
#370 = ( GEOMETRIC_REPRESENTATION_CONTEXT(2) 
PARAMETRIC_REPRESENTATION_CONTEXT() REPRESENTATION_CONTEXT('2D SPACE',''
  ) );
#371 = ORIENTED_EDGE('',*,*,#372,.T.);
#372 = EDGE_CURVE('',#346,#312,#373,.T.);
#373 = SURFACE_CURVE('',#374,(#378,#385),.PCURVE_S1.);
#374 = LINE('',#375,#376);
#375 = CARTESIAN_POINT('',(-147.,31.860363006592,11.));
#376 = VECTOR('',#377,1.);
#377 = DIRECTION('',(0.,1.,0.));
#378 = PCURVE('',#322,#379);
#379 = DEFINITIONAL_REPRESENTATION('',(#380),#384);
#380 = LINE('',#381,#382);
#381 = CARTESIAN_POINT('',(-2.126167386048,29.553555577271));
#382 = VECTOR('',#383,1.);
#383 = DIRECTION('',(0.,-1.));
#384 = ( GEOMETRIC_REPRESENTATION_CONTEXT(2) 
PARAMETRIC_REPRESENTATION_CONTEXT() REPRESENTATION_CONTEXT('2D SPACE',''
  ) );
#385 = PCURVE('',#386,#391);
#386 = PLANE('',#387);
#387 = AXIS2_PLACEMENT_3D('',#388,#389,#390);
#388 = CARTESIAN_POINT('',(-146.7501313577,63.329007047271,11.));
#389 = DIRECTION('',(0.,0.,1.));
#390 = DIRECTION('',(1.,0.,-0.));
#391 = DEFINITIONAL_REPRESENTATION('',(#392),#395);
#392 = B_SPLINE_CURVE_WITH_KNOTS('',1,(#393,#394),.UNSPECIFIED.,.F.,.F.,
  (2,2),(0.,62.852634429932),.PIECEWISE_BEZIER_KNOTS.);
#393 = CARTESIAN_POINT('',(-0.249868642271,-31.46864404067));
#394 = CARTESIAN_POINT('',(-0.249868642271,31.383990389253));
#395 = ( GEOMETRIC_REPRESENTATION_CONTEXT(2) 
PARAMETRIC_REPRESENTATION_CONTEXT() REPRESENTATION_CONTEXT('2D SPACE',''
  ) );
#396 = ADVANCED_FACE('',(#397),#334,.T.);
#397 = FACE_BOUND('',#398,.T.);
#398 = EDGE_LOOP('',(#399,#426,#451));
#399 = ORIENTED_EDGE('',*,*,#400,.T.);
#400 = EDGE_CURVE('',#312,#401,#403,.T.);
#401 = VERTEX_POINT('',#402);
#402 = CARTESIAN_POINT('',(-147.,94.712997436523,3.002141952515));
#403 = SURFACE_CURVE('',#404,(#408,#415),.PCURVE_S1.);
#404 = LINE('',#405,#406);
#405 = CARTESIAN_POINT('',(-147.,94.712997436523,11.));
#406 = VECTOR('',#407,1.);
#407 = DIRECTION('',(0.,0.,-1.));
#408 = PCURVE('',#334,#409);
#409 = DEFINITIONAL_REPRESENTATION('',(#410),#414);
#410 = LINE('',#411,#412);
#411 = CARTESIAN_POINT('',(-5.871690661438,-29.55355557727));
#412 = VECTOR('',#413,1.);
#413 = DIRECTION('',(1.,0.));
#414 = ( GEOMETRIC_REPRESENTATION_CONTEXT(2) 
PARAMETRIC_REPRESENTATION_CONTEXT() REPRESENTATION_CONTEXT('2D SPACE',''
  ) );
#415 = PCURVE('',#416,#421);
#416 = PLANE('',#417);
#417 = AXIS2_PLACEMENT_3D('',#418,#419,#420);
#418 = CARTESIAN_POINT('',(-145.9567851325,95.756212304019,
    7.850004164588));
#419 = DIRECTION('',(-0.707106781187,0.707106781187,-7.04148356712E-17)
  );
#420 = DIRECTION('',(0.707106781187,0.707106781187,0.));
#421 = DEFINITIONAL_REPRESENTATION('',(#422),#425);
#422 = B_SPLINE_CURVE_WITH_KNOTS('',1,(#423,#424),.UNSPECIFIED.,.F.,.F.,
  (2,2),(0.,7.997858047485),.PIECEWISE_BEZIER_KNOTS.);
#423 = CARTESIAN_POINT('',(-1.475328614081,-3.149995835412));
#424 = CARTESIAN_POINT('',(-1.475328614081,4.847862212073));
#425 = ( GEOMETRIC_REPRESENTATION_CONTEXT(2) 
PARAMETRIC_REPRESENTATION_CONTEXT() REPRESENTATION_CONTEXT('2D SPACE',''
  ) );
#426 = ORIENTED_EDGE('',*,*,#427,.T.);
#427 = EDGE_CURVE('',#401,#314,#428,.T.);
#428 = SURFACE_CURVE('',#429,(#433,#440),.PCURVE_S1.);
#429 = LINE('',#430,#431);
#430 = CARTESIAN_POINT('',(-147.,94.712997436523,3.002141952515));
#431 = VECTOR('',#432,1.);
#432 = DIRECTION('',(0.,-1.,0.));
#433 = PCURVE('',#334,#434);
#434 = DEFINITIONAL_REPRESENTATION('',(#435),#439);
#435 = LINE('',#436,#437);
#436 = CARTESIAN_POINT('',(2.126167386048,-29.55355557727));
#437 = VECTOR('',#438,1.);
#438 = DIRECTION('',(0.,1.));
#439 = ( GEOMETRIC_REPRESENTATION_CONTEXT(2) 
PARAMETRIC_REPRESENTATION_CONTEXT() REPRESENTATION_CONTEXT('2D SPACE',''
  ) );
#440 = PCURVE('',#441,#446);
#441 = PLANE('',#442);
#442 = AXIS2_PLACEMENT_3D('',#443,#444,#445);
#443 = CARTESIAN_POINT('',(-146.4979633891,63.161819322365,
    2.500140806739));
#444 = DIRECTION('',(-0.707081803967,-4.845911212485E-18,-0.707131757524
    ));
#445 = DIRECTION('',(-0.707131757524,0.,0.707081803967));
#446 = DEFINITIONAL_REPRESENTATION('',(#447),#450);
#447 = B_SPLINE_CURVE_WITH_KNOTS('',1,(#448,#449),.UNSPECIFIED.,.F.,.F.,
  (2,2),(0.,62.852634429932),.PIECEWISE_BEZIER_KNOTS.);
#448 = CARTESIAN_POINT('',(0.709961906754,31.551178114158));
#449 = CARTESIAN_POINT('',(0.709961906754,-31.30145631577));
#450 = ( GEOMETRIC_REPRESENTATION_CONTEXT(2) 
PARAMETRIC_REPRESENTATION_CONTEXT() REPRESENTATION_CONTEXT('2D SPACE',''
  ) );
#451 = ORIENTED_EDGE('',*,*,#311,.F.);
#452 = ADVANCED_FACE('',(#453),#386,.T.);
#453 = FACE_BOUND('',#454,.T.);
#454 = EDGE_LOOP('',(#455,#475,#476));
#455 = ORIENTED_EDGE('',*,*,#456,.T.);
#456 = EDGE_CURVE('',#256,#312,#457,.T.);
#457 = SURFACE_CURVE('',#458,(#462,#469),.PCURVE_S1.);
#458 = LINE('',#459,#460);
#459 = CARTESIAN_POINT('',(-146.0019989013,91.997528076172,11.));
#460 = VECTOR('',#461,1.);
#461 = DIRECTION('',(-0.344964176311,0.9386158517,0.));
#462 = PCURVE('',#386,#463);
#463 = DEFINITIONAL_REPRESENTATION('',(#464),#468);
#464 = LINE('',#465,#466);
#465 = CARTESIAN_POINT('',(0.748132456362,28.668521028901));
#466 = VECTOR('',#467,1.);
#467 = DIRECTION('',(-0.344964176311,0.9386158517));
#468 = ( GEOMETRIC_REPRESENTATION_CONTEXT(2) 
PARAMETRIC_REPRESENTATION_CONTEXT() REPRESENTATION_CONTEXT('2D SPACE',''
  ) );
#469 = PCURVE('',#296,#470);
#470 = DEFINITIONAL_REPRESENTATION('',(#471),#474);
#471 = B_SPLINE_CURVE_WITH_KNOTS('',1,(#472,#473),.UNSPECIFIED.,.F.,.F.,
  (2,2),(0.,2.893057213378),.PIECEWISE_BEZIER_KNOTS.);
#472 = CARTESIAN_POINT('',(-0.903058462083,-1.964997519425));
#473 = CARTESIAN_POINT('',(-1.901059560716,0.750471840926));
#474 = ( GEOMETRIC_REPRESENTATION_CONTEXT(2) 
PARAMETRIC_REPRESENTATION_CONTEXT() REPRESENTATION_CONTEXT('2D SPACE',''
  ) );
#475 = ORIENTED_EDGE('',*,*,#372,.F.);
#476 = ORIENTED_EDGE('',*,*,#477,.F.);
#477 = EDGE_CURVE('',#256,#346,#478,.T.);
#478 = SURFACE_CURVE('',#479,(#483,#489),.PCURVE_S1.);
#479 = LINE('',#480,#481);
#480 = CARTESIAN_POINT('',(-146.0019989013,91.997528076172,11.));
#481 = VECTOR('',#482,1.);
#482 = DIRECTION('',(-1.659312834661E-02,-0.999862324569,0.));
#483 = PCURVE('',#386,#484);
#484 = DEFINITIONAL_REPRESENTATION('',(#485),#488);
#485 = B_SPLINE_CURVE_WITH_KNOTS('',1,(#486,#487),.UNSPECIFIED.,.F.,.F.,
  (2,2),(0.,60.145445619754),.PIECEWISE_BEZIER_KNOTS.);
#486 = CARTESIAN_POINT('',(0.748132456362,28.668521028901));
#487 = CARTESIAN_POINT('',(-0.249868642271,-31.46864404067));
#488 = ( GEOMETRIC_REPRESENTATION_CONTEXT(2) 
PARAMETRIC_REPRESENTATION_CONTEXT() REPRESENTATION_CONTEXT('2D SPACE',''
  ) );
#489 = PCURVE('',#490,#495);
#490 = PLANE('',#491);
#491 = AXIS2_PLACEMENT_3D('',#492,#493,#494);
#492 = CARTESIAN_POINT('',(-146.2629359928,61.885854521413,11.));
#493 = DIRECTION('',(0.,0.,1.));
#494 = DIRECTION('',(1.,0.,-0.));
#495 = DEFINITIONAL_REPRESENTATION('',(#496),#500);
#496 = LINE('',#497,#498);
#497 = CARTESIAN_POINT('',(0.260937091475,30.111673554759));
#498 = VECTOR('',#499,1.);
#499 = DIRECTION('',(-1.659312834661E-02,-0.999862324569));
#500 = ( GEOMETRIC_REPRESENTATION_CONTEXT(2) 
PARAMETRIC_REPRESENTATION_CONTEXT() REPRESENTATION_CONTEXT('2D SPACE',''
  ) );
#501 = ADVANCED_FACE('',(#502),#516,.T.);
#502 = FACE_BOUND('',#503,.T.);
#503 = EDGE_LOOP('',(#504,#538,#565));
#504 = ORIENTED_EDGE('',*,*,#505,.T.);
#505 = EDGE_CURVE('',#506,#508,#510,.T.);
#506 = VERTEX_POINT('',#507);
#507 = CARTESIAN_POINT('',(-27.,31.286334991455,11.));
#508 = VERTEX_POINT('',#509);
#509 = CARTESIAN_POINT('',(-27.,31.286334991455,3.002141952515));
#510 = SURFACE_CURVE('',#511,(#515,#527),.PCURVE_S1.);
#511 = LINE('',#512,#513);
#512 = CARTESIAN_POINT('',(-27.,31.286334991455,11.));
#513 = VECTOR('',#514,1.);
#514 = DIRECTION('',(0.,0.,-1.));
#515 = PCURVE('',#516,#521);
#516 = PLANE('',#517);
#517 = AXIS2_PLACEMENT_3D('',#518,#519,#520);
#518 = CARTESIAN_POINT('',(-27.,61.196704375772,5.126892554788));
#519 = DIRECTION('',(1.,1.666885522131E-32,2.640556655522E-31));
#520 = DIRECTION('',(-2.640556655522E-31,0.,1.));
#521 = DEFINITIONAL_REPRESENTATION('',(#522),#526);
#522 = LINE('',#523,#524);
#523 = CARTESIAN_POINT('',(5.873107445212,29.910369384317));
#524 = VECTOR('',#525,1.);
#525 = DIRECTION('',(-1.,-4.401505659457E-63));
#526 = ( GEOMETRIC_REPRESENTATION_CONTEXT(2) 
PARAMETRIC_REPRESENTATION_CONTEXT() REPRESENTATION_CONTEXT('2D SPACE',''
  ) );
#527 = PCURVE('',#528,#533);
#528 = PLANE('',#529);
#529 = AXIS2_PLACEMENT_3D('',#530,#531,#532);
#530 = CARTESIAN_POINT('',(-28.04304209892,30.243364321171,
    7.849906532968));
#531 = DIRECTION('',(0.70708256823,-0.707130993314,-0.));
#532 = DIRECTION('',(-0.707130993314,-0.70708256823,0.));
#533 = DEFINITIONAL_REPRESENTATION('',(#534),#537);
#534 = B_SPLINE_CURVE_WITH_KNOTS('',1,(#535,#536),.UNSPECIFIED.,.F.,.F.,
  (2,2),(0.,7.997858047485),.PIECEWISE_BEZIER_KNOTS.);
#535 = CARTESIAN_POINT('',(-1.47503377561,-3.150093467032));
#536 = CARTESIAN_POINT('',(-1.47503377561,4.847764580453));
#537 = ( GEOMETRIC_REPRESENTATION_CONTEXT(2) 
PARAMETRIC_REPRESENTATION_CONTEXT() REPRESENTATION_CONTEXT('2D SPACE',''
  ) );
#538 = ORIENTED_EDGE('',*,*,#539,.T.);
#539 = EDGE_CURVE('',#508,#540,#542,.T.);
#540 = VERTEX_POINT('',#541);
#541 = CARTESIAN_POINT('',(-27.,94.855430603027,3.002141952515));
#542 = SURFACE_CURVE('',#543,(#547,#554),.PCURVE_S1.);
#543 = LINE('',#544,#545);
#544 = CARTESIAN_POINT('',(-27.,31.286334991455,3.002141952515));
#545 = VECTOR('',#546,1.);
#546 = DIRECTION('',(0.,1.,0.));
#547 = PCURVE('',#516,#548);
#548 = DEFINITIONAL_REPRESENTATION('',(#549),#553);
#549 = LINE('',#550,#551);
#550 = CARTESIAN_POINT('',(-2.124750602273,29.910369384317));
#551 = VECTOR('',#552,1.);
#552 = DIRECTION('',(0.,-1.));
#553 = ( GEOMETRIC_REPRESENTATION_CONTEXT(2) 
PARAMETRIC_REPRESENTATION_CONTEXT() REPRESENTATION_CONTEXT('2D SPACE',''
  ) );
#554 = PCURVE('',#555,#560);
#555 = PLANE('',#556);
#556 = AXIS2_PLACEMENT_3D('',#557,#558,#559);
#557 = CARTESIAN_POINT('',(-27.5171842547,64.130971738566,2.484995632744
    ));
#558 = DIRECTION('',(0.707080846979,1.115176809246E-17,-0.707132714443)
  );
#559 = DIRECTION('',(-0.707132714443,7.703719777549E-34,-0.707080846979)
  );
#560 = DEFINITIONAL_REPRESENTATION('',(#561),#564);
#561 = B_SPLINE_CURVE_WITH_KNOTS('',1,(#562,#563),.UNSPECIFIED.,.F.,.F.,
  (2,2),(0.,63.569095611572),.PIECEWISE_BEZIER_KNOTS.);
#562 = CARTESIAN_POINT('',(-0.731382163695,-32.84463674711));
#563 = CARTESIAN_POINT('',(-0.731382163695,30.724458864461));
#564 = ( GEOMETRIC_REPRESENTATION_CONTEXT(2) 
PARAMETRIC_REPRESENTATION_CONTEXT() REPRESENTATION_CONTEXT('2D SPACE',''
  ) );
#565 = ORIENTED_EDGE('',*,*,#566,.T.);
#566 = EDGE_CURVE('',#540,#506,#567,.T.);
#567 = SURFACE_CURVE('',#568,(#572,#579),.PCURVE_S1.);
#568 = LINE('',#569,#570);
#569 = CARTESIAN_POINT('',(-27.,94.855430603027,3.002141952515));
#570 = VECTOR('',#571,1.);
#571 = DIRECTION('',(0.,-0.992178203768,0.124829531633));
#572 = PCURVE('',#516,#573);
#573 = DEFINITIONAL_REPRESENTATION('',(#574),#578);
#574 = LINE('',#575,#576);
#575 = CARTESIAN_POINT('',(-2.124750602273,-33.65872622725));
#576 = VECTOR('',#577,1.);
#577 = DIRECTION('',(0.124829531633,0.992178203768));
#578 = ( GEOMETRIC_REPRESENTATION_CONTEXT(2) 
PARAMETRIC_REPRESENTATION_CONTEXT() REPRESENTATION_CONTEXT('2D SPACE',''
  ) );
#579 = PCURVE('',#580,#585);
#580 = PLANE('',#581);
#581 = AXIS2_PLACEMENT_3D('',#582,#583,#584);
#582 = CARTESIAN_POINT('',(-27.,64.94506312606,8.875249517241));
#583 = DIRECTION('',(1.,0.,0.));
#584 = DIRECTION('',(-0.,0.,1.));
#585 = DEFINITIONAL_REPRESENTATION('',(#586),#589);
#586 = B_SPLINE_CURVE_WITH_KNOTS('',1,(#587,#588),.UNSPECIFIED.,.F.,.F.,
  (2,2),(0.,64.070239973181),.PIECEWISE_BEZIER_KNOTS.);
#587 = CARTESIAN_POINT('',(-5.873107564726,-29.91036747696));
#588 = CARTESIAN_POINT('',(2.124750482759,33.658728134605));
#589 = ( GEOMETRIC_REPRESENTATION_CONTEXT(2) 
PARAMETRIC_REPRESENTATION_CONTEXT() REPRESENTATION_CONTEXT('2D SPACE',''
  ) );
#590 = ADVANCED_FACE('',(#591),#580,.T.);
#591 = FACE_BOUND('',#592,.T.);
#592 = EDGE_LOOP('',(#593,#594,#621));
#593 = ORIENTED_EDGE('',*,*,#566,.F.);
#594 = ORIENTED_EDGE('',*,*,#595,.T.);
#595 = EDGE_CURVE('',#540,#596,#598,.T.);
#596 = VERTEX_POINT('',#597);
#597 = CARTESIAN_POINT('',(-27.,94.855438232422,11.));
#598 = SURFACE_CURVE('',#599,(#603,#610),.PCURVE_S1.);
#599 = LINE('',#600,#601);
#600 = CARTESIAN_POINT('',(-27.,94.855430603027,3.002141952515));
#601 = VECTOR('',#602,1.);
#602 = DIRECTION('',(0.,9.539297254276E-07,1.));
#603 = PCURVE('',#580,#604);
#604 = DEFINITIONAL_REPRESENTATION('',(#605),#609);
#605 = LINE('',#606,#607);
#606 = CARTESIAN_POINT('',(-5.873107564726,-29.91036747696));
#607 = VECTOR('',#608,1.);
#608 = DIRECTION('',(1.,-9.539297254276E-07));
#609 = ( GEOMETRIC_REPRESENTATION_CONTEXT(2) 
PARAMETRIC_REPRESENTATION_CONTEXT() REPRESENTATION_CONTEXT('2D SPACE',''
  ) );
#610 = PCURVE('',#611,#616);
#611 = PLANE('',#612);
#612 = AXIS2_PLACEMENT_3D('',#613,#614,#615);
#613 = CARTESIAN_POINT('',(-27.98993002588,95.845432483717,
    7.824516374703));
#614 = DIRECTION('',(0.707130799934,0.707082761623,-6.745072646958E-07)
  );
#615 = DIRECTION('',(-0.707082761623,0.707130799934,0.));
#616 = DEFINITIONAL_REPRESENTATION('',(#617),#620);
#617 = B_SPLINE_CURVE_WITH_KNOTS('',1,(#618,#619),.UNSPECIFIED.,.F.,.F.,
  (2,2),(0.,7.997858047489),.PIECEWISE_BEZIER_KNOTS.);
#618 = CARTESIAN_POINT('',(-1.400023278346,-4.82237442219));
#619 = CARTESIAN_POINT('',(-1.400017883366,3.175483625297));
#620 = ( GEOMETRIC_REPRESENTATION_CONTEXT(2) 
PARAMETRIC_REPRESENTATION_CONTEXT() REPRESENTATION_CONTEXT('2D SPACE',''
  ) );
#621 = ORIENTED_EDGE('',*,*,#622,.T.);
#622 = EDGE_CURVE('',#596,#506,#623,.T.);
#623 = SURFACE_CURVE('',#624,(#628,#635),.PCURVE_S1.);
#624 = LINE('',#625,#626);
#625 = CARTESIAN_POINT('',(-27.,94.855438232422,11.));
#626 = VECTOR('',#627,1.);
#627 = DIRECTION('',(0.,-1.,0.));
#628 = PCURVE('',#580,#629);
#629 = DEFINITIONAL_REPRESENTATION('',(#630),#634);
#630 = LINE('',#631,#632);
#631 = CARTESIAN_POINT('',(2.124750482759,-29.91037510636));
#632 = VECTOR('',#633,1.);
#633 = DIRECTION('',(0.,1.));
#634 = ( GEOMETRIC_REPRESENTATION_CONTEXT(2) 
PARAMETRIC_REPRESENTATION_CONTEXT() REPRESENTATION_CONTEXT('2D SPACE',''
  ) );
#635 = PCURVE('',#636,#641);
#636 = PLANE('',#637);
#637 = AXIS2_PLACEMENT_3D('',#638,#639,#640);
#638 = CARTESIAN_POINT('',(-27.24960988699,63.11295339006,11.));
#639 = DIRECTION('',(-1.090759658045E-29,-6.853652972943E-32,1.));
#640 = DIRECTION('',(1.,0.,1.090759658045E-29));
#641 = DEFINITIONAL_REPRESENTATION('',(#642),#645);
#642 = B_SPLINE_CURVE_WITH_KNOTS('',1,(#643,#644),.UNSPECIFIED.,.F.,.F.,
  (2,2),(0.,63.569103240967),.PIECEWISE_BEZIER_KNOTS.);
#643 = CARTESIAN_POINT('',(0.249609886999,31.742484842362));
#644 = CARTESIAN_POINT('',(0.249609886999,-31.8266183986));
#645 = ( GEOMETRIC_REPRESENTATION_CONTEXT(2) 
PARAMETRIC_REPRESENTATION_CONTEXT() REPRESENTATION_CONTEXT('2D SPACE',''
  ) );
#646 = ADVANCED_FACE('',(#647),#636,.T.);
#647 = FACE_BOUND('',#648,.T.);
#648 = EDGE_LOOP('',(#649,#650,#677));
#649 = ORIENTED_EDGE('',*,*,#622,.F.);
#650 = ORIENTED_EDGE('',*,*,#651,.F.);
#651 = EDGE_CURVE('',#652,#596,#654,.T.);
#652 = VERTEX_POINT('',#653);
#653 = CARTESIAN_POINT('',(-27.99699401855,92.126770019531,11.));
#654 = SURFACE_CURVE('',#655,(#659,#665),.PCURVE_S1.);
#655 = LINE('',#656,#657);
#656 = CARTESIAN_POINT('',(-27.99699401855,92.126770019531,11.));
#657 = VECTOR('',#658,1.);
#658 = DIRECTION('',(0.343187071591,0.939267072718,0.));
#659 = PCURVE('',#636,#660);
#660 = DEFINITIONAL_REPRESENTATION('',(#661),#664);
#661 = B_SPLINE_CURVE_WITH_KNOTS('',1,(#662,#663),.UNSPECIFIED.,.F.,.F.,
  (2,2),(0.,2.905103662363),.PIECEWISE_BEZIER_KNOTS.);
#662 = CARTESIAN_POINT('',(-0.747384131555,29.013816629471));
#663 = CARTESIAN_POINT('',(0.249609886999,31.742484842362));
#664 = ( GEOMETRIC_REPRESENTATION_CONTEXT(2) 
PARAMETRIC_REPRESENTATION_CONTEXT() REPRESENTATION_CONTEXT('2D SPACE',''
  ) );
#665 = PCURVE('',#666,#671);
#666 = PLANE('',#667);
#667 = AXIS2_PLACEMENT_3D('',#668,#669,#670);
#668 = CARTESIAN_POINT('',(-28.8324829818,94.043405394846,11.));
#669 = DIRECTION('',(-2.26257076055E-30,-1.333469821876E-29,1.));
#670 = DIRECTION('',(0.,1.,1.333469821876E-29));
#671 = DEFINITIONAL_REPRESENTATION('',(#672),#676);
#672 = LINE('',#673,#674);
#673 = CARTESIAN_POINT('',(-1.916635375314,-0.835488963249));
#674 = VECTOR('',#675,1.);
#675 = DIRECTION('',(0.939267072718,-0.343187071591));
#676 = ( GEOMETRIC_REPRESENTATION_CONTEXT(2) 
PARAMETRIC_REPRESENTATION_CONTEXT() REPRESENTATION_CONTEXT('2D SPACE',''
  ) );
#677 = ORIENTED_EDGE('',*,*,#678,.F.);
#678 = EDGE_CURVE('',#506,#652,#679,.T.);
#679 = SURFACE_CURVE('',#680,(#684,#690),.PCURVE_S1.);
#680 = LINE('',#681,#682);
#681 = CARTESIAN_POINT('',(-27.,31.286334991455,11.));
#682 = VECTOR('',#683,1.);
#683 = DIRECTION('',(-1.638482994545E-02,0.999865759664,0.));
#684 = PCURVE('',#636,#685);
#685 = DEFINITIONAL_REPRESENTATION('',(#686),#689);
#686 = B_SPLINE_CURVE_WITH_KNOTS('',1,(#687,#688),.UNSPECIFIED.,.F.,.F.,
  (2,2),(0.,60.848603365062),.PIECEWISE_BEZIER_KNOTS.);
#687 = CARTESIAN_POINT('',(0.249609886999,-31.8266183986));
#688 = CARTESIAN_POINT('',(-0.747384131555,29.013816629471));
#689 = ( GEOMETRIC_REPRESENTATION_CONTEXT(2) 
PARAMETRIC_REPRESENTATION_CONTEXT() REPRESENTATION_CONTEXT('2D SPACE',''
  ) );
#690 = PCURVE('',#691,#696);
#691 = PLANE('',#692);
#692 = AXIS2_PLACEMENT_3D('',#693,#694,#695);
#693 = CARTESIAN_POINT('',(-27.73625244447,61.664308209386,11.));
#694 = DIRECTION('',(8.765934846843E-30,6.948736227657E-32,1.));
#695 = DIRECTION('',(1.,0.,-8.765934846843E-30));
#696 = DEFINITIONAL_REPRESENTATION('',(#697),#701);
#697 = LINE('',#698,#699);
#698 = CARTESIAN_POINT('',(0.736252444474,-30.37797321793));
#699 = VECTOR('',#700,1.);
#700 = DIRECTION('',(-1.638482994545E-02,0.999865759664));
#701 = ( GEOMETRIC_REPRESENTATION_CONTEXT(2) 
PARAMETRIC_REPRESENTATION_CONTEXT() REPRESENTATION_CONTEXT('2D SPACE',''
  ) );
#702 = ADVANCED_FACE('',(#703),#715,.T.);
#703 = FACE_BOUND('',#704,.T.);
#704 = EDGE_LOOP('',(#705,#732,#759));
#705 = ORIENTED_EDGE('',*,*,#706,.T.);
#706 = EDGE_CURVE('',#596,#707,#709,.T.);
#707 = VERTEX_POINT('',#708);
#708 = CARTESIAN_POINT('',(-30.14434814453,98.,11.));
#709 = SURFACE_CURVE('',#710,(#714,#726),.PCURVE_S1.);
#710 = LINE('',#711,#712);
#711 = CARTESIAN_POINT('',(-27.,94.855438232422,11.));
#712 = VECTOR('',#713,1.);
#713 = DIRECTION('',(-0.707082761623,0.707130799934,0.));
#714 = PCURVE('',#715,#720);
#715 = PLANE('',#716);
#716 = AXIS2_PLACEMENT_3D('',#717,#718,#719);
#717 = CARTESIAN_POINT('',(-29.28811421782,95.922558365345,11.));
#718 = DIRECTION('',(0.,0.,1.));
#719 = DIRECTION('',(1.,0.,-0.));
#720 = DEFINITIONAL_REPRESENTATION('',(#721),#725);
#721 = LINE('',#722,#723);
#722 = CARTESIAN_POINT('',(2.288114217828,-1.067120132923));
#723 = VECTOR('',#724,1.);
#724 = DIRECTION('',(-0.707082761623,0.707130799934));
#725 = ( GEOMETRIC_REPRESENTATION_CONTEXT(2) 
PARAMETRIC_REPRESENTATION_CONTEXT() REPRESENTATION_CONTEXT('2D SPACE',''
  ) );
#726 = PCURVE('',#611,#727);
#727 = DEFINITIONAL_REPRESENTATION('',(#728),#731);
#728 = B_SPLINE_CURVE_WITH_KNOTS('',1,(#729,#730),.UNSPECIFIED.,.F.,.F.,
  (2,2),(0.,4.446930847689),.PIECEWISE_BEZIER_KNOTS.);
#729 = CARTESIAN_POINT('',(-1.400017883366,3.175483625297));
#730 = CARTESIAN_POINT('',(3.046912964323,3.175483625297));
#731 = ( GEOMETRIC_REPRESENTATION_CONTEXT(2) 
PARAMETRIC_REPRESENTATION_CONTEXT() REPRESENTATION_CONTEXT('2D SPACE',''
  ) );
#732 = ORIENTED_EDGE('',*,*,#733,.T.);
#733 = EDGE_CURVE('',#707,#734,#736,.T.);
#734 = VERTEX_POINT('',#735);
#735 = CARTESIAN_POINT('',(-31.09051513671,95.002998352051,11.));
#736 = SURFACE_CURVE('',#737,(#741,#748),.PCURVE_S1.);
#737 = LINE('',#738,#739);
#738 = CARTESIAN_POINT('',(-30.14434814453,98.,11.));
#739 = VECTOR('',#740,1.);
#740 = DIRECTION('',(-0.301057708282,-0.953605922949,0.));
#741 = PCURVE('',#715,#742);
#742 = DEFINITIONAL_REPRESENTATION('',(#743),#747);
#743 = LINE('',#744,#745);
#744 = CARTESIAN_POINT('',(-0.856233926703,2.077441634655));
#745 = VECTOR('',#746,1.);
#746 = DIRECTION('',(-0.301057708282,-0.953605922949));
#747 = ( GEOMETRIC_REPRESENTATION_CONTEXT(2) 
PARAMETRIC_REPRESENTATION_CONTEXT() REPRESENTATION_CONTEXT('2D SPACE',''
  ) );
#748 = PCURVE('',#749,#754);
#749 = PLANE('',#750);
#750 = AXIS2_PLACEMENT_3D('',#751,#752,#753);
#751 = CARTESIAN_POINT('',(-86.38947959429,97.243444013155,11.));
#752 = DIRECTION('',(0.,0.,1.));
#753 = DIRECTION('',(1.,0.,-0.));
#754 = DEFINITIONAL_REPRESENTATION('',(#755),#758);
#755 = B_SPLINE_CURVE_WITH_KNOTS('',1,(#756,#757),.UNSPECIFIED.,.F.,.F.,
  (2,2),(0.,3.142809388893),.PIECEWISE_BEZIER_KNOTS.);
#756 = CARTESIAN_POINT('',(56.245131449762,0.756555986845));
#757 = CARTESIAN_POINT('',(55.298964457575,-2.240445661104));
#758 = ( GEOMETRIC_REPRESENTATION_CONTEXT(2) 
PARAMETRIC_REPRESENTATION_CONTEXT() REPRESENTATION_CONTEXT('2D SPACE',''
  ) );
#759 = ORIENTED_EDGE('',*,*,#760,.T.);
#760 = EDGE_CURVE('',#734,#596,#761,.T.);
#761 = SURFACE_CURVE('',#762,(#766,#773),.PCURVE_S1.);
#762 = LINE('',#763,#764);
#763 = CARTESIAN_POINT('',(-31.09051513671,95.002998352051,11.));
#764 = VECTOR('',#765,1.);
#765 = DIRECTION('',(0.999349977513,-3.605027662879E-02,0.));
#766 = PCURVE('',#715,#767);
#767 = DEFINITIONAL_REPRESENTATION('',(#768),#772);
#768 = LINE('',#769,#770);
#769 = CARTESIAN_POINT('',(-1.80240091889,-0.919560013294));
#770 = VECTOR('',#771,1.);
#771 = DIRECTION('',(0.999349977513,-3.605027662879E-02));
#772 = ( GEOMETRIC_REPRESENTATION_CONTEXT(2) 
PARAMETRIC_REPRESENTATION_CONTEXT() REPRESENTATION_CONTEXT('2D SPACE',''
  ) );
#773 = PCURVE('',#666,#774);
#774 = DEFINITIONAL_REPRESENTATION('',(#775),#778);
#775 = B_SPLINE_CURVE_WITH_KNOTS('',1,(#776,#777),.UNSPECIFIED.,.F.,.F.,
  (2,2),(0.,4.093175793028),.PIECEWISE_BEZIER_KNOTS.);
#776 = CARTESIAN_POINT('',(0.959592957205,2.258032154915));
#777 = CARTESIAN_POINT('',(0.812032837576,-1.832482981804));
#778 = ( GEOMETRIC_REPRESENTATION_CONTEXT(2) 
PARAMETRIC_REPRESENTATION_CONTEXT() REPRESENTATION_CONTEXT('2D SPACE',''
  ) );
#779 = ADVANCED_FACE('',(#780),#666,.T.);
#780 = FACE_BOUND('',#781,.T.);
#781 = EDGE_LOOP('',(#782,#807,#808));
#782 = ORIENTED_EDGE('',*,*,#783,.T.);
#783 = EDGE_CURVE('',#734,#652,#784,.T.);
#784 = SURFACE_CURVE('',#785,(#789,#796),.PCURVE_S1.);
#785 = LINE('',#786,#787);
#786 = CARTESIAN_POINT('',(-31.09051513671,95.002998352051,11.));
#787 = VECTOR('',#788,1.);
#788 = DIRECTION('',(0.73235976026,-0.680917896337,0.));
#789 = PCURVE('',#666,#790);
#790 = DEFINITIONAL_REPRESENTATION('',(#791),#795);
#791 = LINE('',#792,#793);
#792 = CARTESIAN_POINT('',(0.959592957205,2.258032154915));
#793 = VECTOR('',#794,1.);
#794 = DIRECTION('',(-0.680917896337,-0.73235976026));
#795 = ( GEOMETRIC_REPRESENTATION_CONTEXT(2) 
PARAMETRIC_REPRESENTATION_CONTEXT() REPRESENTATION_CONTEXT('2D SPACE',''
  ) );
#796 = PCURVE('',#797,#802);
#797 = PLANE('',#798);
#798 = AXIS2_PLACEMENT_3D('',#799,#800,#801);
#799 = CARTESIAN_POINT('',(-28.9619488577,93.023942168659,7.792925986406
    ));
#800 = DIRECTION('',(-0.680917896337,-0.732359760259,6.981708570418E-07)
  );
#801 = DIRECTION('',(-0.73235976026,0.680917896337,-5.293955920339E-23)
  );
#802 = DEFINITIONAL_REPRESENTATION('',(#803),#806);
#803 = B_SPLINE_CURVE_WITH_KNOTS('',1,(#804,#805),.UNSPECIFIED.,.F.,.F.,
  (2,2),(0.,4.224045730022),.PIECEWISE_BEZIER_KNOTS.);
#804 = CARTESIAN_POINT('',(2.906451062926,-3.207074013595));
#805 = CARTESIAN_POINT('',(-1.317594667096,-3.207074013595));
#806 = ( GEOMETRIC_REPRESENTATION_CONTEXT(2) 
PARAMETRIC_REPRESENTATION_CONTEXT() REPRESENTATION_CONTEXT('2D SPACE',''
  ) );
#807 = ORIENTED_EDGE('',*,*,#651,.T.);
#808 = ORIENTED_EDGE('',*,*,#760,.F.);
#809 = ADVANCED_FACE('',(#810),#691,.T.);
#810 = FACE_BOUND('',#811,.T.);
#811 = EDGE_LOOP('',(#812,#839,#864));
#812 = ORIENTED_EDGE('',*,*,#813,.T.);
#813 = EDGE_CURVE('',#652,#814,#816,.T.);
#814 = VERTEX_POINT('',#815);
#815 = CARTESIAN_POINT('',(-27.99699401855,34.003356933594,11.));
#816 = SURFACE_CURVE('',#817,(#821,#828),.PCURVE_S1.);
#817 = LINE('',#818,#819);
#818 = CARTESIAN_POINT('',(-27.99699401855,92.126770019531,11.));
#819 = VECTOR('',#820,1.);
#820 = DIRECTION('',(0.,-1.,0.));
#821 = PCURVE('',#691,#822);
#822 = DEFINITIONAL_REPRESENTATION('',(#823),#827);
#823 = LINE('',#824,#825);
#824 = CARTESIAN_POINT('',(-0.260741574081,30.462461810146));
#825 = VECTOR('',#826,1.);
#826 = DIRECTION('',(0.,-1.));
#827 = ( GEOMETRIC_REPRESENTATION_CONTEXT(2) 
PARAMETRIC_REPRESENTATION_CONTEXT() REPRESENTATION_CONTEXT('2D SPACE',''
  ) );
#828 = PCURVE('',#829,#834);
#829 = PLANE('',#830);
#830 = AXIS2_PLACEMENT_3D('',#831,#832,#833);
#831 = CARTESIAN_POINT('',(-27.99699401855,64.928716918786,
    8.862155350566));
#832 = DIRECTION('',(-1.,-1.640228227442E-32,-1.352166530996E-31));
#833 = DIRECTION('',(1.352166530996E-31,0.,-1.));
#834 = DEFINITIONAL_REPRESENTATION('',(#835),#838);
#835 = B_SPLINE_CURVE_WITH_KNOTS('',1,(#836,#837),.UNSPECIFIED.,.F.,.F.,
  (2,2),(0.,58.123413085938),.PIECEWISE_BEZIER_KNOTS.);
#836 = CARTESIAN_POINT('',(-2.137844649434,-27.19805310074));
#837 = CARTESIAN_POINT('',(-2.137844649434,30.925359985192));
#838 = ( GEOMETRIC_REPRESENTATION_CONTEXT(2) 
PARAMETRIC_REPRESENTATION_CONTEXT() REPRESENTATION_CONTEXT('2D SPACE',''
  ) );
#839 = ORIENTED_EDGE('',*,*,#840,.T.);
#840 = EDGE_CURVE('',#814,#506,#841,.T.);
#841 = SURFACE_CURVE('',#842,(#846,#853),.PCURVE_S1.);
#842 = LINE('',#843,#844);
#843 = CARTESIAN_POINT('',(-27.99699401855,34.003356933594,11.));
#844 = VECTOR('',#845,1.);
#845 = DIRECTION('',(0.344483873552,-0.938792235195,0.));
#846 = PCURVE('',#691,#847);
#847 = DEFINITIONAL_REPRESENTATION('',(#848),#852);
#848 = LINE('',#849,#850);
#849 = CARTESIAN_POINT('',(-0.260741574081,-27.66095127579));
#850 = VECTOR('',#851,1.);
#851 = DIRECTION('',(0.344483873552,-0.938792235195));
#852 = ( GEOMETRIC_REPRESENTATION_CONTEXT(2) 
PARAMETRIC_REPRESENTATION_CONTEXT() REPRESENTATION_CONTEXT('2D SPACE',''
  ) );
#853 = PCURVE('',#854,#859);
#854 = PLANE('',#855);
#855 = AXIS2_PLACEMENT_3D('',#856,#857,#858);
#856 = CARTESIAN_POINT('',(-28.90055421857,32.037678478009,11.));
#857 = DIRECTION('',(1.27976282302E-30,2.310655594798E-31,1.));
#858 = DIRECTION('',(1.,0.,-1.27976282302E-30));
#859 = DEFINITIONAL_REPRESENTATION('',(#860),#863);
#860 = B_SPLINE_CURVE_WITH_KNOTS('',1,(#861,#862),.UNSPECIFIED.,.F.,.F.,
  (2,2),(0.,2.894167463554),.PIECEWISE_BEZIER_KNOTS.);
#861 = CARTESIAN_POINT('',(0.903560200018,1.965678455585));
#862 = CARTESIAN_POINT('',(1.900554218573,-0.751343486554));
#863 = ( GEOMETRIC_REPRESENTATION_CONTEXT(2) 
PARAMETRIC_REPRESENTATION_CONTEXT() REPRESENTATION_CONTEXT('2D SPACE',''
  ) );
#864 = ORIENTED_EDGE('',*,*,#678,.T.);
#865 = ADVANCED_FACE('',(#866),#854,.T.);
#866 = FACE_BOUND('',#867,.T.);
#867 = EDGE_LOOP('',(#868,#869,#896));
#868 = ORIENTED_EDGE('',*,*,#840,.F.);
#869 = ORIENTED_EDGE('',*,*,#870,.T.);
#870 = EDGE_CURVE('',#814,#871,#873,.T.);
#871 = VERTEX_POINT('',#872);
#872 = CARTESIAN_POINT('',(-31.23020935058,30.997001647949,11.));
#873 = SURFACE_CURVE('',#874,(#878,#885),.PCURVE_S1.);
#874 = LINE('',#875,#876);
#875 = CARTESIAN_POINT('',(-27.99699401855,34.003356933594,11.));
#876 = VECTOR('',#877,1.);
#877 = DIRECTION('',(-0.732332082514,-0.680947663863,0.));
#878 = PCURVE('',#854,#879);
#879 = DEFINITIONAL_REPRESENTATION('',(#880),#884);
#880 = LINE('',#881,#882);
#881 = CARTESIAN_POINT('',(0.903560200018,1.965678455585));
#882 = VECTOR('',#883,1.);
#883 = DIRECTION('',(-0.732332082514,-0.680947663863));
#884 = ( GEOMETRIC_REPRESENTATION_CONTEXT(2) 
PARAMETRIC_REPRESENTATION_CONTEXT() REPRESENTATION_CONTEXT('2D SPACE',''
  ) );
#885 = PCURVE('',#886,#891);
#886 = PLANE('',#887);
#887 = AXIS2_PLACEMENT_3D('',#888,#889,#890);
#888 = CARTESIAN_POINT('',(-29.01346586903,33.058206299753,
    7.817985770018));
#889 = DIRECTION('',(-0.680947663863,0.732332082514,0.));
#890 = DIRECTION('',(0.732332082514,0.680947663863,0.));
#891 = DEFINITIONAL_REPRESENTATION('',(#892),#895);
#892 = B_SPLINE_CURVE_WITH_KNOTS('',1,(#893,#894),.UNSPECIFIED.,.F.,.F.,
  (2,2),(0.,4.414957925825),.PIECEWISE_BEZIER_KNOTS.);
#893 = CARTESIAN_POINT('',(1.387993063195,-3.182014229982));
#894 = CARTESIAN_POINT('',(-3.02696486263,-3.182014229982));
#895 = ( GEOMETRIC_REPRESENTATION_CONTEXT(2) 
PARAMETRIC_REPRESENTATION_CONTEXT() REPRESENTATION_CONTEXT('2D SPACE',''
  ) );
#896 = ORIENTED_EDGE('',*,*,#897,.T.);
#897 = EDGE_CURVE('',#871,#506,#898,.T.);
#898 = SURFACE_CURVE('',#899,(#903,#910),.PCURVE_S1.);
#899 = LINE('',#900,#901);
#900 = CARTESIAN_POINT('',(-31.23020935058,30.997001647949,11.));
#901 = VECTOR('',#902,1.);
#902 = DIRECTION('',(0.997669104821,6.823750644171E-02,0.));
#903 = PCURVE('',#854,#904);
#904 = DEFINITIONAL_REPRESENTATION('',(#905),#909);
#905 = LINE('',#906,#907);
#906 = CARTESIAN_POINT('',(-2.329655132013,-1.04067683006));
#907 = VECTOR('',#908,1.);
#908 = DIRECTION('',(0.997669104821,6.823750644171E-02));
#909 = ( GEOMETRIC_REPRESENTATION_CONTEXT(2) 
PARAMETRIC_REPRESENTATION_CONTEXT() REPRESENTATION_CONTEXT('2D SPACE',''
  ) );
#910 = PCURVE('',#911,#916);
#911 = PLANE('',#912);
#912 = AXIS2_PLACEMENT_3D('',#913,#914,#915);
#913 = CARTESIAN_POINT('',(-29.36201930128,30.133548962428,11.));
#914 = DIRECTION('',(0.,0.,1.));
#915 = DIRECTION('',(1.,0.,-0.));
#916 = DEFINITIONAL_REPRESENTATION('',(#917),#920);
#917 = B_SPLINE_CURVE_WITH_KNOTS('',1,(#918,#919),.UNSPECIFIED.,.F.,.F.,
  (2,2),(0.,4.240092561896),.PIECEWISE_BEZIER_KNOTS.);
#918 = CARTESIAN_POINT('',(-1.868190049298,0.863452685521));
#919 = CARTESIAN_POINT('',(2.362019301288,1.152786029027));
#920 = ( GEOMETRIC_REPRESENTATION_CONTEXT(2) 
PARAMETRIC_REPRESENTATION_CONTEXT() REPRESENTATION_CONTEXT('2D SPACE',''
  ) );
#921 = ADVANCED_FACE('',(#922),#911,.T.);
#922 = FACE_BOUND('',#923,.T.);
#923 = EDGE_LOOP('',(#924,#946,#947));
#924 = ORIENTED_EDGE('',*,*,#925,.T.);
#925 = EDGE_CURVE('',#926,#506,#928,.T.);
#926 = VERTEX_POINT('',#927);
#927 = CARTESIAN_POINT('',(-30.28656005859,28.,11.));
#928 = SURFACE_CURVE('',#929,(#933,#940),.PCURVE_S1.);
#929 = LINE('',#930,#931);
#930 = CARTESIAN_POINT('',(-30.28656005859,28.,11.));
#931 = VECTOR('',#932,1.);
#932 = DIRECTION('',(0.707130993314,0.70708256823,0.));
#933 = PCURVE('',#911,#934);
#934 = DEFINITIONAL_REPRESENTATION('',(#935),#939);
#935 = LINE('',#936,#937);
#936 = CARTESIAN_POINT('',(-0.924540757305,-2.133548962428));
#937 = VECTOR('',#938,1.);
#938 = DIRECTION('',(0.707130993314,0.70708256823));
#939 = ( GEOMETRIC_REPRESENTATION_CONTEXT(2) 
PARAMETRIC_REPRESENTATION_CONTEXT() REPRESENTATION_CONTEXT('2D SPACE',''
  ) );
#940 = PCURVE('',#528,#941);
#941 = DEFINITIONAL_REPRESENTATION('',(#942),#945);
#942 = B_SPLINE_CURVE_WITH_KNOTS('',1,(#943,#944),.UNSPECIFIED.,.F.,.F.,
  (2,2),(0.,4.647738664642),.PIECEWISE_BEZIER_KNOTS.);
#943 = CARTESIAN_POINT('',(3.172704889031,-3.150093467032));
#944 = CARTESIAN_POINT('',(-1.47503377561,-3.150093467032));
#945 = ( GEOMETRIC_REPRESENTATION_CONTEXT(2) 
PARAMETRIC_REPRESENTATION_CONTEXT() REPRESENTATION_CONTEXT('2D SPACE',''
  ) );
#946 = ORIENTED_EDGE('',*,*,#897,.F.);
#947 = ORIENTED_EDGE('',*,*,#948,.T.);
#948 = EDGE_CURVE('',#871,#926,#949,.T.);
#949 = SURFACE_CURVE('',#950,(#954,#961),.PCURVE_S1.);
#950 = LINE('',#951,#952);
#951 = CARTESIAN_POINT('',(-31.23020935058,30.997001647949,11.));
#952 = VECTOR('',#953,1.);
#953 = DIRECTION('',(0.300328954437,-0.953835687698,0.));
#954 = PCURVE('',#911,#955);
#955 = DEFINITIONAL_REPRESENTATION('',(#956),#960);
#956 = LINE('',#957,#958);
#957 = CARTESIAN_POINT('',(-1.868190049298,0.863452685521));
#958 = VECTOR('',#959,1.);
#959 = DIRECTION('',(0.300328954437,-0.953835687698));
#960 = ( GEOMETRIC_REPRESENTATION_CONTEXT(2) 
PARAMETRIC_REPRESENTATION_CONTEXT() REPRESENTATION_CONTEXT('2D SPACE',''
  ) );
#961 = PCURVE('',#962,#967);
#962 = PLANE('',#963);
#963 = AXIS2_PLACEMENT_3D('',#964,#965,#966);
#964 = CARTESIAN_POINT('',(-86.17338944389,28.75660843037,11.));
#965 = DIRECTION('',(-1.49457908705E-32,2.0369539561E-30,1.));
#966 = DIRECTION('',(0.,1.,-2.0369539561E-30));
#967 = DEFINITIONAL_REPRESENTATION('',(#968),#971);
#968 = B_SPLINE_CURVE_WITH_KNOTS('',1,(#969,#970),.UNSPECIFIED.,.F.,.F.,
  (2,2),(0.,3.142052333124),.PIECEWISE_BEZIER_KNOTS.);
#969 = CARTESIAN_POINT('',(2.240393217579,-54.9431800933));
#970 = CARTESIAN_POINT('',(-0.75660843037,-55.8868293853));
#971 = ( GEOMETRIC_REPRESENTATION_CONTEXT(2) 
PARAMETRIC_REPRESENTATION_CONTEXT() REPRESENTATION_CONTEXT('2D SPACE',''
  ) );
#972 = ADVANCED_FACE('',(#973),#962,.T.);
#973 = FACE_BOUND('',#974,.T.);
#974 = EDGE_LOOP('',(#975,#1002,#1003));
#975 = ORIENTED_EDGE('',*,*,#976,.T.);
#976 = EDGE_CURVE('',#977,#926,#979,.T.);
#977 = VERTEX_POINT('',#978);
#978 = CARTESIAN_POINT('',(-143.1393585205,28.,11.));
#979 = SURFACE_CURVE('',#980,(#984,#991),.PCURVE_S1.);
#980 = LINE('',#981,#982);
#981 = CARTESIAN_POINT('',(-143.1393585205,28.,11.));
#982 = VECTOR('',#983,1.);
#983 = DIRECTION('',(1.,0.,0.));
#984 = PCURVE('',#962,#985);
#985 = DEFINITIONAL_REPRESENTATION('',(#986),#990);
#986 = LINE('',#987,#988);
#987 = CARTESIAN_POINT('',(-0.75660843037,56.965969076614));
#988 = VECTOR('',#989,1.);
#989 = DIRECTION('',(0.,-1.));
#990 = ( GEOMETRIC_REPRESENTATION_CONTEXT(2) 
PARAMETRIC_REPRESENTATION_CONTEXT() REPRESENTATION_CONTEXT('2D SPACE',''
  ) );
#991 = PCURVE('',#992,#997);
#992 = PLANE('',#993);
#993 = AXIS2_PLACEMENT_3D('',#994,#995,#996);
#994 = CARTESIAN_POINT('',(-88.65698958725,28.,8.912103188942));
#995 = DIRECTION('',(-2.516042954549E-32,-1.,5.961284347798E-31));
#996 = DIRECTION('',(0.,-5.961284347798E-31,-1.));
#997 = DEFINITIONAL_REPRESENTATION('',(#998),#1001);
#998 = B_SPLINE_CURVE_WITH_KNOTS('',1,(#999,#1000),.UNSPECIFIED.,.F.,.F.
  ,(2,2),(0.,112.85279846191),.PIECEWISE_BEZIER_KNOTS.);
#999 = CARTESIAN_POINT('',(-2.087896811058,-54.48236893325));
#1000 = CARTESIAN_POINT('',(-2.087896811058,58.370429528663));
#1001 = ( GEOMETRIC_REPRESENTATION_CONTEXT(2) 
PARAMETRIC_REPRESENTATION_CONTEXT() REPRESENTATION_CONTEXT('2D SPACE',''
  ) );
#1002 = ORIENTED_EDGE('',*,*,#948,.F.);
#1003 = ORIENTED_EDGE('',*,*,#1004,.F.);
#1004 = EDGE_CURVE('',#977,#871,#1005,.T.);
#1005 = SURFACE_CURVE('',#1006,(#1010,#1016),.PCURVE_S1.);
#1006 = LINE('',#1007,#1008);
#1007 = CARTESIAN_POINT('',(-143.1393585205,28.,11.));
#1008 = VECTOR('',#1009,1.);
#1009 = DIRECTION('',(0.999641590718,2.677106846904E-02,0.));
#1010 = PCURVE('',#962,#1011);
#1011 = DEFINITIONAL_REPRESENTATION('',(#1012),#1015);
#1012 = B_SPLINE_CURVE_WITH_KNOTS('',1,(#1013,#1014),.UNSPECIFIED.,.F.,
  .F.,(2,2),(0.,111.94927282842),.PIECEWISE_BEZIER_KNOTS.);
#1013 = CARTESIAN_POINT('',(-0.75660843037,56.965969076614));
#1014 = CARTESIAN_POINT('',(2.240393217579,-54.9431800933));
#1015 = ( GEOMETRIC_REPRESENTATION_CONTEXT(2) 
PARAMETRIC_REPRESENTATION_CONTEXT() REPRESENTATION_CONTEXT('2D SPACE',''
  ) );
#1016 = PCURVE('',#1017,#1022);
#1017 = PLANE('',#1018);
#1018 = AXIS2_PLACEMENT_3D('',#1019,#1020,#1021);
#1019 = CARTESIAN_POINT('',(-87.72611633738,30.234120175113,11.));
#1020 = DIRECTION('',(0.,0.,1.));
#1021 = DIRECTION('',(1.,0.,-0.));
#1022 = DEFINITIONAL_REPRESENTATION('',(#1023),#1027);
#1023 = LINE('',#1024,#1025);
#1024 = CARTESIAN_POINT('',(-55.41324218312,-2.234120175113));
#1025 = VECTOR('',#1026,1.);
#1026 = DIRECTION('',(0.999641590718,2.677106846904E-02));
#1027 = ( GEOMETRIC_REPRESENTATION_CONTEXT(2) 
PARAMETRIC_REPRESENTATION_CONTEXT() REPRESENTATION_CONTEXT('2D SPACE',''
  ) );
#1028 = ADVANCED_FACE('',(#1029),#1043,.T.);
#1029 = FACE_BOUND('',#1030,.T.);
#1030 = EDGE_LOOP('',(#1031,#1065,#1085));
#1031 = ORIENTED_EDGE('',*,*,#1032,.T.);
#1032 = EDGE_CURVE('',#1033,#1035,#1037,.T.);
#1033 = VERTEX_POINT('',#1034);
#1034 = CARTESIAN_POINT('',(-142.2057647705,30.997001647949,11.));
#1035 = VERTEX_POINT('',#1036);
#1036 = CARTESIAN_POINT('',(-146.0019989013,34.526851654053,11.));
#1037 = SURFACE_CURVE('',#1038,(#1042,#1054),.PCURVE_S1.);
#1038 = LINE('',#1039,#1040);
#1039 = CARTESIAN_POINT('',(-142.2057647705,30.997001647949,11.));
#1040 = VECTOR('',#1041,1.);
#1041 = DIRECTION('',(-0.73233396847,0.680945635587,0.));
#1042 = PCURVE('',#1043,#1048);
#1043 = PLANE('',#1044);
#1044 = AXIS2_PLACEMENT_3D('',#1045,#1046,#1047);
#1045 = CARTESIAN_POINT('',(-144.8212553901,32.353807255692,11.));
#1046 = DIRECTION('',(0.,0.,1.));
#1047 = DIRECTION('',(1.,0.,-0.));
#1048 = DEFINITIONAL_REPRESENTATION('',(#1049),#1053);
#1049 = LINE('',#1050,#1051);
#1050 = CARTESIAN_POINT('',(2.615490619597,-1.356805607743));
#1051 = VECTOR('',#1052,1.);
#1052 = DIRECTION('',(-0.73233396847,0.680945635587));
#1053 = ( GEOMETRIC_REPRESENTATION_CONTEXT(2) 
PARAMETRIC_REPRESENTATION_CONTEXT() REPRESENTATION_CONTEXT('2D SPACE',''
  ) );
#1054 = PCURVE('',#1055,#1060);
#1055 = PLANE('',#1056);
#1056 = AXIS2_PLACEMENT_3D('',#1057,#1058,#1059);
#1057 = CARTESIAN_POINT('',(-144.7724274858,33.383560034235,
    7.911397098429));
#1058 = DIRECTION('',(0.680945635587,0.73233396847,1.405339778626E-16));
#1059 = DIRECTION('',(0.73233396847,-0.680945635587,0.));
#1060 = DEFINITIONAL_REPRESENTATION('',(#1061),#1064);
#1061 = B_SPLINE_CURVE_WITH_KNOTS('',1,(#1062,#1063),.UNSPECIFIED.,.F.,
  .F.,(2,2),(0.,5.183747162226),.PIECEWISE_BEZIER_KNOTS.);
#1062 = CARTESIAN_POINT('',(3.504770809242,-3.088602901571));
#1063 = CARTESIAN_POINT('',(-1.678976352984,-3.088602901571));
#1064 = ( GEOMETRIC_REPRESENTATION_CONTEXT(2) 
PARAMETRIC_REPRESENTATION_CONTEXT() REPRESENTATION_CONTEXT('2D SPACE',''
  ) );
#1065 = ORIENTED_EDGE('',*,*,#1066,.T.);
#1066 = EDGE_CURVE('',#1035,#346,#1067,.T.);
#1067 = SURFACE_CURVE('',#1068,(#1072,#1079),.PCURVE_S1.);
#1068 = LINE('',#1069,#1070);
#1069 = CARTESIAN_POINT('',(-146.0019989013,34.526851654053,11.));
#1070 = VECTOR('',#1071,1.);
#1071 = DIRECTION('',(-0.35052840923,-0.936552099097,0.));
#1072 = PCURVE('',#1043,#1073);
#1073 = DEFINITIONAL_REPRESENTATION('',(#1074),#1078);
#1074 = LINE('',#1075,#1076);
#1075 = CARTESIAN_POINT('',(-1.180743511262,2.173044398361));
#1076 = VECTOR('',#1077,1.);
#1077 = DIRECTION('',(-0.35052840923,-0.936552099097));
#1078 = ( GEOMETRIC_REPRESENTATION_CONTEXT(2) 
PARAMETRIC_REPRESENTATION_CONTEXT() REPRESENTATION_CONTEXT('2D SPACE',''
  ) );
#1079 = PCURVE('',#490,#1080);
#1080 = DEFINITIONAL_REPRESENTATION('',(#1081),#1084);
#1081 = B_SPLINE_CURVE_WITH_KNOTS('',1,(#1082,#1083),.UNSPECIFIED.,.F.,
  .F.,(2,2),(0.,2.847133277511),.PIECEWISE_BEZIER_KNOTS.);
#1082 = CARTESIAN_POINT('',(0.260937091475,-27.35900286736));
#1083 = CARTESIAN_POINT('',(-0.737064007158,-30.02549151482));
#1084 = ( GEOMETRIC_REPRESENTATION_CONTEXT(2) 
PARAMETRIC_REPRESENTATION_CONTEXT() REPRESENTATION_CONTEXT('2D SPACE',''
  ) );
#1085 = ORIENTED_EDGE('',*,*,#1086,.T.);
#1086 = EDGE_CURVE('',#346,#1033,#1087,.T.);
#1087 = SURFACE_CURVE('',#1088,(#1092,#1099),.PCURVE_S1.);
#1088 = LINE('',#1089,#1090);
#1089 = CARTESIAN_POINT('',(-147.,31.860363006592,11.));
#1090 = VECTOR('',#1091,1.);
#1091 = DIRECTION('',(0.984169039512,-0.177232338092,0.));
#1092 = PCURVE('',#1043,#1093);
#1093 = DEFINITIONAL_REPRESENTATION('',(#1094),#1098);
#1094 = LINE('',#1095,#1096);
#1095 = CARTESIAN_POINT('',(-2.178744609895,-0.4934442491));
#1096 = VECTOR('',#1097,1.);
#1097 = DIRECTION('',(0.984169039512,-0.177232338092));
#1098 = ( GEOMETRIC_REPRESENTATION_CONTEXT(2) 
PARAMETRIC_REPRESENTATION_CONTEXT() REPRESENTATION_CONTEXT('2D SPACE',''
  ) );
#1099 = PCURVE('',#1100,#1105);
#1100 = PLANE('',#1101);
#1101 = AXIS2_PLACEMENT_3D('',#1102,#1103,#1104);
#1102 = CARTESIAN_POINT('',(-144.3422393507,30.371508317116,11.));
#1103 = DIRECTION('',(0.,0.,1.));
#1104 = DIRECTION('',(1.,0.,-0.));
#1105 = DEFINITIONAL_REPRESENTATION('',(#1106),#1109);
#1106 = B_SPLINE_CURVE_WITH_KNOTS('',1,(#1107,#1108),.UNSPECIFIED.,.F.,
  .F.,(2,2),(0.,4.871353433216),.PIECEWISE_BEZIER_KNOTS.);
#1107 = CARTESIAN_POINT('',(-2.65776064925,1.488854689476));
#1108 = CARTESIAN_POINT('',(2.136474580242,0.625493330834));
#1109 = ( GEOMETRIC_REPRESENTATION_CONTEXT(2) 
PARAMETRIC_REPRESENTATION_CONTEXT() REPRESENTATION_CONTEXT('2D SPACE',''
  ) );
#1110 = ADVANCED_FACE('',(#1111),#1100,.T.);
#1111 = FACE_BOUND('',#1112,.T.);
#1112 = EDGE_LOOP('',(#1113,#1133,#1153));
#1113 = ORIENTED_EDGE('',*,*,#1114,.T.);
#1114 = EDGE_CURVE('',#346,#977,#1115,.T.);
#1115 = SURFACE_CURVE('',#1116,(#1120,#1127),.PCURVE_S1.);
#1116 = LINE('',#1117,#1118);
#1117 = CARTESIAN_POINT('',(-147.,31.860363006592,11.));
#1118 = VECTOR('',#1119,1.);
#1119 = DIRECTION('',(0.707132283895,-0.707081277558,0.));
#1120 = PCURVE('',#1100,#1121);
#1121 = DEFINITIONAL_REPRESENTATION('',(#1122),#1126);
#1122 = LINE('',#1123,#1124);
#1123 = CARTESIAN_POINT('',(-2.65776064925,1.488854689476));
#1124 = VECTOR('',#1125,1.);
#1125 = DIRECTION('',(0.707132283895,-0.707081277558));
#1126 = ( GEOMETRIC_REPRESENTATION_CONTEXT(2) 
PARAMETRIC_REPRESENTATION_CONTEXT() REPRESENTATION_CONTEXT('2D SPACE',''
  ) );
#1127 = PCURVE('',#361,#1128);
#1128 = DEFINITIONAL_REPRESENTATION('',(#1129),#1132);
#1129 = B_SPLINE_CURVE_WITH_KNOTS('',1,(#1130,#1131),.UNSPECIFIED.,.F.,
  .F.,(2,2),(0.,5.459574633233),.PIECEWISE_BEZIER_KNOTS.);
#1130 = CARTESIAN_POINT('',(1.786336627677,-3.055478334803));
#1131 = CARTESIAN_POINT('',(-3.673238005556,-3.055478334803));
#1132 = ( GEOMETRIC_REPRESENTATION_CONTEXT(2) 
PARAMETRIC_REPRESENTATION_CONTEXT() REPRESENTATION_CONTEXT('2D SPACE',''
  ) );
#1133 = ORIENTED_EDGE('',*,*,#1134,.T.);
#1134 = EDGE_CURVE('',#977,#1033,#1135,.T.);
#1135 = SURFACE_CURVE('',#1136,(#1140,#1147),.PCURVE_S1.);
#1136 = LINE('',#1137,#1138);
#1137 = CARTESIAN_POINT('',(-143.1393585205,28.,11.));
#1138 = VECTOR('',#1139,1.);
#1139 = DIRECTION('',(0.297413114643,0.954748888053,0.));
#1140 = PCURVE('',#1100,#1141);
#1141 = DEFINITIONAL_REPRESENTATION('',(#1142),#1146);
#1142 = LINE('',#1143,#1144);
#1143 = CARTESIAN_POINT('',(1.202880830242,-2.371508317116));
#1144 = VECTOR('',#1145,1.);
#1145 = DIRECTION('',(0.297413114643,0.954748888053));
#1146 = ( GEOMETRIC_REPRESENTATION_CONTEXT(2) 
PARAMETRIC_REPRESENTATION_CONTEXT() REPRESENTATION_CONTEXT('2D SPACE',''
  ) );
#1147 = PCURVE('',#1017,#1148);
#1148 = DEFINITIONAL_REPRESENTATION('',(#1149),#1152);
#1149 = B_SPLINE_CURVE_WITH_KNOTS('',1,(#1150,#1151),.UNSPECIFIED.,.F.,
  .F.,(2,2),(0.,3.139047015871),.PIECEWISE_BEZIER_KNOTS.);
#1150 = CARTESIAN_POINT('',(-55.41324218312,-2.234120175113));
#1151 = CARTESIAN_POINT('',(-54.47964843312,0.762881472836));
#1152 = ( GEOMETRIC_REPRESENTATION_CONTEXT(2) 
PARAMETRIC_REPRESENTATION_CONTEXT() REPRESENTATION_CONTEXT('2D SPACE',''
  ) );
#1153 = ORIENTED_EDGE('',*,*,#1086,.F.);
#1154 = ADVANCED_FACE('',(#1155),#1017,.T.);
#1155 = FACE_BOUND('',#1156,.T.);
#1156 = EDGE_LOOP('',(#1157,#1182,#1183));
#1157 = ORIENTED_EDGE('',*,*,#1158,.T.);
#1158 = EDGE_CURVE('',#871,#1033,#1159,.T.);
#1159 = SURFACE_CURVE('',#1160,(#1164,#1171),.PCURVE_S1.);
#1160 = LINE('',#1161,#1162);
#1161 = CARTESIAN_POINT('',(-31.23020935058,30.997001647949,11.));
#1162 = VECTOR('',#1163,1.);
#1163 = DIRECTION('',(-1.,0.,0.));
#1164 = PCURVE('',#1017,#1165);
#1165 = DEFINITIONAL_REPRESENTATION('',(#1166),#1170);
#1166 = LINE('',#1167,#1168);
#1167 = CARTESIAN_POINT('',(56.495906986802,0.762881472836));
#1168 = VECTOR('',#1169,1.);
#1169 = DIRECTION('',(-1.,0.));
#1170 = ( GEOMETRIC_REPRESENTATION_CONTEXT(2) 
PARAMETRIC_REPRESENTATION_CONTEXT() REPRESENTATION_CONTEXT('2D SPACE',''
  ) );
#1171 = PCURVE('',#1172,#1177);
#1172 = PLANE('',#1173);
#1173 = AXIS2_PLACEMENT_3D('',#1174,#1175,#1176);
#1174 = CARTESIAN_POINT('',(-84.78928547202,30.997001647949,
    8.927201458818));
#1175 = DIRECTION('',(4.737470953082E-32,1.,-6.312301904558E-33));
#1176 = DIRECTION('',(1.,-4.737470953082E-32,0.));
#1177 = DEFINITIONAL_REPRESENTATION('',(#1178),#1181);
#1178 = B_SPLINE_CURVE_WITH_KNOTS('',1,(#1179,#1180),.UNSPECIFIED.,.F.,
  .F.,(2,2),(0.,110.97555541992),.PIECEWISE_BEZIER_KNOTS.);
#1179 = CARTESIAN_POINT('',(53.559076121443,-2.072798541182));
#1180 = CARTESIAN_POINT('',(-57.41647929847,-2.072798541182));
#1181 = ( GEOMETRIC_REPRESENTATION_CONTEXT(2) 
PARAMETRIC_REPRESENTATION_CONTEXT() REPRESENTATION_CONTEXT('2D SPACE',''
  ) );
#1182 = ORIENTED_EDGE('',*,*,#1134,.F.);
#1183 = ORIENTED_EDGE('',*,*,#1004,.T.);
#1184 = ADVANCED_FACE('',(#1185),#992,.T.);
#1185 = FACE_BOUND('',#1186,.T.);
#1186 = EDGE_LOOP('',(#1187,#1214,#1239));
#1187 = ORIENTED_EDGE('',*,*,#1188,.T.);
#1188 = EDGE_CURVE('',#977,#1189,#1191,.T.);
#1189 = VERTEX_POINT('',#1190);
#1190 = CARTESIAN_POINT('',(-143.1393585205,28.,2.936145782471));
#1191 = SURFACE_CURVE('',#1192,(#1196,#1203),.PCURVE_S1.);
#1192 = LINE('',#1193,#1194);
#1193 = CARTESIAN_POINT('',(-143.1393585205,28.,11.));
#1194 = VECTOR('',#1195,1.);
#1195 = DIRECTION('',(0.,0.,-1.));
#1196 = PCURVE('',#992,#1197);
#1197 = DEFINITIONAL_REPRESENTATION('',(#1198),#1202);
#1198 = LINE('',#1199,#1200);
#1199 = CARTESIAN_POINT('',(-2.087896811058,-54.48236893325));
#1200 = VECTOR('',#1201,1.);
#1201 = DIRECTION('',(1.,-1.499884748334E-62));
#1202 = ( GEOMETRIC_REPRESENTATION_CONTEXT(2) 
PARAMETRIC_REPRESENTATION_CONTEXT() REPRESENTATION_CONTEXT('2D SPACE',''
  ) );
#1203 = PCURVE('',#1204,#1209);
#1204 = PLANE('',#1205);
#1205 = AXIS2_PLACEMENT_3D('',#1206,#1207,#1208);
#1206 = CARTESIAN_POINT('',(-144.3989541306,29.259504753922,
    6.041021526979));
#1207 = DIRECTION('',(-0.707081277558,-0.707132283895,6.893229384221E-17
    ));
#1208 = DIRECTION('',(-0.707132283895,0.707081277558,6.162975822039E-33)
  );
#1209 = DEFINITIONAL_REPRESENTATION('',(#1210),#1213);
#1210 = B_SPLINE_CURVE_WITH_KNOTS('',1,(#1211,#1212),.UNSPECIFIED.,.F.,
  .F.,(2,2),(0.,8.063854217529),.PIECEWISE_BEZIER_KNOTS.);
#1211 = CARTESIAN_POINT('',(-1.781272951068,-4.958978473021));
#1212 = CARTESIAN_POINT('',(-1.781272951068,3.104875744509));
#1213 = ( GEOMETRIC_REPRESENTATION_CONTEXT(2) 
PARAMETRIC_REPRESENTATION_CONTEXT() REPRESENTATION_CONTEXT('2D SPACE',''
  ) );
#1214 = ORIENTED_EDGE('',*,*,#1215,.T.);
#1215 = EDGE_CURVE('',#1189,#926,#1216,.T.);
#1216 = SURFACE_CURVE('',#1217,(#1221,#1228),.PCURVE_S1.);
#1217 = LINE('',#1218,#1219);
#1218 = CARTESIAN_POINT('',(-143.1393585205,28.,2.936145782471));
#1219 = VECTOR('',#1220,1.);
#1220 = DIRECTION('',(0.997456852793,0.,7.12729038076E-02));
#1221 = PCURVE('',#992,#1222);
#1222 = DEFINITIONAL_REPRESENTATION('',(#1223),#1227);
#1223 = LINE('',#1224,#1225);
#1224 = CARTESIAN_POINT('',(5.975957406471,-54.48236893325));
#1225 = VECTOR('',#1226,1.);
#1226 = DIRECTION('',(-7.12729038076E-02,0.997456852793));
#1227 = ( GEOMETRIC_REPRESENTATION_CONTEXT(2) 
PARAMETRIC_REPRESENTATION_CONTEXT() REPRESENTATION_CONTEXT('2D SPACE',''
  ) );
#1228 = PCURVE('',#1229,#1234);
#1229 = PLANE('',#1230);
#1230 = AXIS2_PLACEMENT_3D('',#1231,#1232,#1233);
#1231 = CARTESIAN_POINT('',(-84.76892899184,28.,5.024042593529));
#1232 = DIRECTION('',(-2.357051452661E-32,-1.,3.371382092196E-31));
#1233 = DIRECTION('',(0.,-3.371382092196E-31,-1.));
#1234 = DEFINITIONAL_REPRESENTATION('',(#1235),#1238);
#1235 = B_SPLINE_CURVE_WITH_KNOTS('',1,(#1236,#1237),.UNSPECIFIED.,.F.,
  .F.,(2,2),(0.,113.14053148861),.PIECEWISE_BEZIER_KNOTS.);
#1236 = CARTESIAN_POINT('',(2.087896811058,-58.37042952866));
#1237 = CARTESIAN_POINT('',(-5.975957406471,54.482368933251));
#1238 = ( GEOMETRIC_REPRESENTATION_CONTEXT(2) 
PARAMETRIC_REPRESENTATION_CONTEXT() REPRESENTATION_CONTEXT('2D SPACE',''
  ) );
#1239 = ORIENTED_EDGE('',*,*,#976,.F.);
#1240 = ADVANCED_FACE('',(#1241),#749,.T.);
#1241 = FACE_BOUND('',#1242,.T.);
#1242 = EDGE_LOOP('',(#1243,#1244,#1271));
#1243 = ORIENTED_EDGE('',*,*,#733,.F.);
#1244 = ORIENTED_EDGE('',*,*,#1245,.T.);
#1245 = EDGE_CURVE('',#707,#1246,#1248,.T.);
#1246 = VERTEX_POINT('',#1247);
#1247 = CARTESIAN_POINT('',(-143.7129974365,98.,11.));
#1248 = SURFACE_CURVE('',#1249,(#1253,#1260),.PCURVE_S1.);
#1249 = LINE('',#1250,#1251);
#1250 = CARTESIAN_POINT('',(-30.14434814453,98.,11.));
#1251 = VECTOR('',#1252,1.);
#1252 = DIRECTION('',(-1.,0.,0.));
#1253 = PCURVE('',#749,#1254);
#1254 = DEFINITIONAL_REPRESENTATION('',(#1255),#1259);
#1255 = LINE('',#1256,#1257);
#1256 = CARTESIAN_POINT('',(56.245131449762,0.756555986845));
#1257 = VECTOR('',#1258,1.);
#1258 = DIRECTION('',(-1.,0.));
#1259 = ( GEOMETRIC_REPRESENTATION_CONTEXT(2) 
PARAMETRIC_REPRESENTATION_CONTEXT() REPRESENTATION_CONTEXT('2D SPACE',''
  ) );
#1260 = PCURVE('',#1261,#1266);
#1261 = PLANE('',#1262);
#1262 = AXIS2_PLACEMENT_3D('',#1263,#1264,#1265);
#1263 = CARTESIAN_POINT('',(-84.98163520012,98.,8.909610641858));
#1264 = DIRECTION('',(0.,1.,0.));
#1265 = DIRECTION('',(0.,-0.,1.));
#1266 = DEFINITIONAL_REPRESENTATION('',(#1267),#1270);
#1267 = B_SPLINE_CURVE_WITH_KNOTS('',1,(#1268,#1269),.UNSPECIFIED.,.F.,
  .F.,(2,2),(0.,113.56864929199),.PIECEWISE_BEZIER_KNOTS.);
#1268 = CARTESIAN_POINT('',(2.090389358142,54.837287055591));
#1269 = CARTESIAN_POINT('',(2.090389358142,-58.7313622364));
#1270 = ( GEOMETRIC_REPRESENTATION_CONTEXT(2) 
PARAMETRIC_REPRESENTATION_CONTEXT() REPRESENTATION_CONTEXT('2D SPACE',''
  ) );
#1271 = ORIENTED_EDGE('',*,*,#1272,.T.);
#1272 = EDGE_CURVE('',#1246,#734,#1273,.T.);
#1273 = SURFACE_CURVE('',#1274,(#1278,#1285),.PCURVE_S1.);
#1274 = LINE('',#1275,#1276);
#1275 = CARTESIAN_POINT('',(-143.7129974365,98.,11.));
#1276 = VECTOR('',#1277,1.);
#1277 = DIRECTION('',(0.999646114154,-2.660162509568E-02,0.));
#1278 = PCURVE('',#749,#1279);
#1279 = DEFINITIONAL_REPRESENTATION('',(#1280),#1284);
#1280 = LINE('',#1281,#1282);
#1281 = CARTESIAN_POINT('',(-57.32351784223,0.756555986845));
#1282 = VECTOR('',#1283,1.);
#1283 = DIRECTION('',(0.999646114154,-2.660162509568E-02));
#1284 = ( GEOMETRIC_REPRESENTATION_CONTEXT(2) 
PARAMETRIC_REPRESENTATION_CONTEXT() REPRESENTATION_CONTEXT('2D SPACE',''
  ) );
#1285 = PCURVE('',#1286,#1291);
#1286 = PLANE('',#1287);
#1287 = AXIS2_PLACEMENT_3D('',#1288,#1289,#1290);
#1288 = CARTESIAN_POINT('',(-87.94141366594,95.765836362346,11.));
#1289 = DIRECTION('',(0.,0.,1.));
#1290 = DIRECTION('',(1.,0.,-0.));
#1291 = DEFINITIONAL_REPRESENTATION('',(#1292),#1295);
#1292 = B_SPLINE_CURVE_WITH_KNOTS('',1,(#1293,#1294),.UNSPECIFIED.,.F.,
  .F.,(2,2),(0.,112.66235191157),.PIECEWISE_BEZIER_KNOTS.);
#1293 = CARTESIAN_POINT('',(-55.77158377058,2.234163637654));
#1294 = CARTESIAN_POINT('',(56.850898529224,-0.762838010295));
#1295 = ( GEOMETRIC_REPRESENTATION_CONTEXT(2) 
PARAMETRIC_REPRESENTATION_CONTEXT() REPRESENTATION_CONTEXT('2D SPACE',''
  ) );
#1296 = ADVANCED_FACE('',(#1297),#1229,.T.);
#1297 = FACE_BOUND('',#1298,.T.);
#1298 = EDGE_LOOP('',(#1299,#1326,#1351));
#1299 = ORIENTED_EDGE('',*,*,#1300,.T.);
#1300 = EDGE_CURVE('',#1189,#1301,#1303,.T.);
#1301 = VERTEX_POINT('',#1302);
#1302 = CARTESIAN_POINT('',(-30.28656005859,28.,2.936145782471));
#1303 = SURFACE_CURVE('',#1304,(#1308,#1315),.PCURVE_S1.);
#1304 = LINE('',#1305,#1306);
#1305 = CARTESIAN_POINT('',(-143.1393585205,28.,2.936145782471));
#1306 = VECTOR('',#1307,1.);
#1307 = DIRECTION('',(1.,0.,0.));
#1308 = PCURVE('',#1229,#1309);
#1309 = DEFINITIONAL_REPRESENTATION('',(#1310),#1314);
#1310 = LINE('',#1311,#1312);
#1311 = CARTESIAN_POINT('',(2.087896811058,-58.37042952866));
#1312 = VECTOR('',#1313,1.);
#1313 = DIRECTION('',(0.,1.));
#1314 = ( GEOMETRIC_REPRESENTATION_CONTEXT(2) 
PARAMETRIC_REPRESENTATION_CONTEXT() REPRESENTATION_CONTEXT('2D SPACE',''
  ) );
#1315 = PCURVE('',#1316,#1321);
#1316 = PLANE('',#1317);
#1317 = AXIS2_PLACEMENT_3D('',#1318,#1319,#1320);
#1318 = CARTESIAN_POINT('',(-85.64399307401,28.49320636649,2.44297439619
    ));
#1319 = DIRECTION('',(1.843485344668E-19,-0.707081704403,-0.707131857081
    ));
#1320 = DIRECTION('',(0.,-0.707131857081,0.707081704403));
#1321 = DEFINITIONAL_REPRESENTATION('',(#1322),#1325);
#1322 = B_SPLINE_CURVE_WITH_KNOTS('',1,(#1323,#1324),.UNSPECIFIED.,.F.,
  .F.,(2,2),(0.,112.85279846191),.PIECEWISE_BEZIER_KNOTS.);
#1323 = CARTESIAN_POINT('',(0.697474398234,57.495365446489));
#1324 = CARTESIAN_POINT('',(0.697474398234,-55.35743301542));
#1325 = ( GEOMETRIC_REPRESENTATION_CONTEXT(2) 
PARAMETRIC_REPRESENTATION_CONTEXT() REPRESENTATION_CONTEXT('2D SPACE',''
  ) );
#1326 = ORIENTED_EDGE('',*,*,#1327,.T.);
#1327 = EDGE_CURVE('',#1301,#926,#1328,.T.);
#1328 = SURFACE_CURVE('',#1329,(#1333,#1340),.PCURVE_S1.);
#1329 = LINE('',#1330,#1331);
#1330 = CARTESIAN_POINT('',(-30.28656005859,28.,2.936145782471));
#1331 = VECTOR('',#1332,1.);
#1332 = DIRECTION('',(0.,0.,1.));
#1333 = PCURVE('',#1229,#1334);
#1334 = DEFINITIONAL_REPRESENTATION('',(#1335),#1339);
#1335 = LINE('',#1336,#1337);
#1336 = CARTESIAN_POINT('',(2.087896811058,54.482368933251));
#1337 = VECTOR('',#1338,1.);
#1338 = DIRECTION('',(-1.,7.946521057886E-63));
#1339 = ( GEOMETRIC_REPRESENTATION_CONTEXT(2) 
PARAMETRIC_REPRESENTATION_CONTEXT() REPRESENTATION_CONTEXT('2D SPACE',''
  ) );
#1340 = PCURVE('',#1341,#1346);
#1341 = PLANE('',#1342);
#1342 = AXIS2_PLACEMENT_3D('',#1343,#1344,#1345);
#1343 = CARTESIAN_POINT('',(-29.24663946791,29.039849375809,
    6.135619242789));
#1344 = DIRECTION('',(0.70708256823,-0.707130993314,-3.447326170304E-17)
  );
#1345 = DIRECTION('',(-0.707130993314,-0.70708256823,3.08148791102E-33)
  );
#1346 = DEFINITIONAL_REPRESENTATION('',(#1347),#1350);
#1347 = B_SPLINE_CURVE_WITH_KNOTS('',1,(#1348,#1349),.UNSPECIFIED.,.F.,
  .F.,(2,2),(0.,8.063854217529),.PIECEWISE_BEZIER_KNOTS.);
#1348 = CARTESIAN_POINT('',(1.470619447475,3.199473460319));
#1349 = CARTESIAN_POINT('',(1.470619447475,-4.864380757211));
#1350 = ( GEOMETRIC_REPRESENTATION_CONTEXT(2) 
PARAMETRIC_REPRESENTATION_CONTEXT() REPRESENTATION_CONTEXT('2D SPACE',''
  ) );
#1351 = ORIENTED_EDGE('',*,*,#1215,.F.);
#1352 = ADVANCED_FACE('',(#1353),#1286,.T.);
#1353 = FACE_BOUND('',#1354,.T.);
#1354 = EDGE_LOOP('',(#1355,#1380,#1400));
#1355 = ORIENTED_EDGE('',*,*,#1356,.T.);
#1356 = EDGE_CURVE('',#1246,#167,#1357,.T.);
#1357 = SURFACE_CURVE('',#1358,(#1362,#1369),.PCURVE_S1.);
#1358 = LINE('',#1359,#1360);
#1359 = CARTESIAN_POINT('',(-143.7129974365,98.,11.));
#1360 = VECTOR('',#1361,1.);
#1361 = DIRECTION('',(0.300289189083,-0.953848207484,0.));
#1362 = PCURVE('',#1286,#1363);
#1363 = DEFINITIONAL_REPRESENTATION('',(#1364),#1368);
#1364 = LINE('',#1365,#1366);
#1365 = CARTESIAN_POINT('',(-55.77158377058,2.234163637654));
#1366 = VECTOR('',#1367,1.);
#1367 = DIRECTION('',(0.300289189083,-0.953848207484));
#1368 = ( GEOMETRIC_REPRESENTATION_CONTEXT(2) 
PARAMETRIC_REPRESENTATION_CONTEXT() REPRESENTATION_CONTEXT('2D SPACE',''
  ) );
#1369 = PCURVE('',#1370,#1375);
#1370 = PLANE('',#1371);
#1371 = AXIS2_PLACEMENT_3D('',#1372,#1373,#1374);
#1372 = CARTESIAN_POINT('',(-144.6378026619,95.866204906953,11.));
#1373 = DIRECTION('',(0.,0.,1.));
#1374 = DIRECTION('',(1.,0.,-0.));
#1375 = DEFINITIONAL_REPRESENTATION('',(#1376),#1379);
#1376 = B_SPLINE_CURVE_WITH_KNOTS('',1,(#1377,#1378),.UNSPECIFIED.,.F.,
  .F.,(2,2),(0.,3.142011091949),.PIECEWISE_BEZIER_KNOTS.);
#1377 = CARTESIAN_POINT('',(0.924805225437,2.133795093047));
#1378 = CARTESIAN_POINT('',(1.868317188328,-0.863206554902));
#1379 = ( GEOMETRIC_REPRESENTATION_CONTEXT(2) 
PARAMETRIC_REPRESENTATION_CONTEXT() REPRESENTATION_CONTEXT('2D SPACE',''
  ) );
#1380 = ORIENTED_EDGE('',*,*,#1381,.T.);
#1381 = EDGE_CURVE('',#167,#734,#1382,.T.);
#1382 = SURFACE_CURVE('',#1383,(#1387,#1394),.PCURVE_S1.);
#1383 = LINE('',#1384,#1385);
#1384 = CARTESIAN_POINT('',(-142.7694854736,95.002998352051,11.));
#1385 = VECTOR('',#1386,1.);
#1386 = DIRECTION('',(1.,0.,0.));
#1387 = PCURVE('',#1286,#1388);
#1388 = DEFINITIONAL_REPRESENTATION('',(#1389),#1393);
#1389 = LINE('',#1390,#1391);
#1390 = CARTESIAN_POINT('',(-54.82807180769,-0.762838010295));
#1391 = VECTOR('',#1392,1.);
#1392 = DIRECTION('',(1.,0.));
#1393 = ( GEOMETRIC_REPRESENTATION_CONTEXT(2) 
PARAMETRIC_REPRESENTATION_CONTEXT() REPRESENTATION_CONTEXT('2D SPACE',''
  ) );
#1394 = PCURVE('',#241,#1395);
#1395 = DEFINITIONAL_REPRESENTATION('',(#1396),#1399);
#1396 = B_SPLINE_CURVE_WITH_KNOTS('',1,(#1397,#1398),.UNSPECIFIED.,.F.,
  .F.,(2,2),(0.,111.67897033691),.PIECEWISE_BEZIER_KNOTS.);
#1397 = CARTESIAN_POINT('',(-2.072345905062,-53.91033094382));
#1398 = CARTESIAN_POINT('',(-2.072345905062,57.768639393095));
#1399 = ( GEOMETRIC_REPRESENTATION_CONTEXT(2) 
PARAMETRIC_REPRESENTATION_CONTEXT() REPRESENTATION_CONTEXT('2D SPACE',''
  ) );
#1400 = ORIENTED_EDGE('',*,*,#1272,.F.);
#1401 = ADVANCED_FACE('',(#1402),#490,.T.);
#1402 = FACE_BOUND('',#1403,.T.);
#1403 = EDGE_LOOP('',(#1404,#1405,#1425));
#1404 = ORIENTED_EDGE('',*,*,#1066,.F.);
#1405 = ORIENTED_EDGE('',*,*,#1406,.T.);
#1406 = EDGE_CURVE('',#1035,#256,#1407,.T.);
#1407 = SURFACE_CURVE('',#1408,(#1412,#1419),.PCURVE_S1.);
#1408 = LINE('',#1409,#1410);
#1409 = CARTESIAN_POINT('',(-146.0019989013,34.526851654053,11.));
#1410 = VECTOR('',#1411,1.);
#1411 = DIRECTION('',(0.,1.,0.));
#1412 = PCURVE('',#490,#1413);
#1413 = DEFINITIONAL_REPRESENTATION('',(#1414),#1418);
#1414 = LINE('',#1415,#1416);
#1415 = CARTESIAN_POINT('',(0.260937091475,-27.35900286736));
#1416 = VECTOR('',#1417,1.);
#1417 = DIRECTION('',(0.,1.));
#1418 = ( GEOMETRIC_REPRESENTATION_CONTEXT(2) 
PARAMETRIC_REPRESENTATION_CONTEXT() REPRESENTATION_CONTEXT('2D SPACE',''
  ) );
#1419 = PCURVE('',#271,#1420);
#1420 = DEFINITIONAL_REPRESENTATION('',(#1421),#1424);
#1421 = B_SPLINE_CURVE_WITH_KNOTS('',1,(#1422,#1423),.UNSPECIFIED.,.F.,
  .F.,(2,2),(0.,57.470676422119),.PIECEWISE_BEZIER_KNOTS.);
#1422 = CARTESIAN_POINT('',(2.139387048328,30.597451292431));
#1423 = CARTESIAN_POINT('',(2.139387048328,-26.87322512968));
#1424 = ( GEOMETRIC_REPRESENTATION_CONTEXT(2) 
PARAMETRIC_REPRESENTATION_CONTEXT() REPRESENTATION_CONTEXT('2D SPACE',''
  ) );
#1425 = ORIENTED_EDGE('',*,*,#477,.T.);
#1426 = ADVANCED_FACE('',(#1427),#1370,.T.);
#1427 = FACE_BOUND('',#1428,.T.);
#1428 = EDGE_LOOP('',(#1429,#1430,#1450));
#1429 = ORIENTED_EDGE('',*,*,#1356,.F.);
#1430 = ORIENTED_EDGE('',*,*,#1431,.T.);
#1431 = EDGE_CURVE('',#1246,#312,#1432,.T.);
#1432 = SURFACE_CURVE('',#1433,(#1437,#1444),.PCURVE_S1.);
#1433 = LINE('',#1434,#1435);
#1434 = CARTESIAN_POINT('',(-143.7129974365,98.,11.));
#1435 = VECTOR('',#1436,1.);
#1436 = DIRECTION('',(-0.707106781187,-0.707106781187,0.));
#1437 = PCURVE('',#1370,#1438);
#1438 = DEFINITIONAL_REPRESENTATION('',(#1439),#1443);
#1439 = LINE('',#1440,#1441);
#1440 = CARTESIAN_POINT('',(0.924805225437,2.133795093047));
#1441 = VECTOR('',#1442,1.);
#1442 = DIRECTION('',(-0.707106781187,-0.707106781187));
#1443 = ( GEOMETRIC_REPRESENTATION_CONTEXT(2) 
PARAMETRIC_REPRESENTATION_CONTEXT() REPRESENTATION_CONTEXT('2D SPACE',''
  ) );
#1444 = PCURVE('',#416,#1445);
#1445 = DEFINITIONAL_REPRESENTATION('',(#1446),#1449);
#1446 = B_SPLINE_CURVE_WITH_KNOTS('',1,(#1447,#1448),.UNSPECIFIED.,.F.,
  .F.,(2,2),(0.,4.648523604824),.PIECEWISE_BEZIER_KNOTS.);
#1447 = CARTESIAN_POINT('',(3.173194990742,-3.149995835412));
#1448 = CARTESIAN_POINT('',(-1.475328614081,-3.149995835412));
#1449 = ( GEOMETRIC_REPRESENTATION_CONTEXT(2) 
PARAMETRIC_REPRESENTATION_CONTEXT() REPRESENTATION_CONTEXT('2D SPACE',''
  ) );
#1450 = ORIENTED_EDGE('',*,*,#1451,.T.);
#1451 = EDGE_CURVE('',#312,#167,#1452,.T.);
#1452 = SURFACE_CURVE('',#1453,(#1457,#1464),.PCURVE_S1.);
#1453 = LINE('',#1454,#1455);
#1454 = CARTESIAN_POINT('',(-147.,94.712997436523,11.));
#1455 = VECTOR('',#1456,1.);
#1456 = DIRECTION('',(0.997658710804,6.838930293558E-02,0.));
#1457 = PCURVE('',#1370,#1458);
#1458 = DEFINITIONAL_REPRESENTATION('',(#1459),#1463);
#1459 = LINE('',#1460,#1461);
#1460 = CARTESIAN_POINT('',(-2.36219733804,-1.15320747043));
#1461 = VECTOR('',#1462,1.);
#1462 = DIRECTION('',(0.997658710804,6.838930293558E-02));
#1463 = ( GEOMETRIC_REPRESENTATION_CONTEXT(2) 
PARAMETRIC_REPRESENTATION_CONTEXT() REPRESENTATION_CONTEXT('2D SPACE',''
  ) );
#1464 = PCURVE('',#296,#1465);
#1465 = DEFINITIONAL_REPRESENTATION('',(#1466),#1469);
#1466 = B_SPLINE_CURVE_WITH_KNOTS('',1,(#1467,#1468),.UNSPECIFIED.,.F.,
  .F.,(2,2),(0.,4.240442628879),.PIECEWISE_BEZIER_KNOTS.);
#1467 = CARTESIAN_POINT('',(-1.901059560716,0.750471840926));
#1468 = CARTESIAN_POINT('',(2.329454965651,1.040472756454));
#1469 = ( GEOMETRIC_REPRESENTATION_CONTEXT(2) 
PARAMETRIC_REPRESENTATION_CONTEXT() REPRESENTATION_CONTEXT('2D SPACE',''
  ) );
#1470 = ADVANCED_FACE('',(#1471),#296,.T.);
#1471 = FACE_BOUND('',#1472,.T.);
#1472 = EDGE_LOOP('',(#1473,#1474,#1475));
#1473 = ORIENTED_EDGE('',*,*,#456,.F.);
#1474 = ORIENTED_EDGE('',*,*,#283,.T.);
#1475 = ORIENTED_EDGE('',*,*,#1451,.F.);
#1476 = ADVANCED_FACE('',(#1477),#1341,.T.);
#1477 = FACE_BOUND('',#1478,.T.);
#1478 = EDGE_LOOP('',(#1479,#1480,#1505));
#1479 = ORIENTED_EDGE('',*,*,#1327,.F.);
#1480 = ORIENTED_EDGE('',*,*,#1481,.T.);
#1481 = EDGE_CURVE('',#1301,#508,#1482,.T.);
#1482 = SURFACE_CURVE('',#1483,(#1487,#1494),.PCURVE_S1.);
#1483 = LINE('',#1484,#1485);
#1484 = CARTESIAN_POINT('',(-30.28656005859,28.,2.936145782471));
#1485 = VECTOR('',#1486,1.);
#1486 = DIRECTION('',(0.70705971486,0.707011294657,1.419819882832E-02));
#1487 = PCURVE('',#1341,#1488);
#1488 = DEFINITIONAL_REPRESENTATION('',(#1489),#1493);
#1489 = LINE('',#1490,#1491);
#1490 = CARTESIAN_POINT('',(1.470619447475,3.199473460319));
#1491 = VECTOR('',#1492,1.);
#1492 = DIRECTION('',(-0.999899200495,-1.419819882832E-02));
#1493 = ( GEOMETRIC_REPRESENTATION_CONTEXT(2) 
PARAMETRIC_REPRESENTATION_CONTEXT() REPRESENTATION_CONTEXT('2D SPACE',''
  ) );
#1494 = PCURVE('',#1495,#1500);
#1495 = PLANE('',#1496);
#1496 = AXIS2_PLACEMENT_3D('',#1497,#1498,#1499);
#1497 = CARTESIAN_POINT('',(-28.64327469597,29.643172732715,
    2.517076998795));
#1498 = DIRECTION('',(0.707082566722,-0.707130994822,1.501158036978E-07)
  );
#1499 = DIRECTION('',(-0.707130994822,-0.707082566722,0.));
#1500 = DEFINITIONAL_REPRESENTATION('',(#1501),#1504);
#1501 = B_SPLINE_CURVE_WITH_KNOTS('',1,(#1502,#1503),.UNSPECIFIED.,.F.,
  .F.,(2,2),(0.,4.648207201628),.PIECEWISE_BEZIER_KNOTS.);
#1502 = CARTESIAN_POINT('',(2.323876806661,-0.419068783676));
#1503 = CARTESIAN_POINT('',(-2.323861857981,-0.48506495372));
#1504 = ( GEOMETRIC_REPRESENTATION_CONTEXT(2) 
PARAMETRIC_REPRESENTATION_CONTEXT() REPRESENTATION_CONTEXT('2D SPACE',''
  ) );
#1505 = ORIENTED_EDGE('',*,*,#1506,.T.);
#1506 = EDGE_CURVE('',#508,#926,#1507,.T.);
#1507 = SURFACE_CURVE('',#1508,(#1512,#1519),.PCURVE_S1.);
#1508 = LINE('',#1509,#1510);
#1509 = CARTESIAN_POINT('',(-27.,31.286334991455,3.002141952515));
#1510 = VECTOR('',#1511,1.);
#1511 = DIRECTION('',(-0.355294015297,-0.355269684384,0.864609515361));
#1512 = PCURVE('',#1341,#1513);
#1513 = DEFINITIONAL_REPRESENTATION('',(#1514),#1518);
#1514 = LINE('',#1515,#1516);
#1515 = CARTESIAN_POINT('',(-3.177119217167,3.133477290275));
#1516 = VECTOR('',#1517,1.);
#1517 = DIRECTION('',(0.502444410804,-0.864609515361));
#1518 = ( GEOMETRIC_REPRESENTATION_CONTEXT(2) 
PARAMETRIC_REPRESENTATION_CONTEXT() REPRESENTATION_CONTEXT('2D SPACE',''
  ) );
#1519 = PCURVE('',#528,#1520);
#1520 = DEFINITIONAL_REPRESENTATION('',(#1521),#1524);
#1521 = B_SPLINE_CURVE_WITH_KNOTS('',1,(#1522,#1523),.UNSPECIFIED.,.F.,
  .F.,(2,2),(0.,9.250254485285),.PIECEWISE_BEZIER_KNOTS.);
#1522 = CARTESIAN_POINT('',(-1.47503377561,4.847764580453));
#1523 = CARTESIAN_POINT('',(3.172704889031,-3.150093467032));
#1524 = ( GEOMETRIC_REPRESENTATION_CONTEXT(2) 
PARAMETRIC_REPRESENTATION_CONTEXT() REPRESENTATION_CONTEXT('2D SPACE',''
  ) );
#1525 = ADVANCED_FACE('',(#1526),#1495,.T.);
#1526 = FACE_BOUND('',#1527,.T.);
#1527 = EDGE_LOOP('',(#1528,#1555,#1580));
#1528 = ORIENTED_EDGE('',*,*,#1529,.T.);
#1529 = EDGE_CURVE('',#1301,#1530,#1532,.T.);
#1530 = VERTEX_POINT('',#1531);
#1531 = CARTESIAN_POINT('',(-28.67622375488,29.61022567749,
    1.326034545898));
#1532 = SURFACE_CURVE('',#1533,(#1537,#1544),.PCURVE_S1.);
#1533 = LINE('',#1534,#1535);
#1534 = CARTESIAN_POINT('',(-30.28656005859,28.,2.936145782471));
#1535 = VECTOR('',#1536,1.);
#1536 = DIRECTION('',(0.5773903895,0.577350724173,-0.577309691076));
#1537 = PCURVE('',#1495,#1538);
#1538 = DEFINITIONAL_REPRESENTATION('',(#1539),#1543);
#1539 = LINE('',#1540,#1541);
#1540 = CARTESIAN_POINT('',(2.323876806661,-0.419068783676));
#1541 = VECTOR('',#1542,1.);
#1542 = DIRECTION('',(-0.816525272475,0.577309691076));
#1543 = ( GEOMETRIC_REPRESENTATION_CONTEXT(2) 
PARAMETRIC_REPRESENTATION_CONTEXT() REPRESENTATION_CONTEXT('2D SPACE',''
  ) );
#1544 = PCURVE('',#1545,#1550);
#1545 = PLANE('',#1546);
#1546 = AXIS2_PLACEMENT_3D('',#1547,#1548,#1549);
#1547 = CARTESIAN_POINT('',(-29.50184325661,28.968140499981,
    1.968074009312));
#1548 = DIRECTION('',(3.092032604646E-07,-0.707081806952,-0.707131754539
    ));
#1549 = DIRECTION('',(0.,-0.707131754539,0.707081806952));
#1550 = DEFINITIONAL_REPRESENTATION('',(#1551),#1554);
#1551 = B_SPLINE_CURVE_WITH_KNOTS('',1,(#1552,#1553),.UNSPECIFIED.,.F.,
  .F.,(2,2),(0.,2.78899048719),.PIECEWISE_BEZIER_KNOTS.);
#1552 = CARTESIAN_POINT('',(1.369108829017,0.784716801977));
#1553 = CARTESIAN_POINT('',(-0.90801324206,-0.825619501734));
#1554 = ( GEOMETRIC_REPRESENTATION_CONTEXT(2) 
PARAMETRIC_REPRESENTATION_CONTEXT() REPRESENTATION_CONTEXT('2D SPACE',''
  ) );
#1555 = ORIENTED_EDGE('',*,*,#1556,.T.);
#1556 = EDGE_CURVE('',#1530,#508,#1557,.T.);
#1557 = SURFACE_CURVE('',#1558,(#1562,#1569),.PCURVE_S1.);
#1558 = LINE('',#1559,#1560);
#1559 = CARTESIAN_POINT('',(-28.67622375488,29.61022567749,
    1.326034545898));
#1560 = VECTOR('',#1561,1.);
#1561 = DIRECTION('',(0.577376767399,0.577337348123,0.577336691135));
#1562 = PCURVE('',#1495,#1563);
#1563 = DEFINITIONAL_REPRESENTATION('',(#1564),#1568);
#1564 = LINE('',#1565,#1566);
#1565 = CARTESIAN_POINT('',(4.659558917838E-02,1.191042452896));
#1566 = VECTOR('',#1567,1.);
#1567 = DIRECTION('',(-0.816506181893,-0.577336691135));
#1568 = ( GEOMETRIC_REPRESENTATION_CONTEXT(2) 
PARAMETRIC_REPRESENTATION_CONTEXT() REPRESENTATION_CONTEXT('2D SPACE',''
  ) );
#1569 = PCURVE('',#1570,#1575);
#1570 = PLANE('',#1571);
#1571 = AXIS2_PLACEMENT_3D('',#1572,#1573,#1574);
#1572 = CARTESIAN_POINT('',(-28.00114490349,30.467992699069,
    2.001068749023));
#1573 = DIRECTION('',(0.707077964105,8.550574648479E-06,-0.707135597042)
  );
#1574 = DIRECTION('',(-0.707135597068,0.,-0.707077964131));
#1575 = DEFINITIONAL_REPRESENTATION('',(#1576),#1579);
#1576 = B_SPLINE_CURVE_WITH_KNOTS('',1,(#1577,#1578),.UNSPECIFIED.,.F.,
  .F.,(2,2),(0.,2.903171463642),.PIECEWISE_BEZIER_KNOTS.);
#1577 = CARTESIAN_POINT('',(0.954674096708,-0.85776702161));
#1578 = CARTESIAN_POINT('',(-1.415782001755,0.818342292416));
#1579 = ( GEOMETRIC_REPRESENTATION_CONTEXT(2) 
PARAMETRIC_REPRESENTATION_CONTEXT() REPRESENTATION_CONTEXT('2D SPACE',''
  ) );
#1580 = ORIENTED_EDGE('',*,*,#1481,.F.);
#1581 = ADVANCED_FACE('',(#1582),#528,.T.);
#1582 = FACE_BOUND('',#1583,.T.);
#1583 = EDGE_LOOP('',(#1584,#1585,#1586));
#1584 = ORIENTED_EDGE('',*,*,#505,.F.);
#1585 = ORIENTED_EDGE('',*,*,#925,.F.);
#1586 = ORIENTED_EDGE('',*,*,#1506,.F.);
#1587 = ADVANCED_FACE('',(#1588),#361,.T.);
#1588 = FACE_BOUND('',#1589,.T.);
#1589 = EDGE_LOOP('',(#1590,#1591,#1592));
#1590 = ORIENTED_EDGE('',*,*,#1114,.F.);
#1591 = ORIENTED_EDGE('',*,*,#345,.F.);
#1592 = ORIENTED_EDGE('',*,*,#1593,.T.);
#1593 = EDGE_CURVE('',#314,#977,#1594,.T.);
#1594 = SURFACE_CURVE('',#1595,(#1599,#1606),.PCURVE_S1.);
#1595 = LINE('',#1596,#1597);
#1596 = CARTESIAN_POINT('',(-147.,31.860363006592,3.002141952515));
#1597 = VECTOR('',#1598,1.);
#1598 = DIRECTION('',(0.3986770983,-0.398648341222,0.825915293073));
#1599 = PCURVE('',#361,#1600);
#1600 = DEFINITIONAL_REPRESENTATION('',(#1601),#1605);
#1601 = LINE('',#1602,#1603);
#1602 = CARTESIAN_POINT('',(1.786336627677,4.942379712682));
#1603 = VECTOR('',#1604,1.);
#1604 = DIRECTION('',(-0.563794225465,-0.825915293073));
#1605 = ( GEOMETRIC_REPRESENTATION_CONTEXT(2) 
PARAMETRIC_REPRESENTATION_CONTEXT() REPRESENTATION_CONTEXT('2D SPACE',''
  ) );
#1606 = PCURVE('',#1204,#1607);
#1607 = DEFINITIONAL_REPRESENTATION('',(#1608),#1611);
#1608 = B_SPLINE_CURVE_WITH_KNOTS('',1,(#1609,#1610),.UNSPECIFIED.,.F.,
  .F.,(2,2),(0.,9.683629924959),.PIECEWISE_BEZIER_KNOTS.);
#1609 = CARTESIAN_POINT('',(3.678301682164,3.038879574465));
#1610 = CARTESIAN_POINT('',(-1.781272951068,-4.958978473021));
#1611 = ( GEOMETRIC_REPRESENTATION_CONTEXT(2) 
PARAMETRIC_REPRESENTATION_CONTEXT() REPRESENTATION_CONTEXT('2D SPACE',''
  ) );
#1612 = ADVANCED_FACE('',(#1613),#1204,.T.);
#1613 = FACE_BOUND('',#1614,.T.);
#1614 = EDGE_LOOP('',(#1615,#1616,#1617));
#1615 = ORIENTED_EDGE('',*,*,#1188,.F.);
#1616 = ORIENTED_EDGE('',*,*,#1593,.F.);
#1617 = ORIENTED_EDGE('',*,*,#1618,.T.);
#1618 = EDGE_CURVE('',#314,#1189,#1619,.T.);
#1619 = SURFACE_CURVE('',#1620,(#1624,#1631),.PCURVE_S1.);
#1620 = LINE('',#1621,#1622);
#1621 = CARTESIAN_POINT('',(-147.,31.860363006592,3.002141952515));
#1622 = VECTOR('',#1623,1.);
#1623 = DIRECTION('',(0.70708062526,-0.707029622649,-1.208726928602E-02)
  );
#1624 = PCURVE('',#1204,#1625);
#1625 = DEFINITIONAL_REPRESENTATION('',(#1626),#1630);
#1626 = LINE('',#1627,#1628);
#1627 = CARTESIAN_POINT('',(3.678301682164,3.038879574465));
#1628 = VECTOR('',#1629,1.);
#1629 = DIRECTION('',(-0.999926946292,1.208726928602E-02));
#1630 = ( GEOMETRIC_REPRESENTATION_CONTEXT(2) 
PARAMETRIC_REPRESENTATION_CONTEXT() REPRESENTATION_CONTEXT('2D SPACE',''
  ) );
#1631 = PCURVE('',#1632,#1637);
#1632 = PLANE('',#1633);
#1633 = AXIS2_PLACEMENT_3D('',#1634,#1635,#1636);
#1634 = CARTESIAN_POINT('',(-145.0696849616,29.930188125293,
    2.438047720605));
#1635 = DIRECTION('',(-0.707081288041,-0.707132273412,
    -1.226343174855E-06));
#1636 = DIRECTION('',(-0.707132273413,0.707081288041,0.));
#1637 = DEFINITIONAL_REPRESENTATION('',(#1638),#1641);
#1638 = B_SPLINE_CURVE_WITH_KNOTS('',1,(#1639,#1640),.UNSPECIFIED.,.F.,
  .F.,(2,2),(0.,5.459973504542),.PIECEWISE_BEZIER_KNOTS.);
#1639 = CARTESIAN_POINT('',(2.729778602714,-0.56409423191));
#1640 = CARTESIAN_POINT('',(-2.729796030519,-0.498098061866));
#1641 = ( GEOMETRIC_REPRESENTATION_CONTEXT(2) 
PARAMETRIC_REPRESENTATION_CONTEXT() REPRESENTATION_CONTEXT('2D SPACE',''
  ) );
#1642 = ADVANCED_FACE('',(#1643),#555,.T.);
#1643 = FACE_BOUND('',#1644,.T.);
#1644 = EDGE_LOOP('',(#1645,#1646,#1673));
#1645 = ORIENTED_EDGE('',*,*,#539,.F.);
#1646 = ORIENTED_EDGE('',*,*,#1647,.T.);
#1647 = EDGE_CURVE('',#508,#1648,#1650,.T.);
#1648 = VERTEX_POINT('',#1649);
#1649 = CARTESIAN_POINT('',(-29.00228881835,96.074714660645,1.));
#1650 = SURFACE_CURVE('',#1651,(#1655,#1662),.PCURVE_S1.);
#1651 = LINE('',#1652,#1653);
#1652 = CARTESIAN_POINT('',(-27.,31.286334991455,3.002141952515));
#1653 = VECTOR('',#1654,1.);
#1654 = DIRECTION('',(-3.087558713953E-02,0.999046313281,
    -3.087332244668E-02));
#1655 = PCURVE('',#555,#1656);
#1656 = DEFINITIONAL_REPRESENTATION('',(#1657),#1661);
#1657 = LINE('',#1658,#1659);
#1658 = CARTESIAN_POINT('',(-0.731382163695,-32.84463674711));
#1659 = VECTOR('',#1660,1.);
#1660 = DIRECTION('',(4.366307272865E-02,0.999046313281));
#1661 = ( GEOMETRIC_REPRESENTATION_CONTEXT(2) 
PARAMETRIC_REPRESENTATION_CONTEXT() REPRESENTATION_CONTEXT('2D SPACE',''
  ) );
#1662 = PCURVE('',#1663,#1668);
#1663 = PLANE('',#1664);
#1664 = AXIS2_PLACEMENT_3D('',#1665,#1666,#1667);
#1665 = CARTESIAN_POINT('',(-28.49481693326,62.574239336033,
    1.507434662552));
#1666 = DIRECTION('',(0.707080846979,-2.4742176668E-18,-0.707132714443)
  );
#1667 = DIRECTION('',(-0.707132714443,-1.925929944387E-34,
    -0.707080846979));
#1668 = DEFINITIONAL_REPRESENTATION('',(#1669),#1672);
#1669 = B_SPLINE_CURVE_WITH_KNOTS('',1,(#1670,#1671),.UNSPECIFIED.,.F.,
  .F.,(2,2),(0.,64.850226468912),.PIECEWISE_BEZIER_KNOTS.);
#1670 = CARTESIAN_POINT('',(-2.113912852185,-31.28790434457));
#1671 = CARTESIAN_POINT('',(0.717647302596,33.500475324612));
#1672 = ( GEOMETRIC_REPRESENTATION_CONTEXT(2) 
PARAMETRIC_REPRESENTATION_CONTEXT() REPRESENTATION_CONTEXT('2D SPACE',''
  ) );
#1673 = ORIENTED_EDGE('',*,*,#1674,.F.);
#1674 = EDGE_CURVE('',#540,#1648,#1675,.T.);
#1675 = SURFACE_CURVE('',#1676,(#1680,#1686),.PCURVE_S1.);
#1676 = LINE('',#1677,#1678);
#1677 = CARTESIAN_POINT('',(-27.,94.855430603027,3.002141952515));
#1678 = VECTOR('',#1679,1.);
#1679 = DIRECTION('',(-0.649478347725,0.395496687534,-0.649430709149));
#1680 = PCURVE('',#555,#1681);
#1681 = DEFINITIONAL_REPRESENTATION('',(#1682),#1685);
#1682 = B_SPLINE_CURVE_WITH_KNOTS('',1,(#1683,#1684),.UNSPECIFIED.,.F.,
  .F.,(2,2),(0.,3.082918507406),.PIECEWISE_BEZIER_KNOTS.);
#1683 = CARTESIAN_POINT('',(-0.731382163695,30.724458864461));
#1684 = CARTESIAN_POINT('',(2.100177991086,31.943742922078));
#1685 = ( GEOMETRIC_REPRESENTATION_CONTEXT(2) 
PARAMETRIC_REPRESENTATION_CONTEXT() REPRESENTATION_CONTEXT('2D SPACE',''
  ) );
#1686 = PCURVE('',#1687,#1692);
#1687 = PLANE('',#1688);
#1688 = AXIS2_PLACEMENT_3D('',#1689,#1690,#1691);
#1689 = CARTESIAN_POINT('',(-28.00114274412,95.631828706906,
    2.001073175179));
#1690 = DIRECTION('',(0.707081536461,2.264352828697E-06,-0.707132025008)
  );
#1691 = DIRECTION('',(-0.707132025009,0.,-0.707081536462));
#1692 = DEFINITIONAL_REPRESENTATION('',(#1693),#1697);
#1693 = LINE('',#1694,#1695);
#1694 = CARTESIAN_POINT('',(-1.415777345156,-0.77639810388));
#1695 = VECTOR('',#1696,1.);
#1696 = DIRECTION('',(0.918467402878,0.395496687535));
#1697 = ( GEOMETRIC_REPRESENTATION_CONTEXT(2) 
PARAMETRIC_REPRESENTATION_CONTEXT() REPRESENTATION_CONTEXT('2D SPACE',''
  ) );
#1698 = ADVANCED_FACE('',(#1699),#1713,.T.);
#1699 = FACE_BOUND('',#1700,.T.);
#1700 = EDGE_LOOP('',(#1701,#1735,#1755));
#1701 = ORIENTED_EDGE('',*,*,#1702,.T.);
#1702 = EDGE_CURVE('',#1703,#1705,#1707,.T.);
#1703 = VERTEX_POINT('',#1704);
#1704 = CARTESIAN_POINT('',(-30.14434814453,98.,2.925146102905));
#1705 = VERTEX_POINT('',#1706);
#1706 = CARTESIAN_POINT('',(-28.61073303222,96.466270446777,
    1.391529083252));
#1707 = SURFACE_CURVE('',#1708,(#1712,#1724),.PCURVE_S1.);
#1708 = LINE('',#1709,#1710);
#1709 = CARTESIAN_POINT('',(-30.14434814453,98.,2.925146102905));
#1710 = VECTOR('',#1711,1.);
#1711 = DIRECTION('',(0.577335668912,-0.577378750662,-0.577336386941));
#1712 = PCURVE('',#1713,#1718);
#1713 = PLANE('',#1714);
#1714 = AXIS2_PLACEMENT_3D('',#1715,#1716,#1717);
#1715 = CARTESIAN_POINT('',(-29.40788434325,97.037355130123,
    1.962571279537));
#1716 = DIRECTION('',(1.82999240387E-06,0.707081753657,-0.707131807828)
  );
#1717 = DIRECTION('',(1.058791184068E-22,-0.707131807829,-0.707081753658
    ));
#1718 = DEFINITIONAL_REPRESENTATION('',(#1719),#1723);
#1719 = LINE('',#1720,#1721);
#1720 = CARTESIAN_POINT('',(-1.361335901268,0.736463801279));
#1721 = VECTOR('',#1722,1.);
#1722 = DIRECTION('',(0.816506904687,-0.577335668913));
#1723 = ( GEOMETRIC_REPRESENTATION_CONTEXT(2) 
PARAMETRIC_REPRESENTATION_CONTEXT() REPRESENTATION_CONTEXT('2D SPACE',''
  ) );
#1724 = PCURVE('',#1725,#1730);
#1725 = PLANE('',#1726);
#1726 = AXIS2_PLACEMENT_3D('',#1727,#1728,#1729);
#1727 = CARTESIAN_POINT('',(-28.57218013746,96.427719570446,
    2.531204923196));
#1728 = DIRECTION('',(0.707131693665,0.707081867825,-2.93778508007E-06)
  );
#1729 = DIRECTION('',(-0.707081867828,0.707131693668,-2.117582368136E-22
    ));
#1730 = DEFINITIONAL_REPRESENTATION('',(#1731),#1734);
#1731 = B_SPLINE_CURVE_WITH_KNOTS('',1,(#1732,#1733),.UNSPECIFIED.,.F.,
  .F.,(2,2),(0.,2.656366469087),.PIECEWISE_BEZIER_KNOTS.);
#1732 = CARTESIAN_POINT('',(2.223460814043,0.393941179711));
#1733 = CARTESIAN_POINT('',(5.452059930764E-02,-1.139675839949));
#1734 = ( GEOMETRIC_REPRESENTATION_CONTEXT(2) 
PARAMETRIC_REPRESENTATION_CONTEXT() REPRESENTATION_CONTEXT('2D SPACE',''
  ) );
#1735 = ORIENTED_EDGE('',*,*,#1736,.T.);
#1736 = EDGE_CURVE('',#1705,#1648,#1737,.T.);
#1737 = SURFACE_CURVE('',#1738,(#1742,#1749),.PCURVE_S1.);
#1738 = LINE('',#1739,#1740);
#1739 = CARTESIAN_POINT('',(-28.61073303222,96.466270446777,
    1.391529083252));
#1740 = VECTOR('',#1741,1.);
#1741 = DIRECTION('',(-0.577363393684,-0.577363393684,-0.577324019305));
#1742 = PCURVE('',#1713,#1743);
#1743 = DEFINITIONAL_REPRESENTATION('',(#1744),#1748);
#1744 = LINE('',#1745,#1746);
#1745 = CARTESIAN_POINT('',(0.80760566212,-0.797151311029));
#1746 = VECTOR('',#1747,1.);
#1747 = DIRECTION('',(0.81648730035,0.577363393685));
#1748 = ( GEOMETRIC_REPRESENTATION_CONTEXT(2) 
PARAMETRIC_REPRESENTATION_CONTEXT() REPRESENTATION_CONTEXT('2D SPACE',''
  ) );
#1749 = PCURVE('',#1687,#1750);
#1750 = DEFINITIONAL_REPRESENTATION('',(#1751),#1754);
#1751 = B_SPLINE_CURVE_WITH_KNOTS('',1,(#1752,#1753),.UNSPECIFIED.,.F.,
  .F.,(2,2),(0.,0.678179099015),.PIECEWISE_BEZIER_KNOTS.);
#1752 = CARTESIAN_POINT('',(0.862058187916,0.834441739874));
#1753 = CARTESIAN_POINT('',(1.415782809624,0.44288595374));
#1754 = ( GEOMETRIC_REPRESENTATION_CONTEXT(2) 
PARAMETRIC_REPRESENTATION_CONTEXT() REPRESENTATION_CONTEXT('2D SPACE',''
  ) );
#1755 = ORIENTED_EDGE('',*,*,#1756,.T.);
#1756 = EDGE_CURVE('',#1648,#1703,#1757,.T.);
#1757 = SURFACE_CURVE('',#1758,(#1762,#1769),.PCURVE_S1.);
#1758 = LINE('',#1759,#1760);
#1759 = CARTESIAN_POINT('',(-29.00228881835,96.074714660645,1.));
#1760 = VECTOR('',#1761,1.);
#1761 = DIRECTION('',(-0.386811960233,0.652088187591,0.652041028636));
#1762 = PCURVE('',#1713,#1763);
#1763 = DEFINITIONAL_REPRESENTATION('',(#1764),#1768);
#1764 = LINE('',#1765,#1766);
#1765 = CARTESIAN_POINT('',(1.361330283828,-0.405595524895));
#1766 = VECTOR('',#1767,1.);
#1767 = DIRECTION('',(-0.92215861294,0.386811960234));
#1768 = ( GEOMETRIC_REPRESENTATION_CONTEXT(2) 
PARAMETRIC_REPRESENTATION_CONTEXT() REPRESENTATION_CONTEXT('2D SPACE',''
  ) );
#1769 = PCURVE('',#1770,#1775);
#1770 = PLANE('',#1771);
#1771 = AXIS2_PLACEMENT_3D('',#1772,#1773,#1774);
#1772 = CARTESIAN_POINT('',(-85.91311158432,97.510089591034,
    2.435271124213));
#1773 = DIRECTION('',(2.030312984667E-18,0.707081210853,-0.707132350596)
  );
#1774 = DIRECTION('',(1.925929944387E-34,-0.707132350596,-0.707081210853
    ));
#1775 = DEFINITIONAL_REPRESENTATION('',(#1776),#1779);
#1776 = B_SPLINE_CURVE_WITH_KNOTS('',1,(#1777,#1778),.UNSPECIFIED.,.F.,
  .F.,(2,2),(0.,2.952492279408),.PIECEWISE_BEZIER_KNOTS.);
#1777 = CARTESIAN_POINT('',(2.029853292923,-56.91082276596));
#1778 = CARTESIAN_POINT('',(-0.692812892174,-55.76876343979));
#1779 = ( GEOMETRIC_REPRESENTATION_CONTEXT(2) 
PARAMETRIC_REPRESENTATION_CONTEXT() REPRESENTATION_CONTEXT('2D SPACE',''
  ) );
#1780 = ADVANCED_FACE('',(#1781),#1687,.T.);
#1781 = FACE_BOUND('',#1782,.T.);
#1782 = EDGE_LOOP('',(#1783,#1784,#1804));
#1783 = ORIENTED_EDGE('',*,*,#1736,.F.);
#1784 = ORIENTED_EDGE('',*,*,#1785,.T.);
#1785 = EDGE_CURVE('',#1705,#540,#1786,.T.);
#1786 = SURFACE_CURVE('',#1787,(#1791,#1798),.PCURVE_S1.);
#1787 = LINE('',#1788,#1789);
#1788 = CARTESIAN_POINT('',(-28.61073303222,96.466270446777,
    1.391529083252));
#1789 = VECTOR('',#1790,1.);
#1790 = DIRECTION('',(0.577351863465,-0.577390149035,0.577308792199));
#1791 = PCURVE('',#1687,#1792);
#1792 = DEFINITIONAL_REPRESENTATION('',(#1793),#1797);
#1793 = LINE('',#1794,#1795);
#1794 = CARTESIAN_POINT('',(0.862058187916,0.834441739874));
#1795 = VECTOR('',#1796,1.);
#1796 = DIRECTION('',(-0.816468380157,-0.577390149037));
#1797 = ( GEOMETRIC_REPRESENTATION_CONTEXT(2) 
PARAMETRIC_REPRESENTATION_CONTEXT() REPRESENTATION_CONTEXT('2D SPACE',''
  ) );
#1798 = PCURVE('',#1725,#1799);
#1799 = DEFINITIONAL_REPRESENTATION('',(#1800),#1803);
#1800 = B_SPLINE_CURVE_WITH_KNOTS('',1,(#1801,#1802),.UNSPECIFIED.,.F.,
  .F.,(2,2),(0.,2.78986374541),.PIECEWISE_BEZIER_KNOTS.);
#1801 = CARTESIAN_POINT('',(5.452059930764E-02,-1.139675839949));
#1802 = CARTESIAN_POINT('',(-2.223475428629,0.470937029321));
#1803 = ( GEOMETRIC_REPRESENTATION_CONTEXT(2) 
PARAMETRIC_REPRESENTATION_CONTEXT() REPRESENTATION_CONTEXT('2D SPACE',''
  ) );
#1804 = ORIENTED_EDGE('',*,*,#1674,.T.);
#1805 = ADVANCED_FACE('',(#1806),#886,.T.);
#1806 = FACE_BOUND('',#1807,.T.);
#1807 = EDGE_LOOP('',(#1808,#1809,#1836));
#1808 = ORIENTED_EDGE('',*,*,#870,.F.);
#1809 = ORIENTED_EDGE('',*,*,#1810,.T.);
#1810 = EDGE_CURVE('',#814,#1811,#1813,.T.);
#1811 = VERTEX_POINT('',#1812);
#1812 = CARTESIAN_POINT('',(-27.99699401855,34.003356933594,
    2.996999740601));
#1813 = SURFACE_CURVE('',#1814,(#1818,#1825),.PCURVE_S1.);
#1814 = LINE('',#1815,#1816);
#1815 = CARTESIAN_POINT('',(-27.99699401855,34.003356933594,11.));
#1816 = VECTOR('',#1817,1.);
#1817 = DIRECTION('',(0.,0.,-1.));
#1818 = PCURVE('',#886,#1819);
#1819 = DEFINITIONAL_REPRESENTATION('',(#1820),#1824);
#1820 = LINE('',#1821,#1822);
#1821 = CARTESIAN_POINT('',(1.387993063195,-3.182014229982));
#1822 = VECTOR('',#1823,1.);
#1823 = DIRECTION('',(0.,1.));
#1824 = ( GEOMETRIC_REPRESENTATION_CONTEXT(2) 
PARAMETRIC_REPRESENTATION_CONTEXT() REPRESENTATION_CONTEXT('2D SPACE',''
  ) );
#1825 = PCURVE('',#1826,#1831);
#1826 = PLANE('',#1827);
#1827 = AXIS2_PLACEMENT_3D('',#1828,#1829,#1830);
#1828 = CARTESIAN_POINT('',(-27.99699401855,61.201404312294,
    5.134844520729));
#1829 = DIRECTION('',(-1.,-3.115042426006E-32,-1.44451535494E-31));
#1830 = DIRECTION('',(1.44451535494E-31,0.,-1.));
#1831 = DEFINITIONAL_REPRESENTATION('',(#1832),#1835);
#1832 = B_SPLINE_CURVE_WITH_KNOTS('',1,(#1833,#1834),.UNSPECIFIED.,.F.,
  .F.,(2,2),(0.,8.003000259399),.PIECEWISE_BEZIER_KNOTS.);
#1833 = CARTESIAN_POINT('',(-5.865155479271,27.1980473787));
#1834 = CARTESIAN_POINT('',(2.137844780128,27.1980473787));
#1835 = ( GEOMETRIC_REPRESENTATION_CONTEXT(2) 
PARAMETRIC_REPRESENTATION_CONTEXT() REPRESENTATION_CONTEXT('2D SPACE',''
  ) );
#1836 = ORIENTED_EDGE('',*,*,#1837,.T.);
#1837 = EDGE_CURVE('',#1811,#871,#1838,.T.);
#1838 = SURFACE_CURVE('',#1839,(#1843,#1850),.PCURVE_S1.);
#1839 = LINE('',#1840,#1841);
#1840 = CARTESIAN_POINT('',(-27.99699401855,34.003356933594,
    2.996999740601));
#1841 = VECTOR('',#1842,1.);
#1842 = DIRECTION('',(-0.353742907244,-0.328922372852,0.875600381574));
#1843 = PCURVE('',#886,#1844);
#1844 = DEFINITIONAL_REPRESENTATION('',(#1845),#1849);
#1845 = LINE('',#1846,#1847);
#1846 = CARTESIAN_POINT('',(1.387993063195,4.820986029417));
#1847 = VECTOR('',#1848,1.);
#1848 = DIRECTION('',(-0.483036201323,-0.875600381574));
#1849 = ( GEOMETRIC_REPRESENTATION_CONTEXT(2) 
PARAMETRIC_REPRESENTATION_CONTEXT() REPRESENTATION_CONTEXT('2D SPACE',''
  ) );
#1850 = PCURVE('',#1851,#1856);
#1851 = PLANE('',#1852);
#1852 = AXIS2_PLACEMENT_3D('',#1853,#1854,#1855);
#1853 = CARTESIAN_POINT('',(-30.2137375001,31.94215228179,6.179013970583
    ));
#1854 = DIRECTION('',(-0.680947663863,0.732332082514,0.));
#1855 = DIRECTION('',(0.732332082514,0.680947663863,0.));
#1856 = DEFINITIONAL_REPRESENTATION('',(#1857),#1860);
#1857 = B_SPLINE_CURVE_WITH_KNOTS('',1,(#1858,#1859),.UNSPECIFIED.,.F.,
  .F.,(2,2),(0.,9.140014586353),.PIECEWISE_BEZIER_KNOTS.);
#1858 = CARTESIAN_POINT('',(3.02696486263,3.182014229982));
#1859 = CARTESIAN_POINT('',(-1.387993063195,-4.820986029417));
#1860 = ( GEOMETRIC_REPRESENTATION_CONTEXT(2) 
PARAMETRIC_REPRESENTATION_CONTEXT() REPRESENTATION_CONTEXT('2D SPACE',''
  ) );
#1861 = ADVANCED_FACE('',(#1862),#1851,.T.);
#1862 = FACE_BOUND('',#1863,.T.);
#1863 = EDGE_LOOP('',(#1864,#1891,#1911));
#1864 = ORIENTED_EDGE('',*,*,#1865,.T.);
#1865 = EDGE_CURVE('',#1811,#1866,#1868,.T.);
#1866 = VERTEX_POINT('',#1867);
#1867 = CARTESIAN_POINT('',(-31.23020935058,30.997001647949,
    2.996999740601));
#1868 = SURFACE_CURVE('',#1869,(#1873,#1880),.PCURVE_S1.);
#1869 = LINE('',#1870,#1871);
#1870 = CARTESIAN_POINT('',(-27.99699401855,34.003356933594,
    2.996999740601));
#1871 = VECTOR('',#1872,1.);
#1872 = DIRECTION('',(-0.732332082514,-0.680947663863,0.));
#1873 = PCURVE('',#1851,#1874);
#1874 = DEFINITIONAL_REPRESENTATION('',(#1875),#1879);
#1875 = LINE('',#1876,#1877);
#1876 = CARTESIAN_POINT('',(3.02696486263,3.182014229982));
#1877 = VECTOR('',#1878,1.);
#1878 = DIRECTION('',(-1.,-0.));
#1879 = ( GEOMETRIC_REPRESENTATION_CONTEXT(2) 
PARAMETRIC_REPRESENTATION_CONTEXT() REPRESENTATION_CONTEXT('2D SPACE',''
  ) );
#1880 = PCURVE('',#1881,#1886);
#1881 = PLANE('',#1882);
#1882 = AXIS2_PLACEMENT_3D('',#1883,#1884,#1885);
#1883 = CARTESIAN_POINT('',(-85.23750791742,63.230887658614,
    2.996999740601));
#1884 = DIRECTION('',(-3.529080041884E-31,-6.406304570155E-31,1.));
#1885 = DIRECTION('',(0.,1.,6.406304570155E-31));
#1886 = DEFINITIONAL_REPRESENTATION('',(#1887),#1890);
#1887 = B_SPLINE_CURVE_WITH_KNOTS('',1,(#1888,#1889),.UNSPECIFIED.,.F.,
  .F.,(2,2),(0.,4.414957925825),.PIECEWISE_BEZIER_KNOTS.);
#1888 = CARTESIAN_POINT('',(-29.22753072502,-57.24051389887));
#1889 = CARTESIAN_POINT('',(-32.23388601066,-54.00729856684));
#1890 = ( GEOMETRIC_REPRESENTATION_CONTEXT(2) 
PARAMETRIC_REPRESENTATION_CONTEXT() REPRESENTATION_CONTEXT('2D SPACE',''
  ) );
#1891 = ORIENTED_EDGE('',*,*,#1892,.T.);
#1892 = EDGE_CURVE('',#1866,#871,#1893,.T.);
#1893 = SURFACE_CURVE('',#1894,(#1898,#1905),.PCURVE_S1.);
#1894 = LINE('',#1895,#1896);
#1895 = CARTESIAN_POINT('',(-31.23020935058,30.997001647949,
    2.996999740601));
#1896 = VECTOR('',#1897,1.);
#1897 = DIRECTION('',(0.,0.,1.));
#1898 = PCURVE('',#1851,#1899);
#1899 = DEFINITIONAL_REPRESENTATION('',(#1900),#1904);
#1900 = LINE('',#1901,#1902);
#1901 = CARTESIAN_POINT('',(-1.387993063195,3.182014229982));
#1902 = VECTOR('',#1903,1.);
#1903 = DIRECTION('',(0.,-1.));
#1904 = ( GEOMETRIC_REPRESENTATION_CONTEXT(2) 
PARAMETRIC_REPRESENTATION_CONTEXT() REPRESENTATION_CONTEXT('2D SPACE',''
  ) );
#1905 = PCURVE('',#1172,#1906);
#1906 = DEFINITIONAL_REPRESENTATION('',(#1907),#1910);
#1907 = B_SPLINE_CURVE_WITH_KNOTS('',1,(#1908,#1909),.UNSPECIFIED.,.F.,
  .F.,(2,2),(0.,8.003000259399),.PIECEWISE_BEZIER_KNOTS.);
#1908 = CARTESIAN_POINT('',(53.559076121443,5.930201718217));
#1909 = CARTESIAN_POINT('',(53.559076121443,-2.072798541182));
#1910 = ( GEOMETRIC_REPRESENTATION_CONTEXT(2) 
PARAMETRIC_REPRESENTATION_CONTEXT() REPRESENTATION_CONTEXT('2D SPACE',''
  ) );
#1911 = ORIENTED_EDGE('',*,*,#1837,.F.);
#1912 = ADVANCED_FACE('',(#1913),#1632,.T.);
#1913 = FACE_BOUND('',#1914,.T.);
#1914 = EDGE_LOOP('',(#1915,#1942,#1967));
#1915 = ORIENTED_EDGE('',*,*,#1916,.T.);
#1916 = EDGE_CURVE('',#314,#1917,#1919,.T.);
#1917 = VERTEX_POINT('',#1918);
#1918 = CARTESIAN_POINT('',(-145.036743164,29.89725112915,1.039028167725
    ));
#1919 = SURFACE_CURVE('',#1920,(#1924,#1931),.PCURVE_S1.);
#1920 = LINE('',#1921,#1922);
#1921 = CARTESIAN_POINT('',(-147.,31.860363006592,3.002141952515));
#1922 = VECTOR('',#1923,1.);
#1923 = DIRECTION('',(0.57737850264,-0.577335871478,-0.577336432415));
#1924 = PCURVE('',#1632,#1925);
#1925 = DEFINITIONAL_REPRESENTATION('',(#1926),#1930);
#1926 = LINE('',#1927,#1928);
#1927 = CARTESIAN_POINT('',(2.729778602714,-0.56409423191));
#1928 = VECTOR('',#1929,1.);
#1929 = DIRECTION('',(-0.816506364829,0.577336432415));
#1930 = ( GEOMETRIC_REPRESENTATION_CONTEXT(2) 
PARAMETRIC_REPRESENTATION_CONTEXT() REPRESENTATION_CONTEXT('2D SPACE',''
  ) );
#1931 = PCURVE('',#1932,#1937);
#1932 = PLANE('',#1933);
#1933 = AXIS2_PLACEMENT_3D('',#1934,#1935,#1936);
#1934 = CARTESIAN_POINT('',(-145.9988554336,30.87906456779,
    2.001070579608));
#1935 = DIRECTION('',(-0.707076621852,8.7930063802E-06,-0.70713693918));
#1936 = DIRECTION('',(-0.707136939207,0.,0.70707662188));
#1937 = DEFINITIONAL_REPRESENTATION('',(#1938),#1941);
#1938 = B_SPLINE_CURVE_WITH_KNOTS('',1,(#1939,#1940),.UNSPECIFIED.,.F.,
  .F.,(2,2),(0.,3.400294307739),.PIECEWISE_BEZIER_KNOTS.);
#1939 = CARTESIAN_POINT('',(1.415780468981,0.981298438839));
#1940 = CARTESIAN_POINT('',(-1.360582824176,-0.981813438678));
#1941 = ( GEOMETRIC_REPRESENTATION_CONTEXT(2) 
PARAMETRIC_REPRESENTATION_CONTEXT() REPRESENTATION_CONTEXT('2D SPACE',''
  ) );
#1942 = ORIENTED_EDGE('',*,*,#1943,.T.);
#1943 = EDGE_CURVE('',#1917,#1189,#1944,.T.);
#1944 = SURFACE_CURVE('',#1945,(#1949,#1956),.PCURVE_S1.);
#1945 = LINE('',#1946,#1947);
#1946 = CARTESIAN_POINT('',(-145.036743164,29.89725112915,1.039028167725
    ));
#1947 = VECTOR('',#1948,1.);
#1948 = DIRECTION('',(0.577390897848,-0.577350268237,0.577309638625));
#1949 = PCURVE('',#1632,#1950);
#1950 = DEFINITIONAL_REPRESENTATION('',(#1951),#1955);
#1951 = LINE('',#1952,#1953);
#1952 = CARTESIAN_POINT('',(-4.65833418461E-02,1.399019552882));
#1953 = VECTOR('',#1954,1.);
#1954 = DIRECTION('',(-0.816525309559,-0.577309638625));
#1955 = ( GEOMETRIC_REPRESENTATION_CONTEXT(2) 
PARAMETRIC_REPRESENTATION_CONTEXT() REPRESENTATION_CONTEXT('2D SPACE',''
  ) );
#1956 = PCURVE('',#1957,#1962);
#1957 = PLANE('',#1958);
#1958 = AXIS2_PLACEMENT_3D('',#1959,#1960,#1961);
#1959 = CARTESIAN_POINT('',(-144.0877854084,28.968141242219,
    1.968072941438));
#1960 = DIRECTION('',(9.67330483548E-06,-0.707077062036,-0.707136499022)
  );
#1961 = DIRECTION('',(0.,-0.707136499055,0.707077062069));
#1962 = DEFINITIONAL_REPRESENTATION('',(#1963),#1966);
#1963 = B_SPLINE_CURVE_WITH_KNOTS('',1,(#1964,#1965),.UNSPECIFIED.,.F.,
  .F.,(2,2),(0.,3.286135355831),.PIECEWISE_BEZIER_KNOTS.);
#1964 = CARTESIAN_POINT('',(-1.31391376181,0.948957755628));
#1965 = CARTESIAN_POINT('',(1.36911010892,-0.948426888015));
#1966 = ( GEOMETRIC_REPRESENTATION_CONTEXT(2) 
PARAMETRIC_REPRESENTATION_CONTEXT() REPRESENTATION_CONTEXT('2D SPACE',''
  ) );
#1967 = ORIENTED_EDGE('',*,*,#1618,.F.);
#1968 = ADVANCED_FACE('',(#1969),#1055,.T.);
#1969 = FACE_BOUND('',#1970,.T.);
#1970 = EDGE_LOOP('',(#1971,#1972,#1999));
#1971 = ORIENTED_EDGE('',*,*,#1032,.F.);
#1972 = ORIENTED_EDGE('',*,*,#1973,.F.);
#1973 = EDGE_CURVE('',#1974,#1033,#1976,.T.);
#1974 = VERTEX_POINT('',#1975);
#1975 = CARTESIAN_POINT('',(-146.0019989013,34.526851654053,
    2.996999740601));
#1976 = SURFACE_CURVE('',#1977,(#1981,#1987),.PCURVE_S1.);
#1977 = LINE('',#1978,#1979);
#1978 = CARTESIAN_POINT('',(-146.0019989013,34.526851654053,
    2.996999740601));
#1979 = VECTOR('',#1980,1.);
#1980 = DIRECTION('',(0.398130154547,-0.370193112441,0.839314863172));
#1981 = PCURVE('',#1055,#1982);
#1982 = DEFINITIONAL_REPRESENTATION('',(#1983),#1986);
#1983 = B_SPLINE_CURVE_WITH_KNOTS('',1,(#1984,#1985),.UNSPECIFIED.,.F.,
  .F.,(2,2),(0.,9.535158509109),.PIECEWISE_BEZIER_KNOTS.);
#1984 = CARTESIAN_POINT('',(-1.678976352984,4.914397357829));
#1985 = CARTESIAN_POINT('',(3.504770809242,-3.088602901571));
#1986 = ( GEOMETRIC_REPRESENTATION_CONTEXT(2) 
PARAMETRIC_REPRESENTATION_CONTEXT() REPRESENTATION_CONTEXT('2D SPACE',''
  ) );
#1987 = PCURVE('',#1988,#1993);
#1988 = PLANE('',#1989);
#1989 = AXIS2_PLACEMENT_3D('',#1990,#1991,#1992);
#1990 = CARTESIAN_POINT('',(-143.435336186,32.140293267767,
    6.085602642171));
#1991 = DIRECTION('',(0.680945635587,0.73233396847,0.));
#1992 = DIRECTION('',(0.73233396847,-0.680945635587,0.));
#1993 = DEFINITIONAL_REPRESENTATION('',(#1994),#1998);
#1994 = LINE('',#1995,#1996);
#1995 = CARTESIAN_POINT('',(-3.504770809242,3.088602901571));
#1996 = VECTOR('',#1997,1.);
#1997 = DIRECTION('',(0.543645620288,-0.839314863172));
#1998 = ( GEOMETRIC_REPRESENTATION_CONTEXT(2) 
PARAMETRIC_REPRESENTATION_CONTEXT() REPRESENTATION_CONTEXT('2D SPACE',''
  ) );
#1999 = ORIENTED_EDGE('',*,*,#2000,.T.);
#2000 = EDGE_CURVE('',#1974,#1035,#2001,.T.);
#2001 = SURFACE_CURVE('',#2002,(#2006,#2013),.PCURVE_S1.);
#2002 = LINE('',#2003,#2004);
#2003 = CARTESIAN_POINT('',(-146.0019989013,34.526851654053,
    2.996999740601));
#2004 = VECTOR('',#2005,1.);
#2005 = DIRECTION('',(0.,0.,1.));
#2006 = PCURVE('',#1055,#2007);
#2007 = DEFINITIONAL_REPRESENTATION('',(#2008),#2012);
#2008 = LINE('',#2009,#2010);
#2009 = CARTESIAN_POINT('',(-1.678976352984,4.914397357829));
#2010 = VECTOR('',#2011,1.);
#2011 = DIRECTION('',(0.,-1.));
#2012 = ( GEOMETRIC_REPRESENTATION_CONTEXT(2) 
PARAMETRIC_REPRESENTATION_CONTEXT() REPRESENTATION_CONTEXT('2D SPACE',''
  ) );
#2013 = PCURVE('',#2014,#2019);
#2014 = PLANE('',#2015);
#2015 = AXIS2_PLACEMENT_3D('',#2016,#2017,#2018);
#2016 = CARTESIAN_POINT('',(-146.0019989013,61.400076783741,
    5.136386788929));
#2017 = DIRECTION('',(1.,0.,0.));
#2018 = DIRECTION('',(-0.,0.,1.));
#2019 = DEFINITIONAL_REPRESENTATION('',(#2020),#2023);
#2020 = B_SPLINE_CURVE_WITH_KNOTS('',1,(#2021,#2022),.UNSPECIFIED.,.F.,
  .F.,(2,2),(0.,8.003000259399),.PIECEWISE_BEZIER_KNOTS.);
#2021 = CARTESIAN_POINT('',(-2.139387048328,26.873225129688));
#2022 = CARTESIAN_POINT('',(5.863613211071,26.873225129688));
#2023 = ( GEOMETRIC_REPRESENTATION_CONTEXT(2) 
PARAMETRIC_REPRESENTATION_CONTEXT() REPRESENTATION_CONTEXT('2D SPACE',''
  ) );
#2024 = ADVANCED_FACE('',(#2025),#1988,.T.);
#2025 = FACE_BOUND('',#2026,.T.);
#2026 = EDGE_LOOP('',(#2027,#2028,#2055));
#2027 = ORIENTED_EDGE('',*,*,#1973,.T.);
#2028 = ORIENTED_EDGE('',*,*,#2029,.T.);
#2029 = EDGE_CURVE('',#1033,#2030,#2032,.T.);
#2030 = VERTEX_POINT('',#2031);
#2031 = CARTESIAN_POINT('',(-142.2057647705,30.997001647949,
    2.996999740601));
#2032 = SURFACE_CURVE('',#2033,(#2037,#2044),.PCURVE_S1.);
#2033 = LINE('',#2034,#2035);
#2034 = CARTESIAN_POINT('',(-142.2057647705,30.997001647949,11.));
#2035 = VECTOR('',#2036,1.);
#2036 = DIRECTION('',(0.,0.,-1.));
#2037 = PCURVE('',#1988,#2038);
#2038 = DEFINITIONAL_REPRESENTATION('',(#2039),#2043);
#2039 = LINE('',#2040,#2041);
#2040 = CARTESIAN_POINT('',(1.678976352984,-4.914397357829));
#2041 = VECTOR('',#2042,1.);
#2042 = DIRECTION('',(0.,1.));
#2043 = ( GEOMETRIC_REPRESENTATION_CONTEXT(2) 
PARAMETRIC_REPRESENTATION_CONTEXT() REPRESENTATION_CONTEXT('2D SPACE',''
  ) );
#2044 = PCURVE('',#2045,#2050);
#2045 = PLANE('',#2046);
#2046 = AXIS2_PLACEMENT_3D('',#2047,#2048,#2049);
#2047 = CARTESIAN_POINT('',(-88.64668864906,30.997001647949,
    5.069798281783));
#2048 = DIRECTION('',(7.319574084312E-32,1.,5.990471939378E-31));
#2049 = DIRECTION('',(0.,-5.990471939378E-31,1.));
#2050 = DEFINITIONAL_REPRESENTATION('',(#2051),#2054);
#2051 = B_SPLINE_CURVE_WITH_KNOTS('',1,(#2052,#2053),.UNSPECIFIED.,.F.,
  .F.,(2,2),(0.,8.003000259399),.PIECEWISE_BEZIER_KNOTS.);
#2052 = CARTESIAN_POINT('',(5.930201718217,-53.55907612144));
#2053 = CARTESIAN_POINT('',(-2.072798541182,-53.55907612144));
#2054 = ( GEOMETRIC_REPRESENTATION_CONTEXT(2) 
PARAMETRIC_REPRESENTATION_CONTEXT() REPRESENTATION_CONTEXT('2D SPACE',''
  ) );
#2055 = ORIENTED_EDGE('',*,*,#2056,.T.);
#2056 = EDGE_CURVE('',#2030,#1974,#2057,.T.);
#2057 = SURFACE_CURVE('',#2058,(#2062,#2069),.PCURVE_S1.);
#2058 = LINE('',#2059,#2060);
#2059 = CARTESIAN_POINT('',(-142.2057647705,30.997001647949,
    2.996999740601));
#2060 = VECTOR('',#2061,1.);
#2061 = DIRECTION('',(-0.73233396847,0.680945635587,0.));
#2062 = PCURVE('',#1988,#2063);
#2063 = DEFINITIONAL_REPRESENTATION('',(#2064),#2068);
#2064 = LINE('',#2065,#2066);
#2065 = CARTESIAN_POINT('',(1.678976352984,3.088602901571));
#2066 = VECTOR('',#2067,1.);
#2067 = DIRECTION('',(-1.,0.));
#2068 = ( GEOMETRIC_REPRESENTATION_CONTEXT(2) 
PARAMETRIC_REPRESENTATION_CONTEXT() REPRESENTATION_CONTEXT('2D SPACE',''
  ) );
#2069 = PCURVE('',#2070,#2075);
#2070 = PLANE('',#2071);
#2071 = AXIS2_PLACEMENT_3D('',#2072,#2073,#2074);
#2072 = CARTESIAN_POINT('',(-143.4381335271,62.615749575449,
    2.996999740601));
#2073 = DIRECTION('',(-3.210770760269E-30,6.081586280009E-32,1.));
#2074 = DIRECTION('',(1.,0.,3.210770760269E-30));
#2075 = DEFINITIONAL_REPRESENTATION('',(#2076),#2079);
#2076 = B_SPLINE_CURVE_WITH_KNOTS('',1,(#2077,#2078),.UNSPECIFIED.,.F.,
  .F.,(2,2),(0.,5.183747162226),.PIECEWISE_BEZIER_KNOTS.);
#2077 = CARTESIAN_POINT('',(1.232368756639,-31.61874792749));
#2078 = CARTESIAN_POINT('',(-2.563865374221,-28.08889792139));
#2079 = ( GEOMETRIC_REPRESENTATION_CONTEXT(2) 
PARAMETRIC_REPRESENTATION_CONTEXT() REPRESENTATION_CONTEXT('2D SPACE',''
  ) );
#2080 = ADVANCED_FACE('',(#2081),#1663,.T.);
#2081 = FACE_BOUND('',#2082,.T.);
#2082 = EDGE_LOOP('',(#2083,#2110,#2111));
#2083 = ORIENTED_EDGE('',*,*,#2084,.T.);
#2084 = EDGE_CURVE('',#2085,#1648,#2087,.T.);
#2085 = VERTEX_POINT('',#2086);
#2086 = CARTESIAN_POINT('',(-29.00228881835,29.936283111572,1.));
#2087 = SURFACE_CURVE('',#2088,(#2092,#2099),.PCURVE_S1.);
#2088 = LINE('',#2089,#2090);
#2089 = CARTESIAN_POINT('',(-29.00228881835,29.936283111572,1.));
#2090 = VECTOR('',#2091,1.);
#2091 = DIRECTION('',(0.,1.,0.));
#2092 = PCURVE('',#1663,#2093);
#2093 = DEFINITIONAL_REPRESENTATION('',(#2094),#2098);
#2094 = LINE('',#2095,#2096);
#2095 = CARTESIAN_POINT('',(0.717647302596,-32.63795622446));
#2096 = VECTOR('',#2097,1.);
#2097 = DIRECTION('',(-3.851859888774E-34,1.));
#2098 = ( GEOMETRIC_REPRESENTATION_CONTEXT(2) 
PARAMETRIC_REPRESENTATION_CONTEXT() REPRESENTATION_CONTEXT('2D SPACE',''
  ) );
#2099 = PCURVE('',#2100,#2105);
#2100 = PLANE('',#2101);
#2101 = AXIS2_PLACEMENT_3D('',#2102,#2103,#2104);
#2102 = CARTESIAN_POINT('',(-70.12955750727,54.343542761396,1.));
#2103 = DIRECTION('',(-0.,-0.,-1.));
#2104 = DIRECTION('',(-1.,0.,0.));
#2105 = DEFINITIONAL_REPRESENTATION('',(#2106),#2109);
#2106 = B_SPLINE_CURVE_WITH_KNOTS('',1,(#2107,#2108),.UNSPECIFIED.,.F.,
  .F.,(2,2),(0.,66.138431549072),.PIECEWISE_BEZIER_KNOTS.);
#2107 = CARTESIAN_POINT('',(-41.12726868891,-24.40725964982));
#2108 = CARTESIAN_POINT('',(-41.12726868891,41.731171899249));
#2109 = ( GEOMETRIC_REPRESENTATION_CONTEXT(2) 
PARAMETRIC_REPRESENTATION_CONTEXT() REPRESENTATION_CONTEXT('2D SPACE',''
  ) );
#2110 = ORIENTED_EDGE('',*,*,#1647,.F.);
#2111 = ORIENTED_EDGE('',*,*,#2112,.T.);
#2112 = EDGE_CURVE('',#508,#2085,#2113,.T.);
#2113 = SURFACE_CURVE('',#2114,(#2118,#2125),.PCURVE_S1.);
#2114 = LINE('',#2115,#2116);
#2115 = CARTESIAN_POINT('',(-27.,31.286334991455,3.002141952515));
#2116 = VECTOR('',#2117,1.);
#2117 = DIRECTION('',(-0.638294264441,-0.430372663387,-0.638247446207));
#2118 = PCURVE('',#1663,#2119);
#2119 = DEFINITIONAL_REPRESENTATION('',(#2120),#2124);
#2120 = LINE('',#2121,#2122);
#2121 = CARTESIAN_POINT('',(-2.113912852185,-31.28790434457));
#2122 = VECTOR('',#2123,1.);
#2123 = DIRECTION('',(0.902651300674,-0.430372663387));
#2124 = ( GEOMETRIC_REPRESENTATION_CONTEXT(2) 
PARAMETRIC_REPRESENTATION_CONTEXT() REPRESENTATION_CONTEXT('2D SPACE',''
  ) );
#2125 = PCURVE('',#1570,#2126);
#2126 = DEFINITIONAL_REPRESENTATION('',(#2127),#2130);
#2127 = B_SPLINE_CURVE_WITH_KNOTS('',1,(#2128,#2129),.UNSPECIFIED.,.F.,
  .F.,(2,2),(0.,3.136936879907),.PIECEWISE_BEZIER_KNOTS.);
#2128 = CARTESIAN_POINT('',(-1.415782001755,0.818342292416));
#2129 = CARTESIAN_POINT('',(1.415778153003,-0.531709587516));
#2130 = ( GEOMETRIC_REPRESENTATION_CONTEXT(2) 
PARAMETRIC_REPRESENTATION_CONTEXT() REPRESENTATION_CONTEXT('2D SPACE',''
  ) );
#2131 = ADVANCED_FACE('',(#2132),#1545,.T.);
#2132 = FACE_BOUND('',#2133,.T.);
#2133 = EDGE_LOOP('',(#2134,#2154,#2155));
#2134 = ORIENTED_EDGE('',*,*,#2135,.T.);
#2135 = EDGE_CURVE('',#2085,#1530,#2136,.T.);
#2136 = SURFACE_CURVE('',#2137,(#2141,#2148),.PCURVE_S1.);
#2137 = LINE('',#2138,#2139);
#2138 = CARTESIAN_POINT('',(-29.00228881835,29.936283111572,1.));
#2139 = VECTOR('',#2140,1.);
#2140 = DIRECTION('',(0.577372784714,-0.577359275125,0.57731874636));
#2141 = PCURVE('',#1545,#2142);
#2142 = DEFINITIONAL_REPRESENTATION('',(#2143),#2147);
#2143 = LINE('',#2144,#2145);
#2144 = CARTESIAN_POINT('',(-1.369111903346,-0.499554438257));
#2145 = VECTOR('',#2146,1.);
#2146 = DIRECTION('',(0.816480659582,-0.577372784714));
#2147 = ( GEOMETRIC_REPRESENTATION_CONTEXT(2) 
PARAMETRIC_REPRESENTATION_CONTEXT() REPRESENTATION_CONTEXT('2D SPACE',''
  ) );
#2148 = PCURVE('',#1570,#2149);
#2149 = DEFINITIONAL_REPRESENTATION('',(#2150),#2153);
#2150 = B_SPLINE_CURVE_WITH_KNOTS('',1,(#2151,#2152),.UNSPECIFIED.,.F.,
  .F.,(2,2),(0.,0.564739232796),.PIECEWISE_BEZIER_KNOTS.);
#2151 = CARTESIAN_POINT('',(1.415778153003,-0.531709587516));
#2152 = CARTESIAN_POINT('',(0.954674096708,-0.85776702161));
#2153 = ( GEOMETRIC_REPRESENTATION_CONTEXT(2) 
PARAMETRIC_REPRESENTATION_CONTEXT() REPRESENTATION_CONTEXT('2D SPACE',''
  ) );
#2154 = ORIENTED_EDGE('',*,*,#1529,.F.);
#2155 = ORIENTED_EDGE('',*,*,#2156,.T.);
#2156 = EDGE_CURVE('',#1301,#2085,#2157,.T.);
#2157 = SURFACE_CURVE('',#2158,(#2162,#2169),.PCURVE_S1.);
#2158 = LINE('',#2159,#2160);
#2159 = CARTESIAN_POINT('',(-30.28656005859,28.,2.936145782471));
#2160 = VECTOR('',#2161,1.);
#2161 = DIRECTION('',(0.424631826302,0.640213226105,-0.64016781957));
#2162 = PCURVE('',#1545,#2163);
#2163 = DEFINITIONAL_REPRESENTATION('',(#2164),#2168);
#2164 = LINE('',#2165,#2166);
#2165 = CARTESIAN_POINT('',(1.369108829017,0.784716801977));
#2166 = VECTOR('',#2167,1.);
#2167 = DIRECTION('',(-0.905366120468,-0.424631826302));
#2168 = ( GEOMETRIC_REPRESENTATION_CONTEXT(2) 
PARAMETRIC_REPRESENTATION_CONTEXT() REPRESENTATION_CONTEXT('2D SPACE',''
  ) );
#2169 = PCURVE('',#1316,#2170);
#2170 = DEFINITIONAL_REPRESENTATION('',(#2171),#2174);
#2171 = B_SPLINE_CURVE_WITH_KNOTS('',1,(#2172,#2173),.UNSPECIFIED.,.F.,
  .F.,(2,2),(0.,3.024434723652),.PIECEWISE_BEZIER_KNOTS.);
#2172 = CARTESIAN_POINT('',(0.697474398234,-55.35743301542));
#2173 = CARTESIAN_POINT('',(-2.040746334128,-56.64170425566));
#2174 = ( GEOMETRIC_REPRESENTATION_CONTEXT(2) 
PARAMETRIC_REPRESENTATION_CONTEXT() REPRESENTATION_CONTEXT('2D SPACE',''
  ) );
#2175 = ADVANCED_FACE('',(#2176),#1826,.T.);
#2176 = FACE_BOUND('',#2177,.T.);
#2177 = EDGE_LOOP('',(#2178,#2179,#2201));
#2178 = ORIENTED_EDGE('',*,*,#1810,.F.);
#2179 = ORIENTED_EDGE('',*,*,#2180,.T.);
#2180 = EDGE_CURVE('',#814,#2181,#2183,.T.);
#2181 = VERTEX_POINT('',#2182);
#2182 = CARTESIAN_POINT('',(-27.99699401855,92.126762390137,
    2.996999740601));
#2183 = SURFACE_CURVE('',#2184,(#2188,#2195),.PCURVE_S1.);
#2184 = LINE('',#2185,#2186);
#2185 = CARTESIAN_POINT('',(-27.99699401855,34.003356933594,11.));
#2186 = VECTOR('',#2187,1.);
#2187 = DIRECTION('',(0.,0.990653448374,-0.136402878359));
#2188 = PCURVE('',#1826,#2189);
#2189 = DEFINITIONAL_REPRESENTATION('',(#2190),#2194);
#2190 = LINE('',#2191,#2192);
#2191 = CARTESIAN_POINT('',(-5.865155479271,27.1980473787));
#2192 = VECTOR('',#2193,1.);
#2193 = DIRECTION('',(0.136402878359,-0.990653448374));
#2194 = ( GEOMETRIC_REPRESENTATION_CONTEXT(2) 
PARAMETRIC_REPRESENTATION_CONTEXT() REPRESENTATION_CONTEXT('2D SPACE',''
  ) );
#2195 = PCURVE('',#829,#2196);
#2196 = DEFINITIONAL_REPRESENTATION('',(#2197),#2200);
#2197 = B_SPLINE_CURVE_WITH_KNOTS('',1,(#2198,#2199),.UNSPECIFIED.,.F.,
  .F.,(2,2),(0.,58.671784317657),.PIECEWISE_BEZIER_KNOTS.);
#2198 = CARTESIAN_POINT('',(-2.137844649434,30.925359985192));
#2199 = CARTESIAN_POINT('',(5.865155609966,-27.19804547135));
#2200 = ( GEOMETRIC_REPRESENTATION_CONTEXT(2) 
PARAMETRIC_REPRESENTATION_CONTEXT() REPRESENTATION_CONTEXT('2D SPACE',''
  ) );
#2201 = ORIENTED_EDGE('',*,*,#2202,.F.);
#2202 = EDGE_CURVE('',#1811,#2181,#2203,.T.);
#2203 = SURFACE_CURVE('',#2204,(#2208,#2214),.PCURVE_S1.);
#2204 = LINE('',#2205,#2206);
#2205 = CARTESIAN_POINT('',(-27.99699401855,34.003356933594,
    2.996999740601));
#2206 = VECTOR('',#2207,1.);
#2207 = DIRECTION('',(0.,1.,0.));
#2208 = PCURVE('',#1826,#2209);
#2209 = DEFINITIONAL_REPRESENTATION('',(#2210),#2213);
#2210 = B_SPLINE_CURVE_WITH_KNOTS('',1,(#2211,#2212),.UNSPECIFIED.,.F.,
  .F.,(2,2),(0.,58.123405456543),.PIECEWISE_BEZIER_KNOTS.);
#2211 = CARTESIAN_POINT('',(2.137844780128,27.1980473787));
#2212 = CARTESIAN_POINT('',(2.137844780128,-30.92535807784));
#2213 = ( GEOMETRIC_REPRESENTATION_CONTEXT(2) 
PARAMETRIC_REPRESENTATION_CONTEXT() REPRESENTATION_CONTEXT('2D SPACE',''
  ) );
#2214 = PCURVE('',#2215,#2220);
#2215 = PLANE('',#2216);
#2216 = AXIS2_PLACEMENT_3D('',#2217,#2218,#2219);
#2217 = CARTESIAN_POINT('',(-28.81535567474,64.820533465823,
    2.996999740601));
#2218 = DIRECTION('',(0.,0.,1.));
#2219 = DIRECTION('',(1.,0.,-0.));
#2220 = DEFINITIONAL_REPRESENTATION('',(#2221),#2225);
#2221 = LINE('',#2222,#2223);
#2222 = CARTESIAN_POINT('',(0.81836165619,-30.81717653223));
#2223 = VECTOR('',#2224,1.);
#2224 = DIRECTION('',(0.,1.));
#2225 = ( GEOMETRIC_REPRESENTATION_CONTEXT(2) 
PARAMETRIC_REPRESENTATION_CONTEXT() REPRESENTATION_CONTEXT('2D SPACE',''
  ) );
#2226 = ADVANCED_FACE('',(#2227),#2239,.T.);
#2227 = FACE_BOUND('',#2228,.T.);
#2228 = EDGE_LOOP('',(#2229,#2261,#2281));
#2229 = ORIENTED_EDGE('',*,*,#2230,.T.);
#2230 = EDGE_CURVE('',#2231,#201,#2233,.T.);
#2231 = VERTEX_POINT('',#2232);
#2232 = CARTESIAN_POINT('',(-31.09051513671,95.002998352051,
    2.996999740601));
#2233 = SURFACE_CURVE('',#2234,(#2238,#2250),.PCURVE_S1.);
#2234 = LINE('',#2235,#2236);
#2235 = CARTESIAN_POINT('',(-31.09051513671,95.002998352051,
    2.996999740601));
#2236 = VECTOR('',#2237,1.);
#2237 = DIRECTION('',(-1.,0.,0.));
#2238 = PCURVE('',#2239,#2244);
#2239 = PLANE('',#2240);
#2240 = AXIS2_PLACEMENT_3D('',#2241,#2242,#2243);
#2241 = CARTESIAN_POINT('',(-74.68791240602,75.754649982872,
    2.996999740601));
#2242 = DIRECTION('',(1.372355614565E-33,-5.724998774538E-34,1.));
#2243 = DIRECTION('',(1.,0.,-1.372355614565E-33));
#2244 = DEFINITIONAL_REPRESENTATION('',(#2245),#2249);
#2245 = LINE('',#2246,#2247);
#2246 = CARTESIAN_POINT('',(43.597397269304,19.248348369179));
#2247 = VECTOR('',#2248,1.);
#2248 = DIRECTION('',(-1.,-7.856734211618E-67));
#2249 = ( GEOMETRIC_REPRESENTATION_CONTEXT(2) 
PARAMETRIC_REPRESENTATION_CONTEXT() REPRESENTATION_CONTEXT('2D SPACE',''
  ) );
#2250 = PCURVE('',#2251,#2256);
#2251 = PLANE('',#2252);
#2252 = AXIS2_PLACEMENT_3D('',#2253,#2254,#2255);
#2253 = CARTESIAN_POINT('',(-85.00084608053,95.002998352051,
    5.069345645663));
#2254 = DIRECTION('',(1.321146897195E-32,-1.,-3.682824305679E-31));
#2255 = DIRECTION('',(0.,3.682824305679E-31,-1.));
#2256 = DEFINITIONAL_REPRESENTATION('',(#2257),#2260);
#2257 = B_SPLINE_CURVE_WITH_KNOTS('',1,(#2258,#2259),.UNSPECIFIED.,.F.,
  .F.,(2,2),(0.,111.67897033691),.PIECEWISE_BEZIER_KNOTS.);
#2258 = CARTESIAN_POINT('',(2.072345905062,53.91033094382));
#2259 = CARTESIAN_POINT('',(2.072345905062,-57.76863939309));
#2260 = ( GEOMETRIC_REPRESENTATION_CONTEXT(2) 
PARAMETRIC_REPRESENTATION_CONTEXT() REPRESENTATION_CONTEXT('2D SPACE',''
  ) );
#2261 = ORIENTED_EDGE('',*,*,#2262,.T.);
#2262 = EDGE_CURVE('',#201,#1811,#2263,.T.);
#2263 = SURFACE_CURVE('',#2264,(#2268,#2275),.PCURVE_S1.);
#2264 = LINE('',#2265,#2266);
#2265 = CARTESIAN_POINT('',(-142.7694854736,95.002998352051,
    2.996999740601));
#2266 = VECTOR('',#2267,1.);
#2267 = DIRECTION('',(0.883030417954,-0.469315758279,0.));
#2268 = PCURVE('',#2239,#2269);
#2269 = DEFINITIONAL_REPRESENTATION('',(#2270),#2274);
#2270 = LINE('',#2271,#2272);
#2271 = CARTESIAN_POINT('',(-68.08157306761,19.248348369179));
#2272 = VECTOR('',#2273,1.);
#2273 = DIRECTION('',(0.883030417954,-0.469315758279));
#2274 = ( GEOMETRIC_REPRESENTATION_CONTEXT(2) 
PARAMETRIC_REPRESENTATION_CONTEXT() REPRESENTATION_CONTEXT('2D SPACE',''
  ) );
#2275 = PCURVE('',#1881,#2276);
#2276 = DEFINITIONAL_REPRESENTATION('',(#2277),#2280);
#2277 = B_SPLINE_CURVE_WITH_KNOTS('',1,(#2278,#2279),.UNSPECIFIED.,.F.,
  .F.,(2,2),(0.,129.97569406618),.PIECEWISE_BEZIER_KNOTS.);
#2278 = CARTESIAN_POINT('',(31.772110693436,57.531977556205));
#2279 = CARTESIAN_POINT('',(-29.22753072502,-57.24051389887));
#2280 = ( GEOMETRIC_REPRESENTATION_CONTEXT(2) 
PARAMETRIC_REPRESENTATION_CONTEXT() REPRESENTATION_CONTEXT('2D SPACE',''
  ) );
#2281 = ORIENTED_EDGE('',*,*,#2282,.T.);
#2282 = EDGE_CURVE('',#1811,#2231,#2283,.T.);
#2283 = SURFACE_CURVE('',#2284,(#2288,#2295),.PCURVE_S1.);
#2284 = LINE('',#2285,#2286);
#2285 = CARTESIAN_POINT('',(-27.99699401855,34.003356933594,
    2.996999740601));
#2286 = VECTOR('',#2287,1.);
#2287 = DIRECTION('',(-5.064866960644E-02,0.998716532489,0.));
#2288 = PCURVE('',#2239,#2289);
#2289 = DEFINITIONAL_REPRESENTATION('',(#2290),#2294);
#2290 = LINE('',#2291,#2292);
#2291 = CARTESIAN_POINT('',(46.690918387468,-41.75129304927));
#2292 = VECTOR('',#2293,1.);
#2293 = DIRECTION('',(-5.064866960644E-02,0.998716532489));
#2294 = ( GEOMETRIC_REPRESENTATION_CONTEXT(2) 
PARAMETRIC_REPRESENTATION_CONTEXT() REPRESENTATION_CONTEXT('2D SPACE',''
  ) );
#2295 = PCURVE('',#2215,#2296);
#2296 = DEFINITIONAL_REPRESENTATION('',(#2297),#2300);
#2297 = B_SPLINE_CURVE_WITH_KNOTS('',1,(#2298,#2299),.UNSPECIFIED.,.F.,
  .F.,(2,2),(0.,61.078033089556),.PIECEWISE_BEZIER_KNOTS.);
#2298 = CARTESIAN_POINT('',(0.81836165619,-30.81717653223));
#2299 = CARTESIAN_POINT('',(-2.275159461974,30.182464886228));
#2300 = ( GEOMETRIC_REPRESENTATION_CONTEXT(2) 
PARAMETRIC_REPRESENTATION_CONTEXT() REPRESENTATION_CONTEXT('2D SPACE',''
  ) );
#2301 = ADVANCED_FACE('',(#2302),#2215,.T.);
#2302 = FACE_BOUND('',#2303,.T.);
#2303 = EDGE_LOOP('',(#2304,#2305,#2330));
#2304 = ORIENTED_EDGE('',*,*,#2202,.T.);
#2305 = ORIENTED_EDGE('',*,*,#2306,.T.);
#2306 = EDGE_CURVE('',#2181,#2231,#2307,.T.);
#2307 = SURFACE_CURVE('',#2308,(#2312,#2319),.PCURVE_S1.);
#2308 = LINE('',#2309,#2310);
#2309 = CARTESIAN_POINT('',(-27.99699401855,92.126762390137,
    2.996999740601));
#2310 = VECTOR('',#2311,1.);
#2311 = DIRECTION('',(-0.732358859559,0.680918865083,0.));
#2312 = PCURVE('',#2215,#2313);
#2313 = DEFINITIONAL_REPRESENTATION('',(#2314),#2318);
#2314 = LINE('',#2315,#2316);
#2315 = CARTESIAN_POINT('',(0.81836165619,27.306228924313));
#2316 = VECTOR('',#2317,1.);
#2317 = DIRECTION('',(-0.732358859559,0.680918865083));
#2318 = ( GEOMETRIC_REPRESENTATION_CONTEXT(2) 
PARAMETRIC_REPRESENTATION_CONTEXT() REPRESENTATION_CONTEXT('2D SPACE',''
  ) );
#2319 = PCURVE('',#2320,#2325);
#2320 = PLANE('',#2321);
#2321 = AXIS2_PLACEMENT_3D('',#2322,#2323,#2324);
#2322 = CARTESIAN_POINT('',(-30.12556015551,94.105820633666,
    6.204072971133));
#2323 = DIRECTION('',(-0.680918865083,-0.732358859559,
    -7.049006511228E-17));
#2324 = DIRECTION('',(-0.732358859559,0.680918865083,0.));
#2325 = DEFINITIONAL_REPRESENTATION('',(#2326),#2329);
#2326 = B_SPLINE_CURVE_WITH_KNOTS('',1,(#2327,#2328),.UNSPECIFIED.,.F.,
  .F.,(2,2),(0.,4.224050925017),.PIECEWISE_BEZIER_KNOTS.);
#2327 = CARTESIAN_POINT('',(-2.906452361676,3.207073230532));
#2328 = CARTESIAN_POINT('',(1.317598563341,3.207073230532));
#2329 = ( GEOMETRIC_REPRESENTATION_CONTEXT(2) 
PARAMETRIC_REPRESENTATION_CONTEXT() REPRESENTATION_CONTEXT('2D SPACE',''
  ) );
#2330 = ORIENTED_EDGE('',*,*,#2282,.F.);
#2331 = ADVANCED_FACE('',(#2332),#829,.T.);
#2332 = FACE_BOUND('',#2333,.T.);
#2333 = EDGE_LOOP('',(#2334,#2335,#2355));
#2334 = ORIENTED_EDGE('',*,*,#813,.F.);
#2335 = ORIENTED_EDGE('',*,*,#2336,.T.);
#2336 = EDGE_CURVE('',#652,#2181,#2337,.T.);
#2337 = SURFACE_CURVE('',#2338,(#2342,#2349),.PCURVE_S1.);
#2338 = LINE('',#2339,#2340);
#2339 = CARTESIAN_POINT('',(-27.99699401855,92.126770019531,11.));
#2340 = VECTOR('',#2341,1.);
#2341 = DIRECTION('',(0.,-9.533167916977E-07,-1.));
#2342 = PCURVE('',#829,#2343);
#2343 = DEFINITIONAL_REPRESENTATION('',(#2344),#2348);
#2344 = LINE('',#2345,#2346);
#2345 = CARTESIAN_POINT('',(-2.137844649434,-27.19805310074));
#2346 = VECTOR('',#2347,1.);
#2347 = DIRECTION('',(1.,9.533167916977E-07));
#2348 = ( GEOMETRIC_REPRESENTATION_CONTEXT(2) 
PARAMETRIC_REPRESENTATION_CONTEXT() REPRESENTATION_CONTEXT('2D SPACE',''
  ) );
#2349 = PCURVE('',#797,#2350);
#2350 = DEFINITIONAL_REPRESENTATION('',(#2351),#2354);
#2351 = B_SPLINE_CURVE_WITH_KNOTS('',1,(#2352,#2353),.UNSPECIFIED.,.F.,
  .F.,(2,2),(0.,8.003000259403),.PIECEWISE_BEZIER_KNOTS.);
#2352 = CARTESIAN_POINT('',(-1.317594667096,-3.207074013595));
#2353 = CARTESIAN_POINT('',(-1.317599862087,4.795926245806));
#2354 = ( GEOMETRIC_REPRESENTATION_CONTEXT(2) 
PARAMETRIC_REPRESENTATION_CONTEXT() REPRESENTATION_CONTEXT('2D SPACE',''
  ) );
#2355 = ORIENTED_EDGE('',*,*,#2180,.F.);
#2356 = ADVANCED_FACE('',(#2357),#1570,.T.);
#2357 = FACE_BOUND('',#2358,.T.);
#2358 = EDGE_LOOP('',(#2359,#2360,#2361));
#2359 = ORIENTED_EDGE('',*,*,#1556,.F.);
#2360 = ORIENTED_EDGE('',*,*,#2135,.F.);
#2361 = ORIENTED_EDGE('',*,*,#2112,.F.);
#2362 = ADVANCED_FACE('',(#2363),#1172,.T.);
#2363 = FACE_BOUND('',#2364,.T.);
#2364 = EDGE_LOOP('',(#2365,#2366,#2367));
#2365 = ORIENTED_EDGE('',*,*,#1158,.F.);
#2366 = ORIENTED_EDGE('',*,*,#1892,.F.);
#2367 = ORIENTED_EDGE('',*,*,#2368,.T.);
#2368 = EDGE_CURVE('',#1866,#1033,#2369,.T.);
#2369 = SURFACE_CURVE('',#2370,(#2374,#2381),.PCURVE_S1.);
#2370 = LINE('',#2371,#2372);
#2371 = CARTESIAN_POINT('',(-31.23020935058,30.997001647949,
    2.996999740601));
#2372 = VECTOR('',#2373,1.);
#2373 = DIRECTION('',(-0.997409813106,0.,7.192819141844E-02));
#2374 = PCURVE('',#1172,#2375);
#2375 = DEFINITIONAL_REPRESENTATION('',(#2376),#2380);
#2376 = LINE('',#2377,#2378);
#2377 = CARTESIAN_POINT('',(53.559076121443,5.930201718217));
#2378 = VECTOR('',#2379,1.);
#2379 = DIRECTION('',(-0.997409813106,-7.192819141844E-02));
#2380 = ( GEOMETRIC_REPRESENTATION_CONTEXT(2) 
PARAMETRIC_REPRESENTATION_CONTEXT() REPRESENTATION_CONTEXT('2D SPACE',''
  ) );
#2381 = PCURVE('',#2045,#2382);
#2382 = DEFINITIONAL_REPRESENTATION('',(#2383),#2386);
#2383 = B_SPLINE_CURVE_WITH_KNOTS('',1,(#2384,#2385),.UNSPECIFIED.,.F.,
  .F.,(2,2),(0.,111.26374932525),.PIECEWISE_BEZIER_KNOTS.);
#2384 = CARTESIAN_POINT('',(-2.072798541182,57.416479298479));
#2385 = CARTESIAN_POINT('',(5.930201718217,-53.55907612144));
#2386 = ( GEOMETRIC_REPRESENTATION_CONTEXT(2) 
PARAMETRIC_REPRESENTATION_CONTEXT() REPRESENTATION_CONTEXT('2D SPACE',''
  ) );
#2387 = ADVANCED_FACE('',(#2388),#2251,.T.);
#2388 = FACE_BOUND('',#2389,.T.);
#2389 = EDGE_LOOP('',(#2390,#2391,#2411));
#2390 = ORIENTED_EDGE('',*,*,#2230,.F.);
#2391 = ORIENTED_EDGE('',*,*,#2392,.T.);
#2392 = EDGE_CURVE('',#2231,#734,#2393,.T.);
#2393 = SURFACE_CURVE('',#2394,(#2398,#2405),.PCURVE_S1.);
#2394 = LINE('',#2395,#2396);
#2395 = CARTESIAN_POINT('',(-31.09051513671,95.002998352051,
    2.996999740601));
#2396 = VECTOR('',#2397,1.);
#2397 = DIRECTION('',(0.,0.,1.));
#2398 = PCURVE('',#2251,#2399);
#2399 = DEFINITIONAL_REPRESENTATION('',(#2400),#2404);
#2400 = LINE('',#2401,#2402);
#2401 = CARTESIAN_POINT('',(2.072345905062,53.91033094382));
#2402 = VECTOR('',#2403,1.);
#2403 = DIRECTION('',(-1.,4.865551904363E-63));
#2404 = ( GEOMETRIC_REPRESENTATION_CONTEXT(2) 
PARAMETRIC_REPRESENTATION_CONTEXT() REPRESENTATION_CONTEXT('2D SPACE',''
  ) );
#2405 = PCURVE('',#2320,#2406);
#2406 = DEFINITIONAL_REPRESENTATION('',(#2407),#2410);
#2407 = B_SPLINE_CURVE_WITH_KNOTS('',1,(#2408,#2409),.UNSPECIFIED.,.F.,
  .F.,(2,2),(0.,8.003000259399),.PIECEWISE_BEZIER_KNOTS.);
#2408 = CARTESIAN_POINT('',(1.317598563341,3.207073230532));
#2409 = CARTESIAN_POINT('',(1.317598563341,-4.795927028867));
#2410 = ( GEOMETRIC_REPRESENTATION_CONTEXT(2) 
PARAMETRIC_REPRESENTATION_CONTEXT() REPRESENTATION_CONTEXT('2D SPACE',''
  ) );
#2411 = ORIENTED_EDGE('',*,*,#2412,.T.);
#2412 = EDGE_CURVE('',#734,#201,#2413,.T.);
#2413 = SURFACE_CURVE('',#2414,(#2418,#2425),.PCURVE_S1.);
#2414 = LINE('',#2415,#2416);
#2415 = CARTESIAN_POINT('',(-31.09051513671,95.002998352051,11.));
#2416 = VECTOR('',#2417,1.);
#2417 = DIRECTION('',(-0.997442214476,0.,-7.147747044146E-02));
#2418 = PCURVE('',#2251,#2419);
#2419 = DEFINITIONAL_REPRESENTATION('',(#2420),#2424);
#2420 = LINE('',#2421,#2422);
#2421 = CARTESIAN_POINT('',(-5.930654354337,53.91033094382));
#2422 = VECTOR('',#2423,1.);
#2423 = DIRECTION('',(7.147747044146E-02,-0.997442214476));
#2424 = ( GEOMETRIC_REPRESENTATION_CONTEXT(2) 
PARAMETRIC_REPRESENTATION_CONTEXT() REPRESENTATION_CONTEXT('2D SPACE',''
  ) );
#2425 = PCURVE('',#241,#2426);
#2426 = DEFINITIONAL_REPRESENTATION('',(#2427),#2430);
#2427 = B_SPLINE_CURVE_WITH_KNOTS('',1,(#2428,#2429),.UNSPECIFIED.,.F.,
  .F.,(2,2),(0.,111.96535369776),.PIECEWISE_BEZIER_KNOTS.);
#2428 = CARTESIAN_POINT('',(-2.072345905062,57.768639393095));
#2429 = CARTESIAN_POINT('',(5.930654354337,-53.91033094382));
#2430 = ( GEOMETRIC_REPRESENTATION_CONTEXT(2) 
PARAMETRIC_REPRESENTATION_CONTEXT() REPRESENTATION_CONTEXT('2D SPACE',''
  ) );
#2431 = ADVANCED_FACE('',(#2432),#1881,.T.);
#2432 = FACE_BOUND('',#2433,.T.);
#2433 = EDGE_LOOP('',(#2434,#2459,#2460));
#2434 = ORIENTED_EDGE('',*,*,#2435,.T.);
#2435 = EDGE_CURVE('',#201,#1866,#2436,.T.);
#2436 = SURFACE_CURVE('',#2437,(#2441,#2448),.PCURVE_S1.);
#2437 = LINE('',#2438,#2439);
#2438 = CARTESIAN_POINT('',(-142.7694854736,95.002998352051,
    2.996999740601));
#2439 = VECTOR('',#2440,1.);
#2440 = DIRECTION('',(0.867339741644,-0.497716558459,0.));
#2441 = PCURVE('',#1881,#2442);
#2442 = DEFINITIONAL_REPRESENTATION('',(#2443),#2447);
#2443 = LINE('',#2444,#2445);
#2444 = CARTESIAN_POINT('',(31.772110693436,57.531977556205));
#2445 = VECTOR('',#2446,1.);
#2446 = DIRECTION('',(-0.497716558459,-0.867339741644));
#2447 = ( GEOMETRIC_REPRESENTATION_CONTEXT(2) 
PARAMETRIC_REPRESENTATION_CONTEXT() REPRESENTATION_CONTEXT('2D SPACE',''
  ) );
#2448 = PCURVE('',#2449,#2454);
#2449 = PLANE('',#2450);
#2450 = AXIS2_PLACEMENT_3D('',#2451,#2452,#2453);
#2451 = CARTESIAN_POINT('',(-98.59603320499,51.301233253335,
    2.996999740601));
#2452 = DIRECTION('',(0.,0.,1.));
#2453 = DIRECTION('',(1.,0.,-0.));
#2454 = DEFINITIONAL_REPRESENTATION('',(#2455),#2458);
#2455 = B_SPLINE_CURVE_WITH_KNOTS('',1,(#2456,#2457),.UNSPECIFIED.,.F.,
  .F.,(2,2),(0.,128.59929133606),.PIECEWISE_BEZIER_KNOTS.);
#2456 = CARTESIAN_POINT('',(-44.17345226864,43.701765098716));
#2457 = CARTESIAN_POINT('',(67.365823854404,-20.30423160538));
#2458 = ( GEOMETRIC_REPRESENTATION_CONTEXT(2) 
PARAMETRIC_REPRESENTATION_CONTEXT() REPRESENTATION_CONTEXT('2D SPACE',''
  ) );
#2459 = ORIENTED_EDGE('',*,*,#1865,.F.);
#2460 = ORIENTED_EDGE('',*,*,#2262,.F.);
#2461 = ADVANCED_FACE('',(#2462),#1316,.T.);
#2462 = FACE_BOUND('',#2463,.T.);
#2463 = EDGE_LOOP('',(#2464,#2465,#2490));
#2464 = ORIENTED_EDGE('',*,*,#1300,.F.);
#2465 = ORIENTED_EDGE('',*,*,#2466,.T.);
#2466 = EDGE_CURVE('',#1189,#2085,#2467,.T.);
#2467 = SURFACE_CURVE('',#2468,(#2472,#2479),.PCURVE_S1.);
#2468 = LINE('',#2469,#2470);
#2469 = CARTESIAN_POINT('',(-143.1393585205,28.,2.936145782471));
#2470 = VECTOR('',#2471,1.);
#2471 = DIRECTION('',(0.999712348888,1.695966212059E-02,
    -1.695845927213E-02));
#2472 = PCURVE('',#1316,#2473);
#2473 = DEFINITIONAL_REPRESENTATION('',(#2474),#2478);
#2474 = LINE('',#2475,#2476);
#2475 = CARTESIAN_POINT('',(0.697474398234,57.495365446489));
#2476 = VECTOR('',#2477,1.);
#2477 = DIRECTION('',(-2.398373365698E-02,-0.999712348888));
#2478 = ( GEOMETRIC_REPRESENTATION_CONTEXT(2) 
PARAMETRIC_REPRESENTATION_CONTEXT() REPRESENTATION_CONTEXT('2D SPACE',''
  ) );
#2479 = PCURVE('',#2480,#2485);
#2480 = PLANE('',#2481);
#2481 = AXIS2_PLACEMENT_3D('',#2482,#2483,#2484);
#2482 = CARTESIAN_POINT('',(-87.35452130521,29.449135988698,
    1.487112572412));
#2483 = DIRECTION('',(-8.938869936211E-19,-0.707081704403,
    -0.707131857081));
#2484 = DIRECTION('',(0.,-0.707131857081,0.707081704403));
#2485 = DEFINITIONAL_REPRESENTATION('',(#2486),#2489);
#2486 = B_SPLINE_CURVE_WITH_KNOTS('',1,(#2487,#2488),.UNSPECIFIED.,.F.,
  .F.,(2,2),(0.,114.1699108039),.PIECEWISE_BEZIER_KNOTS.);
#2487 = CARTESIAN_POINT('',(2.049315094756,55.784837215294));
#2488 = CARTESIAN_POINT('',(-0.688905637607,-58.35223248685));
#2489 = ( GEOMETRIC_REPRESENTATION_CONTEXT(2) 
PARAMETRIC_REPRESENTATION_CONTEXT() REPRESENTATION_CONTEXT('2D SPACE',''
  ) );
#2490 = ORIENTED_EDGE('',*,*,#2156,.F.);
#2491 = ADVANCED_FACE('',(#2492),#1770,.T.);
#2492 = FACE_BOUND('',#2493,.T.);
#2493 = EDGE_LOOP('',(#2494,#2521,#2546));
#2494 = ORIENTED_EDGE('',*,*,#2495,.T.);
#2495 = EDGE_CURVE('',#1648,#2496,#2498,.T.);
#2496 = VERTEX_POINT('',#2497);
#2497 = CARTESIAN_POINT('',(-143.7129974365,98.,2.925146102905));
#2498 = SURFACE_CURVE('',#2499,(#2503,#2510),.PCURVE_S1.);
#2499 = LINE('',#2500,#2501);
#2500 = CARTESIAN_POINT('',(-29.00228881835,96.074714660645,1.));
#2501 = VECTOR('',#2502,1.);
#2502 = DIRECTION('',(-0.999718442289,1.677910705642E-02,
    1.677789359302E-02));
#2503 = PCURVE('',#1770,#2504);
#2504 = DEFINITIONAL_REPRESENTATION('',(#2505),#2509);
#2505 = LINE('',#2506,#2507);
#2506 = CARTESIAN_POINT('',(2.029853292923,-56.91082276596));
#2507 = VECTOR('',#2508,1.);
#2508 = DIRECTION('',(-2.372838273102E-02,0.999718442289));
#2509 = ( GEOMETRIC_REPRESENTATION_CONTEXT(2) 
PARAMETRIC_REPRESENTATION_CONTEXT() REPRESENTATION_CONTEXT('2D SPACE',''
  ) );
#2510 = PCURVE('',#2511,#2516);
#2511 = PLANE('',#2512);
#2512 = AXIS2_PLACEMENT_3D('',#2513,#2514,#2515);
#2513 = CARTESIAN_POINT('',(-87.42338192259,96.559656250308,
    1.484906518734));
#2514 = DIRECTION('',(-2.858752730902E-18,0.707081210853,-0.707132350596
    ));
#2515 = DIRECTION('',(0.,-0.707132350596,-0.707081210853));
#2516 = DEFINITIONAL_REPRESENTATION('',(#2517),#2520);
#2517 = B_SPLINE_CURVE_WITH_KNOTS('',1,(#2518,#2519),.UNSPECIFIED.,.F.,
  .F.,(2,2),(0.,114.74301539892),.PIECEWISE_BEZIER_KNOTS.);
#2518 = CARTESIAN_POINT('',(0.685786174617,-58.42109310423));
#2519 = CARTESIAN_POINT('',(-2.036880010479,56.289615513929));
#2520 = ( GEOMETRIC_REPRESENTATION_CONTEXT(2) 
PARAMETRIC_REPRESENTATION_CONTEXT() REPRESENTATION_CONTEXT('2D SPACE',''
  ) );
#2521 = ORIENTED_EDGE('',*,*,#2522,.T.);
#2522 = EDGE_CURVE('',#2496,#1703,#2523,.T.);
#2523 = SURFACE_CURVE('',#2524,(#2528,#2535),.PCURVE_S1.);
#2524 = LINE('',#2525,#2526);
#2525 = CARTESIAN_POINT('',(-143.7129974365,98.,2.925146102905));
#2526 = VECTOR('',#2527,1.);
#2527 = DIRECTION('',(1.,0.,0.));
#2528 = PCURVE('',#1770,#2529);
#2529 = DEFINITIONAL_REPRESENTATION('',(#2530),#2534);
#2530 = LINE('',#2531,#2532);
#2531 = CARTESIAN_POINT('',(-0.692812892174,57.799885852202));
#2532 = VECTOR('',#2533,1.);
#2533 = DIRECTION('',(0.,-1.));
#2534 = ( GEOMETRIC_REPRESENTATION_CONTEXT(2) 
PARAMETRIC_REPRESENTATION_CONTEXT() REPRESENTATION_CONTEXT('2D SPACE',''
  ) );
#2535 = PCURVE('',#2536,#2541);
#2536 = PLANE('',#2537);
#2537 = AXIS2_PLACEMENT_3D('',#2538,#2539,#2540);
#2538 = CARTESIAN_POINT('',(-88.87571038093,98.,5.015535461048));
#2539 = DIRECTION('',(0.,1.,0.));
#2540 = DIRECTION('',(0.,-0.,1.));
#2541 = DEFINITIONAL_REPRESENTATION('',(#2542),#2545);
#2542 = B_SPLINE_CURVE_WITH_KNOTS('',1,(#2543,#2544),.UNSPECIFIED.,.F.,
  .F.,(2,2),(0.,113.56864929199),.PIECEWISE_BEZIER_KNOTS.);
#2543 = CARTESIAN_POINT('',(-2.090389358142,-54.83728705559));
#2544 = CARTESIAN_POINT('',(-2.090389358142,58.731362236401));
#2545 = ( GEOMETRIC_REPRESENTATION_CONTEXT(2) 
PARAMETRIC_REPRESENTATION_CONTEXT() REPRESENTATION_CONTEXT('2D SPACE',''
  ) );
#2546 = ORIENTED_EDGE('',*,*,#1756,.F.);
#2547 = ADVANCED_FACE('',(#2548),#416,.T.);
#2548 = FACE_BOUND('',#2549,.T.);
#2549 = EDGE_LOOP('',(#2550,#2551,#2576));
#2550 = ORIENTED_EDGE('',*,*,#1431,.F.);
#2551 = ORIENTED_EDGE('',*,*,#2552,.F.);
#2552 = EDGE_CURVE('',#401,#1246,#2553,.T.);
#2553 = SURFACE_CURVE('',#2554,(#2558,#2564),.PCURVE_S1.);
#2554 = LINE('',#2555,#2556);
#2555 = CARTESIAN_POINT('',(-147.,94.712997436523,3.002141952515));
#2556 = VECTOR('',#2557,1.);
#2557 = DIRECTION('',(0.355326701875,0.355326701875,0.864572651586));
#2558 = PCURVE('',#416,#2559);
#2559 = DEFINITIONAL_REPRESENTATION('',(#2560),#2563);
#2560 = B_SPLINE_CURVE_WITH_KNOTS('',1,(#2561,#2562),.UNSPECIFIED.,.F.,
  .F.,(2,2),(0.,9.250648898987),.PIECEWISE_BEZIER_KNOTS.);
#2561 = CARTESIAN_POINT('',(-1.475328614081,4.847862212073));
#2562 = CARTESIAN_POINT('',(3.173194990742,-3.149995835412));
#2563 = ( GEOMETRIC_REPRESENTATION_CONTEXT(2) 
PARAMETRIC_REPRESENTATION_CONTEXT() REPRESENTATION_CONTEXT('2D SPACE',''
  ) );
#2564 = PCURVE('',#2565,#2570);
#2565 = PLANE('',#2566);
#2566 = AXIS2_PLACEMENT_3D('',#2567,#2568,#2569);
#2567 = CARTESIAN_POINT('',(-144.7525744571,96.960422979355,
    6.132729421303));
#2568 = DIRECTION('',(-0.707106781187,0.707106781187,-0.));
#2569 = DIRECTION('',(-0.707106781187,-0.707106781187,0.));
#2570 = DEFINITIONAL_REPRESENTATION('',(#2571),#2575);
#2571 = LINE('',#2572,#2573);
#2572 = CARTESIAN_POINT('',(3.178339683096,-3.130587468788));
#2573 = VECTOR('',#2574,1.);
#2574 = DIRECTION('',(-0.502507840864,0.864572651586));
#2575 = ( GEOMETRIC_REPRESENTATION_CONTEXT(2) 
PARAMETRIC_REPRESENTATION_CONTEXT() REPRESENTATION_CONTEXT('2D SPACE',''
  ) );
#2576 = ORIENTED_EDGE('',*,*,#400,.F.);
#2577 = ADVANCED_FACE('',(#2578),#2590,.T.);
#2578 = FACE_BOUND('',#2579,.T.);
#2579 = EDGE_LOOP('',(#2580,#2612,#2637));
#2580 = ORIENTED_EDGE('',*,*,#2581,.T.);
#2581 = EDGE_CURVE('',#2496,#2582,#2584,.T.);
#2582 = VERTEX_POINT('',#2583);
#2583 = CARTESIAN_POINT('',(-145.317993164,96.394996643066,
    1.320261001587));
#2584 = SURFACE_CURVE('',#2585,(#2589,#2601),.PCURVE_S1.);
#2585 = LINE('',#2586,#2587);
#2586 = CARTESIAN_POINT('',(-143.7129974365,98.,2.925146102905));
#2587 = VECTOR('',#2588,1.);
#2588 = DIRECTION('',(-0.577362619158,-0.577365363669,-0.57732282376));
#2589 = PCURVE('',#2590,#2595);
#2590 = PLANE('',#2591);
#2591 = AXIS2_PLACEMENT_3D('',#2592,#2593,#2594);
#2592 = CARTESIAN_POINT('',(-145.3564975725,96.356497764136,
    2.511575412077));
#2593 = DIRECTION('',(-0.707106819652,0.707106742714,-3.284540960743E-06
    ));
#2594 = DIRECTION('',(-0.707106742717,-0.707106819656,2.117582368136E-22
    ));
#2595 = DEFINITIONAL_REPRESENTATION('',(#2596),#2600);
#2596 = LINE('',#2597,#2598);
#2597 = CARTESIAN_POINT('',(-2.324261666912,0.413570690831));
#2598 = VECTOR('',#2599,1.);
#2599 = DIRECTION('',(0.816515987083,-0.577322823763));
#2600 = ( GEOMETRIC_REPRESENTATION_CONTEXT(2) 
PARAMETRIC_REPRESENTATION_CONTEXT() REPRESENTATION_CONTEXT('2D SPACE',''
  ) );
#2601 = PCURVE('',#2602,#2607);
#2602 = PLANE('',#2603);
#2603 = AXIS2_PLACEMENT_3D('',#2604,#2605,#2606);
#2604 = CARTESIAN_POINT('',(-144.4956729478,97.03735702804,
    1.962573322532));
#2605 = DIRECTION('',(-2.889335983739E-06,0.707082174924,-0.707131386587
    ));
#2606 = DIRECTION('',(0.,-0.70713138659,-0.707082174927));
#2607 = DEFINITIONAL_REPRESENTATION('',(#2608),#2611);
#2608 = B_SPLINE_CURVE_WITH_KNOTS('',1,(#2609,#2610),.UNSPECIFIED.,.F.,
  .F.,(2,2),(0.,2.779874682359),.PIECEWISE_BEZIER_KNOTS.);
#2609 = CARTESIAN_POINT('',(-1.361333114625,-0.782675511371));
#2610 = CARTESIAN_POINT('',(0.908400782593,0.822320216174));
#2611 = ( GEOMETRIC_REPRESENTATION_CONTEXT(2) 
PARAMETRIC_REPRESENTATION_CONTEXT() REPRESENTATION_CONTEXT('2D SPACE',''
  ) );
#2612 = ORIENTED_EDGE('',*,*,#2613,.T.);
#2613 = EDGE_CURVE('',#2582,#401,#2614,.T.);
#2614 = SURFACE_CURVE('',#2615,(#2619,#2626),.PCURVE_S1.);
#2615 = LINE('',#2616,#2617);
#2616 = CARTESIAN_POINT('',(-145.317993164,96.394996643066,
    1.320261001587));
#2617 = VECTOR('',#2618,1.);
#2618 = DIRECTION('',(-0.577365545566,-0.5773629267,0.577322334286));
#2619 = PCURVE('',#2590,#2620);
#2620 = DEFINITIONAL_REPRESENTATION('',(#2621),#2625);
#2621 = LINE('',#2622,#2623);
#2622 = CARTESIAN_POINT('',(-5.444954667842E-02,-1.191314410496));
#2623 = VECTOR('',#2624,1.);
#2624 = DIRECTION('',(0.816516333168,0.577322334289));
#2625 = ( GEOMETRIC_REPRESENTATION_CONTEXT(2) 
PARAMETRIC_REPRESENTATION_CONTEXT() REPRESENTATION_CONTEXT('2D SPACE',''
  ) );
#2626 = PCURVE('',#2627,#2632);
#2627 = PLANE('',#2628);
#2628 = AXIS2_PLACEMENT_3D('',#2629,#2630,#2631);
#2629 = CARTESIAN_POINT('',(-145.9988552644,95.535015880076,
    2.001071308798));
#2630 = DIRECTION('',(-0.707081969346,3.300461683354E-06,-0.707131592149
    ));
#2631 = DIRECTION('',(-0.707131592153,2.117582368136E-22,0.70708196935)
  );
#2632 = DEFINITIONAL_REPRESENTATION('',(#2633),#2636);
#2633 = B_SPLINE_CURVE_WITH_KNOTS('',1,(#2634,#2635),.UNSPECIFIED.,.F.,
  .F.,(2,2),(0.,2.913244215655),.PIECEWISE_BEZIER_KNOTS.);
#2634 = CARTESIAN_POINT('',(-0.962847793888,0.859980762995));
#2635 = CARTESIAN_POINT('',(1.415780073014,-0.822018443557));
#2636 = ( GEOMETRIC_REPRESENTATION_CONTEXT(2) 
PARAMETRIC_REPRESENTATION_CONTEXT() REPRESENTATION_CONTEXT('2D SPACE',''
  ) );
#2637 = ORIENTED_EDGE('',*,*,#2638,.T.);
#2638 = EDGE_CURVE('',#401,#2496,#2639,.T.);
#2639 = SURFACE_CURVE('',#2640,(#2644,#2651),.PCURVE_S1.);
#2640 = LINE('',#2641,#2642);
#2641 = CARTESIAN_POINT('',(-147.,94.712997436523,3.002141952515));
#2642 = VECTOR('',#2643,1.);
#2643 = DIRECTION('',(0.70700980386,0.70700980386,-1.656123458352E-02));
#2644 = PCURVE('',#2590,#2645);
#2645 = DEFINITIONAL_REPRESENTATION('',(#2646),#2650);
#2646 = LINE('',#2647,#2648);
#2647 = CARTESIAN_POINT('',(2.324261937912,0.490566540441));
#2648 = VECTOR('',#2649,1.);
#2649 = DIRECTION('',(-0.99986285335,-1.656123458361E-02));
#2650 = ( GEOMETRIC_REPRESENTATION_CONTEXT(2) 
PARAMETRIC_REPRESENTATION_CONTEXT() REPRESENTATION_CONTEXT('2D SPACE',''
  ) );
#2651 = PCURVE('',#2565,#2652);
#2652 = DEFINITIONAL_REPRESENTATION('',(#2653),#2656);
#2653 = B_SPLINE_CURVE_WITH_KNOTS('',1,(#2654,#2655),.UNSPECIFIED.,.F.,
  .F.,(2,2),(0.,4.649161221711),.PIECEWISE_BEZIER_KNOTS.);
#2654 = CARTESIAN_POINT('',(3.178339683096,-3.130587468788));
#2655 = CARTESIAN_POINT('',(-1.470183921727,-3.207583318397));
#2656 = ( GEOMETRIC_REPRESENTATION_CONTEXT(2) 
PARAMETRIC_REPRESENTATION_CONTEXT() REPRESENTATION_CONTEXT('2D SPACE',''
  ) );
#2657 = ADVANCED_FACE('',(#2658),#2565,.T.);
#2658 = FACE_BOUND('',#2659,.T.);
#2659 = EDGE_LOOP('',(#2660,#2661,#2681));
#2660 = ORIENTED_EDGE('',*,*,#2552,.T.);
#2661 = ORIENTED_EDGE('',*,*,#2662,.T.);
#2662 = EDGE_CURVE('',#1246,#2496,#2663,.T.);
#2663 = SURFACE_CURVE('',#2664,(#2668,#2675),.PCURVE_S1.);
#2664 = LINE('',#2665,#2666);
#2665 = CARTESIAN_POINT('',(-143.7129974365,98.,11.));
#2666 = VECTOR('',#2667,1.);
#2667 = DIRECTION('',(0.,0.,-1.));
#2668 = PCURVE('',#2565,#2669);
#2669 = DEFINITIONAL_REPRESENTATION('',(#2670),#2674);
#2670 = LINE('',#2671,#2672);
#2671 = CARTESIAN_POINT('',(-1.470183921727,4.867270578697));
#2672 = VECTOR('',#2673,1.);
#2673 = DIRECTION('',(-0.,-1.));
#2674 = ( GEOMETRIC_REPRESENTATION_CONTEXT(2) 
PARAMETRIC_REPRESENTATION_CONTEXT() REPRESENTATION_CONTEXT('2D SPACE',''
  ) );
#2675 = PCURVE('',#2536,#2676);
#2676 = DEFINITIONAL_REPRESENTATION('',(#2677),#2680);
#2677 = B_SPLINE_CURVE_WITH_KNOTS('',1,(#2678,#2679),.UNSPECIFIED.,.F.,
  .F.,(2,2),(0.,8.074853897095),.PIECEWISE_BEZIER_KNOTS.);
#2678 = CARTESIAN_POINT('',(5.984464538952,-54.83728705559));
#2679 = CARTESIAN_POINT('',(-2.090389358142,-54.83728705559));
#2680 = ( GEOMETRIC_REPRESENTATION_CONTEXT(2) 
PARAMETRIC_REPRESENTATION_CONTEXT() REPRESENTATION_CONTEXT('2D SPACE',''
  ) );
#2681 = ORIENTED_EDGE('',*,*,#2638,.F.);
#2682 = ADVANCED_FACE('',(#2683),#216,.T.);
#2683 = FACE_BOUND('',#2684,.T.);
#2684 = EDGE_LOOP('',(#2685,#2686,#2706));
#2685 = ORIENTED_EDGE('',*,*,#200,.F.);
#2686 = ORIENTED_EDGE('',*,*,#2687,.T.);
#2687 = EDGE_CURVE('',#169,#1974,#2688,.T.);
#2688 = SURFACE_CURVE('',#2689,(#2693,#2700),.PCURVE_S1.);
#2689 = LINE('',#2690,#2691);
#2690 = CARTESIAN_POINT('',(-146.0019989013,91.997528076172,
    2.996999740601));
#2691 = VECTOR('',#2692,1.);
#2692 = DIRECTION('',(0.,-1.,0.));
#2693 = PCURVE('',#216,#2694);
#2694 = DEFINITIONAL_REPRESENTATION('',(#2695),#2699);
#2695 = LINE('',#2696,#2697);
#2696 = CARTESIAN_POINT('',(-0.857664248204,26.90209257755));
#2697 = VECTOR('',#2698,1.);
#2698 = DIRECTION('',(0.,-1.));
#2699 = ( GEOMETRIC_REPRESENTATION_CONTEXT(2) 
PARAMETRIC_REPRESENTATION_CONTEXT() REPRESENTATION_CONTEXT('2D SPACE',''
  ) );
#2700 = PCURVE('',#2014,#2701);
#2701 = DEFINITIONAL_REPRESENTATION('',(#2702),#2705);
#2702 = B_SPLINE_CURVE_WITH_KNOTS('',1,(#2703,#2704),.UNSPECIFIED.,.F.,
  .F.,(2,2),(0.,57.470676422119),.PIECEWISE_BEZIER_KNOTS.);
#2703 = CARTESIAN_POINT('',(-2.139387048328,-30.59745129243));
#2704 = CARTESIAN_POINT('',(-2.139387048328,26.873225129688));
#2705 = ( GEOMETRIC_REPRESENTATION_CONTEXT(2) 
PARAMETRIC_REPRESENTATION_CONTEXT() REPRESENTATION_CONTEXT('2D SPACE',''
  ) );
#2706 = ORIENTED_EDGE('',*,*,#2707,.T.);
#2707 = EDGE_CURVE('',#1974,#201,#2708,.T.);
#2708 = SURFACE_CURVE('',#2709,(#2713,#2720),.PCURVE_S1.);
#2709 = LINE('',#2710,#2711);
#2710 = CARTESIAN_POINT('',(-146.0019989013,34.526851654053,
    2.996999740601));
#2711 = VECTOR('',#2712,1.);
#2712 = DIRECTION('',(5.337485613913E-02,0.998574546407,0.));
#2713 = PCURVE('',#216,#2714);
#2714 = DEFINITIONAL_REPRESENTATION('',(#2715),#2719);
#2715 = LINE('',#2716,#2717);
#2716 = CARTESIAN_POINT('',(-0.857664248204,-30.56858384456));
#2717 = VECTOR('',#2718,1.);
#2718 = DIRECTION('',(5.337485613913E-02,0.998574546407));
#2719 = ( GEOMETRIC_REPRESENTATION_CONTEXT(2) 
PARAMETRIC_REPRESENTATION_CONTEXT() REPRESENTATION_CONTEXT('2D SPACE',''
  ) );
#2720 = PCURVE('',#2070,#2721);
#2721 = DEFINITIONAL_REPRESENTATION('',(#2722),#2725);
#2722 = B_SPLINE_CURVE_WITH_KNOTS('',1,(#2723,#2724),.UNSPECIFIED.,.F.,
  .F.,(2,2),(0.,60.562475696575),.PIECEWISE_BEZIER_KNOTS.);
#2723 = CARTESIAN_POINT('',(-2.563865374221,-28.08889792139));
#2724 = CARTESIAN_POINT('',(0.668648053514,32.387248776602));
#2725 = ( GEOMETRIC_REPRESENTATION_CONTEXT(2) 
PARAMETRIC_REPRESENTATION_CONTEXT() REPRESENTATION_CONTEXT('2D SPACE',''
  ) );
#2726 = ADVANCED_FACE('',(#2727),#2449,.T.);
#2727 = FACE_BOUND('',#2728,.T.);
#2728 = EDGE_LOOP('',(#2729,#2749,#2769));
#2729 = ORIENTED_EDGE('',*,*,#2730,.T.);
#2730 = EDGE_CURVE('',#201,#2030,#2731,.T.);
#2731 = SURFACE_CURVE('',#2732,(#2736,#2743),.PCURVE_S1.);
#2732 = LINE('',#2733,#2734);
#2733 = CARTESIAN_POINT('',(-142.7694854736,95.002998352051,
    2.996999740601));
#2734 = VECTOR('',#2735,1.);
#2735 = DIRECTION('',(8.806969188455E-03,-0.999961217895,0.));
#2736 = PCURVE('',#2449,#2737);
#2737 = DEFINITIONAL_REPRESENTATION('',(#2738),#2742);
#2738 = LINE('',#2739,#2740);
#2739 = CARTESIAN_POINT('',(-44.17345226864,43.701765098716));
#2740 = VECTOR('',#2741,1.);
#2741 = DIRECTION('',(8.806969188455E-03,-0.999961217895));
#2742 = ( GEOMETRIC_REPRESENTATION_CONTEXT(2) 
PARAMETRIC_REPRESENTATION_CONTEXT() REPRESENTATION_CONTEXT('2D SPACE',''
  ) );
#2743 = PCURVE('',#2070,#2744);
#2744 = DEFINITIONAL_REPRESENTATION('',(#2745),#2748);
#2745 = B_SPLINE_CURVE_WITH_KNOTS('',1,(#2746,#2747),.UNSPECIFIED.,.F.,
  .F.,(2,2),(0.,64.008479087669),.PIECEWISE_BEZIER_KNOTS.);
#2746 = CARTESIAN_POINT('',(0.668648053514,32.387248776602));
#2747 = CARTESIAN_POINT('',(1.232368756639,-31.61874792749));
#2748 = ( GEOMETRIC_REPRESENTATION_CONTEXT(2) 
PARAMETRIC_REPRESENTATION_CONTEXT() REPRESENTATION_CONTEXT('2D SPACE',''
  ) );
#2749 = ORIENTED_EDGE('',*,*,#2750,.T.);
#2750 = EDGE_CURVE('',#2030,#1866,#2751,.T.);
#2751 = SURFACE_CURVE('',#2752,(#2756,#2763),.PCURVE_S1.);
#2752 = LINE('',#2753,#2754);
#2753 = CARTESIAN_POINT('',(-142.2057647705,30.997001647949,
    2.996999740601));
#2754 = VECTOR('',#2755,1.);
#2755 = DIRECTION('',(1.,0.,0.));
#2756 = PCURVE('',#2449,#2757);
#2757 = DEFINITIONAL_REPRESENTATION('',(#2758),#2762);
#2758 = LINE('',#2759,#2760);
#2759 = CARTESIAN_POINT('',(-43.60973156551,-20.30423160538));
#2760 = VECTOR('',#2761,1.);
#2761 = DIRECTION('',(1.,0.));
#2762 = ( GEOMETRIC_REPRESENTATION_CONTEXT(2) 
PARAMETRIC_REPRESENTATION_CONTEXT() REPRESENTATION_CONTEXT('2D SPACE',''
  ) );
#2763 = PCURVE('',#2045,#2764);
#2764 = DEFINITIONAL_REPRESENTATION('',(#2765),#2768);
#2765 = B_SPLINE_CURVE_WITH_KNOTS('',1,(#2766,#2767),.UNSPECIFIED.,.F.,
  .F.,(2,2),(0.,110.97555541992),.PIECEWISE_BEZIER_KNOTS.);
#2766 = CARTESIAN_POINT('',(-2.072798541182,-53.55907612144));
#2767 = CARTESIAN_POINT('',(-2.072798541182,57.416479298479));
#2768 = ( GEOMETRIC_REPRESENTATION_CONTEXT(2) 
PARAMETRIC_REPRESENTATION_CONTEXT() REPRESENTATION_CONTEXT('2D SPACE',''
  ) );
#2769 = ORIENTED_EDGE('',*,*,#2435,.F.);
#2770 = ADVANCED_FACE('',(#2771),#2070,.T.);
#2771 = FACE_BOUND('',#2772,.T.);
#2772 = EDGE_LOOP('',(#2773,#2774,#2775));
#2773 = ORIENTED_EDGE('',*,*,#2056,.F.);
#2774 = ORIENTED_EDGE('',*,*,#2730,.F.);
#2775 = ORIENTED_EDGE('',*,*,#2707,.F.);
#2776 = ADVANCED_FACE('',(#2777),#2602,.T.);
#2777 = FACE_BOUND('',#2778,.T.);
#2778 = EDGE_LOOP('',(#2779,#2801,#2802));
#2779 = ORIENTED_EDGE('',*,*,#2780,.T.);
#2780 = EDGE_CURVE('',#2781,#2582,#2783,.T.);
#2781 = VERTEX_POINT('',#2782);
#2782 = CARTESIAN_POINT('',(-144.9977111816,96.074714660645,1.));
#2783 = SURFACE_CURVE('',#2784,(#2788,#2795),.PCURVE_S1.);
#2784 = LINE('',#2785,#2786);
#2785 = CARTESIAN_POINT('',(-144.9977111816,96.074714660645,1.));
#2786 = VECTOR('',#2787,1.);
#2787 = DIRECTION('',(-0.577362876092,0.577362876092,0.57732505456));
#2788 = PCURVE('',#2602,#2789);
#2789 = DEFINITIONAL_REPRESENTATION('',(#2790),#2794);
#2790 = LINE('',#2791,#2792);
#2791 = CARTESIAN_POINT('',(1.361333070469,0.502038233751));
#2792 = VECTOR('',#2793,1.);
#2793 = DIRECTION('',(-0.816487666354,0.577362876094));
#2794 = ( GEOMETRIC_REPRESENTATION_CONTEXT(2) 
PARAMETRIC_REPRESENTATION_CONTEXT() REPRESENTATION_CONTEXT('2D SPACE',''
  ) );
#2795 = PCURVE('',#2627,#2796);
#2796 = DEFINITIONAL_REPRESENTATION('',(#2797),#2800);
#2797 = B_SPLINE_CURVE_WITH_KNOTS('',1,(#2798,#2799),.UNSPECIFIED.,.F.,
  .F.,(2,2),(0.,0.554732553277),.PIECEWISE_BEZIER_KNOTS.);
#2798 = CARTESIAN_POINT('',(-1.415780081764,0.539698780571));
#2799 = CARTESIAN_POINT('',(-0.962847793888,0.859980762995));
#2800 = ( GEOMETRIC_REPRESENTATION_CONTEXT(2) 
PARAMETRIC_REPRESENTATION_CONTEXT() REPRESENTATION_CONTEXT('2D SPACE',''
  ) );
#2801 = ORIENTED_EDGE('',*,*,#2581,.F.);
#2802 = ORIENTED_EDGE('',*,*,#2803,.T.);
#2803 = EDGE_CURVE('',#2496,#2781,#2804,.T.);
#2804 = SURFACE_CURVE('',#2805,(#2809,#2816),.PCURVE_S1.);
#2805 = LINE('',#2806,#2807);
#2806 = CARTESIAN_POINT('',(-143.7129974365,98.,2.925146102905));
#2807 = VECTOR('',#2808,1.);
#2808 = DIRECTION('',(-0.426737475315,-0.639513205257,-0.639466955724));
#2809 = PCURVE('',#2602,#2810);
#2810 = DEFINITIONAL_REPRESENTATION('',(#2811),#2815);
#2811 = LINE('',#2812,#2813);
#2812 = CARTESIAN_POINT('',(-1.361333114625,-0.782675511371));
#2813 = VECTOR('',#2814,1.);
#2814 = DIRECTION('',(0.904375545423,0.426737475317));
#2815 = ( GEOMETRIC_REPRESENTATION_CONTEXT(2) 
PARAMETRIC_REPRESENTATION_CONTEXT() REPRESENTATION_CONTEXT('2D SPACE',''
  ) );
#2816 = PCURVE('',#2511,#2817);
#2817 = DEFINITIONAL_REPRESENTATION('',(#2818),#2821);
#2818 = B_SPLINE_CURVE_WITH_KNOTS('',1,(#2819,#2820),.UNSPECIFIED.,.F.,
  .F.,(2,2),(0.,3.010548216249),.PIECEWISE_BEZIER_KNOTS.);
#2819 = CARTESIAN_POINT('',(-2.036880010479,56.289615513929));
#2820 = CARTESIAN_POINT('',(0.685786174617,57.574329259047));
#2821 = ( GEOMETRIC_REPRESENTATION_CONTEXT(2) 
PARAMETRIC_REPRESENTATION_CONTEXT() REPRESENTATION_CONTEXT('2D SPACE',''
  ) );
#2822 = ADVANCED_FACE('',(#2823),#2511,.T.);
#2823 = FACE_BOUND('',#2824,.T.);
#2824 = EDGE_LOOP('',(#2825,#2826,#2851));
#2825 = ORIENTED_EDGE('',*,*,#2495,.F.);
#2826 = ORIENTED_EDGE('',*,*,#2827,.T.);
#2827 = EDGE_CURVE('',#1648,#2781,#2828,.T.);
#2828 = SURFACE_CURVE('',#2829,(#2833,#2840),.PCURVE_S1.);
#2829 = LINE('',#2830,#2831);
#2830 = CARTESIAN_POINT('',(-29.00228881835,96.074714660645,1.));
#2831 = VECTOR('',#2832,1.);
#2832 = DIRECTION('',(-1.,0.,0.));
#2833 = PCURVE('',#2511,#2834);
#2834 = DEFINITIONAL_REPRESENTATION('',(#2835),#2839);
#2835 = LINE('',#2836,#2837);
#2836 = CARTESIAN_POINT('',(0.685786174617,-58.42109310423));
#2837 = VECTOR('',#2838,1.);
#2838 = DIRECTION('',(0.,1.));
#2839 = ( GEOMETRIC_REPRESENTATION_CONTEXT(2) 
PARAMETRIC_REPRESENTATION_CONTEXT() REPRESENTATION_CONTEXT('2D SPACE',''
  ) );
#2840 = PCURVE('',#2841,#2846);
#2841 = PLANE('',#2842);
#2842 = AXIS2_PLACEMENT_3D('',#2843,#2844,#2845);
#2843 = CARTESIAN_POINT('',(-95.48912761699,78.625202166253,1.));
#2844 = DIRECTION('',(-0.,-0.,-1.));
#2845 = DIRECTION('',(-1.,0.,0.));
#2846 = DEFINITIONAL_REPRESENTATION('',(#2847),#2850);
#2847 = B_SPLINE_CURVE_WITH_KNOTS('',1,(#2848,#2849),.UNSPECIFIED.,.F.,
  .F.,(2,2),(0.,115.99542236328),.PIECEWISE_BEZIER_KNOTS.);
#2848 = CARTESIAN_POINT('',(-66.48683879863,17.449512494391));
#2849 = CARTESIAN_POINT('',(49.50858356465,17.449512494391));
#2850 = ( GEOMETRIC_REPRESENTATION_CONTEXT(2) 
PARAMETRIC_REPRESENTATION_CONTEXT() REPRESENTATION_CONTEXT('2D SPACE',''
  ) );
#2851 = ORIENTED_EDGE('',*,*,#2803,.F.);
#2852 = ADVANCED_FACE('',(#2853),#271,.T.);
#2853 = FACE_BOUND('',#2854,.T.);
#2854 = EDGE_LOOP('',(#2855,#2856,#2876));
#2855 = ORIENTED_EDGE('',*,*,#1406,.F.);
#2856 = ORIENTED_EDGE('',*,*,#2857,.T.);
#2857 = EDGE_CURVE('',#1035,#169,#2858,.T.);
#2858 = SURFACE_CURVE('',#2859,(#2863,#2870),.PCURVE_S1.);
#2859 = LINE('',#2860,#2861);
#2860 = CARTESIAN_POINT('',(-146.0019989013,34.526851654053,11.));
#2861 = VECTOR('',#2862,1.);
#2862 = DIRECTION('',(0.,0.990442985097,-0.137922780105));
#2863 = PCURVE('',#271,#2864);
#2864 = DEFINITIONAL_REPRESENTATION('',(#2865),#2869);
#2865 = LINE('',#2866,#2867);
#2866 = CARTESIAN_POINT('',(2.139387048328,30.597451292431));
#2867 = VECTOR('',#2868,1.);
#2868 = DIRECTION('',(-0.137922780105,-0.990442985097));
#2869 = ( GEOMETRIC_REPRESENTATION_CONTEXT(2) 
PARAMETRIC_REPRESENTATION_CONTEXT() REPRESENTATION_CONTEXT('2D SPACE',''
  ) );
#2870 = PCURVE('',#2014,#2871);
#2871 = DEFINITIONAL_REPRESENTATION('',(#2872),#2875);
#2872 = B_SPLINE_CURVE_WITH_KNOTS('',1,(#2873,#2874),.UNSPECIFIED.,.F.,
  .F.,(2,2),(0.,58.025224356032),.PIECEWISE_BEZIER_KNOTS.);
#2873 = CARTESIAN_POINT('',(5.863613211071,26.873225129688));
#2874 = CARTESIAN_POINT('',(-2.139387048328,-30.59745129243));
#2875 = ( GEOMETRIC_REPRESENTATION_CONTEXT(2) 
PARAMETRIC_REPRESENTATION_CONTEXT() REPRESENTATION_CONTEXT('2D SPACE',''
  ) );
#2876 = ORIENTED_EDGE('',*,*,#255,.F.);
#2877 = ADVANCED_FACE('',(#2878),#2014,.T.);
#2878 = FACE_BOUND('',#2879,.T.);
#2879 = EDGE_LOOP('',(#2880,#2881,#2882));
#2880 = ORIENTED_EDGE('',*,*,#2000,.F.);
#2881 = ORIENTED_EDGE('',*,*,#2687,.F.);
#2882 = ORIENTED_EDGE('',*,*,#2857,.F.);
#2883 = ADVANCED_FACE('',(#2884),#2627,.T.);
#2884 = FACE_BOUND('',#2885,.T.);
#2885 = EDGE_LOOP('',(#2886,#2887,#2888));
#2886 = ORIENTED_EDGE('',*,*,#2613,.F.);
#2887 = ORIENTED_EDGE('',*,*,#2780,.F.);
#2888 = ORIENTED_EDGE('',*,*,#2889,.F.);
#2889 = EDGE_CURVE('',#401,#2781,#2890,.T.);
#2890 = SURFACE_CURVE('',#2891,(#2895,#2901),.PCURVE_S1.);
#2891 = LINE('',#2892,#2893);
#2892 = CARTESIAN_POINT('',(-147.,94.712997436523,3.002141952515));
#2893 = VECTOR('',#2894,1.);
#2894 = DIRECTION('',(0.637270773266,0.433395312618,-0.637224030104));
#2895 = PCURVE('',#2627,#2896);
#2896 = DEFINITIONAL_REPRESENTATION('',(#2897),#2900);
#2897 = B_SPLINE_CURVE_WITH_KNOTS('',1,(#2898,#2899),.UNSPECIFIED.,.F.,
  .F.,(2,2),(0.,3.141974969444),.PIECEWISE_BEZIER_KNOTS.);
#2898 = CARTESIAN_POINT('',(1.415780073014,-0.822018443557));
#2899 = CARTESIAN_POINT('',(-1.415780081764,0.539698780571));
#2900 = ( GEOMETRIC_REPRESENTATION_CONTEXT(2) 
PARAMETRIC_REPRESENTATION_CONTEXT() REPRESENTATION_CONTEXT('2D SPACE',''
  ) );
#2901 = PCURVE('',#2902,#2907);
#2902 = PLANE('',#2903);
#2903 = AXIS2_PLACEMENT_3D('',#2904,#2905,#2906);
#2904 = CARTESIAN_POINT('',(-145.5062154078,67.751895861137,
    1.508466927926));
#2905 = DIRECTION('',(-0.707080846979,4.611899153464E-18,-0.707132714443
    ));
#2906 = DIRECTION('',(-0.707132714443,0.,0.707080846979));
#2907 = DEFINITIONAL_REPRESENTATION('',(#2908),#2912);
#2908 = LINE('',#2909,#2910);
#2909 = CARTESIAN_POINT('',(2.112452954949,26.961101575386));
#2910 = VECTOR('',#2911,1.);
#2911 = DIRECTION('',(-0.901203918656,0.433395312618));
#2912 = ( GEOMETRIC_REPRESENTATION_CONTEXT(2) 
PARAMETRIC_REPRESENTATION_CONTEXT() REPRESENTATION_CONTEXT('2D SPACE',''
  ) );
#2913 = ADVANCED_FACE('',(#2914),#2926,.T.);
#2914 = FACE_BOUND('',#2915,.T.);
#2915 = EDGE_LOOP('',(#2916,#2948,#2975));
#2916 = ORIENTED_EDGE('',*,*,#2917,.T.);
#2917 = EDGE_CURVE('',#2918,#2085,#2920,.T.);
#2918 = VERTEX_POINT('',#2919);
#2919 = CARTESIAN_POINT('',(-134.9970092773,31.428001403809,1.));
#2920 = SURFACE_CURVE('',#2921,(#2925,#2937),.PCURVE_S1.);
#2921 = LINE('',#2922,#2923);
#2922 = CARTESIAN_POINT('',(-134.9970092773,31.428001403809,1.));
#2923 = VECTOR('',#2924,1.);
#2924 = DIRECTION('',(0.999900982796,-1.407212151702E-02,0.));
#2925 = PCURVE('',#2926,#2931);
#2926 = PLANE('',#2927);
#2927 = AXIS2_PLACEMENT_3D('',#2928,#2929,#2930);
#2928 = CARTESIAN_POINT('',(-83.01631244749,30.325563057177,1.));
#2929 = DIRECTION('',(-0.,-0.,-1.));
#2930 = DIRECTION('',(-1.,0.,0.));
#2931 = DEFINITIONAL_REPRESENTATION('',(#2932),#2936);
#2932 = LINE('',#2933,#2934);
#2933 = CARTESIAN_POINT('',(51.980696829846,1.102438346631));
#2934 = VECTOR('',#2935,1.);
#2935 = DIRECTION('',(-0.999900982796,-1.407212151702E-02));
#2936 = ( GEOMETRIC_REPRESENTATION_CONTEXT(2) 
PARAMETRIC_REPRESENTATION_CONTEXT() REPRESENTATION_CONTEXT('2D SPACE',''
  ) );
#2937 = PCURVE('',#2938,#2943);
#2938 = PLANE('',#2939);
#2939 = AXIS2_PLACEMENT_3D('',#2940,#2941,#2942);
#2940 = CARTESIAN_POINT('',(-82.23480797805,30.922769400552,1.));
#2941 = DIRECTION('',(-0.,-0.,-1.));
#2942 = DIRECTION('',(-1.,0.,0.));
#2943 = DEFINITIONAL_REPRESENTATION('',(#2944),#2947);
#2944 = B_SPLINE_CURVE_WITH_KNOTS('',1,(#2945,#2946),.UNSPECIFIED.,.F.,
  .F.,(2,2),(0.,106.00521679918),.PIECEWISE_BEZIER_KNOTS.);
#2945 = CARTESIAN_POINT('',(52.762201299287,0.505232003257));
#2946 = CARTESIAN_POINT('',(-53.23251915969,-0.98648628898));
#2947 = ( GEOMETRIC_REPRESENTATION_CONTEXT(2) 
PARAMETRIC_REPRESENTATION_CONTEXT() REPRESENTATION_CONTEXT('2D SPACE',''
  ) );
#2948 = ORIENTED_EDGE('',*,*,#2949,.T.);
#2949 = EDGE_CURVE('',#2085,#2950,#2952,.T.);
#2950 = VERTEX_POINT('',#2951);
#2951 = CARTESIAN_POINT('',(-136.783996582,29.997001647949,1.));
#2952 = SURFACE_CURVE('',#2953,(#2957,#2964),.PCURVE_S1.);
#2953 = LINE('',#2954,#2955);
#2954 = CARTESIAN_POINT('',(-29.00228881835,29.936283111572,1.));
#2955 = VECTOR('',#2956,1.);
#2956 = DIRECTION('',(-0.99999984132,5.633472321228E-04,0.));
#2957 = PCURVE('',#2926,#2958);
#2958 = DEFINITIONAL_REPRESENTATION('',(#2959),#2963);
#2959 = LINE('',#2960,#2961);
#2960 = CARTESIAN_POINT('',(-54.01402362913,-0.389279945605));
#2961 = VECTOR('',#2962,1.);
#2962 = DIRECTION('',(0.99999984132,5.633472321228E-04));
#2963 = ( GEOMETRIC_REPRESENTATION_CONTEXT(2) 
PARAMETRIC_REPRESENTATION_CONTEXT() REPRESENTATION_CONTEXT('2D SPACE',''
  ) );
#2964 = PCURVE('',#2965,#2970);
#2965 = PLANE('',#2966);
#2966 = AXIS2_PLACEMENT_3D('',#2967,#2968,#2969);
#2967 = CARTESIAN_POINT('',(-87.00005183,29.95146276147,1.));
#2968 = DIRECTION('',(-0.,-0.,-1.));
#2969 = DIRECTION('',(-1.,0.,0.));
#2970 = DEFINITIONAL_REPRESENTATION('',(#2971),#2974);
#2971 = B_SPLINE_CURVE_WITH_KNOTS('',1,(#2972,#2973),.UNSPECIFIED.,.F.,
  .F.,(2,2),(0.,107.78172486648),.PIECEWISE_BEZIER_KNOTS.);
#2972 = CARTESIAN_POINT('',(-57.99776301164,-1.517964989774E-02));
#2973 = CARTESIAN_POINT('',(49.783944752024,4.553888647921E-02));
#2974 = ( GEOMETRIC_REPRESENTATION_CONTEXT(2) 
PARAMETRIC_REPRESENTATION_CONTEXT() REPRESENTATION_CONTEXT('2D SPACE',''
  ) );
#2975 = ORIENTED_EDGE('',*,*,#2976,.T.);
#2976 = EDGE_CURVE('',#2950,#2918,#2977,.T.);
#2977 = SURFACE_CURVE('',#2978,(#2982,#2989),.PCURVE_S1.);
#2978 = LINE('',#2979,#2980);
#2979 = CARTESIAN_POINT('',(-136.783996582,29.997001647949,1.));
#2980 = VECTOR('',#2981,1.);
#2981 = DIRECTION('',(0.780568299991,0.625070499263,0.));
#2982 = PCURVE('',#2926,#2983);
#2983 = DEFINITIONAL_REPRESENTATION('',(#2984),#2988);
#2984 = LINE('',#2985,#2986);
#2985 = CARTESIAN_POINT('',(53.767684134533,-0.328561409228));
#2986 = VECTOR('',#2987,1.);
#2987 = DIRECTION('',(-0.780568299991,0.625070499263));
#2988 = ( GEOMETRIC_REPRESENTATION_CONTEXT(2) 
PARAMETRIC_REPRESENTATION_CONTEXT() REPRESENTATION_CONTEXT('2D SPACE',''
  ) );
#2989 = PCURVE('',#2990,#2995);
#2990 = PLANE('',#2991);
#2991 = AXIS2_PLACEMENT_3D('',#2992,#2993,#2994);
#2992 = CARTESIAN_POINT('',(-135.8906118322,30.712811475505,1.));
#2993 = DIRECTION('',(-0.,-0.,-1.));
#2994 = DIRECTION('',(-1.,0.,0.));
#2995 = DEFINITIONAL_REPRESENTATION('',(#2996),#2999);
#2996 = B_SPLINE_CURVE_WITH_KNOTS('',1,(#2997,#2998),.UNSPECIFIED.,.F.,
  .F.,(2,2),(0.,2.289341374366),.PIECEWISE_BEZIER_KNOTS.);
#2997 = CARTESIAN_POINT('',(0.893384749828,-0.715809827556));
#2998 = CARTESIAN_POINT('',(-0.893602554859,0.715189928304));
#2999 = ( GEOMETRIC_REPRESENTATION_CONTEXT(2) 
PARAMETRIC_REPRESENTATION_CONTEXT() REPRESENTATION_CONTEXT('2D SPACE',''
  ) );
#3000 = ADVANCED_FACE('',(#3001),#2965,.T.);
#3001 = FACE_BOUND('',#3002,.T.);
#3002 = EDGE_LOOP('',(#3003,#3004,#3026));
#3003 = ORIENTED_EDGE('',*,*,#2949,.F.);
#3004 = ORIENTED_EDGE('',*,*,#3005,.T.);
#3005 = EDGE_CURVE('',#2085,#3006,#3008,.T.);
#3006 = VERTEX_POINT('',#3007);
#3007 = CARTESIAN_POINT('',(-144.9977111816,29.936283111572,1.));
#3008 = SURFACE_CURVE('',#3009,(#3013,#3020),.PCURVE_S1.);
#3009 = LINE('',#3010,#3011);
#3010 = CARTESIAN_POINT('',(-29.00228881835,29.936283111572,1.));
#3011 = VECTOR('',#3012,1.);
#3012 = DIRECTION('',(-1.,0.,0.));
#3013 = PCURVE('',#2965,#3014);
#3014 = DEFINITIONAL_REPRESENTATION('',(#3015),#3019);
#3015 = LINE('',#3016,#3017);
#3016 = CARTESIAN_POINT('',(-57.99776301164,-1.517964989774E-02));
#3017 = VECTOR('',#3018,1.);
#3018 = DIRECTION('',(1.,0.));
#3019 = ( GEOMETRIC_REPRESENTATION_CONTEXT(2) 
PARAMETRIC_REPRESENTATION_CONTEXT() REPRESENTATION_CONTEXT('2D SPACE',''
  ) );
#3020 = PCURVE('',#2480,#3021);
#3021 = DEFINITIONAL_REPRESENTATION('',(#3022),#3025);
#3022 = B_SPLINE_CURVE_WITH_KNOTS('',1,(#3023,#3024),.UNSPECIFIED.,.F.,
  .F.,(2,2),(0.,115.99542236328),.PIECEWISE_BEZIER_KNOTS.);
#3023 = CARTESIAN_POINT('',(-0.688905637607,-58.35223248685));
#3024 = CARTESIAN_POINT('',(-0.688905637607,57.643189876427));
#3025 = ( GEOMETRIC_REPRESENTATION_CONTEXT(2) 
PARAMETRIC_REPRESENTATION_CONTEXT() REPRESENTATION_CONTEXT('2D SPACE',''
  ) );
#3026 = ORIENTED_EDGE('',*,*,#3027,.F.);
#3027 = EDGE_CURVE('',#2950,#3006,#3028,.T.);
#3028 = SURFACE_CURVE('',#3029,(#3033,#3039),.PCURVE_S1.);
#3029 = LINE('',#3030,#3031);
#3030 = CARTESIAN_POINT('',(-136.783996582,29.997001647949,1.));
#3031 = VECTOR('',#3032,1.);
#3032 = DIRECTION('',(-0.999972677806,-7.392133811928E-03,0.));
#3033 = PCURVE('',#2965,#3034);
#3034 = DEFINITIONAL_REPRESENTATION('',(#3035),#3038);
#3035 = B_SPLINE_CURVE_WITH_KNOTS('',1,(#3036,#3037),.UNSPECIFIED.,.F.,
  .F.,(2,2),(0.,8.213939022448),.PIECEWISE_BEZIER_KNOTS.);
#3036 = CARTESIAN_POINT('',(49.783944752024,4.553888647921E-02));
#3037 = CARTESIAN_POINT('',(57.997659351634,-1.517964989774E-02));
#3038 = ( GEOMETRIC_REPRESENTATION_CONTEXT(2) 
PARAMETRIC_REPRESENTATION_CONTEXT() REPRESENTATION_CONTEXT('2D SPACE',''
  ) );
#3039 = PCURVE('',#3040,#3045);
#3040 = PLANE('',#3041);
#3041 = AXIS2_PLACEMENT_3D('',#3042,#3043,#3044);
#3042 = CARTESIAN_POINT('',(-140.8908539229,29.966653490069,1.));
#3043 = DIRECTION('',(-0.,-0.,-1.));
#3044 = DIRECTION('',(-1.,0.,0.));
#3045 = DEFINITIONAL_REPRESENTATION('',(#3046),#3050);
#3046 = LINE('',#3047,#3048);
#3047 = CARTESIAN_POINT('',(-4.1068573409,3.034815788005E-02));
#3048 = VECTOR('',#3049,1.);
#3049 = DIRECTION('',(0.999972677806,-7.392133811928E-03));
#3050 = ( GEOMETRIC_REPRESENTATION_CONTEXT(2) 
PARAMETRIC_REPRESENTATION_CONTEXT() REPRESENTATION_CONTEXT('2D SPACE',''
  ) );
#3051 = ADVANCED_FACE('',(#3052),#3064,.T.);
#3052 = FACE_BOUND('',#3053,.T.);
#3053 = EDGE_LOOP('',(#3054,#3086,#3113));
#3054 = ORIENTED_EDGE('',*,*,#3055,.T.);
#3055 = EDGE_CURVE('',#3006,#3056,#3058,.T.);
#3056 = VERTEX_POINT('',#3057);
#3057 = CARTESIAN_POINT('',(-144.8090057373,31.428001403809,1.));
#3058 = SURFACE_CURVE('',#3059,(#3063,#3075),.PCURVE_S1.);
#3059 = LINE('',#3060,#3061);
#3060 = CARTESIAN_POINT('',(-144.9977111816,29.936283111572,1.));
#3061 = VECTOR('',#3062,1.);
#3062 = DIRECTION('',(0.125501861737,0.992093384063,0.));
#3063 = PCURVE('',#3064,#3069);
#3064 = PLANE('',#3065);
#3065 = AXIS2_PLACEMENT_3D('',#3066,#3067,#3068);
#3066 = CARTESIAN_POINT('',(-144.9027956907,30.682637661058,1.));
#3067 = DIRECTION('',(-0.,-0.,-1.));
#3068 = DIRECTION('',(-1.,0.,0.));
#3069 = DEFINITIONAL_REPRESENTATION('',(#3070),#3074);
#3070 = LINE('',#3071,#3072);
#3071 = CARTESIAN_POINT('',(9.491549085249E-02,-0.746354549485));
#3072 = VECTOR('',#3073,1.);
#3073 = DIRECTION('',(-0.125501861737,0.992093384063));
#3074 = ( GEOMETRIC_REPRESENTATION_CONTEXT(2) 
PARAMETRIC_REPRESENTATION_CONTEXT() REPRESENTATION_CONTEXT('2D SPACE',''
  ) );
#3075 = PCURVE('',#3076,#3081);
#3076 = PLANE('',#3077);
#3077 = AXIS2_PLACEMENT_3D('',#3078,#3079,#3080);
#3078 = CARTESIAN_POINT('',(-144.8851344227,31.153493990988,1.));
#3079 = DIRECTION('',(-0.,-0.,-1.));
#3080 = DIRECTION('',(-1.,0.,0.));
#3081 = DEFINITIONAL_REPRESENTATION('',(#3082),#3085);
#3082 = B_SPLINE_CURVE_WITH_KNOTS('',1,(#3083,#3084),.UNSPECIFIED.,.F.,
  .F.,(2,2),(0.,1.503606733197),.PIECEWISE_BEZIER_KNOTS.);
#3083 = CARTESIAN_POINT('',(0.112576758854,-1.217210879415));
#3084 = CARTESIAN_POINT('',(-7.612868548159E-02,0.274507412821));
#3085 = ( GEOMETRIC_REPRESENTATION_CONTEXT(2) 
PARAMETRIC_REPRESENTATION_CONTEXT() REPRESENTATION_CONTEXT('2D SPACE',''
  ) );
#3086 = ORIENTED_EDGE('',*,*,#3087,.T.);
#3087 = EDGE_CURVE('',#3056,#3088,#3090,.T.);
#3088 = VERTEX_POINT('',#3089);
#3089 = CARTESIAN_POINT('',(-144.8070068359,31.428001403809,1.));
#3090 = SURFACE_CURVE('',#3091,(#3095,#3102),.PCURVE_S1.);
#3091 = LINE('',#3092,#3093);
#3092 = CARTESIAN_POINT('',(-144.8090057373,31.428001403809,1.));
#3093 = VECTOR('',#3094,1.);
#3094 = DIRECTION('',(1.,0.,0.));
#3095 = PCURVE('',#3064,#3096);
#3096 = DEFINITIONAL_REPRESENTATION('',(#3097),#3101);
#3097 = LINE('',#3098,#3099);
#3098 = CARTESIAN_POINT('',(-9.378995348345E-02,0.745363742751));
#3099 = VECTOR('',#3100,1.);
#3100 = DIRECTION('',(-1.,0.));
#3101 = ( GEOMETRIC_REPRESENTATION_CONTEXT(2) 
PARAMETRIC_REPRESENTATION_CONTEXT() REPRESENTATION_CONTEXT('2D SPACE',''
  ) );
#3102 = PCURVE('',#3103,#3108);
#3103 = PLANE('',#3104);
#3104 = AXIS2_PLACEMENT_3D('',#3105,#3106,#3107);
#3105 = CARTESIAN_POINT('',(-144.8075070597,31.428001403809,
    1.500501177469));
#3106 = DIRECTION('',(3.639415118129E-23,1.,-3.630151845156E-26));
#3107 = DIRECTION('',(1.,-3.639415118129E-23,0.));
#3108 = DEFINITIONAL_REPRESENTATION('',(#3109),#3112);
#3109 = B_SPLINE_CURVE_WITH_KNOTS('',1,(#3110,#3111),.UNSPECIFIED.,.F.,
  .F.,(2,2),(0.,1.998901367188E-03),.PIECEWISE_BEZIER_KNOTS.);
#3110 = CARTESIAN_POINT('',(-1.498677572357E-03,0.500501177469));
#3111 = CARTESIAN_POINT('',(5.002237948304E-04,0.500501177469));
#3112 = ( GEOMETRIC_REPRESENTATION_CONTEXT(2) 
PARAMETRIC_REPRESENTATION_CONTEXT() REPRESENTATION_CONTEXT('2D SPACE',''
  ) );
#3113 = ORIENTED_EDGE('',*,*,#3114,.T.);
#3114 = EDGE_CURVE('',#3088,#3006,#3115,.T.);
#3115 = SURFACE_CURVE('',#3116,(#3120,#3127),.PCURVE_S1.);
#3116 = LINE('',#3117,#3118);
#3117 = CARTESIAN_POINT('',(-144.8070068359,31.428001403809,1.));
#3118 = VECTOR('',#3119,1.);
#3119 = DIRECTION('',(-0.126809998511,-0.991927025682,0.));
#3120 = PCURVE('',#3064,#3121);
#3121 = DEFINITIONAL_REPRESENTATION('',(#3122),#3126);
#3122 = LINE('',#3123,#3124);
#3123 = CARTESIAN_POINT('',(-9.578885485064E-02,0.745363742751));
#3124 = VECTOR('',#3125,1.);
#3125 = DIRECTION('',(0.126809998511,-0.991927025682));
#3126 = ( GEOMETRIC_REPRESENTATION_CONTEXT(2) 
PARAMETRIC_REPRESENTATION_CONTEXT() REPRESENTATION_CONTEXT('2D SPACE',''
  ) );
#3127 = PCURVE('',#3128,#3133);
#3128 = PLANE('',#3129);
#3129 = AXIS2_PLACEMENT_3D('',#3130,#3131,#3132);
#3130 = CARTESIAN_POINT('',(-144.20475472,30.449338690986,1.));
#3131 = DIRECTION('',(-0.,-0.,-1.));
#3132 = DIRECTION('',(-1.,0.,0.));
#3133 = DEFINITIONAL_REPRESENTATION('',(#3134),#3137);
#3134 = B_SPLINE_CURVE_WITH_KNOTS('',1,(#3135,#3136),.UNSPECIFIED.,.F.,
  .F.,(2,2),(0.,1.503858906568),.PIECEWISE_BEZIER_KNOTS.);
#3135 = CARTESIAN_POINT('',(0.60225211584,0.978662712823));
#3136 = CARTESIAN_POINT('',(0.792956461543,-0.513055579413));
#3137 = ( GEOMETRIC_REPRESENTATION_CONTEXT(2) 
PARAMETRIC_REPRESENTATION_CONTEXT() REPRESENTATION_CONTEXT('2D SPACE',''
  ) );
#3138 = ADVANCED_FACE('',(#3139),#3128,.T.);
#3139 = FACE_BOUND('',#3140,.T.);
#3140 = EDGE_LOOP('',(#3141,#3142,#3169));
#3141 = ORIENTED_EDGE('',*,*,#3114,.F.);
#3142 = ORIENTED_EDGE('',*,*,#3143,.T.);
#3143 = EDGE_CURVE('',#3088,#3144,#3146,.T.);
#3144 = VERTEX_POINT('',#3145);
#3145 = CARTESIAN_POINT('',(-143.0220031738,29.998001098633,1.));
#3146 = SURFACE_CURVE('',#3147,(#3151,#3158),.PCURVE_S1.);
#3147 = LINE('',#3148,#3149);
#3148 = CARTESIAN_POINT('',(-144.8070068359,31.428001403809,1.));
#3149 = VECTOR('',#3150,1.);
#3150 = DIRECTION('',(0.780442629716,-0.625227400009,0.));
#3151 = PCURVE('',#3128,#3152);
#3152 = DEFINITIONAL_REPRESENTATION('',(#3153),#3157);
#3153 = LINE('',#3154,#3155);
#3154 = CARTESIAN_POINT('',(0.60225211584,0.978662712823));
#3155 = VECTOR('',#3156,1.);
#3156 = DIRECTION('',(-0.780442629716,-0.625227400009));
#3157 = ( GEOMETRIC_REPRESENTATION_CONTEXT(2) 
PARAMETRIC_REPRESENTATION_CONTEXT() REPRESENTATION_CONTEXT('2D SPACE',''
  ) );
#3158 = PCURVE('',#3159,#3164);
#3159 = PLANE('',#3160);
#3160 = AXIS2_PLACEMENT_3D('',#3161,#3162,#3163);
#3161 = CARTESIAN_POINT('',(-143.7599496608,30.589184032358,
    1.302964907415));
#3162 = DIRECTION('',(0.625227400009,0.780442629716,-1.628614039333E-16)
  );
#3163 = DIRECTION('',(0.780442629716,-0.625227400009,1.232595164408E-32)
  );
#3164 = DEFINITIONAL_REPRESENTATION('',(#3165),#3168);
#3165 = B_SPLINE_CURVE_WITH_KNOTS('',1,(#3166,#3167),.UNSPECIFIED.,.F.,
  .F.,(2,2),(0.,2.287168324926),.PIECEWISE_BEZIER_KNOTS.);
#3166 = CARTESIAN_POINT('',(-1.341619659406,0.302964907415));
#3167 = CARTESIAN_POINT('',(0.94554866552,0.302964907415));
#3168 = ( GEOMETRIC_REPRESENTATION_CONTEXT(2) 
PARAMETRIC_REPRESENTATION_CONTEXT() REPRESENTATION_CONTEXT('2D SPACE',''
  ) );
#3169 = ORIENTED_EDGE('',*,*,#3170,.F.);
#3170 = EDGE_CURVE('',#3006,#3144,#3171,.T.);
#3171 = SURFACE_CURVE('',#3172,(#3176,#3182),.PCURVE_S1.);
#3172 = LINE('',#3173,#3174);
#3173 = CARTESIAN_POINT('',(-144.9977111816,29.936283111572,1.));
#3174 = VECTOR('',#3175,1.);
#3175 = DIRECTION('',(0.999512437516,3.122318451994E-02,0.));
#3176 = PCURVE('',#3128,#3177);
#3177 = DEFINITIONAL_REPRESENTATION('',(#3178),#3181);
#3178 = B_SPLINE_CURVE_WITH_KNOTS('',1,(#3179,#3180),.UNSPECIFIED.,.F.,
  .F.,(2,2),(0.,1.976671758806),.PIECEWISE_BEZIER_KNOTS.);
#3179 = CARTESIAN_POINT('',(0.792956461543,-0.513055579413));
#3180 = CARTESIAN_POINT('',(-1.182751546269,-0.451337592353));
#3181 = ( GEOMETRIC_REPRESENTATION_CONTEXT(2) 
PARAMETRIC_REPRESENTATION_CONTEXT() REPRESENTATION_CONTEXT('2D SPACE',''
  ) );
#3182 = PCURVE('',#3183,#3188);
#3183 = PLANE('',#3184);
#3184 = AXIS2_PLACEMENT_3D('',#3185,#3186,#3187);
#3185 = CARTESIAN_POINT('',(-144.009607498,29.966899980832,1.));
#3186 = DIRECTION('',(-0.,-0.,-1.));
#3187 = DIRECTION('',(-1.,0.,0.));
#3188 = DEFINITIONAL_REPRESENTATION('',(#3189),#3193);
#3189 = LINE('',#3190,#3191);
#3190 = CARTESIAN_POINT('',(0.988103683587,-3.061686926009E-02));
#3191 = VECTOR('',#3192,1.);
#3192 = DIRECTION('',(-0.999512437516,3.122318451994E-02));
#3193 = ( GEOMETRIC_REPRESENTATION_CONTEXT(2) 
PARAMETRIC_REPRESENTATION_CONTEXT() REPRESENTATION_CONTEXT('2D SPACE',''
  ) );
#3194 = ADVANCED_FACE('',(#3195),#3183,.T.);
#3195 = FACE_BOUND('',#3196,.T.);
#3196 = EDGE_LOOP('',(#3197,#3224,#3249));
#3197 = ORIENTED_EDGE('',*,*,#3198,.T.);
#3198 = EDGE_CURVE('',#3144,#3199,#3201,.T.);
#3199 = VERTEX_POINT('',#3200);
#3200 = CARTESIAN_POINT('',(-143.0220031738,29.997001647949,1.));
#3201 = SURFACE_CURVE('',#3202,(#3206,#3213),.PCURVE_S1.);
#3202 = LINE('',#3203,#3204);
#3203 = CARTESIAN_POINT('',(-143.0220031738,29.998001098633,1.));
#3204 = VECTOR('',#3205,1.);
#3205 = DIRECTION('',(0.,-1.,0.));
#3206 = PCURVE('',#3183,#3207);
#3207 = DEFINITIONAL_REPRESENTATION('',(#3208),#3212);
#3208 = LINE('',#3209,#3210);
#3209 = CARTESIAN_POINT('',(-0.987604324226,3.110111780046E-02));
#3210 = VECTOR('',#3211,1.);
#3211 = DIRECTION('',(0.,-1.));
#3212 = ( GEOMETRIC_REPRESENTATION_CONTEXT(2) 
PARAMETRIC_REPRESENTATION_CONTEXT() REPRESENTATION_CONTEXT('2D SPACE',''
  ) );
#3213 = PCURVE('',#3214,#3219);
#3214 = PLANE('',#3215);
#3215 = AXIS2_PLACEMENT_3D('',#3216,#3217,#3218);
#3216 = CARTESIAN_POINT('',(-143.0220031738,29.997251635233,1.5007506663
    ));
#3217 = DIRECTION('',(1.,0.,0.));
#3218 = DIRECTION('',(-0.,0.,1.));
#3219 = DEFINITIONAL_REPRESENTATION('',(#3220),#3223);
#3220 = B_SPLINE_CURVE_WITH_KNOTS('',1,(#3221,#3222),.UNSPECIFIED.,.F.,
  .F.,(2,2),(0.,9.994506835938E-04),.PIECEWISE_BEZIER_KNOTS.);
#3221 = CARTESIAN_POINT('',(-0.5007506663,-7.494633993481E-04));
#3222 = CARTESIAN_POINT('',(-0.5007506663,2.499872842456E-04));
#3223 = ( GEOMETRIC_REPRESENTATION_CONTEXT(2) 
PARAMETRIC_REPRESENTATION_CONTEXT() REPRESENTATION_CONTEXT('2D SPACE',''
  ) );
#3224 = ORIENTED_EDGE('',*,*,#3225,.T.);
#3225 = EDGE_CURVE('',#3199,#3006,#3226,.T.);
#3226 = SURFACE_CURVE('',#3227,(#3231,#3238),.PCURVE_S1.);
#3227 = LINE('',#3228,#3229);
#3228 = CARTESIAN_POINT('',(-143.0220031738,29.997001647949,1.));
#3229 = VECTOR('',#3230,1.);
#3230 = DIRECTION('',(-0.999528089581,-3.071804255843E-02,0.));
#3231 = PCURVE('',#3183,#3232);
#3232 = DEFINITIONAL_REPRESENTATION('',(#3233),#3237);
#3233 = LINE('',#3234,#3235);
#3234 = CARTESIAN_POINT('',(-0.987604324226,3.010166711686E-02));
#3235 = VECTOR('',#3236,1.);
#3236 = DIRECTION('',(0.999528089581,-3.071804255843E-02));
#3237 = ( GEOMETRIC_REPRESENTATION_CONTEXT(2) 
PARAMETRIC_REPRESENTATION_CONTEXT() REPRESENTATION_CONTEXT('2D SPACE',''
  ) );
#3238 = PCURVE('',#3239,#3244);
#3239 = PLANE('',#3240);
#3240 = AXIS2_PLACEMENT_3D('',#3241,#3242,#3243);
#3241 = CARTESIAN_POINT('',(-140.8940369158,29.978167252551,1.));
#3242 = DIRECTION('',(-0.,-0.,-1.));
#3243 = DIRECTION('',(-1.,0.,0.));
#3244 = DEFINITIONAL_REPRESENTATION('',(#3245),#3248);
#3245 = B_SPLINE_CURVE_WITH_KNOTS('',1,(#3246,#3247),.UNSPECIFIED.,.F.,
  .F.,(2,2),(0.,1.976640805203),.PIECEWISE_BEZIER_KNOTS.);
#3246 = CARTESIAN_POINT('',(2.127966258004,1.883439539817E-02));
#3247 = CARTESIAN_POINT('',(4.103674265816,-4.188414097879E-02));
#3248 = ( GEOMETRIC_REPRESENTATION_CONTEXT(2) 
PARAMETRIC_REPRESENTATION_CONTEXT() REPRESENTATION_CONTEXT('2D SPACE',''
  ) );
#3249 = ORIENTED_EDGE('',*,*,#3170,.T.);
#3250 = ADVANCED_FACE('',(#3251),#3076,.T.);
#3251 = FACE_BOUND('',#3252,.T.);
#3252 = EDGE_LOOP('',(#3253,#3280,#3281));
#3253 = ORIENTED_EDGE('',*,*,#3254,.T.);
#3254 = EDGE_CURVE('',#3255,#3056,#3257,.T.);
#3255 = VERTEX_POINT('',#3256);
#3256 = CARTESIAN_POINT('',(-144.8090057373,32.373001098633,1.));
#3257 = SURFACE_CURVE('',#3258,(#3262,#3269),.PCURVE_S1.);
#3258 = LINE('',#3259,#3260);
#3259 = CARTESIAN_POINT('',(-144.8090057373,32.373001098633,1.));
#3260 = VECTOR('',#3261,1.);
#3261 = DIRECTION('',(0.,-1.,0.));
#3262 = PCURVE('',#3076,#3263);
#3263 = DEFINITIONAL_REPRESENTATION('',(#3264),#3268);
#3264 = LINE('',#3265,#3266);
#3265 = CARTESIAN_POINT('',(-7.612868548159E-02,1.219507107645));
#3266 = VECTOR('',#3267,1.);
#3267 = DIRECTION('',(0.,-1.));
#3268 = ( GEOMETRIC_REPRESENTATION_CONTEXT(2) 
PARAMETRIC_REPRESENTATION_CONTEXT() REPRESENTATION_CONTEXT('2D SPACE',''
  ) );
#3269 = PCURVE('',#3270,#3275);
#3270 = PLANE('',#3271);
#3271 = AXIS2_PLACEMENT_3D('',#3272,#3273,#3274);
#3272 = CARTESIAN_POINT('',(-144.8090057373,31.758082909728,
    1.358582062865));
#3273 = DIRECTION('',(1.,0.,0.));
#3274 = DIRECTION('',(-0.,0.,1.));
#3275 = DEFINITIONAL_REPRESENTATION('',(#3276),#3279);
#3276 = B_SPLINE_CURVE_WITH_KNOTS('',1,(#3277,#3278),.UNSPECIFIED.,.F.,
  .F.,(2,2),(0.,0.944999694824),.PIECEWISE_BEZIER_KNOTS.);
#3277 = CARTESIAN_POINT('',(-0.358582062865,-0.614918188905));
#3278 = CARTESIAN_POINT('',(-0.358582062865,0.330081505919));
#3279 = ( GEOMETRIC_REPRESENTATION_CONTEXT(2) 
PARAMETRIC_REPRESENTATION_CONTEXT() REPRESENTATION_CONTEXT('2D SPACE',''
  ) );
#3280 = ORIENTED_EDGE('',*,*,#3055,.F.);
#3281 = ORIENTED_EDGE('',*,*,#3282,.F.);
#3282 = EDGE_CURVE('',#3255,#3006,#3283,.T.);
#3283 = SURFACE_CURVE('',#3284,(#3288,#3294),.PCURVE_S1.);
#3284 = LINE('',#3285,#3286);
#3285 = CARTESIAN_POINT('',(-144.8090057373,32.373001098633,1.));
#3286 = VECTOR('',#3287,1.);
#3287 = DIRECTION('',(-7.721127887636E-02,-0.997014753358,0.));
#3288 = PCURVE('',#3076,#3289);
#3289 = DEFINITIONAL_REPRESENTATION('',(#3290),#3293);
#3290 = B_SPLINE_CURVE_WITH_KNOTS('',1,(#3291,#3292),.UNSPECIFIED.,.F.,
  .F.,(2,2),(0.,2.444013971561),.PIECEWISE_BEZIER_KNOTS.);
#3291 = CARTESIAN_POINT('',(-7.612868548159E-02,1.219507107645));
#3292 = CARTESIAN_POINT('',(0.112576758854,-1.217210879415));
#3293 = ( GEOMETRIC_REPRESENTATION_CONTEXT(2) 
PARAMETRIC_REPRESENTATION_CONTEXT() REPRESENTATION_CONTEXT('2D SPACE',''
  ) );
#3294 = PCURVE('',#3295,#3300);
#3295 = PLANE('',#3296);
#3296 = AXIS2_PLACEMENT_3D('',#3297,#3298,#3299);
#3297 = CARTESIAN_POINT('',(-144.9505020752,33.780663943226,1.));
#3298 = DIRECTION('',(-0.,-0.,-1.));
#3299 = DIRECTION('',(-1.,0.,0.));
#3300 = DEFINITIONAL_REPRESENTATION('',(#3301),#3305);
#3301 = LINE('',#3302,#3303);
#3302 = CARTESIAN_POINT('',(-0.14149633799,-1.407662844593));
#3303 = VECTOR('',#3304,1.);
#3304 = DIRECTION('',(7.721127887636E-02,-0.997014753358));
#3305 = ( GEOMETRIC_REPRESENTATION_CONTEXT(2) 
PARAMETRIC_REPRESENTATION_CONTEXT() REPRESENTATION_CONTEXT('2D SPACE',''
  ) );
#3306 = ADVANCED_FACE('',(#3307),#3321,.T.);
#3307 = FACE_BOUND('',#3308,.T.);
#3308 = EDGE_LOOP('',(#3309,#3343,#3370));
#3309 = ORIENTED_EDGE('',*,*,#3310,.T.);
#3310 = EDGE_CURVE('',#3311,#3313,#3315,.T.);
#3311 = VERTEX_POINT('',#3312);
#3312 = CARTESIAN_POINT('',(-144.8509979248,37.686000823975,1.));
#3313 = VERTEX_POINT('',#3314);
#3314 = CARTESIAN_POINT('',(-144.8509979248,38.520999908447,
    2.002000808716));
#3315 = SURFACE_CURVE('',#3316,(#3320,#3332),.PCURVE_S1.);
#3316 = LINE('',#3317,#3318);
#3317 = CARTESIAN_POINT('',(-144.8509979248,37.686000823975,1.));
#3318 = VECTOR('',#3319,1.);
#3319 = DIRECTION('',(0.,0.64018368048,0.768221878917));
#3320 = PCURVE('',#3321,#3326);
#3321 = PLANE('',#3322);
#3322 = AXIS2_PLACEMENT_3D('',#3323,#3324,#3325);
#3323 = CARTESIAN_POINT('',(-144.8509979248,38.236672406747,
    1.367828363822));
#3324 = DIRECTION('',(-1.,-4.204548345056E-28,1.941251238078E-28));
#3325 = DIRECTION('',(4.204548345056E-28,-1.,0.));
#3326 = DEFINITIONAL_REPRESENTATION('',(#3327),#3331);
#3327 = LINE('',#3328,#3329);
#3328 = CARTESIAN_POINT('',(0.550671582773,-0.367828363822));
#3329 = VECTOR('',#3330,1.);
#3330 = DIRECTION('',(-0.64018368048,0.768221878917));
#3331 = ( GEOMETRIC_REPRESENTATION_CONTEXT(2) 
PARAMETRIC_REPRESENTATION_CONTEXT() REPRESENTATION_CONTEXT('2D SPACE',''
  ) );
#3332 = PCURVE('',#3333,#3338);
#3333 = PLANE('',#3334);
#3334 = AXIS2_PLACEMENT_3D('',#3335,#3336,#3337);
#3335 = CARTESIAN_POINT('',(-144.8509979248,37.970328325675,
    1.634172444894));
#3336 = DIRECTION('',(-1.,4.161296076233E-28,-1.90781768388E-28));
#3337 = DIRECTION('',(-4.161296076233E-28,-1.,0.));
#3338 = DEFINITIONAL_REPRESENTATION('',(#3339),#3342);
#3339 = B_SPLINE_CURVE_WITH_KNOTS('',1,(#3340,#3341),.UNSPECIFIED.,.F.,
  .F.,(2,2),(0.,1.304311731043),.PIECEWISE_BEZIER_KNOTS.);
#3340 = CARTESIAN_POINT('',(0.2843275017,-0.634172444894));
#3341 = CARTESIAN_POINT('',(-0.550671582773,0.367828363822));
#3342 = ( GEOMETRIC_REPRESENTATION_CONTEXT(2) 
PARAMETRIC_REPRESENTATION_CONTEXT() REPRESENTATION_CONTEXT('2D SPACE',''
  ) );
#3343 = ORIENTED_EDGE('',*,*,#3344,.T.);
#3344 = EDGE_CURVE('',#3313,#3345,#3347,.T.);
#3345 = VERTEX_POINT('',#3346);
#3346 = CARTESIAN_POINT('',(-144.8509979248,38.520999908447,1.));
#3347 = SURFACE_CURVE('',#3348,(#3352,#3359),.PCURVE_S1.);
#3348 = LINE('',#3349,#3350);
#3349 = CARTESIAN_POINT('',(-144.8509979248,38.520999908447,
    2.002000808716));
#3350 = VECTOR('',#3351,1.);
#3351 = DIRECTION('',(0.,0.,-1.));
#3352 = PCURVE('',#3321,#3353);
#3353 = DEFINITIONAL_REPRESENTATION('',(#3354),#3358);
#3354 = LINE('',#3355,#3356);
#3355 = CARTESIAN_POINT('',(-0.2843275017,0.634172444894));
#3356 = VECTOR('',#3357,1.);
#3357 = DIRECTION('',(0.,-1.));
#3358 = ( GEOMETRIC_REPRESENTATION_CONTEXT(2) 
PARAMETRIC_REPRESENTATION_CONTEXT() REPRESENTATION_CONTEXT('2D SPACE',''
  ) );
#3359 = PCURVE('',#3360,#3365);
#3360 = PLANE('',#3361);
#3361 = AXIS2_PLACEMENT_3D('',#3362,#3363,#3364);
#3362 = CARTESIAN_POINT('',(-144.1546544027,39.078731772035,
    1.305415962489));
#3363 = DIRECTION('',(-0.625144006445,0.780509430569,1.613171706656E-16)
  );
#3364 = DIRECTION('',(0.780509430569,0.625144006445,1.232595164408E-32)
  );
#3365 = DEFINITIONAL_REPRESENTATION('',(#3366),#3369);
#3366 = B_SPLINE_CURVE_WITH_KNOTS('',1,(#3367,#3368),.UNSPECIFIED.,.F.,
  .F.,(2,2),(0.,1.002000808716),.PIECEWISE_BEZIER_KNOTS.);
#3367 = CARTESIAN_POINT('',(-0.892165417629,-0.696584846227));
#3368 = CARTESIAN_POINT('',(-0.892165417629,0.305415962489));
#3369 = ( GEOMETRIC_REPRESENTATION_CONTEXT(2) 
PARAMETRIC_REPRESENTATION_CONTEXT() REPRESENTATION_CONTEXT('2D SPACE',''
  ) );
#3370 = ORIENTED_EDGE('',*,*,#3371,.T.);
#3371 = EDGE_CURVE('',#3345,#3311,#3372,.T.);
#3372 = SURFACE_CURVE('',#3373,(#3377,#3384),.PCURVE_S1.);
#3373 = LINE('',#3374,#3375);
#3374 = CARTESIAN_POINT('',(-144.8509979248,38.520999908447,1.));
#3375 = VECTOR('',#3376,1.);
#3376 = DIRECTION('',(0.,-1.,0.));
#3377 = PCURVE('',#3321,#3378);
#3378 = DEFINITIONAL_REPRESENTATION('',(#3379),#3383);
#3379 = LINE('',#3380,#3381);
#3380 = CARTESIAN_POINT('',(-0.2843275017,-0.367828363822));
#3381 = VECTOR('',#3382,1.);
#3382 = DIRECTION('',(1.,-8.162084680398E-56));
#3383 = ( GEOMETRIC_REPRESENTATION_CONTEXT(2) 
PARAMETRIC_REPRESENTATION_CONTEXT() REPRESENTATION_CONTEXT('2D SPACE',''
  ) );
#3384 = PCURVE('',#3385,#3390);
#3385 = PLANE('',#3386);
#3386 = AXIS2_PLACEMENT_3D('',#3387,#3388,#3389);
#3387 = CARTESIAN_POINT('',(-144.1245294337,38.842348524689,1.));
#3388 = DIRECTION('',(-0.,-0.,-1.));
#3389 = DIRECTION('',(-1.,0.,0.));
#3390 = DEFINITIONAL_REPRESENTATION('',(#3391),#3394);
#3391 = B_SPLINE_CURVE_WITH_KNOTS('',1,(#3392,#3393),.UNSPECIFIED.,.F.,
  .F.,(2,2),(0.,0.834999084473),.PIECEWISE_BEZIER_KNOTS.);
#3392 = CARTESIAN_POINT('',(0.726468491018,-0.321348616242));
#3393 = CARTESIAN_POINT('',(0.726468491018,-1.156347700714));
#3394 = ( GEOMETRIC_REPRESENTATION_CONTEXT(2) 
PARAMETRIC_REPRESENTATION_CONTEXT() REPRESENTATION_CONTEXT('2D SPACE',''
  ) );
#3395 = ADVANCED_FACE('',(#3396),#3333,.T.);
#3396 = FACE_BOUND('',#3397,.T.);
#3397 = EDGE_LOOP('',(#3398,#3425,#3426));
#3398 = ORIENTED_EDGE('',*,*,#3399,.T.);
#3399 = EDGE_CURVE('',#3400,#3313,#3402,.T.);
#3400 = VERTEX_POINT('',#3401);
#3401 = CARTESIAN_POINT('',(-144.8509979248,37.686000823975,
    2.002000808716));
#3402 = SURFACE_CURVE('',#3403,(#3407,#3414),.PCURVE_S1.);
#3403 = LINE('',#3404,#3405);
#3404 = CARTESIAN_POINT('',(-144.8509979248,37.686000823975,
    2.002000808716));
#3405 = VECTOR('',#3406,1.);
#3406 = DIRECTION('',(0.,1.,0.));
#3407 = PCURVE('',#3333,#3408);
#3408 = DEFINITIONAL_REPRESENTATION('',(#3409),#3413);
#3409 = LINE('',#3410,#3411);
#3410 = CARTESIAN_POINT('',(0.2843275017,0.367828363822));
#3411 = VECTOR('',#3412,1.);
#3412 = DIRECTION('',(-1.,7.9389942421E-56));
#3413 = ( GEOMETRIC_REPRESENTATION_CONTEXT(2) 
PARAMETRIC_REPRESENTATION_CONTEXT() REPRESENTATION_CONTEXT('2D SPACE',''
  ) );
#3414 = PCURVE('',#3415,#3420);
#3415 = PLANE('',#3416);
#3416 = AXIS2_PLACEMENT_3D('',#3417,#3418,#3419);
#3417 = CARTESIAN_POINT('',(-144.8904007409,38.053299581676,
    2.002000808716));
#3418 = DIRECTION('',(-0.,-0.,-1.));
#3419 = DIRECTION('',(-1.,0.,0.));
#3420 = DEFINITIONAL_REPRESENTATION('',(#3421),#3424);
#3421 = B_SPLINE_CURVE_WITH_KNOTS('',1,(#3422,#3423),.UNSPECIFIED.,.F.,
  .F.,(2,2),(0.,0.834999084473),.PIECEWISE_BEZIER_KNOTS.);
#3422 = CARTESIAN_POINT('',(-3.940281618154E-02,-0.367298757702));
#3423 = CARTESIAN_POINT('',(-3.940281618154E-02,0.467700326771));
#3424 = ( GEOMETRIC_REPRESENTATION_CONTEXT(2) 
PARAMETRIC_REPRESENTATION_CONTEXT() REPRESENTATION_CONTEXT('2D SPACE',''
  ) );
#3425 = ORIENTED_EDGE('',*,*,#3310,.F.);
#3426 = ORIENTED_EDGE('',*,*,#3427,.T.);
#3427 = EDGE_CURVE('',#3311,#3400,#3428,.T.);
#3428 = SURFACE_CURVE('',#3429,(#3433,#3440),.PCURVE_S1.);
#3429 = LINE('',#3430,#3431);
#3430 = CARTESIAN_POINT('',(-144.8509979248,37.686000823975,1.));
#3431 = VECTOR('',#3432,1.);
#3432 = DIRECTION('',(0.,0.,1.));
#3433 = PCURVE('',#3333,#3434);
#3434 = DEFINITIONAL_REPRESENTATION('',(#3435),#3439);
#3435 = LINE('',#3436,#3437);
#3436 = CARTESIAN_POINT('',(0.2843275017,-0.634172444894));
#3437 = VECTOR('',#3438,1.);
#3438 = DIRECTION('',(0.,1.));
#3439 = ( GEOMETRIC_REPRESENTATION_CONTEXT(2) 
PARAMETRIC_REPRESENTATION_CONTEXT() REPRESENTATION_CONTEXT('2D SPACE',''
  ) );
#3440 = PCURVE('',#3441,#3446);
#3441 = PLANE('',#3442);
#3442 = AXIS2_PLACEMENT_3D('',#3443,#3444,#3445);
#3443 = CARTESIAN_POINT('',(-144.1660908403,37.137335978443,
    1.695874372823));
#3444 = DIRECTION('',(-0.625208509954,-0.780457762522,-0.));
#3445 = DIRECTION('',(-0.780457762522,0.625208509954,0.));
#3446 = DEFINITIONAL_REPRESENTATION('',(#3447),#3450);
#3447 = B_SPLINE_CURVE_WITH_KNOTS('',1,(#3448,#3449),.UNSPECIFIED.,.F.,
  .F.,(2,2),(0.,1.002000808716),.PIECEWISE_BEZIER_KNOTS.);
#3448 = CARTESIAN_POINT('',(0.877570981194,0.695874372823));
#3449 = CARTESIAN_POINT('',(0.877570981194,-0.306126435892));
#3450 = ( GEOMETRIC_REPRESENTATION_CONTEXT(2) 
PARAMETRIC_REPRESENTATION_CONTEXT() REPRESENTATION_CONTEXT('2D SPACE',''
  ) );
#3451 = ADVANCED_FACE('',(#3452),#3360,.T.);
#3452 = FACE_BOUND('',#3453,.T.);
#3453 = EDGE_LOOP('',(#3454,#3476,#3477));
#3454 = ORIENTED_EDGE('',*,*,#3455,.T.);
#3455 = EDGE_CURVE('',#3456,#3345,#3458,.T.);
#3456 = VERTEX_POINT('',#3457);
#3457 = CARTESIAN_POINT('',(-143.1529998779,39.881000518799,1.));
#3458 = SURFACE_CURVE('',#3459,(#3463,#3470),.PCURVE_S1.);
#3459 = LINE('',#3460,#3461);
#3460 = CARTESIAN_POINT('',(-143.1529998779,39.881000518799,1.));
#3461 = VECTOR('',#3462,1.);
#3462 = DIRECTION('',(-0.780509430569,-0.625144006445,0.));
#3463 = PCURVE('',#3360,#3464);
#3464 = DEFINITIONAL_REPRESENTATION('',(#3465),#3469);
#3465 = LINE('',#3466,#3467);
#3466 = CARTESIAN_POINT('',(1.283334301367,0.305415962489));
#3467 = VECTOR('',#3468,1.);
#3468 = DIRECTION('',(-1.,-5.151660885921E-32));
#3469 = ( GEOMETRIC_REPRESENTATION_CONTEXT(2) 
PARAMETRIC_REPRESENTATION_CONTEXT() REPRESENTATION_CONTEXT('2D SPACE',''
  ) );
#3470 = PCURVE('',#3385,#3471);
#3471 = DEFINITIONAL_REPRESENTATION('',(#3472),#3475);
#3472 = B_SPLINE_CURVE_WITH_KNOTS('',1,(#3473,#3474),.UNSPECIFIED.,.F.,
  .F.,(2,2),(0.,2.175499718995),.PIECEWISE_BEZIER_KNOTS.);
#3473 = CARTESIAN_POINT('',(-0.971529555857,1.03865199411));
#3474 = CARTESIAN_POINT('',(0.726468491018,-0.321348616242));
#3475 = ( GEOMETRIC_REPRESENTATION_CONTEXT(2) 
PARAMETRIC_REPRESENTATION_CONTEXT() REPRESENTATION_CONTEXT('2D SPACE',''
  ) );
#3476 = ORIENTED_EDGE('',*,*,#3344,.F.);
#3477 = ORIENTED_EDGE('',*,*,#3478,.F.);
#3478 = EDGE_CURVE('',#3456,#3313,#3479,.T.);
#3479 = SURFACE_CURVE('',#3480,(#3484,#3490),.PCURVE_S1.);
#3480 = LINE('',#3481,#3482);
#3481 = CARTESIAN_POINT('',(-143.1529998779,39.881000518799,1.));
#3482 = VECTOR('',#3483,1.);
#3483 = DIRECTION('',(-0.708928042414,-0.567811354172,0.418343515251));
#3484 = PCURVE('',#3360,#3485);
#3485 = DEFINITIONAL_REPRESENTATION('',(#3486),#3489);
#3486 = B_SPLINE_CURVE_WITH_KNOTS('',1,(#3487,#3488),.UNSPECIFIED.,.F.,
  .F.,(2,2),(0.,2.395162760235),.PIECEWISE_BEZIER_KNOTS.);
#3487 = CARTESIAN_POINT('',(1.283334301367,0.305415962489));
#3488 = CARTESIAN_POINT('',(-0.892165417629,-0.696584846227));
#3489 = ( GEOMETRIC_REPRESENTATION_CONTEXT(2) 
PARAMETRIC_REPRESENTATION_CONTEXT() REPRESENTATION_CONTEXT('2D SPACE',''
  ) );
#3490 = PCURVE('',#3491,#3496);
#3491 = PLANE('',#3492);
#3492 = AXIS2_PLACEMENT_3D('',#3493,#3494,#3495);
#3493 = CARTESIAN_POINT('',(-143.8493434,39.323268655211,1.696584846227)
  );
#3494 = DIRECTION('',(-0.625144006445,0.780509430569,1.613171706656E-16)
  );
#3495 = DIRECTION('',(0.780509430569,0.625144006445,1.232595164408E-32)
  );
#3496 = DEFINITIONAL_REPRESENTATION('',(#3497),#3501);
#3497 = LINE('',#3498,#3499);
#3498 = CARTESIAN_POINT('',(0.892165417629,0.696584846227));
#3499 = VECTOR('',#3500,1.);
#3500 = DIRECTION('',(-0.90828888755,-0.418343515251));
#3501 = ( GEOMETRIC_REPRESENTATION_CONTEXT(2) 
PARAMETRIC_REPRESENTATION_CONTEXT() REPRESENTATION_CONTEXT('2D SPACE',''
  ) );
#3502 = ADVANCED_FACE('',(#3503),#3491,.T.);
#3503 = FACE_BOUND('',#3504,.T.);
#3504 = EDGE_LOOP('',(#3505,#3532,#3557));
#3505 = ORIENTED_EDGE('',*,*,#3506,.T.);
#3506 = EDGE_CURVE('',#3313,#3507,#3509,.T.);
#3507 = VERTEX_POINT('',#3508);
#3508 = CARTESIAN_POINT('',(-143.1529998779,39.881000518799,
    2.002000808716));
#3509 = SURFACE_CURVE('',#3510,(#3514,#3521),.PCURVE_S1.);
#3510 = LINE('',#3511,#3512);
#3511 = CARTESIAN_POINT('',(-144.8509979248,38.520999908447,
    2.002000808716));
#3512 = VECTOR('',#3513,1.);
#3513 = DIRECTION('',(0.780509430569,0.625144006445,0.));
#3514 = PCURVE('',#3491,#3515);
#3515 = DEFINITIONAL_REPRESENTATION('',(#3516),#3520);
#3516 = LINE('',#3517,#3518);
#3517 = CARTESIAN_POINT('',(-1.283334301367,-0.305415962489));
#3518 = VECTOR('',#3519,1.);
#3519 = DIRECTION('',(1.,5.151660885921E-32));
#3520 = ( GEOMETRIC_REPRESENTATION_CONTEXT(2) 
PARAMETRIC_REPRESENTATION_CONTEXT() REPRESENTATION_CONTEXT('2D SPACE',''
  ) );
#3521 = PCURVE('',#3522,#3527);
#3522 = PLANE('',#3523);
#3523 = AXIS2_PLACEMENT_3D('',#3524,#3525,#3526);
#3524 = CARTESIAN_POINT('',(-143.9922798186,39.250909082164,
    2.002000808716));
#3525 = DIRECTION('',(-0.,-0.,-1.));
#3526 = DIRECTION('',(-1.,0.,0.));
#3527 = DEFINITIONAL_REPRESENTATION('',(#3528),#3531);
#3528 = B_SPLINE_CURVE_WITH_KNOTS('',1,(#3529,#3530),.UNSPECIFIED.,.F.,
  .F.,(2,2),(0.,2.175499718995),.PIECEWISE_BEZIER_KNOTS.);
#3529 = CARTESIAN_POINT('',(0.858718106198,-0.729909173717));
#3530 = CARTESIAN_POINT('',(-0.839279940677,0.630091436635));
#3531 = ( GEOMETRIC_REPRESENTATION_CONTEXT(2) 
PARAMETRIC_REPRESENTATION_CONTEXT() REPRESENTATION_CONTEXT('2D SPACE',''
  ) );
#3532 = ORIENTED_EDGE('',*,*,#3533,.T.);
#3533 = EDGE_CURVE('',#3507,#3456,#3534,.T.);
#3534 = SURFACE_CURVE('',#3535,(#3539,#3546),.PCURVE_S1.);
#3535 = LINE('',#3536,#3537);
#3536 = CARTESIAN_POINT('',(-143.1529998779,39.881000518799,
    2.002000808716));
#3537 = VECTOR('',#3538,1.);
#3538 = DIRECTION('',(0.,0.,-1.));
#3539 = PCURVE('',#3491,#3540);
#3540 = DEFINITIONAL_REPRESENTATION('',(#3541),#3545);
#3541 = LINE('',#3542,#3543);
#3542 = CARTESIAN_POINT('',(0.892165417629,-0.305415962489));
#3543 = VECTOR('',#3544,1.);
#3544 = DIRECTION('',(0.,1.));
#3545 = ( GEOMETRIC_REPRESENTATION_CONTEXT(2) 
PARAMETRIC_REPRESENTATION_CONTEXT() REPRESENTATION_CONTEXT('2D SPACE',''
  ) );
#3546 = PCURVE('',#3547,#3552);
#3547 = PLANE('',#3548);
#3548 = AXIS2_PLACEMENT_3D('',#3549,#3550,#3551);
#3549 = CARTESIAN_POINT('',(-140.3275956171,39.881000518799,
    1.270900819964));
#3550 = DIRECTION('',(0.,1.,0.));
#3551 = DIRECTION('',(0.,-0.,1.));
#3552 = DEFINITIONAL_REPRESENTATION('',(#3553),#3556);
#3553 = B_SPLINE_CURVE_WITH_KNOTS('',1,(#3554,#3555),.UNSPECIFIED.,.F.,
  .F.,(2,2),(0.,1.002000808716),.PIECEWISE_BEZIER_KNOTS.);
#3554 = CARTESIAN_POINT('',(0.731099988752,-2.825404260821));
#3555 = CARTESIAN_POINT('',(-0.270900819964,-2.825404260821));
#3556 = ( GEOMETRIC_REPRESENTATION_CONTEXT(2) 
PARAMETRIC_REPRESENTATION_CONTEXT() REPRESENTATION_CONTEXT('2D SPACE',''
  ) );
#3557 = ORIENTED_EDGE('',*,*,#3478,.T.);
#3558 = ADVANCED_FACE('',(#3559),#3385,.T.);
#3559 = FACE_BOUND('',#3560,.T.);
#3560 = EDGE_LOOP('',(#3561,#3562,#3563));
#3561 = ORIENTED_EDGE('',*,*,#3371,.F.);
#3562 = ORIENTED_EDGE('',*,*,#3455,.F.);
#3563 = ORIENTED_EDGE('',*,*,#3564,.F.);
#3564 = EDGE_CURVE('',#3311,#3456,#3565,.T.);
#3565 = SURFACE_CURVE('',#3566,(#3570,#3576),.PCURVE_S1.);
#3566 = LINE('',#3567,#3568);
#3567 = CARTESIAN_POINT('',(-144.8509979248,37.686000823975,1.));
#3568 = VECTOR('',#3569,1.);
#3569 = DIRECTION('',(0.611867509285,0.790960271494,0.));
#3570 = PCURVE('',#3385,#3571);
#3571 = DEFINITIONAL_REPRESENTATION('',(#3572),#3575);
#3572 = B_SPLINE_CURVE_WITH_KNOTS('',1,(#3573,#3574),.UNSPECIFIED.,.F.,
  .F.,(2,2),(0.,2.775107390259),.PIECEWISE_BEZIER_KNOTS.);
#3573 = CARTESIAN_POINT('',(0.726468491018,-1.156347700714));
#3574 = CARTESIAN_POINT('',(-0.971529555857,1.03865199411));
#3575 = ( GEOMETRIC_REPRESENTATION_CONTEXT(2) 
PARAMETRIC_REPRESENTATION_CONTEXT() REPRESENTATION_CONTEXT('2D SPACE',''
  ) );
#3576 = PCURVE('',#3577,#3582);
#3577 = PLANE('',#3578);
#3578 = AXIS2_PLACEMENT_3D('',#3579,#3580,#3581);
#3579 = CARTESIAN_POINT('',(-143.6550350463,38.054662004766,1.));
#3580 = DIRECTION('',(-0.,-0.,-1.));
#3581 = DIRECTION('',(-1.,0.,0.));
#3582 = DEFINITIONAL_REPRESENTATION('',(#3583),#3587);
#3583 = LINE('',#3584,#3585);
#3584 = CARTESIAN_POINT('',(1.195962878462,-0.368661180791));
#3585 = VECTOR('',#3586,1.);
#3586 = DIRECTION('',(-0.611867509285,0.790960271494));
#3587 = ( GEOMETRIC_REPRESENTATION_CONTEXT(2) 
PARAMETRIC_REPRESENTATION_CONTEXT() REPRESENTATION_CONTEXT('2D SPACE',''
  ) );
#3588 = ADVANCED_FACE('',(#3589),#3603,.T.);
#3589 = FACE_BOUND('',#3590,.T.);
#3590 = EDGE_LOOP('',(#3591,#3625,#3645));
#3591 = ORIENTED_EDGE('',*,*,#3592,.T.);
#3592 = EDGE_CURVE('',#3593,#3595,#3597,.T.);
#3593 = VERTEX_POINT('',#3594);
#3594 = CARTESIAN_POINT('',(-140.5119934082,36.344997406006,1.));
#3595 = VERTEX_POINT('',#3596);
#3596 = CARTESIAN_POINT('',(-143.1770019531,36.344997406006,1.));
#3597 = SURFACE_CURVE('',#3598,(#3602,#3614),.PCURVE_S1.);
#3598 = LINE('',#3599,#3600);
#3599 = CARTESIAN_POINT('',(-140.5119934082,36.344997406006,1.));
#3600 = VECTOR('',#3601,1.);
#3601 = DIRECTION('',(-1.,0.,0.));
#3602 = PCURVE('',#3603,#3608);
#3603 = PLANE('',#3604);
#3604 = AXIS2_PLACEMENT_3D('',#3605,#3606,#3607);
#3605 = CARTESIAN_POINT('',(-142.279416138,37.669102821297,1.));
#3606 = DIRECTION('',(-0.,-0.,-1.));
#3607 = DIRECTION('',(-1.,0.,0.));
#3608 = DEFINITIONAL_REPRESENTATION('',(#3609),#3613);
#3609 = LINE('',#3610,#3611);
#3610 = CARTESIAN_POINT('',(-1.767422729868,-1.324105415291));
#3611 = VECTOR('',#3612,1.);
#3612 = DIRECTION('',(1.,0.));
#3613 = ( GEOMETRIC_REPRESENTATION_CONTEXT(2) 
PARAMETRIC_REPRESENTATION_CONTEXT() REPRESENTATION_CONTEXT('2D SPACE',''
  ) );
#3614 = PCURVE('',#3615,#3620);
#3615 = PLANE('',#3616);
#3616 = AXIS2_PLACEMENT_3D('',#3617,#3618,#3619);
#3617 = CARTESIAN_POINT('',(-142.0494619464,36.344997406006,
    1.296036138568));
#3618 = DIRECTION('',(-0.,-1.,-0.));
#3619 = DIRECTION('',(0.,0.,-1.));
#3620 = DEFINITIONAL_REPRESENTATION('',(#3621),#3624);
#3621 = B_SPLINE_CURVE_WITH_KNOTS('',1,(#3622,#3623),.UNSPECIFIED.,.F.,
  .F.,(2,2),(0.,2.665008544922),.PIECEWISE_BEZIER_KNOTS.);
#3622 = CARTESIAN_POINT('',(0.296036138568,1.537468538251));
#3623 = CARTESIAN_POINT('',(0.296036138568,-1.127540006671));
#3624 = ( GEOMETRIC_REPRESENTATION_CONTEXT(2) 
PARAMETRIC_REPRESENTATION_CONTEXT() REPRESENTATION_CONTEXT('2D SPACE',''
  ) );
#3625 = ORIENTED_EDGE('',*,*,#3626,.T.);
#3626 = EDGE_CURVE('',#3595,#3456,#3627,.T.);
#3627 = SURFACE_CURVE('',#3628,(#3632,#3639),.PCURVE_S1.);
#3628 = LINE('',#3629,#3630);
#3629 = CARTESIAN_POINT('',(-143.1770019531,36.344997406006,1.));
#3630 = VECTOR('',#3631,1.);
#3631 = DIRECTION('',(6.787754844138E-03,0.999976962927,0.));
#3632 = PCURVE('',#3603,#3633);
#3633 = DEFINITIONAL_REPRESENTATION('',(#3634),#3638);
#3634 = LINE('',#3635,#3636);
#3635 = CARTESIAN_POINT('',(0.897585815054,-1.324105415291));
#3636 = VECTOR('',#3637,1.);
#3637 = DIRECTION('',(-6.787754844138E-03,0.999976962927));
#3638 = ( GEOMETRIC_REPRESENTATION_CONTEXT(2) 
PARAMETRIC_REPRESENTATION_CONTEXT() REPRESENTATION_CONTEXT('2D SPACE',''
  ) );
#3639 = PCURVE('',#3577,#3640);
#3640 = DEFINITIONAL_REPRESENTATION('',(#3641),#3644);
#3641 = B_SPLINE_CURVE_WITH_KNOTS('',1,(#3642,#3643),.UNSPECIFIED.,.F.,
  .F.,(2,2),(0.,3.536084573832),.PIECEWISE_BEZIER_KNOTS.);
#3642 = CARTESIAN_POINT('',(-0.478033093218,-1.70966459876));
#3643 = CARTESIAN_POINT('',(-0.502035168413,1.826338514033));
#3644 = ( GEOMETRIC_REPRESENTATION_CONTEXT(2) 
PARAMETRIC_REPRESENTATION_CONTEXT() REPRESENTATION_CONTEXT('2D SPACE',''
  ) );
#3645 = ORIENTED_EDGE('',*,*,#3646,.T.);
#3646 = EDGE_CURVE('',#3456,#3593,#3647,.T.);
#3647 = SURFACE_CURVE('',#3648,(#3652,#3659),.PCURVE_S1.);
#3648 = LINE('',#3649,#3650);
#3649 = CARTESIAN_POINT('',(-143.1529998779,39.881000518799,1.));
#3650 = VECTOR('',#3651,1.);
#3651 = DIRECTION('',(0.598404271229,-0.801194313619,0.));
#3652 = PCURVE('',#3603,#3653);
#3653 = DEFINITIONAL_REPRESENTATION('',(#3654),#3658);
#3654 = LINE('',#3655,#3656);
#3655 = CARTESIAN_POINT('',(0.873583739859,2.211897697502));
#3656 = VECTOR('',#3657,1.);
#3657 = DIRECTION('',(-0.598404271229,-0.801194313619));
#3658 = ( GEOMETRIC_REPRESENTATION_CONTEXT(2) 
PARAMETRIC_REPRESENTATION_CONTEXT() REPRESENTATION_CONTEXT('2D SPACE',''
  ) );
#3659 = PCURVE('',#3660,#3665);
#3660 = PLANE('',#3661);
#3661 = AXIS2_PLACEMENT_3D('',#3662,#3663,#3664);
#3662 = CARTESIAN_POINT('',(-141.0266901563,38.20503078276,1.));
#3663 = DIRECTION('',(-0.,-0.,-1.));
#3664 = DIRECTION('',(-1.,0.,0.));
#3665 = DEFINITIONAL_REPRESENTATION('',(#3666),#3669);
#3666 = B_SPLINE_CURVE_WITH_KNOTS('',1,(#3667,#3668),.UNSPECIFIED.,.F.,
  .F.,(2,2),(0.,4.413415138735),.PIECEWISE_BEZIER_KNOTS.);
#3667 = CARTESIAN_POINT('',(2.12630972159,1.675969736039));
#3668 = CARTESIAN_POINT('',(-0.514696748136,-1.860033376754));
#3669 = ( GEOMETRIC_REPRESENTATION_CONTEXT(2) 
PARAMETRIC_REPRESENTATION_CONTEXT() REPRESENTATION_CONTEXT('2D SPACE',''
  ) );
#3670 = ADVANCED_FACE('',(#3671),#3577,.T.);
#3671 = FACE_BOUND('',#3672,.T.);
#3672 = EDGE_LOOP('',(#3673,#3674,#3699));
#3673 = ORIENTED_EDGE('',*,*,#3626,.F.);
#3674 = ORIENTED_EDGE('',*,*,#3675,.T.);
#3675 = EDGE_CURVE('',#3595,#3311,#3676,.T.);
#3676 = SURFACE_CURVE('',#3677,(#3681,#3688),.PCURVE_S1.);
#3677 = LINE('',#3678,#3679);
#3678 = CARTESIAN_POINT('',(-143.1770019531,36.344997406006,1.));
#3679 = VECTOR('',#3680,1.);
#3680 = DIRECTION('',(-0.780457762522,0.625208509954,0.));
#3681 = PCURVE('',#3577,#3682);
#3682 = DEFINITIONAL_REPRESENTATION('',(#3683),#3687);
#3683 = LINE('',#3684,#3685);
#3684 = CARTESIAN_POINT('',(-0.478033093218,-1.70966459876));
#3685 = VECTOR('',#3686,1.);
#3686 = DIRECTION('',(0.780457762522,0.625208509954));
#3687 = ( GEOMETRIC_REPRESENTATION_CONTEXT(2) 
PARAMETRIC_REPRESENTATION_CONTEXT() REPRESENTATION_CONTEXT('2D SPACE',''
  ) );
#3688 = PCURVE('',#3689,#3694);
#3689 = PLANE('',#3690);
#3690 = AXIS2_PLACEMENT_3D('',#3691,#3692,#3693);
#3691 = CARTESIAN_POINT('',(-143.8619090375,36.893662251537,
    1.306126435892));
#3692 = DIRECTION('',(-0.625208509954,-0.780457762522,-0.));
#3693 = DIRECTION('',(-0.780457762522,0.625208509954,0.));
#3694 = DEFINITIONAL_REPRESENTATION('',(#3695),#3698);
#3695 = B_SPLINE_CURVE_WITH_KNOTS('',1,(#3696,#3697),.UNSPECIFIED.,.F.,
  .F.,(2,2),(0.,2.14488989932),.PIECEWISE_BEZIER_KNOTS.);
#3696 = CARTESIAN_POINT('',(-0.877570981194,0.306126435892));
#3697 = CARTESIAN_POINT('',(1.267318918125,0.306126435892));
#3698 = ( GEOMETRIC_REPRESENTATION_CONTEXT(2) 
PARAMETRIC_REPRESENTATION_CONTEXT() REPRESENTATION_CONTEXT('2D SPACE',''
  ) );
#3699 = ORIENTED_EDGE('',*,*,#3564,.T.);
#3700 = ADVANCED_FACE('',(#3701),#3415,.T.);
#3701 = FACE_BOUND('',#3702,.T.);
#3702 = EDGE_LOOP('',(#3703,#3704,#3731));
#3703 = ORIENTED_EDGE('',*,*,#3399,.F.);
#3704 = ORIENTED_EDGE('',*,*,#3705,.F.);
#3705 = EDGE_CURVE('',#3706,#3400,#3708,.T.);
#3706 = VERTEX_POINT('',#3707);
#3707 = CARTESIAN_POINT('',(-144.9920043945,37.626998901367,
    2.002000808716));
#3708 = SURFACE_CURVE('',#3709,(#3713,#3719),.PCURVE_S1.);
#3709 = LINE('',#3710,#3711);
#3710 = CARTESIAN_POINT('',(-144.9920043945,37.626998901367,
    2.002000808716));
#3711 = VECTOR('',#3712,1.);
#3712 = DIRECTION('',(0.922497001813,0.386004250813,0.));
#3713 = PCURVE('',#3415,#3714);
#3714 = DEFINITIONAL_REPRESENTATION('',(#3715),#3718);
#3715 = B_SPLINE_CURVE_WITH_KNOTS('',1,(#3716,#3717),.UNSPECIFIED.,.F.,
  .F.,(2,2),(0.,0.152853038492),.PIECEWISE_BEZIER_KNOTS.);
#3716 = CARTESIAN_POINT('',(0.101603653545,-0.426300680309));
#3717 = CARTESIAN_POINT('',(-3.940281618154E-02,-0.367298757702));
#3718 = ( GEOMETRIC_REPRESENTATION_CONTEXT(2) 
PARAMETRIC_REPRESENTATION_CONTEXT() REPRESENTATION_CONTEXT('2D SPACE',''
  ) );
#3719 = PCURVE('',#3720,#3725);
#3720 = PLANE('',#3721);
#3721 = AXIS2_PLACEMENT_3D('',#3722,#3723,#3724);
#3722 = CARTESIAN_POINT('',(-144.0793516779,37.022672937533,
    2.002000808716));
#3723 = DIRECTION('',(2.601715170469E-28,3.479813492459E-28,-1.));
#3724 = DIRECTION('',(0.,-1.,-3.479813492459E-28));
#3725 = DEFINITIONAL_REPRESENTATION('',(#3726),#3730);
#3726 = LINE('',#3727,#3728);
#3727 = CARTESIAN_POINT('',(-0.604325963834,0.912652716611));
#3728 = VECTOR('',#3729,1.);
#3729 = DIRECTION('',(-0.386004250813,-0.922497001813));
#3730 = ( GEOMETRIC_REPRESENTATION_CONTEXT(2) 
PARAMETRIC_REPRESENTATION_CONTEXT() REPRESENTATION_CONTEXT('2D SPACE',''
  ) );
#3731 = ORIENTED_EDGE('',*,*,#3732,.F.);
#3732 = EDGE_CURVE('',#3313,#3706,#3733,.T.);
#3733 = SURFACE_CURVE('',#3734,(#3738,#3744),.PCURVE_S1.);
#3734 = LINE('',#3735,#3736);
#3735 = CARTESIAN_POINT('',(-144.8509979248,38.520999908447,
    2.002000808716));
#3736 = VECTOR('',#3737,1.);
#3737 = DIRECTION('',(-0.155799158951,-0.987788753768,0.));
#3738 = PCURVE('',#3415,#3739);
#3739 = DEFINITIONAL_REPRESENTATION('',(#3740),#3743);
#3740 = B_SPLINE_CURVE_WITH_KNOTS('',1,(#3741,#3742),.UNSPECIFIED.,.F.,
  .F.,(2,2),(0.,0.905052830041),.PIECEWISE_BEZIER_KNOTS.);
#3741 = CARTESIAN_POINT('',(-3.940281618154E-02,0.467700326771));
#3742 = CARTESIAN_POINT('',(0.101603653545,-0.426300680309));
#3743 = ( GEOMETRIC_REPRESENTATION_CONTEXT(2) 
PARAMETRIC_REPRESENTATION_CONTEXT() REPRESENTATION_CONTEXT('2D SPACE',''
  ) );
#3744 = PCURVE('',#3745,#3750);
#3745 = PLANE('',#3746);
#3746 = AXIS2_PLACEMENT_3D('',#3747,#3748,#3749);
#3747 = CARTESIAN_POINT('',(-144.924402508,38.071547012922,
    2.002000808716));
#3748 = DIRECTION('',(-0.,-0.,-1.));
#3749 = DIRECTION('',(-1.,0.,0.));
#3750 = DEFINITIONAL_REPRESENTATION('',(#3751),#3755);
#3751 = LINE('',#3752,#3753);
#3752 = CARTESIAN_POINT('',(-7.340458329259E-02,0.449452895526));
#3753 = VECTOR('',#3754,1.);
#3754 = DIRECTION('',(0.155799158951,-0.987788753768));
#3755 = ( GEOMETRIC_REPRESENTATION_CONTEXT(2) 
PARAMETRIC_REPRESENTATION_CONTEXT() REPRESENTATION_CONTEXT('2D SPACE',''
  ) );
#3756 = ADVANCED_FACE('',(#3757),#3720,.T.);
#3757 = FACE_BOUND('',#3758,.T.);
#3758 = EDGE_LOOP('',(#3759,#3781,#3806));
#3759 = ORIENTED_EDGE('',*,*,#3760,.T.);
#3760 = EDGE_CURVE('',#3400,#3761,#3763,.T.);
#3761 = VERTEX_POINT('',#3762);
#3762 = CARTESIAN_POINT('',(-143.1770019531,36.344997406006,
    2.002000808716));
#3763 = SURFACE_CURVE('',#3764,(#3768,#3775),.PCURVE_S1.);
#3764 = LINE('',#3765,#3766);
#3765 = CARTESIAN_POINT('',(-144.8509979248,37.686000823975,
    2.002000808716));
#3766 = VECTOR('',#3767,1.);
#3767 = DIRECTION('',(0.780457762522,-0.625208509954,0.));
#3768 = PCURVE('',#3720,#3769);
#3769 = DEFINITIONAL_REPRESENTATION('',(#3770),#3774);
#3770 = LINE('',#3771,#3772);
#3771 = CARTESIAN_POINT('',(-0.663327886442,0.771646246884));
#3772 = VECTOR('',#3773,1.);
#3773 = DIRECTION('',(0.625208509954,-0.780457762522));
#3774 = ( GEOMETRIC_REPRESENTATION_CONTEXT(2) 
PARAMETRIC_REPRESENTATION_CONTEXT() REPRESENTATION_CONTEXT('2D SPACE',''
  ) );
#3775 = PCURVE('',#3441,#3776);
#3776 = DEFINITIONAL_REPRESENTATION('',(#3777),#3780);
#3777 = B_SPLINE_CURVE_WITH_KNOTS('',1,(#3778,#3779),.UNSPECIFIED.,.F.,
  .F.,(2,2),(0.,2.14488989932),.PIECEWISE_BEZIER_KNOTS.);
#3778 = CARTESIAN_POINT('',(0.877570981194,-0.306126435892));
#3779 = CARTESIAN_POINT('',(-1.267318918125,-0.306126435892));
#3780 = ( GEOMETRIC_REPRESENTATION_CONTEXT(2) 
PARAMETRIC_REPRESENTATION_CONTEXT() REPRESENTATION_CONTEXT('2D SPACE',''
  ) );
#3781 = ORIENTED_EDGE('',*,*,#3782,.T.);
#3782 = EDGE_CURVE('',#3761,#3706,#3783,.T.);
#3783 = SURFACE_CURVE('',#3784,(#3788,#3795),.PCURVE_S1.);
#3784 = LINE('',#3785,#3786);
#3785 = CARTESIAN_POINT('',(-143.1770019531,36.344997406006,
    2.002000808716));
#3786 = VECTOR('',#3787,1.);
#3787 = DIRECTION('',(-0.816793269318,0.576930459584,0.));
#3788 = PCURVE('',#3720,#3789);
#3789 = DEFINITIONAL_REPRESENTATION('',(#3790),#3794);
#3790 = LINE('',#3791,#3792);
#3791 = CARTESIAN_POINT('',(0.677675531527,-0.902349724796));
#3792 = VECTOR('',#3793,1.);
#3793 = DIRECTION('',(-0.576930459584,0.816793269318));
#3794 = ( GEOMETRIC_REPRESENTATION_CONTEXT(2) 
PARAMETRIC_REPRESENTATION_CONTEXT() REPRESENTATION_CONTEXT('2D SPACE',''
  ) );
#3795 = PCURVE('',#3796,#3801);
#3796 = PLANE('',#3797);
#3797 = AXIS2_PLACEMENT_3D('',#3798,#3799,#3800);
#3798 = CARTESIAN_POINT('',(-144.0642983455,36.937263420693,
    2.002000808716));
#3799 = DIRECTION('',(-9.432621307408E-28,-1.256715351484E-27,-1.));
#3800 = DIRECTION('',(0.,-1.,1.256715351484E-27));
#3801 = DEFINITIONAL_REPRESENTATION('',(#3802),#3805);
#3802 = B_SPLINE_CURVE_WITH_KNOTS('',1,(#3803,#3804),.UNSPECIFIED.,.F.,
  .F.,(2,2),(0.,2.222107489844),.PIECEWISE_BEZIER_KNOTS.);
#3803 = CARTESIAN_POINT('',(0.592266014687,-0.887296392452));
#3804 = CARTESIAN_POINT('',(-0.689735480674,0.927706048955));
#3805 = ( GEOMETRIC_REPRESENTATION_CONTEXT(2) 
PARAMETRIC_REPRESENTATION_CONTEXT() REPRESENTATION_CONTEXT('2D SPACE',''
  ) );
#3806 = ORIENTED_EDGE('',*,*,#3705,.T.);
#3807 = ADVANCED_FACE('',(#3808),#3822,.T.);
#3808 = FACE_BOUND('',#3809,.T.);
#3809 = EDGE_LOOP('',(#3810,#3844,#3871));
#3810 = ORIENTED_EDGE('',*,*,#3811,.T.);
#3811 = EDGE_CURVE('',#3812,#3814,#3816,.T.);
#3812 = VERTEX_POINT('',#3813);
#3813 = CARTESIAN_POINT('',(-136.783996582,29.997001647949,
    2.002000808716));
#3814 = VERTEX_POINT('',#3815);
#3815 = CARTESIAN_POINT('',(-136.7900085449,30.001998901367,1.));
#3816 = SURFACE_CURVE('',#3817,(#3821,#3833),.PCURVE_S1.);
#3817 = LINE('',#3818,#3819);
#3818 = CARTESIAN_POINT('',(-136.783996582,29.997001647949,
    2.002000808716));
#3819 = VECTOR('',#3820,1.);
#3820 = DIRECTION('',(-5.999775514508E-03,4.987123048227E-03,
    -0.999969565186));
#3821 = PCURVE('',#3822,#3827);
#3822 = PLANE('',#3823);
#3823 = AXIS2_PLACEMENT_3D('',#3824,#3825,#3826);
#3824 = CARTESIAN_POINT('',(-136.788499691,30.000744714467,1.5029472021)
  );
#3825 = DIRECTION('',(0.639223984015,0.769020609776,-1.603610418292E-19)
  );
#3826 = DIRECTION('',(0.769020609776,-0.639223984015,0.));
#3827 = DEFINITIONAL_REPRESENTATION('',(#3828),#3832);
#3828 = LINE('',#3829,#3830);
#3829 = CARTESIAN_POINT('',(5.8556415461E-03,-0.499053606615));
#3830 = VECTOR('',#3831,1.);
#3831 = DIRECTION('',(-7.801839688345E-03,0.999969565186));
#3832 = ( GEOMETRIC_REPRESENTATION_CONTEXT(2) 
PARAMETRIC_REPRESENTATION_CONTEXT() REPRESENTATION_CONTEXT('2D SPACE',''
  ) );
#3833 = PCURVE('',#3834,#3839);
#3834 = PLANE('',#3835);
#3835 = AXIS2_PLACEMENT_3D('',#3836,#3837,#3838);
#3836 = CARTESIAN_POINT('',(-136.7855054358,29.998255834849,
    1.499053606615));
#3837 = DIRECTION('',(0.639223984015,0.769020609776,-1.603842029747E-19)
  );
#3838 = DIRECTION('',(0.769020609776,-0.639223984015,1.203706215242E-35)
  );
#3839 = DEFINITIONAL_REPRESENTATION('',(#3840),#3843);
#3840 = B_SPLINE_CURVE_WITH_KNOTS('',1,(#3841,#3842),.UNSPECIFIED.,.F.,
  .F.,(2,2),(0.,1.002031305353),.PIECEWISE_BEZIER_KNOTS.);
#3841 = CARTESIAN_POINT('',(1.962046060965E-03,-0.5029472021));
#3842 = CARTESIAN_POINT('',(-5.8556415461E-03,0.499053606615));
#3843 = ( GEOMETRIC_REPRESENTATION_CONTEXT(2) 
PARAMETRIC_REPRESENTATION_CONTEXT() REPRESENTATION_CONTEXT('2D SPACE',''
  ) );
#3844 = ORIENTED_EDGE('',*,*,#3845,.T.);
#3845 = EDGE_CURVE('',#3814,#3846,#3848,.T.);
#3846 = VERTEX_POINT('',#3847);
#3847 = CARTESIAN_POINT('',(-136.7900085449,30.001998901367,
    2.002000808716));
#3848 = SURFACE_CURVE('',#3849,(#3853,#3860),.PCURVE_S1.);
#3849 = LINE('',#3850,#3851);
#3850 = CARTESIAN_POINT('',(-136.7900085449,30.001998901367,1.));
#3851 = VECTOR('',#3852,1.);
#3852 = DIRECTION('',(0.,0.,1.));
#3853 = PCURVE('',#3822,#3854);
#3854 = DEFINITIONAL_REPRESENTATION('',(#3855),#3859);
#3855 = LINE('',#3856,#3857);
#3856 = CARTESIAN_POINT('',(-1.962046060965E-03,0.5029472021));
#3857 = VECTOR('',#3858,1.);
#3858 = DIRECTION('',(0.,-1.));
#3859 = ( GEOMETRIC_REPRESENTATION_CONTEXT(2) 
PARAMETRIC_REPRESENTATION_CONTEXT() REPRESENTATION_CONTEXT('2D SPACE',''
  ) );
#3860 = PCURVE('',#3861,#3866);
#3861 = PLANE('',#3862);
#3862 = AXIS2_PLACEMENT_3D('',#3863,#3864,#3865);
#3863 = CARTESIAN_POINT('',(-136.7900085449,30.000746472698,
    1.499754206319));
#3864 = DIRECTION('',(-1.,-3.892210031238E-23,9.704130621251E-26));
#3865 = DIRECTION('',(3.892210031238E-23,-1.,0.));
#3866 = DEFINITIONAL_REPRESENTATION('',(#3867),#3870);
#3867 = B_SPLINE_CURVE_WITH_KNOTS('',1,(#3868,#3869),.UNSPECIFIED.,.F.,
  .F.,(2,2),(0.,1.002000808716),.PIECEWISE_BEZIER_KNOTS.);
#3868 = CARTESIAN_POINT('',(-1.252428669652E-03,-0.499754206319));
#3869 = CARTESIAN_POINT('',(-1.252428669652E-03,0.502246602397));
#3870 = ( GEOMETRIC_REPRESENTATION_CONTEXT(2) 
PARAMETRIC_REPRESENTATION_CONTEXT() REPRESENTATION_CONTEXT('2D SPACE',''
  ) );
#3871 = ORIENTED_EDGE('',*,*,#3872,.T.);
#3872 = EDGE_CURVE('',#3846,#3812,#3873,.T.);
#3873 = SURFACE_CURVE('',#3874,(#3878,#3885),.PCURVE_S1.);
#3874 = LINE('',#3875,#3876);
#3875 = CARTESIAN_POINT('',(-136.7900085449,30.001998901367,
    2.002000808716));
#3876 = VECTOR('',#3877,1.);
#3877 = DIRECTION('',(0.769020609776,-0.639223984015,0.));
#3878 = PCURVE('',#3822,#3879);
#3879 = DEFINITIONAL_REPRESENTATION('',(#3880),#3884);
#3880 = LINE('',#3881,#3882);
#3881 = CARTESIAN_POINT('',(-1.962046060965E-03,-0.499053606615));
#3882 = VECTOR('',#3883,1.);
#3883 = DIRECTION('',(1.,3.560730417833E-35));
#3884 = ( GEOMETRIC_REPRESENTATION_CONTEXT(2) 
PARAMETRIC_REPRESENTATION_CONTEXT() REPRESENTATION_CONTEXT('2D SPACE',''
  ) );
#3885 = PCURVE('',#3886,#3891);
#3886 = PLANE('',#3887);
#3887 = AXIS2_PLACEMENT_3D('',#3888,#3889,#3890);
#3888 = CARTESIAN_POINT('',(-135.9694505058,30.737942785351,
    2.002000808716));
#3889 = DIRECTION('',(2.154947358265E-25,-2.385752197828E-25,-1.));
#3890 = DIRECTION('',(0.,-1.,2.385752197828E-25));
#3891 = DEFINITIONAL_REPRESENTATION('',(#3892),#3895);
#3892 = B_SPLINE_CURVE_WITH_KNOTS('',1,(#3893,#3894),.UNSPECIFIED.,.F.,
  .F.,(2,2),(0.,7.817687607065E-03),.PIECEWISE_BEZIER_KNOTS.);
#3893 = CARTESIAN_POINT('',(0.735943883984,0.820558039037));
#3894 = CARTESIAN_POINT('',(0.740941137402,0.814546076146));
#3895 = ( GEOMETRIC_REPRESENTATION_CONTEXT(2) 
PARAMETRIC_REPRESENTATION_CONTEXT() REPRESENTATION_CONTEXT('2D SPACE',''
  ) );
#3896 = ADVANCED_FACE('',(#3897),#3834,.T.);
#3897 = FACE_BOUND('',#3898,.T.);
#3898 = EDGE_LOOP('',(#3899,#3924,#3925));
#3899 = ORIENTED_EDGE('',*,*,#3900,.T.);
#3900 = EDGE_CURVE('',#2950,#3814,#3901,.T.);
#3901 = SURFACE_CURVE('',#3902,(#3906,#3913),.PCURVE_S1.);
#3902 = LINE('',#3903,#3904);
#3903 = CARTESIAN_POINT('',(-136.783996582,29.997001647949,1.));
#3904 = VECTOR('',#3905,1.);
#3905 = DIRECTION('',(-0.769020609776,0.639223984015,0.));
#3906 = PCURVE('',#3834,#3907);
#3907 = DEFINITIONAL_REPRESENTATION('',(#3908),#3912);
#3908 = LINE('',#3909,#3910);
#3909 = CARTESIAN_POINT('',(1.962046060965E-03,0.499053606615));
#3910 = VECTOR('',#3911,1.);
#3911 = DIRECTION('',(-1.,-5.968657129057E-35));
#3912 = ( GEOMETRIC_REPRESENTATION_CONTEXT(2) 
PARAMETRIC_REPRESENTATION_CONTEXT() REPRESENTATION_CONTEXT('2D SPACE',''
  ) );
#3913 = PCURVE('',#3914,#3919);
#3914 = PLANE('',#3915);
#3915 = AXIS2_PLACEMENT_3D('',#3916,#3917,#3918);
#3916 = CARTESIAN_POINT('',(-136.7878004456,29.998702392483,1.));
#3917 = DIRECTION('',(-0.,-0.,-1.));
#3918 = DIRECTION('',(-1.,0.,0.));
#3919 = DEFINITIONAL_REPRESENTATION('',(#3920),#3923);
#3920 = B_SPLINE_CURVE_WITH_KNOTS('',1,(#3921,#3922),.UNSPECIFIED.,.F.,
  .F.,(2,2),(0.,7.817687607065E-03),.PIECEWISE_BEZIER_KNOTS.);
#3921 = CARTESIAN_POINT('',(-3.803863620703E-03,-1.700744533604E-03));
#3922 = CARTESIAN_POINT('',(2.208099269922E-03,3.296508884365E-03));
#3923 = ( GEOMETRIC_REPRESENTATION_CONTEXT(2) 
PARAMETRIC_REPRESENTATION_CONTEXT() REPRESENTATION_CONTEXT('2D SPACE',''
  ) );
#3924 = ORIENTED_EDGE('',*,*,#3811,.F.);
#3925 = ORIENTED_EDGE('',*,*,#3926,.T.);
#3926 = EDGE_CURVE('',#3812,#2950,#3927,.T.);
#3927 = SURFACE_CURVE('',#3928,(#3932,#3939),.PCURVE_S1.);
#3928 = LINE('',#3929,#3930);
#3929 = CARTESIAN_POINT('',(-136.783996582,29.997001647949,
    2.002000808716));
#3930 = VECTOR('',#3931,1.);
#3931 = DIRECTION('',(0.,0.,-1.));
#3932 = PCURVE('',#3834,#3933);
#3933 = DEFINITIONAL_REPRESENTATION('',(#3934),#3938);
#3934 = LINE('',#3935,#3936);
#3935 = CARTESIAN_POINT('',(1.962046060965E-03,-0.5029472021));
#3936 = VECTOR('',#3937,1.);
#3937 = DIRECTION('',(0.,1.));
#3938 = ( GEOMETRIC_REPRESENTATION_CONTEXT(2) 
PARAMETRIC_REPRESENTATION_CONTEXT() REPRESENTATION_CONTEXT('2D SPACE',''
  ) );
#3939 = PCURVE('',#3940,#3945);
#3940 = PLANE('',#3941);
#3941 = AXIS2_PLACEMENT_3D('',#3942,#3943,#3944);
#3942 = CARTESIAN_POINT('',(-136.0460181146,30.588623407088,
    1.302951778416));
#3943 = DIRECTION('',(-0.625493452438,0.780229415593,1.62869878566E-16)
  );
#3944 = DIRECTION('',(0.780229415593,0.625493452438,0.));
#3945 = DEFINITIONAL_REPRESENTATION('',(#3946),#3949);
#3946 = B_SPLINE_CURVE_WITH_KNOTS('',1,(#3947,#3948),.UNSPECIFIED.,.F.,
  .F.,(2,2),(0.,1.002000808716),.PIECEWISE_BEZIER_KNOTS.);
#3947 = CARTESIAN_POINT('',(-0.945848044983,-0.6990490303));
#3948 = CARTESIAN_POINT('',(-0.945848044983,0.302951778416));
#3949 = ( GEOMETRIC_REPRESENTATION_CONTEXT(2) 
PARAMETRIC_REPRESENTATION_CONTEXT() REPRESENTATION_CONTEXT('2D SPACE',''
  ) );
#3950 = ADVANCED_FACE('',(#3951),#3861,.T.);
#3951 = FACE_BOUND('',#3952,.T.);
#3952 = EDGE_LOOP('',(#3953,#3980,#3981));
#3953 = ORIENTED_EDGE('',*,*,#3954,.T.);
#3954 = EDGE_CURVE('',#3955,#3846,#3957,.T.);
#3955 = VERTEX_POINT('',#3956);
#3956 = CARTESIAN_POINT('',(-136.7900085449,29.997001647949,1.));
#3957 = SURFACE_CURVE('',#3958,(#3962,#3969),.PCURVE_S1.);
#3958 = LINE('',#3959,#3960);
#3959 = CARTESIAN_POINT('',(-136.7900085449,29.997001647949,1.));
#3960 = VECTOR('',#3961,1.);
#3961 = DIRECTION('',(0.,4.987212812148E-03,0.999987563777));
#3962 = PCURVE('',#3861,#3963);
#3963 = DEFINITIONAL_REPRESENTATION('',(#3964),#3968);
#3964 = LINE('',#3965,#3966);
#3965 = CARTESIAN_POINT('',(3.744824748317E-03,-0.499754206319));
#3966 = VECTOR('',#3967,1.);
#3967 = DIRECTION('',(-4.987212812148E-03,0.999987563777));
#3968 = ( GEOMETRIC_REPRESENTATION_CONTEXT(2) 
PARAMETRIC_REPRESENTATION_CONTEXT() REPRESENTATION_CONTEXT('2D SPACE',''
  ) );
#3969 = PCURVE('',#3970,#3975);
#3970 = PLANE('',#3971);
#3971 = AXIS2_PLACEMENT_3D('',#3972,#3973,#3974);
#3972 = CARTESIAN_POINT('',(-136.7900085449,29.998254076619,
    1.502246602397));
#3973 = DIRECTION('',(-1.,-2.560615104778E-23,6.38450137553E-26));
#3974 = DIRECTION('',(2.560615104778E-23,-1.,0.));
#3975 = DEFINITIONAL_REPRESENTATION('',(#3976),#3979);
#3976 = B_SPLINE_CURVE_WITH_KNOTS('',1,(#3977,#3978),.UNSPECIFIED.,.F.,
  .F.,(2,2),(0.,1.002013269976),.PIECEWISE_BEZIER_KNOTS.);
#3977 = CARTESIAN_POINT('',(1.252428669645E-03,-0.502246602397));
#3978 = CARTESIAN_POINT('',(-3.744824748324E-03,0.499754206319));
#3979 = ( GEOMETRIC_REPRESENTATION_CONTEXT(2) 
PARAMETRIC_REPRESENTATION_CONTEXT() REPRESENTATION_CONTEXT('2D SPACE',''
  ) );
#3980 = ORIENTED_EDGE('',*,*,#3845,.F.);
#3981 = ORIENTED_EDGE('',*,*,#3982,.T.);
#3982 = EDGE_CURVE('',#3814,#3955,#3983,.T.);
#3983 = SURFACE_CURVE('',#3984,(#3988,#3995),.PCURVE_S1.);
#3984 = LINE('',#3985,#3986);
#3985 = CARTESIAN_POINT('',(-136.7900085449,30.001998901367,1.));
#3986 = VECTOR('',#3987,1.);
#3987 = DIRECTION('',(0.,-1.,0.));
#3988 = PCURVE('',#3861,#3989);
#3989 = DEFINITIONAL_REPRESENTATION('',(#3990),#3994);
#3990 = LINE('',#3991,#3992);
#3991 = CARTESIAN_POINT('',(-1.252428669652E-03,-0.499754206319));
#3992 = VECTOR('',#3993,1.);
#3993 = DIRECTION('',(1.,-3.777051454848E-48));
#3994 = ( GEOMETRIC_REPRESENTATION_CONTEXT(2) 
PARAMETRIC_REPRESENTATION_CONTEXT() REPRESENTATION_CONTEXT('2D SPACE',''
  ) );
#3995 = PCURVE('',#3914,#3996);
#3996 = DEFINITIONAL_REPRESENTATION('',(#3997),#4000);
#3997 = B_SPLINE_CURVE_WITH_KNOTS('',1,(#3998,#3999),.UNSPECIFIED.,.F.,
  .F.,(2,2),(0.,4.997253417969E-03),.PIECEWISE_BEZIER_KNOTS.);
#3998 = CARTESIAN_POINT('',(2.208099269922E-03,3.296508884365E-03));
#3999 = CARTESIAN_POINT('',(2.208099269922E-03,-1.700744533604E-03));
#4000 = ( GEOMETRIC_REPRESENTATION_CONTEXT(2) 
PARAMETRIC_REPRESENTATION_CONTEXT() REPRESENTATION_CONTEXT('2D SPACE',''
  ) );
#4001 = ADVANCED_FACE('',(#4002),#3970,.T.);
#4002 = FACE_BOUND('',#4003,.T.);
#4003 = EDGE_LOOP('',(#4004,#4031,#4032));
#4004 = ORIENTED_EDGE('',*,*,#4005,.T.);
#4005 = EDGE_CURVE('',#4006,#3846,#4008,.T.);
#4006 = VERTEX_POINT('',#4007);
#4007 = CARTESIAN_POINT('',(-136.7900085449,29.997001647949,
    2.002000808716));
#4008 = SURFACE_CURVE('',#4009,(#4013,#4020),.PCURVE_S1.);
#4009 = LINE('',#4010,#4011);
#4010 = CARTESIAN_POINT('',(-136.7900085449,29.997001647949,
    2.002000808716));
#4011 = VECTOR('',#4012,1.);
#4012 = DIRECTION('',(0.,1.,0.));
#4013 = PCURVE('',#3970,#4014);
#4014 = DEFINITIONAL_REPRESENTATION('',(#4015),#4019);
#4015 = LINE('',#4016,#4017);
#4016 = CARTESIAN_POINT('',(1.252428669645E-03,0.499754206319));
#4017 = VECTOR('',#4018,1.);
#4018 = DIRECTION('',(-1.,1.634825065866E-48));
#4019 = ( GEOMETRIC_REPRESENTATION_CONTEXT(2) 
PARAMETRIC_REPRESENTATION_CONTEXT() REPRESENTATION_CONTEXT('2D SPACE',''
  ) );
#4020 = PCURVE('',#4021,#4026);
#4021 = PLANE('',#4022);
#4022 = AXIS2_PLACEMENT_3D('',#4023,#4024,#4025);
#4023 = CARTESIAN_POINT('',(-139.8727596055,30.059225678197,
    2.002000808716));
#4024 = DIRECTION('',(-0.,-0.,-1.));
#4025 = DIRECTION('',(-1.,0.,0.));
#4026 = DEFINITIONAL_REPRESENTATION('',(#4027),#4030);
#4027 = B_SPLINE_CURVE_WITH_KNOTS('',1,(#4028,#4029),.UNSPECIFIED.,.F.,
  .F.,(2,2),(0.,4.997253417969E-03),.PIECEWISE_BEZIER_KNOTS.);
#4028 = CARTESIAN_POINT('',(-3.082751060635,-6.22240302481E-02));
#4029 = CARTESIAN_POINT('',(-3.082751060635,-5.722677683013E-02));
#4030 = ( GEOMETRIC_REPRESENTATION_CONTEXT(2) 
PARAMETRIC_REPRESENTATION_CONTEXT() REPRESENTATION_CONTEXT('2D SPACE',''
  ) );
#4031 = ORIENTED_EDGE('',*,*,#3954,.F.);
#4032 = ORIENTED_EDGE('',*,*,#4033,.T.);
#4033 = EDGE_CURVE('',#3955,#4006,#4034,.T.);
#4034 = SURFACE_CURVE('',#4035,(#4039,#4046),.PCURVE_S1.);
#4035 = LINE('',#4036,#4037);
#4036 = CARTESIAN_POINT('',(-136.7900085449,29.997001647949,1.));
#4037 = VECTOR('',#4038,1.);
#4038 = DIRECTION('',(0.,0.,1.));
#4039 = PCURVE('',#3970,#4040);
#4040 = DEFINITIONAL_REPRESENTATION('',(#4041),#4045);
#4041 = LINE('',#4042,#4043);
#4042 = CARTESIAN_POINT('',(1.252428669645E-03,-0.502246602397));
#4043 = VECTOR('',#4044,1.);
#4044 = DIRECTION('',(0.,1.));
#4045 = ( GEOMETRIC_REPRESENTATION_CONTEXT(2) 
PARAMETRIC_REPRESENTATION_CONTEXT() REPRESENTATION_CONTEXT('2D SPACE',''
  ) );
#4046 = PCURVE('',#4047,#4052);
#4047 = PLANE('',#4048);
#4048 = AXIS2_PLACEMENT_3D('',#4049,#4050,#4051);
#4049 = CARTESIAN_POINT('',(-139.6755152912,29.997001647949,
    1.270509836189));
#4050 = DIRECTION('',(1.04388542714E-29,1.,-4.213592193744E-29));
#4051 = DIRECTION('',(0.,4.213592193744E-29,1.));
#4052 = DEFINITIONAL_REPRESENTATION('',(#4053),#4056);
#4053 = B_SPLINE_CURVE_WITH_KNOTS('',1,(#4054,#4055),.UNSPECIFIED.,.F.,
  .F.,(2,2),(0.,1.002000808716),.PIECEWISE_BEZIER_KNOTS.);
#4054 = CARTESIAN_POINT('',(-0.270509836189,2.885506746284));
#4055 = CARTESIAN_POINT('',(0.731490972527,2.885506746284));
#4056 = ( GEOMETRIC_REPRESENTATION_CONTEXT(2) 
PARAMETRIC_REPRESENTATION_CONTEXT() REPRESENTATION_CONTEXT('2D SPACE',''
  ) );
#4057 = ADVANCED_FACE('',(#4058),#3914,.T.);
#4058 = FACE_BOUND('',#4059,.T.);
#4059 = EDGE_LOOP('',(#4060,#4080,#4081));
#4060 = ORIENTED_EDGE('',*,*,#4061,.T.);
#4061 = EDGE_CURVE('',#2950,#3955,#4062,.T.);
#4062 = SURFACE_CURVE('',#4063,(#4067,#4074),.PCURVE_S1.);
#4063 = LINE('',#4064,#4065);
#4064 = CARTESIAN_POINT('',(-136.783996582,29.997001647949,1.));
#4065 = VECTOR('',#4066,1.);
#4066 = DIRECTION('',(-1.,0.,0.));
#4067 = PCURVE('',#3914,#4068);
#4068 = DEFINITIONAL_REPRESENTATION('',(#4069),#4073);
#4069 = LINE('',#4070,#4071);
#4070 = CARTESIAN_POINT('',(-3.803863620703E-03,-1.700744533604E-03));
#4071 = VECTOR('',#4072,1.);
#4072 = DIRECTION('',(1.,0.));
#4073 = ( GEOMETRIC_REPRESENTATION_CONTEXT(2) 
PARAMETRIC_REPRESENTATION_CONTEXT() REPRESENTATION_CONTEXT('2D SPACE',''
  ) );
#4074 = PCURVE('',#3040,#4075);
#4075 = DEFINITIONAL_REPRESENTATION('',(#4076),#4079);
#4076 = B_SPLINE_CURVE_WITH_KNOTS('',1,(#4077,#4078),.UNSPECIFIED.,.F.,
  .F.,(2,2),(0.,6.011962890625E-03),.PIECEWISE_BEZIER_KNOTS.);
#4077 = CARTESIAN_POINT('',(-4.1068573409,3.034815788005E-02));
#4078 = CARTESIAN_POINT('',(-4.100845378009,3.034815788005E-02));
#4079 = ( GEOMETRIC_REPRESENTATION_CONTEXT(2) 
PARAMETRIC_REPRESENTATION_CONTEXT() REPRESENTATION_CONTEXT('2D SPACE',''
  ) );
#4080 = ORIENTED_EDGE('',*,*,#3982,.F.);
#4081 = ORIENTED_EDGE('',*,*,#3900,.F.);
#4082 = ADVANCED_FACE('',(#4083),#3940,.T.);
#4083 = FACE_BOUND('',#4084,.T.);
#4084 = EDGE_LOOP('',(#4085,#4107,#4108));
#4085 = ORIENTED_EDGE('',*,*,#4086,.T.);
#4086 = EDGE_CURVE('',#4087,#2950,#4089,.T.);
#4087 = VERTEX_POINT('',#4088);
#4088 = CARTESIAN_POINT('',(-134.9989929199,31.428001403809,1.));
#4089 = SURFACE_CURVE('',#4090,(#4094,#4101),.PCURVE_S1.);
#4090 = LINE('',#4091,#4092);
#4091 = CARTESIAN_POINT('',(-134.9989929199,31.428001403809,1.));
#4092 = VECTOR('',#4093,1.);
#4093 = DIRECTION('',(-0.780229415593,-0.625493452438,0.));
#4094 = PCURVE('',#3940,#4095);
#4095 = DEFINITIONAL_REPRESENTATION('',(#4096),#4100);
#4096 = LINE('',#4097,#4098);
#4097 = CARTESIAN_POINT('',(1.341945296867,0.302951778416));
#4098 = VECTOR('',#4099,1.);
#4099 = DIRECTION('',(-1.,-2.136704610417E-32));
#4100 = ( GEOMETRIC_REPRESENTATION_CONTEXT(2) 
PARAMETRIC_REPRESENTATION_CONTEXT() REPRESENTATION_CONTEXT('2D SPACE',''
  ) );
#4101 = PCURVE('',#2990,#4102);
#4102 = DEFINITIONAL_REPRESENTATION('',(#4103),#4106);
#4103 = B_SPLINE_CURVE_WITH_KNOTS('',1,(#4104,#4105),.UNSPECIFIED.,.F.,
  .F.,(2,2),(0.,2.28779334185),.PIECEWISE_BEZIER_KNOTS.);
#4104 = CARTESIAN_POINT('',(-0.891618912281,0.715189928304));
#4105 = CARTESIAN_POINT('',(0.893384749828,-0.715809827556));
#4106 = ( GEOMETRIC_REPRESENTATION_CONTEXT(2) 
PARAMETRIC_REPRESENTATION_CONTEXT() REPRESENTATION_CONTEXT('2D SPACE',''
  ) );
#4107 = ORIENTED_EDGE('',*,*,#3926,.F.);
#4108 = ORIENTED_EDGE('',*,*,#4109,.F.);
#4109 = EDGE_CURVE('',#4087,#3812,#4110,.T.);
#4110 = SURFACE_CURVE('',#4111,(#4115,#4121),.PCURVE_S1.);
#4111 = LINE('',#4112,#4113);
#4112 = CARTESIAN_POINT('',(-134.9989929199,31.428001403809,1.));
#4113 = VECTOR('',#4114,1.);
#4114 = DIRECTION('',(-0.714687665975,-0.572950015306,0.401185518264));
#4115 = PCURVE('',#3940,#4116);
#4116 = DEFINITIONAL_REPRESENTATION('',(#4117),#4120);
#4117 = B_SPLINE_CURVE_WITH_KNOTS('',1,(#4118,#4119),.UNSPECIFIED.,.F.,
  .F.,(2,2),(0.,2.497599646797),.PIECEWISE_BEZIER_KNOTS.);
#4118 = CARTESIAN_POINT('',(1.341945296867,0.302951778416));
#4119 = CARTESIAN_POINT('',(-0.945848044983,-0.6990490303));
#4120 = ( GEOMETRIC_REPRESENTATION_CONTEXT(2) 
PARAMETRIC_REPRESENTATION_CONTEXT() REPRESENTATION_CONTEXT('2D SPACE',''
  ) );
#4121 = PCURVE('',#4122,#4127);
#4122 = PLANE('',#4123);
#4123 = AXIS2_PLACEMENT_3D('',#4124,#4125,#4126);
#4124 = CARTESIAN_POINT('',(-135.7369713872,30.83637964467,1.6990490303)
  );
#4125 = DIRECTION('',(-0.625493452438,0.780229415593,0.));
#4126 = DIRECTION('',(0.780229415593,0.625493452438,0.));
#4127 = DEFINITIONAL_REPRESENTATION('',(#4128),#4132);
#4128 = LINE('',#4129,#4130);
#4129 = CARTESIAN_POINT('',(0.945848044983,0.6990490303));
#4130 = VECTOR('',#4131,1.);
#4131 = DIRECTION('',(-0.915996823103,-0.401185518264));
#4132 = ( GEOMETRIC_REPRESENTATION_CONTEXT(2) 
PARAMETRIC_REPRESENTATION_CONTEXT() REPRESENTATION_CONTEXT('2D SPACE',''
  ) );
#4133 = ADVANCED_FACE('',(#4134),#4122,.T.);
#4134 = FACE_BOUND('',#4135,.T.);
#4135 = EDGE_LOOP('',(#4136,#4163,#4188));
#4136 = ORIENTED_EDGE('',*,*,#4137,.T.);
#4137 = EDGE_CURVE('',#3812,#4138,#4140,.T.);
#4138 = VERTEX_POINT('',#4139);
#4139 = CARTESIAN_POINT('',(-134.9989929199,31.428001403809,
    2.002000808716));
#4140 = SURFACE_CURVE('',#4141,(#4145,#4152),.PCURVE_S1.);
#4141 = LINE('',#4142,#4143);
#4142 = CARTESIAN_POINT('',(-136.783996582,29.997001647949,
    2.002000808716));
#4143 = VECTOR('',#4144,1.);
#4144 = DIRECTION('',(0.780229415593,0.625493452438,0.));
#4145 = PCURVE('',#4122,#4146);
#4146 = DEFINITIONAL_REPRESENTATION('',(#4147),#4151);
#4147 = LINE('',#4148,#4149);
#4148 = CARTESIAN_POINT('',(-1.341945296867,-0.302951778416));
#4149 = VECTOR('',#4150,1.);
#4150 = DIRECTION('',(1.,0.));
#4151 = ( GEOMETRIC_REPRESENTATION_CONTEXT(2) 
PARAMETRIC_REPRESENTATION_CONTEXT() REPRESENTATION_CONTEXT('2D SPACE',''
  ) );
#4152 = PCURVE('',#4153,#4158);
#4153 = PLANE('',#4154);
#4154 = AXIS2_PLACEMENT_3D('',#4155,#4156,#4157);
#4155 = CARTESIAN_POINT('',(-135.8992290918,30.749827260862,
    2.002000808716));
#4156 = DIRECTION('',(-8.336171625287E-28,9.793262796581E-28,-1.));
#4157 = DIRECTION('',(0.,-1.,-9.793262796581E-28));
#4158 = DEFINITIONAL_REPRESENTATION('',(#4159),#4162);
#4159 = B_SPLINE_CURVE_WITH_KNOTS('',1,(#4160,#4161),.UNSPECIFIED.,.F.,
  .F.,(2,2),(0.,2.28779334185),.PIECEWISE_BEZIER_KNOTS.);
#4160 = CARTESIAN_POINT('',(0.752825612913,0.884767490197));
#4161 = CARTESIAN_POINT('',(-0.678174142946,-0.900236171913));
#4162 = ( GEOMETRIC_REPRESENTATION_CONTEXT(2) 
PARAMETRIC_REPRESENTATION_CONTEXT() REPRESENTATION_CONTEXT('2D SPACE',''
  ) );
#4163 = ORIENTED_EDGE('',*,*,#4164,.T.);
#4164 = EDGE_CURVE('',#4138,#4087,#4165,.T.);
#4165 = SURFACE_CURVE('',#4166,(#4170,#4177),.PCURVE_S1.);
#4166 = LINE('',#4167,#4168);
#4167 = CARTESIAN_POINT('',(-134.9989929199,31.428001403809,
    2.002000808716));
#4168 = VECTOR('',#4169,1.);
#4169 = DIRECTION('',(0.,0.,-1.));
#4170 = PCURVE('',#4122,#4171);
#4171 = DEFINITIONAL_REPRESENTATION('',(#4172),#4176);
#4172 = LINE('',#4173,#4174);
#4173 = CARTESIAN_POINT('',(0.945848044983,-0.302951778416));
#4174 = VECTOR('',#4175,1.);
#4175 = DIRECTION('',(0.,1.));
#4176 = ( GEOMETRIC_REPRESENTATION_CONTEXT(2) 
PARAMETRIC_REPRESENTATION_CONTEXT() REPRESENTATION_CONTEXT('2D SPACE',''
  ) );
#4177 = PCURVE('',#4178,#4183);
#4178 = PLANE('',#4179);
#4179 = AXIS2_PLACEMENT_3D('',#4180,#4181,#4182);
#4180 = CARTESIAN_POINT('',(-134.9984965184,31.428001403809,
    1.50149582413));
#4181 = DIRECTION('',(-4.690499232442E-24,1.,4.642888879206E-27));
#4182 = DIRECTION('',(1.,4.690499232442E-24,0.));
#4183 = DEFINITIONAL_REPRESENTATION('',(#4184),#4187);
#4184 = B_SPLINE_CURVE_WITH_KNOTS('',1,(#4185,#4186),.UNSPECIFIED.,.F.,
  .F.,(2,2),(0.,1.002000808716),.PIECEWISE_BEZIER_KNOTS.);
#4185 = CARTESIAN_POINT('',(-4.964015166422E-04,-0.500504984585));
#4186 = CARTESIAN_POINT('',(-4.964015166422E-04,0.50149582413));
#4187 = ( GEOMETRIC_REPRESENTATION_CONTEXT(2) 
PARAMETRIC_REPRESENTATION_CONTEXT() REPRESENTATION_CONTEXT('2D SPACE',''
  ) );
#4188 = ORIENTED_EDGE('',*,*,#4109,.T.);
#4189 = ADVANCED_FACE('',(#4190),#4178,.T.);
#4190 = FACE_BOUND('',#4191,.T.);
#4191 = EDGE_LOOP('',(#4192,#4219,#4220));
#4192 = ORIENTED_EDGE('',*,*,#4193,.T.);
#4193 = EDGE_CURVE('',#4194,#4087,#4196,.T.);
#4194 = VERTEX_POINT('',#4195);
#4195 = CARTESIAN_POINT('',(-134.9970092773,31.428001403809,
    2.002000808716));
#4196 = SURFACE_CURVE('',#4197,(#4201,#4208),.PCURVE_S1.);
#4197 = LINE('',#4198,#4199);
#4198 = CARTESIAN_POINT('',(-134.9970092773,31.428001403809,
    2.002000808716));
#4199 = VECTOR('',#4200,1.);
#4200 = DIRECTION('',(-1.979677734585E-03,0.,-0.999998040436));
#4201 = PCURVE('',#4178,#4202);
#4202 = DEFINITIONAL_REPRESENTATION('',(#4203),#4207);
#4203 = LINE('',#4204,#4205);
#4204 = CARTESIAN_POINT('',(1.487241061483E-03,-0.500504984585));
#4205 = VECTOR('',#4206,1.);
#4206 = DIRECTION('',(-1.979677734585E-03,0.999998040436));
#4207 = ( GEOMETRIC_REPRESENTATION_CONTEXT(2) 
PARAMETRIC_REPRESENTATION_CONTEXT() REPRESENTATION_CONTEXT('2D SPACE',''
  ) );
#4208 = PCURVE('',#4209,#4214);
#4209 = PLANE('',#4210);
#4210 = AXIS2_PLACEMENT_3D('',#4211,#4212,#4213);
#4211 = CARTESIAN_POINT('',(-134.9975056788,31.428001403809,
    1.500504984585));
#4212 = DIRECTION('',(4.690670717908E-24,1.,-4.643021828705E-27));
#4213 = DIRECTION('',(1.,-4.690670717908E-24,0.));
#4214 = DEFINITIONAL_REPRESENTATION('',(#4215),#4218);
#4215 = B_SPLINE_CURVE_WITH_KNOTS('',1,(#4216,#4217),.UNSPECIFIED.,.F.,
  .F.,(2,2),(0.,1.002002772204),.PIECEWISE_BEZIER_KNOTS.);
#4216 = CARTESIAN_POINT('',(4.964015166422E-04,-0.50149582413));
#4217 = CARTESIAN_POINT('',(-1.487241061483E-03,0.500504984585));
#4218 = ( GEOMETRIC_REPRESENTATION_CONTEXT(2) 
PARAMETRIC_REPRESENTATION_CONTEXT() REPRESENTATION_CONTEXT('2D SPACE',''
  ) );
#4219 = ORIENTED_EDGE('',*,*,#4164,.F.);
#4220 = ORIENTED_EDGE('',*,*,#4221,.T.);
#4221 = EDGE_CURVE('',#4138,#4194,#4222,.T.);
#4222 = SURFACE_CURVE('',#4223,(#4227,#4234),.PCURVE_S1.);
#4223 = LINE('',#4224,#4225);
#4224 = CARTESIAN_POINT('',(-134.9989929199,31.428001403809,
    2.002000808716));
#4225 = VECTOR('',#4226,1.);
#4226 = DIRECTION('',(1.,0.,0.));
#4227 = PCURVE('',#4178,#4228);
#4228 = DEFINITIONAL_REPRESENTATION('',(#4229),#4233);
#4229 = LINE('',#4230,#4231);
#4230 = CARTESIAN_POINT('',(-4.964015166422E-04,-0.500504984585));
#4231 = VECTOR('',#4232,1.);
#4232 = DIRECTION('',(1.,-2.177746672423E-50));
#4233 = ( GEOMETRIC_REPRESENTATION_CONTEXT(2) 
PARAMETRIC_REPRESENTATION_CONTEXT() REPRESENTATION_CONTEXT('2D SPACE',''
  ) );
#4234 = PCURVE('',#4235,#4240);
#4235 = PLANE('',#4236);
#4236 = AXIS2_PLACEMENT_3D('',#4237,#4238,#4239);
#4237 = CARTESIAN_POINT('',(-135.07341827,31.870511967484,2.002000808716
    ));
#4238 = DIRECTION('',(-0.,-0.,-1.));
#4239 = DIRECTION('',(-1.,0.,0.));
#4240 = DEFINITIONAL_REPRESENTATION('',(#4241),#4244);
#4241 = B_SPLINE_CURVE_WITH_KNOTS('',1,(#4242,#4243),.UNSPECIFIED.,.F.,
  .F.,(2,2),(0.,1.983642578125E-03),.PIECEWISE_BEZIER_KNOTS.);
#4242 = CARTESIAN_POINT('',(-7.442535015153E-02,-0.442510563675));
#4243 = CARTESIAN_POINT('',(-7.640899272965E-02,-0.442510563675));
#4244 = ( GEOMETRIC_REPRESENTATION_CONTEXT(2) 
PARAMETRIC_REPRESENTATION_CONTEXT() REPRESENTATION_CONTEXT('2D SPACE',''
  ) );
#4245 = ADVANCED_FACE('',(#4246),#4209,.T.);
#4246 = FACE_BOUND('',#4247,.T.);
#4247 = EDGE_LOOP('',(#4248,#4268,#4269));
#4248 = ORIENTED_EDGE('',*,*,#4249,.T.);
#4249 = EDGE_CURVE('',#2918,#4087,#4250,.T.);
#4250 = SURFACE_CURVE('',#4251,(#4255,#4262),.PCURVE_S1.);
#4251 = LINE('',#4252,#4253);
#4252 = CARTESIAN_POINT('',(-134.9970092773,31.428001403809,1.));
#4253 = VECTOR('',#4254,1.);
#4254 = DIRECTION('',(-1.,0.,0.));
#4255 = PCURVE('',#4209,#4256);
#4256 = DEFINITIONAL_REPRESENTATION('',(#4257),#4261);
#4257 = LINE('',#4258,#4259);
#4258 = CARTESIAN_POINT('',(4.964015166422E-04,0.500504984585));
#4259 = VECTOR('',#4260,1.);
#4260 = DIRECTION('',(-1.,2.177888653451E-50));
#4261 = ( GEOMETRIC_REPRESENTATION_CONTEXT(2) 
PARAMETRIC_REPRESENTATION_CONTEXT() REPRESENTATION_CONTEXT('2D SPACE',''
  ) );
#4262 = PCURVE('',#2990,#4263);
#4263 = DEFINITIONAL_REPRESENTATION('',(#4264),#4267);
#4264 = B_SPLINE_CURVE_WITH_KNOTS('',1,(#4265,#4266),.UNSPECIFIED.,.F.,
  .F.,(2,2),(0.,1.983642578125E-03),.PIECEWISE_BEZIER_KNOTS.);
#4265 = CARTESIAN_POINT('',(-0.893602554859,0.715189928304));
#4266 = CARTESIAN_POINT('',(-0.891618912281,0.715189928304));
#4267 = ( GEOMETRIC_REPRESENTATION_CONTEXT(2) 
PARAMETRIC_REPRESENTATION_CONTEXT() REPRESENTATION_CONTEXT('2D SPACE',''
  ) );
#4268 = ORIENTED_EDGE('',*,*,#4193,.F.);
#4269 = ORIENTED_EDGE('',*,*,#4270,.T.);
#4270 = EDGE_CURVE('',#4194,#2918,#4271,.T.);
#4271 = SURFACE_CURVE('',#4272,(#4276,#4283),.PCURVE_S1.);
#4272 = LINE('',#4273,#4274);
#4273 = CARTESIAN_POINT('',(-134.9970092773,31.428001403809,
    2.002000808716));
#4274 = VECTOR('',#4275,1.);
#4275 = DIRECTION('',(0.,0.,-1.));
#4276 = PCURVE('',#4209,#4277);
#4277 = DEFINITIONAL_REPRESENTATION('',(#4278),#4282);
#4278 = LINE('',#4279,#4280);
#4279 = CARTESIAN_POINT('',(4.964015166422E-04,-0.50149582413));
#4280 = VECTOR('',#4281,1.);
#4281 = DIRECTION('',(0.,1.));
#4282 = ( GEOMETRIC_REPRESENTATION_CONTEXT(2) 
PARAMETRIC_REPRESENTATION_CONTEXT() REPRESENTATION_CONTEXT('2D SPACE',''
  ) );
#4283 = PCURVE('',#4284,#4289);
#4284 = PLANE('',#4285);
#4285 = AXIS2_PLACEMENT_3D('',#4286,#4287,#4288);
#4286 = CARTESIAN_POINT('',(-134.9970092773,31.758082909728,
    1.643418745851));
#4287 = DIRECTION('',(-1.,-0.,-0.));
#4288 = DIRECTION('',(0.,0.,-1.));
#4289 = DEFINITIONAL_REPRESENTATION('',(#4290),#4293);
#4290 = B_SPLINE_CURVE_WITH_KNOTS('',1,(#4291,#4292),.UNSPECIFIED.,.F.,
  .F.,(2,2),(0.,1.002000808716),.PIECEWISE_BEZIER_KNOTS.);
#4291 = CARTESIAN_POINT('',(-0.358582062865,0.330081505919));
#4292 = CARTESIAN_POINT('',(0.643418745851,0.330081505919));
#4293 = ( GEOMETRIC_REPRESENTATION_CONTEXT(2) 
PARAMETRIC_REPRESENTATION_CONTEXT() REPRESENTATION_CONTEXT('2D SPACE',''
  ) );
#4294 = ADVANCED_FACE('',(#4295),#4235,.T.);
#4295 = FACE_BOUND('',#4296,.T.);
#4296 = EDGE_LOOP('',(#4297,#4298,#4325));
#4297 = ORIENTED_EDGE('',*,*,#4221,.F.);
#4298 = ORIENTED_EDGE('',*,*,#4299,.F.);
#4299 = EDGE_CURVE('',#4300,#4138,#4302,.T.);
#4300 = VERTEX_POINT('',#4301);
#4301 = CARTESIAN_POINT('',(-135.1490020751,32.313999176025,
    2.002000808716));
#4302 = SURFACE_CURVE('',#4303,(#4307,#4313),.PCURVE_S1.);
#4303 = LINE('',#4304,#4305);
#4304 = CARTESIAN_POINT('',(-135.1490020751,32.313999176025,
    2.002000808716));
#4305 = VECTOR('',#4306,1.);
#4306 = DIRECTION('',(0.166935191084,-0.985967870662,0.));
#4307 = PCURVE('',#4235,#4308);
#4308 = DEFINITIONAL_REPRESENTATION('',(#4309),#4312);
#4309 = B_SPLINE_CURVE_WITH_KNOTS('',1,(#4310,#4311),.UNSPECIFIED.,.F.,
  .F.,(2,2),(0.,0.898607143884),.PIECEWISE_BEZIER_KNOTS.);
#4310 = CARTESIAN_POINT('',(7.558380512191E-02,0.443487208541));
#4311 = CARTESIAN_POINT('',(-7.442535015153E-02,-0.442510563675));
#4312 = ( GEOMETRIC_REPRESENTATION_CONTEXT(2) 
PARAMETRIC_REPRESENTATION_CONTEXT() REPRESENTATION_CONTEXT('2D SPACE',''
  ) );
#4313 = PCURVE('',#4314,#4319);
#4314 = PLANE('',#4315);
#4315 = AXIS2_PLACEMENT_3D('',#4316,#4317,#4318);
#4316 = CARTESIAN_POINT('',(-135.107098546,31.84729200559,2.002000808716
    ));
#4317 = DIRECTION('',(-0.,-0.,-1.));
#4318 = DIRECTION('',(-1.,0.,0.));
#4319 = DEFINITIONAL_REPRESENTATION('',(#4320),#4324);
#4320 = LINE('',#4321,#4322);
#4321 = CARTESIAN_POINT('',(4.190352909643E-02,0.466707170435));
#4322 = VECTOR('',#4323,1.);
#4323 = DIRECTION('',(-0.166935191084,-0.985967870662));
#4324 = ( GEOMETRIC_REPRESENTATION_CONTEXT(2) 
PARAMETRIC_REPRESENTATION_CONTEXT() REPRESENTATION_CONTEXT('2D SPACE',''
  ) );
#4325 = ORIENTED_EDGE('',*,*,#4326,.F.);
#4326 = EDGE_CURVE('',#4194,#4300,#4327,.T.);
#4327 = SURFACE_CURVE('',#4328,(#4332,#4338),.PCURVE_S1.);
#4328 = LINE('',#4329,#4330);
#4329 = CARTESIAN_POINT('',(-134.9970092773,31.428001403809,
    2.002000808716));
#4330 = VECTOR('',#4331,1.);
#4331 = DIRECTION('',(-0.169079947848,0.985602339301,0.));
#4332 = PCURVE('',#4235,#4333);
#4333 = DEFINITIONAL_REPRESENTATION('',(#4334),#4337);
#4334 = B_SPLINE_CURVE_WITH_KNOTS('',1,(#4335,#4336),.UNSPECIFIED.,.F.,
  .F.,(2,2),(0.,0.898940411246),.PIECEWISE_BEZIER_KNOTS.);
#4335 = CARTESIAN_POINT('',(-7.640899272965E-02,-0.442510563675));
#4336 = CARTESIAN_POINT('',(7.558380512191E-02,0.443487208541));
#4337 = ( GEOMETRIC_REPRESENTATION_CONTEXT(2) 
PARAMETRIC_REPRESENTATION_CONTEXT() REPRESENTATION_CONTEXT('2D SPACE',''
  ) );
#4338 = PCURVE('',#4339,#4344);
#4339 = PLANE('',#4340);
#4340 = AXIS2_PLACEMENT_3D('',#4341,#4342,#4343);
#4341 = CARTESIAN_POINT('',(-135.0400587047,31.921130730152,
    2.002000808716));
#4342 = DIRECTION('',(-3.576075960214E-27,-2.844763592101E-28,-1.));
#4343 = DIRECTION('',(-1.,0.,3.576075960214E-27));
#4344 = DEFINITIONAL_REPRESENTATION('',(#4345),#4349);
#4345 = LINE('',#4346,#4347);
#4346 = CARTESIAN_POINT('',(-4.304942736113E-02,-0.493129326343));
#4347 = VECTOR('',#4348,1.);
#4348 = DIRECTION('',(0.169079947848,0.985602339301));
#4349 = ( GEOMETRIC_REPRESENTATION_CONTEXT(2) 
PARAMETRIC_REPRESENTATION_CONTEXT() REPRESENTATION_CONTEXT('2D SPACE',''
  ) );
#4350 = ADVANCED_FACE('',(#4351),#4365,.T.);
#4351 = FACE_BOUND('',#4352,.T.);
#4352 = EDGE_LOOP('',(#4353,#4387,#4414));
#4353 = ORIENTED_EDGE('',*,*,#4354,.T.);
#4354 = EDGE_CURVE('',#4355,#4357,#4359,.T.);
#4355 = VERTEX_POINT('',#4356);
#4356 = CARTESIAN_POINT('',(-136.847000122,30.118999481201,1.));
#4357 = VERTEX_POINT('',#4358);
#4358 = CARTESIAN_POINT('',(-139.4880065917,33.654998779297,1.));
#4359 = SURFACE_CURVE('',#4360,(#4364,#4376),.PCURVE_S1.);
#4360 = LINE('',#4361,#4362);
#4361 = CARTESIAN_POINT('',(-136.847000122,30.118999481201,1.));
#4362 = VECTOR('',#4363,1.);
#4363 = DIRECTION('',(-0.598404685628,0.801194004108,0.));
#4364 = PCURVE('',#4365,#4370);
#4365 = PLANE('',#4366);
#4366 = AXIS2_PLACEMENT_3D('',#4367,#4368,#4369);
#4367 = CARTESIAN_POINT('',(-137.7205840515,32.330895079812,1.));
#4368 = DIRECTION('',(-0.,-0.,-1.));
#4369 = DIRECTION('',(-1.,0.,0.));
#4370 = DEFINITIONAL_REPRESENTATION('',(#4371),#4375);
#4371 = LINE('',#4372,#4373);
#4372 = CARTESIAN_POINT('',(-0.873583929433,-2.211895598611));
#4373 = VECTOR('',#4374,1.);
#4374 = DIRECTION('',(0.598404685628,0.801194004108));
#4375 = ( GEOMETRIC_REPRESENTATION_CONTEXT(2) 
PARAMETRIC_REPRESENTATION_CONTEXT() REPRESENTATION_CONTEXT('2D SPACE',''
  ) );
#4376 = PCURVE('',#4377,#4382);
#4377 = PLANE('',#4378);
#4378 = AXIS2_PLACEMENT_3D('',#4379,#4380,#4381);
#4379 = CARTESIAN_POINT('',(-138.9733100452,31.794967000033,1.));
#4380 = DIRECTION('',(-0.,-0.,-1.));
#4381 = DIRECTION('',(-1.,0.,0.));
#4382 = DEFINITIONAL_REPRESENTATION('',(#4383),#4386);
#4383 = B_SPLINE_CURVE_WITH_KNOTS('',1,(#4384,#4385),.UNSPECIFIED.,.F.,
  .F.,(2,2),(0.,4.413412082422),.PIECEWISE_BEZIER_KNOTS.);
#4384 = CARTESIAN_POINT('',(-2.126309923168,-1.675967518831));
#4385 = CARTESIAN_POINT('',(0.514696546558,1.860031779264));
#4386 = ( GEOMETRIC_REPRESENTATION_CONTEXT(2) 
PARAMETRIC_REPRESENTATION_CONTEXT() REPRESENTATION_CONTEXT('2D SPACE',''
  ) );
#4387 = ORIENTED_EDGE('',*,*,#4388,.T.);
#4388 = EDGE_CURVE('',#4357,#4389,#4391,.T.);
#4389 = VERTEX_POINT('',#4390);
#4390 = CARTESIAN_POINT('',(-136.8229980468,33.654998779297,1.));
#4391 = SURFACE_CURVE('',#4392,(#4396,#4403),.PCURVE_S1.);
#4392 = LINE('',#4393,#4394);
#4393 = CARTESIAN_POINT('',(-139.4880065917,33.654998779297,1.));
#4394 = VECTOR('',#4395,1.);
#4395 = DIRECTION('',(1.,0.,0.));
#4396 = PCURVE('',#4365,#4397);
#4397 = DEFINITIONAL_REPRESENTATION('',(#4398),#4402);
#4398 = LINE('',#4399,#4400);
#4399 = CARTESIAN_POINT('',(1.767422540294,1.324103699485));
#4400 = VECTOR('',#4401,1.);
#4401 = DIRECTION('',(-1.,0.));
#4402 = ( GEOMETRIC_REPRESENTATION_CONTEXT(2) 
PARAMETRIC_REPRESENTATION_CONTEXT() REPRESENTATION_CONTEXT('2D SPACE',''
  ) );
#4403 = PCURVE('',#4404,#4409);
#4404 = PLANE('',#4405);
#4405 = AXIS2_PLACEMENT_3D('',#4406,#4407,#4408);
#4406 = CARTESIAN_POINT('',(-138.3604665851,33.654998779297,
    1.296036138568));
#4407 = DIRECTION('',(0.,1.,0.));
#4408 = DIRECTION('',(0.,-0.,1.));
#4409 = DEFINITIONAL_REPRESENTATION('',(#4410),#4413);
#4410 = B_SPLINE_CURVE_WITH_KNOTS('',1,(#4411,#4412),.UNSPECIFIED.,.F.,
  .F.,(2,2),(0.,2.665008544922),.PIECEWISE_BEZIER_KNOTS.);
#4411 = CARTESIAN_POINT('',(-0.296036138568,-1.127540006671));
#4412 = CARTESIAN_POINT('',(-0.296036138568,1.537468538251));
#4413 = ( GEOMETRIC_REPRESENTATION_CONTEXT(2) 
PARAMETRIC_REPRESENTATION_CONTEXT() REPRESENTATION_CONTEXT('2D SPACE',''
  ) );
#4414 = ORIENTED_EDGE('',*,*,#4415,.T.);
#4415 = EDGE_CURVE('',#4389,#4355,#4416,.T.);
#4416 = SURFACE_CURVE('',#4417,(#4421,#4428),.PCURVE_S1.);
#4417 = LINE('',#4418,#4419);
#4418 = CARTESIAN_POINT('',(-136.8229980468,33.654998779297,1.));
#4419 = VECTOR('',#4420,1.);
#4420 = DIRECTION('',(-6.787762166548E-03,-0.999976962877,0.));
#4421 = PCURVE('',#4365,#4422);
#4422 = DEFINITIONAL_REPRESENTATION('',(#4423),#4427);
#4423 = LINE('',#4424,#4425);
#4424 = CARTESIAN_POINT('',(-0.897586004628,1.324103699485));
#4425 = VECTOR('',#4426,1.);
#4426 = DIRECTION('',(6.787762166548E-03,-0.999976962877));
#4427 = ( GEOMETRIC_REPRESENTATION_CONTEXT(2) 
PARAMETRIC_REPRESENTATION_CONTEXT() REPRESENTATION_CONTEXT('2D SPACE',''
  ) );
#4428 = PCURVE('',#4429,#4434);
#4429 = PLANE('',#4430);
#4430 = AXIS2_PLACEMENT_3D('',#4431,#4432,#4433);
#4431 = CARTESIAN_POINT('',(-136.3449648338,31.945336447065,1.));
#4432 = DIRECTION('',(-0.,-0.,-1.));
#4433 = DIRECTION('',(-1.,0.,0.));
#4434 = DEFINITIONAL_REPRESENTATION('',(#4435),#4438);
#4435 = B_SPLINE_CURVE_WITH_KNOTS('',1,(#4436,#4437),.UNSPECIFIED.,.F.,
  .F.,(2,2),(0.,3.536080759223),.PIECEWISE_BEZIER_KNOTS.);
#4436 = CARTESIAN_POINT('',(0.478033213033,1.709662332232));
#4437 = CARTESIAN_POINT('',(0.502035288228,-1.826336965864));
#4438 = ( GEOMETRIC_REPRESENTATION_CONTEXT(2) 
PARAMETRIC_REPRESENTATION_CONTEXT() REPRESENTATION_CONTEXT('2D SPACE',''
  ) );
#4439 = ADVANCED_FACE('',(#4440),#4429,.T.);
#4440 = FACE_BOUND('',#4441,.T.);
#4441 = EDGE_LOOP('',(#4442,#4443,#4470));
#4442 = ORIENTED_EDGE('',*,*,#4415,.F.);
#4443 = ORIENTED_EDGE('',*,*,#4444,.F.);
#4444 = EDGE_CURVE('',#4445,#4389,#4447,.T.);
#4445 = VERTEX_POINT('',#4446);
#4446 = CARTESIAN_POINT('',(-135.1490020751,32.313999176025,1.));
#4447 = SURFACE_CURVE('',#4448,(#4452,#4458),.PCURVE_S1.);
#4448 = LINE('',#4449,#4450);
#4449 = CARTESIAN_POINT('',(-135.1490020751,32.313999176025,1.));
#4450 = VECTOR('',#4451,1.);
#4451 = DIRECTION('',(-0.780458630342,0.625207426639,0.));
#4452 = PCURVE('',#4429,#4453);
#4453 = DEFINITIONAL_REPRESENTATION('',(#4454),#4457);
#4454 = B_SPLINE_CURVE_WITH_KNOTS('',1,(#4455,#4456),.UNSPECIFIED.,.F.,
  .F.,(2,2),(0.,2.144887514341),.PIECEWISE_BEZIER_KNOTS.);
#4455 = CARTESIAN_POINT('',(-1.195962758647,0.368662728961));
#4456 = CARTESIAN_POINT('',(0.478033213033,1.709662332232));
#4457 = ( GEOMETRIC_REPRESENTATION_CONTEXT(2) 
PARAMETRIC_REPRESENTATION_CONTEXT() REPRESENTATION_CONTEXT('2D SPACE',''
  ) );
#4458 = PCURVE('',#4459,#4464);
#4459 = PLANE('',#4460);
#4460 = AXIS2_PLACEMENT_3D('',#4461,#4462,#4463);
#4461 = CARTESIAN_POINT('',(-135.8339090342,32.862662360354,
    1.306126491932));
#4462 = DIRECTION('',(0.625207426639,0.780458630342,0.));
#4463 = DIRECTION('',(0.780458630342,-0.625207426639,0.));
#4464 = DEFINITIONAL_REPRESENTATION('',(#4465),#4469);
#4465 = LINE('',#4466,#4467);
#4466 = CARTESIAN_POINT('',(0.877569844744,0.306126491932));
#4467 = VECTOR('',#4468,1.);
#4468 = DIRECTION('',(-1.,0.));
#4469 = ( GEOMETRIC_REPRESENTATION_CONTEXT(2) 
PARAMETRIC_REPRESENTATION_CONTEXT() REPRESENTATION_CONTEXT('2D SPACE',''
  ) );
#4470 = ORIENTED_EDGE('',*,*,#4471,.F.);
#4471 = EDGE_CURVE('',#4355,#4445,#4472,.T.);
#4472 = SURFACE_CURVE('',#4473,(#4477,#4483),.PCURVE_S1.);
#4473 = LINE('',#4474,#4475);
#4474 = CARTESIAN_POINT('',(-136.847000122,30.118999481201,1.));
#4475 = VECTOR('',#4476,1.);
#4476 = DIRECTION('',(0.611867509285,0.790960271494,0.));
#4477 = PCURVE('',#4429,#4478);
#4478 = DEFINITIONAL_REPRESENTATION('',(#4479),#4482);
#4479 = B_SPLINE_CURVE_WITH_KNOTS('',1,(#4480,#4481),.UNSPECIFIED.,.F.,
  .F.,(2,2),(0.,2.775107390259),.PIECEWISE_BEZIER_KNOTS.);
#4480 = CARTESIAN_POINT('',(0.502035288228,-1.826336965864));
#4481 = CARTESIAN_POINT('',(-1.195962758647,0.368662728961));
#4482 = ( GEOMETRIC_REPRESENTATION_CONTEXT(2) 
PARAMETRIC_REPRESENTATION_CONTEXT() REPRESENTATION_CONTEXT('2D SPACE',''
  ) );
#4483 = PCURVE('',#4484,#4489);
#4484 = PLANE('',#4485);
#4485 = AXIS2_PLACEMENT_3D('',#4486,#4487,#4488);
#4486 = CARTESIAN_POINT('',(-135.8754705662,31.157651475311,1.));
#4487 = DIRECTION('',(-0.,-0.,-1.));
#4488 = DIRECTION('',(-1.,0.,0.));
#4489 = DEFINITIONAL_REPRESENTATION('',(#4490),#4494);
#4490 = LINE('',#4491,#4492);
#4491 = CARTESIAN_POINT('',(0.971529555857,-1.03865199411));
#4492 = VECTOR('',#4493,1.);
#4493 = DIRECTION('',(-0.611867509285,0.790960271494));
#4494 = ( GEOMETRIC_REPRESENTATION_CONTEXT(2) 
PARAMETRIC_REPRESENTATION_CONTEXT() REPRESENTATION_CONTEXT('2D SPACE',''
  ) );
#4495 = ADVANCED_FACE('',(#4496),#4508,.T.);
#4496 = FACE_BOUND('',#4497,.T.);
#4497 = EDGE_LOOP('',(#4498,#4530,#4552));
#4498 = ORIENTED_EDGE('',*,*,#4499,.T.);
#4499 = EDGE_CURVE('',#4500,#4389,#4502,.T.);
#4500 = VERTEX_POINT('',#4501);
#4501 = CARTESIAN_POINT('',(-136.8229980468,33.654998779297,
    2.002000808716));
#4502 = SURFACE_CURVE('',#4503,(#4507,#4519),.PCURVE_S1.);
#4503 = LINE('',#4504,#4505);
#4504 = CARTESIAN_POINT('',(-136.8229980468,33.654998779297,
    2.002000808716));
#4505 = VECTOR('',#4506,1.);
#4506 = DIRECTION('',(0.,0.,-1.));
#4507 = PCURVE('',#4508,#4513);
#4508 = PLANE('',#4509);
#4509 = AXIS2_PLACEMENT_3D('',#4510,#4511,#4512);
#4510 = CARTESIAN_POINT('',(-137.9505380535,33.654998779297,
    1.705964670148));
#4511 = DIRECTION('',(0.,1.,0.));
#4512 = DIRECTION('',(0.,-0.,1.));
#4513 = DEFINITIONAL_REPRESENTATION('',(#4514),#4518);
#4514 = LINE('',#4515,#4516);
#4515 = CARTESIAN_POINT('',(0.296036138568,1.127540006671));
#4516 = VECTOR('',#4517,1.);
#4517 = DIRECTION('',(-1.,0.));
#4518 = ( GEOMETRIC_REPRESENTATION_CONTEXT(2) 
PARAMETRIC_REPRESENTATION_CONTEXT() REPRESENTATION_CONTEXT('2D SPACE',''
  ) );
#4519 = PCURVE('',#4520,#4525);
#4520 = PLANE('',#4521);
#4521 = AXIS2_PLACEMENT_3D('',#4522,#4523,#4524);
#4522 = CARTESIAN_POINT('',(-136.1380910878,33.106335594968,
    1.695874316784));
#4523 = DIRECTION('',(0.625207426639,0.780458630342,-1.608833794411E-16)
  );
#4524 = DIRECTION('',(0.780458630342,-0.625207426639,0.));
#4525 = DEFINITIONAL_REPRESENTATION('',(#4526),#4529);
#4526 = B_SPLINE_CURVE_WITH_KNOTS('',1,(#4527,#4528),.UNSPECIFIED.,.F.,
  .F.,(2,2),(0.,1.002000808716),.PIECEWISE_BEZIER_KNOTS.);
#4527 = CARTESIAN_POINT('',(-0.877569844744,-0.306126491932));
#4528 = CARTESIAN_POINT('',(-0.877569844744,0.695874316784));
#4529 = ( GEOMETRIC_REPRESENTATION_CONTEXT(2) 
PARAMETRIC_REPRESENTATION_CONTEXT() REPRESENTATION_CONTEXT('2D SPACE',''
  ) );
#4530 = ORIENTED_EDGE('',*,*,#4531,.T.);
#4531 = EDGE_CURVE('',#4389,#4532,#4534,.T.);
#4532 = VERTEX_POINT('',#4533);
#4533 = CARTESIAN_POINT('',(-139.4880065917,33.654998779297,
    2.002000808716));
#4534 = SURFACE_CURVE('',#4535,(#4539,#4546),.PCURVE_S1.);
#4535 = LINE('',#4536,#4537);
#4536 = CARTESIAN_POINT('',(-136.8229980468,33.654998779297,1.));
#4537 = VECTOR('',#4538,1.);
#4538 = DIRECTION('',(-0.936025991246,0.,0.351930879169));
#4539 = PCURVE('',#4508,#4540);
#4540 = DEFINITIONAL_REPRESENTATION('',(#4541),#4545);
#4541 = LINE('',#4542,#4543);
#4542 = CARTESIAN_POINT('',(-0.705964670148,1.127540006671));
#4543 = VECTOR('',#4544,1.);
#4544 = DIRECTION('',(0.351930879169,-0.936025991246));
#4545 = ( GEOMETRIC_REPRESENTATION_CONTEXT(2) 
PARAMETRIC_REPRESENTATION_CONTEXT() REPRESENTATION_CONTEXT('2D SPACE',''
  ) );
#4546 = PCURVE('',#4404,#4547);
#4547 = DEFINITIONAL_REPRESENTATION('',(#4548),#4551);
#4548 = B_SPLINE_CURVE_WITH_KNOTS('',1,(#4549,#4550),.UNSPECIFIED.,.F.,
  .F.,(2,2),(0.,2.847152290478),.PIECEWISE_BEZIER_KNOTS.);
#4549 = CARTESIAN_POINT('',(-0.296036138568,1.537468538251));
#4550 = CARTESIAN_POINT('',(0.705964670148,-1.127540006671));
#4551 = ( GEOMETRIC_REPRESENTATION_CONTEXT(2) 
PARAMETRIC_REPRESENTATION_CONTEXT() REPRESENTATION_CONTEXT('2D SPACE',''
  ) );
#4552 = ORIENTED_EDGE('',*,*,#4553,.T.);
#4553 = EDGE_CURVE('',#4532,#4500,#4554,.T.);
#4554 = SURFACE_CURVE('',#4555,(#4559,#4566),.PCURVE_S1.);
#4555 = LINE('',#4556,#4557);
#4556 = CARTESIAN_POINT('',(-139.4880065917,33.654998779297,
    2.002000808716));
#4557 = VECTOR('',#4558,1.);
#4558 = DIRECTION('',(1.,0.,0.));
#4559 = PCURVE('',#4508,#4560);
#4560 = DEFINITIONAL_REPRESENTATION('',(#4561),#4565);
#4561 = LINE('',#4562,#4563);
#4562 = CARTESIAN_POINT('',(0.296036138568,-1.537468538251));
#4563 = VECTOR('',#4564,1.);
#4564 = DIRECTION('',(0.,1.));
#4565 = ( GEOMETRIC_REPRESENTATION_CONTEXT(2) 
PARAMETRIC_REPRESENTATION_CONTEXT() REPRESENTATION_CONTEXT('2D SPACE',''
  ) );
#4566 = PCURVE('',#4567,#4572);
#4567 = PLANE('',#4568);
#4568 = AXIS2_PLACEMENT_3D('',#4569,#4570,#4571);
#4569 = CARTESIAN_POINT('',(-138.1217162873,33.68628359721,
    2.002000808716));
#4570 = DIRECTION('',(-0.,-0.,-1.));
#4571 = DIRECTION('',(-1.,0.,0.));
#4572 = DEFINITIONAL_REPRESENTATION('',(#4573),#4576);
#4573 = B_SPLINE_CURVE_WITH_KNOTS('',1,(#4574,#4575),.UNSPECIFIED.,.F.,
  .F.,(2,2),(0.,2.665008544922),.PIECEWISE_BEZIER_KNOTS.);
#4574 = CARTESIAN_POINT('',(1.366290304417,-3.128481791322E-02));
#4575 = CARTESIAN_POINT('',(-1.298718240505,-3.128481791322E-02));
#4576 = ( GEOMETRIC_REPRESENTATION_CONTEXT(2) 
PARAMETRIC_REPRESENTATION_CONTEXT() REPRESENTATION_CONTEXT('2D SPACE',''
  ) );
#4577 = ADVANCED_FACE('',(#4578),#4520,.T.);
#4578 = FACE_BOUND('',#4579,.T.);
#4579 = EDGE_LOOP('',(#4580,#4600,#4601));
#4580 = ORIENTED_EDGE('',*,*,#4581,.T.);
#4581 = EDGE_CURVE('',#4300,#4389,#4582,.T.);
#4582 = SURFACE_CURVE('',#4583,(#4587,#4594),.PCURVE_S1.);
#4583 = LINE('',#4584,#4585);
#4584 = CARTESIAN_POINT('',(-135.1490020751,32.313999176025,
    2.002000808716));
#4585 = VECTOR('',#4586,1.);
#4586 = DIRECTION('',(-0.707105327529,0.56644578585,-0.423250785556));
#4587 = PCURVE('',#4520,#4588);
#4588 = DEFINITIONAL_REPRESENTATION('',(#4589),#4593);
#4589 = LINE('',#4590,#4591);
#4590 = CARTESIAN_POINT('',(1.267317669596,-0.306126491932));
#4591 = VECTOR('',#4592,1.);
#4592 = DIRECTION('',(-0.906012567532,0.423250785556));
#4593 = ( GEOMETRIC_REPRESENTATION_CONTEXT(2) 
PARAMETRIC_REPRESENTATION_CONTEXT() REPRESENTATION_CONTEXT('2D SPACE',''
  ) );
#4594 = PCURVE('',#4459,#4595);
#4595 = DEFINITIONAL_REPRESENTATION('',(#4596),#4599);
#4596 = B_SPLINE_CURVE_WITH_KNOTS('',1,(#4597,#4598),.UNSPECIFIED.,.F.,
  .F.,(2,2),(0.,2.367392673352),.PIECEWISE_BEZIER_KNOTS.);
#4597 = CARTESIAN_POINT('',(0.877569844744,-0.695874316784));
#4598 = CARTESIAN_POINT('',(-1.267317669596,0.306126491932));
#4599 = ( GEOMETRIC_REPRESENTATION_CONTEXT(2) 
PARAMETRIC_REPRESENTATION_CONTEXT() REPRESENTATION_CONTEXT('2D SPACE',''
  ) );
#4600 = ORIENTED_EDGE('',*,*,#4499,.F.);
#4601 = ORIENTED_EDGE('',*,*,#4602,.T.);
#4602 = EDGE_CURVE('',#4500,#4300,#4603,.T.);
#4603 = SURFACE_CURVE('',#4604,(#4608,#4615),.PCURVE_S1.);
#4604 = LINE('',#4605,#4606);
#4605 = CARTESIAN_POINT('',(-136.8229980468,33.654998779297,
    2.002000808716));
#4606 = VECTOR('',#4607,1.);
#4607 = DIRECTION('',(0.780458630342,-0.625207426639,0.));
#4608 = PCURVE('',#4520,#4609);
#4609 = DEFINITIONAL_REPRESENTATION('',(#4610),#4614);
#4610 = LINE('',#4611,#4612);
#4611 = CARTESIAN_POINT('',(-0.877569844744,-0.306126491932));
#4612 = VECTOR('',#4613,1.);
#4613 = DIRECTION('',(1.,0.));
#4614 = ( GEOMETRIC_REPRESENTATION_CONTEXT(2) 
PARAMETRIC_REPRESENTATION_CONTEXT() REPRESENTATION_CONTEXT('2D SPACE',''
  ) );
#4615 = PCURVE('',#4616,#4621);
#4616 = PLANE('',#4617);
#4617 = AXIS2_PLACEMENT_3D('',#4618,#4619,#4620);
#4618 = CARTESIAN_POINT('',(-135.9206482901,32.977325197978,
    2.002000808716));
#4619 = DIRECTION('',(-3.088610701897E-27,-4.101551445658E-27,-1.));
#4620 = DIRECTION('',(0.,-1.,4.101551445658E-27));
#4621 = DEFINITIONAL_REPRESENTATION('',(#4622),#4625);
#4622 = B_SPLINE_CURVE_WITH_KNOTS('',1,(#4623,#4624),.UNSPECIFIED.,.F.,
  .F.,(2,2),(0.,2.144887514341),.PIECEWISE_BEZIER_KNOTS.);
#4623 = CARTESIAN_POINT('',(-0.677673581319,0.902349756771));
#4624 = CARTESIAN_POINT('',(0.663326021953,-0.771646214908));
#4625 = ( GEOMETRIC_REPRESENTATION_CONTEXT(2) 
PARAMETRIC_REPRESENTATION_CONTEXT() REPRESENTATION_CONTEXT('2D SPACE',''
  ) );
#4626 = ADVANCED_FACE('',(#4627),#4459,.T.);
#4627 = FACE_BOUND('',#4628,.T.);
#4628 = EDGE_LOOP('',(#4629,#4630,#4631));
#4629 = ORIENTED_EDGE('',*,*,#4444,.T.);
#4630 = ORIENTED_EDGE('',*,*,#4581,.F.);
#4631 = ORIENTED_EDGE('',*,*,#4632,.F.);
#4632 = EDGE_CURVE('',#4445,#4300,#4633,.T.);
#4633 = SURFACE_CURVE('',#4634,(#4638,#4644),.PCURVE_S1.);
#4634 = LINE('',#4635,#4636);
#4635 = CARTESIAN_POINT('',(-135.1490020751,32.313999176025,1.));
#4636 = VECTOR('',#4637,1.);
#4637 = DIRECTION('',(0.,0.,1.));
#4638 = PCURVE('',#4459,#4639);
#4639 = DEFINITIONAL_REPRESENTATION('',(#4640),#4643);
#4640 = B_SPLINE_CURVE_WITH_KNOTS('',1,(#4641,#4642),.UNSPECIFIED.,.F.,
  .F.,(2,2),(0.,1.002000808716),.PIECEWISE_BEZIER_KNOTS.);
#4641 = CARTESIAN_POINT('',(0.877569844744,0.306126491932));
#4642 = CARTESIAN_POINT('',(0.877569844744,-0.695874316784));
#4643 = ( GEOMETRIC_REPRESENTATION_CONTEXT(2) 
PARAMETRIC_REPRESENTATION_CONTEXT() REPRESENTATION_CONTEXT('2D SPACE',''
  ) );
#4644 = PCURVE('',#4645,#4650);
#4645 = PLANE('',#4646);
#4646 = AXIS2_PLACEMENT_3D('',#4647,#4648,#4649);
#4647 = CARTESIAN_POINT('',(-135.1490020751,32.029671674325,
    1.634172444894));
#4648 = DIRECTION('',(1.,0.,0.));
#4649 = DIRECTION('',(-0.,0.,1.));
#4650 = DEFINITIONAL_REPRESENTATION('',(#4651),#4655);
#4651 = LINE('',#4652,#4653);
#4652 = CARTESIAN_POINT('',(-0.634172444894,-0.2843275017));
#4653 = VECTOR('',#4654,1.);
#4654 = DIRECTION('',(1.,0.));
#4655 = ( GEOMETRIC_REPRESENTATION_CONTEXT(2) 
PARAMETRIC_REPRESENTATION_CONTEXT() REPRESENTATION_CONTEXT('2D SPACE',''
  ) );
#4656 = ADVANCED_FACE('',(#4657),#4671,.T.);
#4657 = FACE_BOUND('',#4658,.T.);
#4658 = EDGE_LOOP('',(#4659,#4693,#4718));
#4659 = ORIENTED_EDGE('',*,*,#4660,.T.);
#4660 = EDGE_CURVE('',#4661,#4663,#4665,.T.);
#4661 = VERTEX_POINT('',#4662);
#4662 = CARTESIAN_POINT('',(-135.1490020751,31.479000091553,1.));
#4663 = VERTEX_POINT('',#4664);
#4664 = CARTESIAN_POINT('',(-136.847000122,30.118999481201,
    2.002000808716));
#4665 = SURFACE_CURVE('',#4666,(#4670,#4682),.PCURVE_S1.);
#4666 = LINE('',#4667,#4668);
#4667 = CARTESIAN_POINT('',(-135.1490020751,31.479000091553,1.));
#4668 = VECTOR('',#4669,1.);
#4669 = DIRECTION('',(-0.708928042414,-0.567811354172,0.418343515251));
#4670 = PCURVE('',#4671,#4676);
#4671 = PLANE('',#4672);
#4672 = AXIS2_PLACEMENT_3D('',#4673,#4674,#4675);
#4673 = CARTESIAN_POINT('',(-136.1506565999,30.676731344789,
    1.305415962489));
#4674 = DIRECTION('',(0.625144006445,-0.780509430569,-3.226343413313E-16
    ));
#4675 = DIRECTION('',(-0.780509430569,-0.625144006445,2.465190328816E-32
    ));
#4676 = DEFINITIONAL_REPRESENTATION('',(#4677),#4681);
#4677 = LINE('',#4678,#4679);
#4678 = CARTESIAN_POINT('',(-1.283334301367,0.305415962489));
#4679 = VECTOR('',#4680,1.);
#4680 = DIRECTION('',(0.90828888755,-0.418343515251));
#4681 = ( GEOMETRIC_REPRESENTATION_CONTEXT(2) 
PARAMETRIC_REPRESENTATION_CONTEXT() REPRESENTATION_CONTEXT('2D SPACE',''
  ) );
#4682 = PCURVE('',#4683,#4688);
#4683 = PLANE('',#4684);
#4684 = AXIS2_PLACEMENT_3D('',#4685,#4686,#4687);
#4685 = CARTESIAN_POINT('',(-135.8453455972,30.921268227965,
    1.696584846227));
#4686 = DIRECTION('',(0.625144006445,-0.780509430569,1.613171706656E-16)
  );
#4687 = DIRECTION('',(-0.780509430569,-0.625144006445,0.));
#4688 = DEFINITIONAL_REPRESENTATION('',(#4689),#4692);
#4689 = B_SPLINE_CURVE_WITH_KNOTS('',1,(#4690,#4691),.UNSPECIFIED.,.F.,
  .F.,(2,2),(0.,2.395162760235),.PIECEWISE_BEZIER_KNOTS.);
#4690 = CARTESIAN_POINT('',(-0.892165417628,0.696584846227));
#4691 = CARTESIAN_POINT('',(1.283334301367,-0.305415962489));
#4692 = ( GEOMETRIC_REPRESENTATION_CONTEXT(2) 
PARAMETRIC_REPRESENTATION_CONTEXT() REPRESENTATION_CONTEXT('2D SPACE',''
  ) );
#4693 = ORIENTED_EDGE('',*,*,#4694,.T.);
#4694 = EDGE_CURVE('',#4663,#4355,#4695,.T.);
#4695 = SURFACE_CURVE('',#4696,(#4700,#4707),.PCURVE_S1.);
#4696 = LINE('',#4697,#4698);
#4697 = CARTESIAN_POINT('',(-136.847000122,30.118999481201,
    2.002000808716));
#4698 = VECTOR('',#4699,1.);
#4699 = DIRECTION('',(0.,0.,-1.));
#4700 = PCURVE('',#4671,#4701);
#4701 = DEFINITIONAL_REPRESENTATION('',(#4702),#4706);
#4702 = LINE('',#4703,#4704);
#4703 = CARTESIAN_POINT('',(0.892165417629,-0.696584846227));
#4704 = VECTOR('',#4705,1.);
#4705 = DIRECTION('',(-2.465190328816E-32,1.));
#4706 = ( GEOMETRIC_REPRESENTATION_CONTEXT(2) 
PARAMETRIC_REPRESENTATION_CONTEXT() REPRESENTATION_CONTEXT('2D SPACE',''
  ) );
#4707 = PCURVE('',#4708,#4713);
#4708 = PLANE('',#4709);
#4709 = AXIS2_PLACEMENT_3D('',#4710,#4711,#4712);
#4710 = CARTESIAN_POINT('',(-139.6724043828,30.118999481201,
    1.731099988752));
#4711 = DIRECTION('',(-0.,-1.,-0.));
#4712 = DIRECTION('',(0.,0.,-1.));
#4713 = DEFINITIONAL_REPRESENTATION('',(#4714),#4717);
#4714 = B_SPLINE_CURVE_WITH_KNOTS('',1,(#4715,#4716),.UNSPECIFIED.,.F.,
  .F.,(2,2),(0.,1.002000808716),.PIECEWISE_BEZIER_KNOTS.);
#4715 = CARTESIAN_POINT('',(-0.270900819964,2.825404260821));
#4716 = CARTESIAN_POINT('',(0.731099988752,2.825404260821));
#4717 = ( GEOMETRIC_REPRESENTATION_CONTEXT(2) 
PARAMETRIC_REPRESENTATION_CONTEXT() REPRESENTATION_CONTEXT('2D SPACE',''
  ) );
#4718 = ORIENTED_EDGE('',*,*,#4719,.T.);
#4719 = EDGE_CURVE('',#4355,#4661,#4720,.T.);
#4720 = SURFACE_CURVE('',#4721,(#4725,#4732),.PCURVE_S1.);
#4721 = LINE('',#4722,#4723);
#4722 = CARTESIAN_POINT('',(-136.847000122,30.118999481201,1.));
#4723 = VECTOR('',#4724,1.);
#4724 = DIRECTION('',(0.780509430569,0.625144006445,0.));
#4725 = PCURVE('',#4671,#4726);
#4726 = DEFINITIONAL_REPRESENTATION('',(#4727),#4731);
#4727 = LINE('',#4728,#4729);
#4728 = CARTESIAN_POINT('',(0.892165417629,0.305415962489));
#4729 = VECTOR('',#4730,1.);
#4730 = DIRECTION('',(-1.,1.790980371404E-32));
#4731 = ( GEOMETRIC_REPRESENTATION_CONTEXT(2) 
PARAMETRIC_REPRESENTATION_CONTEXT() REPRESENTATION_CONTEXT('2D SPACE',''
  ) );
#4732 = PCURVE('',#4484,#4733);
#4733 = DEFINITIONAL_REPRESENTATION('',(#4734),#4737);
#4734 = B_SPLINE_CURVE_WITH_KNOTS('',1,(#4735,#4736),.UNSPECIFIED.,.F.,
  .F.,(2,2),(0.,2.175499718995),.PIECEWISE_BEZIER_KNOTS.);
#4735 = CARTESIAN_POINT('',(0.971529555857,-1.03865199411));
#4736 = CARTESIAN_POINT('',(-0.726468491018,0.321348616242));
#4737 = ( GEOMETRIC_REPRESENTATION_CONTEXT(2) 
PARAMETRIC_REPRESENTATION_CONTEXT() REPRESENTATION_CONTEXT('2D SPACE',''
  ) );
#4738 = ADVANCED_FACE('',(#4739),#4683,.T.);
#4739 = FACE_BOUND('',#4740,.T.);
#4740 = EDGE_LOOP('',(#4741,#4768,#4769));
#4741 = ORIENTED_EDGE('',*,*,#4742,.T.);
#4742 = EDGE_CURVE('',#4743,#4663,#4745,.T.);
#4743 = VERTEX_POINT('',#4744);
#4744 = CARTESIAN_POINT('',(-135.1490020751,31.479000091553,
    2.002000808716));
#4745 = SURFACE_CURVE('',#4746,(#4750,#4757),.PCURVE_S1.);
#4746 = LINE('',#4747,#4748);
#4747 = CARTESIAN_POINT('',(-135.1490020751,31.479000091553,
    2.002000808716));
#4748 = VECTOR('',#4749,1.);
#4749 = DIRECTION('',(-0.780509430569,-0.625144006445,0.));
#4750 = PCURVE('',#4683,#4751);
#4751 = DEFINITIONAL_REPRESENTATION('',(#4752),#4756);
#4752 = LINE('',#4753,#4754);
#4753 = CARTESIAN_POINT('',(-0.892165417628,-0.305415962489));
#4754 = VECTOR('',#4755,1.);
#4755 = DIRECTION('',(1.,0.));
#4756 = ( GEOMETRIC_REPRESENTATION_CONTEXT(2) 
PARAMETRIC_REPRESENTATION_CONTEXT() REPRESENTATION_CONTEXT('2D SPACE',''
  ) );
#4757 = PCURVE('',#4758,#4763);
#4758 = PLANE('',#4759);
#4759 = AXIS2_PLACEMENT_3D('',#4760,#4761,#4762);
#4760 = CARTESIAN_POINT('',(-136.0077207758,30.749089401767,
    2.002000808716));
#4761 = DIRECTION('',(-0.,-0.,-1.));
#4762 = DIRECTION('',(-1.,0.,0.));
#4763 = DEFINITIONAL_REPRESENTATION('',(#4764),#4767);
#4764 = B_SPLINE_CURVE_WITH_KNOTS('',1,(#4765,#4766),.UNSPECIFIED.,.F.,
  .F.,(2,2),(0.,2.175499718995),.PIECEWISE_BEZIER_KNOTS.);
#4765 = CARTESIAN_POINT('',(-0.85871870065,0.729910689786));
#4766 = CARTESIAN_POINT('',(0.839279346225,-0.630089920566));
#4767 = ( GEOMETRIC_REPRESENTATION_CONTEXT(2) 
PARAMETRIC_REPRESENTATION_CONTEXT() REPRESENTATION_CONTEXT('2D SPACE',''
  ) );
#4768 = ORIENTED_EDGE('',*,*,#4660,.F.);
#4769 = ORIENTED_EDGE('',*,*,#4770,.F.);
#4770 = EDGE_CURVE('',#4743,#4661,#4771,.T.);
#4771 = SURFACE_CURVE('',#4772,(#4776,#4782),.PCURVE_S1.);
#4772 = LINE('',#4773,#4774);
#4773 = CARTESIAN_POINT('',(-135.1490020751,31.479000091553,
    2.002000808716));
#4774 = VECTOR('',#4775,1.);
#4775 = DIRECTION('',(0.,0.,-1.));
#4776 = PCURVE('',#4683,#4777);
#4777 = DEFINITIONAL_REPRESENTATION('',(#4778),#4781);
#4778 = B_SPLINE_CURVE_WITH_KNOTS('',1,(#4779,#4780),.UNSPECIFIED.,.F.,
  .F.,(2,2),(0.,1.002000808716),.PIECEWISE_BEZIER_KNOTS.);
#4779 = CARTESIAN_POINT('',(-0.892165417628,-0.305415962489));
#4780 = CARTESIAN_POINT('',(-0.892165417628,0.696584846227));
#4781 = ( GEOMETRIC_REPRESENTATION_CONTEXT(2) 
PARAMETRIC_REPRESENTATION_CONTEXT() REPRESENTATION_CONTEXT('2D SPACE',''
  ) );
#4782 = PCURVE('',#4783,#4788);
#4783 = PLANE('',#4784);
#4784 = AXIS2_PLACEMENT_3D('',#4785,#4786,#4787);
#4785 = CARTESIAN_POINT('',(-135.1490020751,31.763327593253,
    1.367828363822));
#4786 = DIRECTION('',(1.,0.,0.));
#4787 = DIRECTION('',(-0.,0.,1.));
#4788 = DEFINITIONAL_REPRESENTATION('',(#4789),#4793);
#4789 = LINE('',#4790,#4791);
#4790 = CARTESIAN_POINT('',(0.634172444894,0.2843275017));
#4791 = VECTOR('',#4792,1.);
#4792 = DIRECTION('',(-1.,0.));
#4793 = ( GEOMETRIC_REPRESENTATION_CONTEXT(2) 
PARAMETRIC_REPRESENTATION_CONTEXT() REPRESENTATION_CONTEXT('2D SPACE',''
  ) );
#4794 = ADVANCED_FACE('',(#4795),#4645,.T.);
#4795 = FACE_BOUND('',#4796,.T.);
#4796 = EDGE_LOOP('',(#4797,#4817,#4818));
#4797 = ORIENTED_EDGE('',*,*,#4798,.T.);
#4798 = EDGE_CURVE('',#4743,#4445,#4799,.T.);
#4799 = SURFACE_CURVE('',#4800,(#4804,#4811),.PCURVE_S1.);
#4800 = LINE('',#4801,#4802);
#4801 = CARTESIAN_POINT('',(-135.1490020751,31.479000091553,
    2.002000808716));
#4802 = VECTOR('',#4803,1.);
#4803 = DIRECTION('',(0.,0.64018368048,-0.768221878917));
#4804 = PCURVE('',#4645,#4805);
#4805 = DEFINITIONAL_REPRESENTATION('',(#4806),#4810);
#4806 = LINE('',#4807,#4808);
#4807 = CARTESIAN_POINT('',(0.367828363822,0.550671582773));
#4808 = VECTOR('',#4809,1.);
#4809 = DIRECTION('',(-0.768221878917,-0.64018368048));
#4810 = ( GEOMETRIC_REPRESENTATION_CONTEXT(2) 
PARAMETRIC_REPRESENTATION_CONTEXT() REPRESENTATION_CONTEXT('2D SPACE',''
  ) );
#4811 = PCURVE('',#4783,#4812);
#4812 = DEFINITIONAL_REPRESENTATION('',(#4813),#4816);
#4813 = B_SPLINE_CURVE_WITH_KNOTS('',1,(#4814,#4815),.UNSPECIFIED.,.F.,
  .F.,(2,2),(0.,1.304311731043),.PIECEWISE_BEZIER_KNOTS.);
#4814 = CARTESIAN_POINT('',(0.634172444894,0.2843275017));
#4815 = CARTESIAN_POINT('',(-0.367828363822,-0.550671582773));
#4816 = ( GEOMETRIC_REPRESENTATION_CONTEXT(2) 
PARAMETRIC_REPRESENTATION_CONTEXT() REPRESENTATION_CONTEXT('2D SPACE',''
  ) );
#4817 = ORIENTED_EDGE('',*,*,#4632,.T.);
#4818 = ORIENTED_EDGE('',*,*,#4819,.T.);
#4819 = EDGE_CURVE('',#4300,#4743,#4820,.T.);
#4820 = SURFACE_CURVE('',#4821,(#4825,#4832),.PCURVE_S1.);
#4821 = LINE('',#4822,#4823);
#4822 = CARTESIAN_POINT('',(-135.1490020751,32.313999176025,
    2.002000808716));
#4823 = VECTOR('',#4824,1.);
#4824 = DIRECTION('',(0.,-1.,0.));
#4825 = PCURVE('',#4645,#4826);
#4826 = DEFINITIONAL_REPRESENTATION('',(#4827),#4831);
#4827 = LINE('',#4828,#4829);
#4828 = CARTESIAN_POINT('',(0.367828363822,-0.2843275017));
#4829 = VECTOR('',#4830,1.);
#4830 = DIRECTION('',(0.,1.));
#4831 = ( GEOMETRIC_REPRESENTATION_CONTEXT(2) 
PARAMETRIC_REPRESENTATION_CONTEXT() REPRESENTATION_CONTEXT('2D SPACE',''
  ) );
#4832 = PCURVE('',#4314,#4833);
#4833 = DEFINITIONAL_REPRESENTATION('',(#4834),#4837);
#4834 = B_SPLINE_CURVE_WITH_KNOTS('',1,(#4835,#4836),.UNSPECIFIED.,.F.,
  .F.,(2,2),(0.,0.834999084473),.PIECEWISE_BEZIER_KNOTS.);
#4835 = CARTESIAN_POINT('',(4.190352909643E-02,0.466707170435));
#4836 = CARTESIAN_POINT('',(4.190352909643E-02,-0.368291914038));
#4837 = ( GEOMETRIC_REPRESENTATION_CONTEXT(2) 
PARAMETRIC_REPRESENTATION_CONTEXT() REPRESENTATION_CONTEXT('2D SPACE',''
  ) );
#4838 = ADVANCED_FACE('',(#4839),#4783,.T.);
#4839 = FACE_BOUND('',#4840,.T.);
#4840 = EDGE_LOOP('',(#4841,#4861,#4862));
#4841 = ORIENTED_EDGE('',*,*,#4842,.T.);
#4842 = EDGE_CURVE('',#4661,#4445,#4843,.T.);
#4843 = SURFACE_CURVE('',#4844,(#4848,#4855),.PCURVE_S1.);
#4844 = LINE('',#4845,#4846);
#4845 = CARTESIAN_POINT('',(-135.1490020751,31.479000091553,1.));
#4846 = VECTOR('',#4847,1.);
#4847 = DIRECTION('',(0.,1.,0.));
#4848 = PCURVE('',#4783,#4849);
#4849 = DEFINITIONAL_REPRESENTATION('',(#4850),#4854);
#4850 = LINE('',#4851,#4852);
#4851 = CARTESIAN_POINT('',(-0.367828363822,0.2843275017));
#4852 = VECTOR('',#4853,1.);
#4853 = DIRECTION('',(0.,-1.));
#4854 = ( GEOMETRIC_REPRESENTATION_CONTEXT(2) 
PARAMETRIC_REPRESENTATION_CONTEXT() REPRESENTATION_CONTEXT('2D SPACE',''
  ) );
#4855 = PCURVE('',#4484,#4856);
#4856 = DEFINITIONAL_REPRESENTATION('',(#4857),#4860);
#4857 = B_SPLINE_CURVE_WITH_KNOTS('',1,(#4858,#4859),.UNSPECIFIED.,.F.,
  .F.,(2,2),(0.,0.834999084473),.PIECEWISE_BEZIER_KNOTS.);
#4858 = CARTESIAN_POINT('',(-0.726468491018,0.321348616242));
#4859 = CARTESIAN_POINT('',(-0.726468491018,1.156347700714));
#4860 = ( GEOMETRIC_REPRESENTATION_CONTEXT(2) 
PARAMETRIC_REPRESENTATION_CONTEXT() REPRESENTATION_CONTEXT('2D SPACE',''
  ) );
#4861 = ORIENTED_EDGE('',*,*,#4798,.F.);
#4862 = ORIENTED_EDGE('',*,*,#4770,.T.);
#4863 = ADVANCED_FACE('',(#4864),#4484,.T.);
#4864 = FACE_BOUND('',#4865,.T.);
#4865 = EDGE_LOOP('',(#4866,#4867,#4868));
#4866 = ORIENTED_EDGE('',*,*,#4842,.F.);
#4867 = ORIENTED_EDGE('',*,*,#4719,.F.);
#4868 = ORIENTED_EDGE('',*,*,#4471,.T.);
#4869 = ADVANCED_FACE('',(#4870),#4314,.T.);
#4870 = FACE_BOUND('',#4871,.T.);
#4871 = EDGE_LOOP('',(#4872,#4873,#4893));
#4872 = ORIENTED_EDGE('',*,*,#4299,.T.);
#4873 = ORIENTED_EDGE('',*,*,#4874,.T.);
#4874 = EDGE_CURVE('',#4138,#4743,#4875,.T.);
#4875 = SURFACE_CURVE('',#4876,(#4880,#4887),.PCURVE_S1.);
#4876 = LINE('',#4877,#4878);
#4877 = CARTESIAN_POINT('',(-134.9989929199,31.428001403809,
    2.002000808716));
#4878 = VECTOR('',#4879,1.);
#4879 = DIRECTION('',(-0.946781256268,0.321877698481,0.));
#4880 = PCURVE('',#4314,#4881);
#4881 = DEFINITIONAL_REPRESENTATION('',(#4882),#4886);
#4882 = LINE('',#4883,#4884);
#4883 = CARTESIAN_POINT('',(-0.108105626177,-0.419290601782));
#4884 = VECTOR('',#4885,1.);
#4885 = DIRECTION('',(0.946781256268,0.321877698481));
#4886 = ( GEOMETRIC_REPRESENTATION_CONTEXT(2) 
PARAMETRIC_REPRESENTATION_CONTEXT() REPRESENTATION_CONTEXT('2D SPACE',''
  ) );
#4887 = PCURVE('',#4153,#4888);
#4888 = DEFINITIONAL_REPRESENTATION('',(#4889),#4892);
#4889 = B_SPLINE_CURVE_WITH_KNOTS('',1,(#4890,#4891),.UNSPECIFIED.,.F.,
  .F.,(2,2),(0.,0.158441196718),.PIECEWISE_BEZIER_KNOTS.);
#4890 = CARTESIAN_POINT('',(-0.678174142946,-0.900236171913));
#4891 = CARTESIAN_POINT('',(-0.729172830691,-0.750227016639));
#4892 = ( GEOMETRIC_REPRESENTATION_CONTEXT(2) 
PARAMETRIC_REPRESENTATION_CONTEXT() REPRESENTATION_CONTEXT('2D SPACE',''
  ) );
#4893 = ORIENTED_EDGE('',*,*,#4819,.F.);
#4894 = ADVANCED_FACE('',(#4895),#4909,.T.);
#4895 = FACE_BOUND('',#4896,.T.);
#4896 = EDGE_LOOP('',(#4897,#4931,#4958));
#4897 = ORIENTED_EDGE('',*,*,#4898,.T.);
#4898 = EDGE_CURVE('',#4899,#4901,#4903,.T.);
#4899 = VERTEX_POINT('',#4900);
#4900 = CARTESIAN_POINT('',(-144.7789916992,32.39400100708,
    2.002000808716));
#4901 = VERTEX_POINT('',#4902);
#4902 = CARTESIAN_POINT('',(-144.4689941406,32.373001098633,
    2.002000808716));
#4903 = SURFACE_CURVE('',#4904,(#4908,#4920),.PCURVE_S1.);
#4904 = LINE('',#4905,#4906);
#4905 = CARTESIAN_POINT('',(-144.7789916992,32.39400100708,
    2.002000808716));
#4906 = VECTOR('',#4907,1.);
#4907 = DIRECTION('',(0.997713365978,-6.75872720972E-02,0.));
#4908 = PCURVE('',#4909,#4914);
#4909 = PLANE('',#4910);
#4910 = AXIS2_PLACEMENT_3D('',#4911,#4912,#4913);
#4911 = CARTESIAN_POINT('',(-144.6265186885,32.37859601154,
    2.002000808716));
#4912 = DIRECTION('',(-0.,-0.,-1.));
#4913 = DIRECTION('',(-1.,0.,0.));
#4914 = DEFINITIONAL_REPRESENTATION('',(#4915),#4919);
#4915 = LINE('',#4916,#4917);
#4916 = CARTESIAN_POINT('',(0.152473010713,1.540499553969E-02));
#4917 = VECTOR('',#4918,1.);
#4918 = DIRECTION('',(-0.997713365978,-6.75872720972E-02));
#4919 = ( GEOMETRIC_REPRESENTATION_CONTEXT(2) 
PARAMETRIC_REPRESENTATION_CONTEXT() REPRESENTATION_CONTEXT('2D SPACE',''
  ) );
#4920 = PCURVE('',#4921,#4926);
#4921 = PLANE('',#4922);
#4922 = AXIS2_PLACEMENT_3D('',#4923,#4924,#4925);
#4923 = CARTESIAN_POINT('',(-140.4709248598,34.964949963963,
    2.002000808716));
#4924 = DIRECTION('',(-1.122590565494E-27,1.807201945445E-27,-1.));
#4925 = DIRECTION('',(0.,-1.,-1.807201945445E-27));
#4926 = DEFINITIONAL_REPRESENTATION('',(#4927),#4930);
#4927 = B_SPLINE_CURVE_WITH_KNOTS('',1,(#4928,#4929),.UNSPECIFIED.,.F.,
  .F.,(2,2),(0.,0.310708034156),.PIECEWISE_BEZIER_KNOTS.);
#4928 = CARTESIAN_POINT('',(2.570948956882,4.308066839361));
#4929 = CARTESIAN_POINT('',(2.59194886533,3.998069280768));
#4930 = ( GEOMETRIC_REPRESENTATION_CONTEXT(2) 
PARAMETRIC_REPRESENTATION_CONTEXT() REPRESENTATION_CONTEXT('2D SPACE',''
  ) );
#4931 = ORIENTED_EDGE('',*,*,#4932,.T.);
#4932 = EDGE_CURVE('',#4901,#4933,#4935,.T.);
#4933 = VERTEX_POINT('',#4934);
#4934 = CARTESIAN_POINT('',(-144.7640075683,32.373001098633,
    2.002000808716));
#4935 = SURFACE_CURVE('',#4936,(#4940,#4947),.PCURVE_S1.);
#4936 = LINE('',#4937,#4938);
#4937 = CARTESIAN_POINT('',(-144.4689941406,32.373001098633,
    2.002000808716));
#4938 = VECTOR('',#4939,1.);
#4939 = DIRECTION('',(-1.,0.,0.));
#4940 = PCURVE('',#4909,#4941);
#4941 = DEFINITIONAL_REPRESENTATION('',(#4942),#4946);
#4942 = LINE('',#4943,#4944);
#4943 = CARTESIAN_POINT('',(-0.157524547881,-5.594912907576E-03));
#4944 = VECTOR('',#4945,1.);
#4945 = DIRECTION('',(1.,0.));
#4946 = ( GEOMETRIC_REPRESENTATION_CONTEXT(2) 
PARAMETRIC_REPRESENTATION_CONTEXT() REPRESENTATION_CONTEXT('2D SPACE',''
  ) );
#4947 = PCURVE('',#4948,#4953);
#4948 = PLANE('',#4949);
#4949 = AXIS2_PLACEMENT_3D('',#4950,#4951,#4952);
#4950 = CARTESIAN_POINT('',(-144.6212898449,32.338410094753,
    2.002000808716));
#4951 = DIRECTION('',(-3.583569652157E-28,1.981898267095E-27,-1.));
#4952 = DIRECTION('',(0.,-1.,-1.981898267095E-27));
#4953 = DEFINITIONAL_REPRESENTATION('',(#4954),#4957);
#4954 = B_SPLINE_CURVE_WITH_KNOTS('',1,(#4955,#4956),.UNSPECIFIED.,.F.,
  .F.,(2,2),(0.,0.295013427734),.PIECEWISE_BEZIER_KNOTS.);
#4955 = CARTESIAN_POINT('',(-3.459100387962E-02,-0.152295704363));
#4956 = CARTESIAN_POINT('',(-3.459100387962E-02,0.142717723372));
#4957 = ( GEOMETRIC_REPRESENTATION_CONTEXT(2) 
PARAMETRIC_REPRESENTATION_CONTEXT() REPRESENTATION_CONTEXT('2D SPACE',''
  ) );
#4958 = ORIENTED_EDGE('',*,*,#4959,.T.);
#4959 = EDGE_CURVE('',#4933,#4899,#4960,.T.);
#4960 = SURFACE_CURVE('',#4961,(#4965,#4972),.PCURVE_S1.);
#4961 = LINE('',#4962,#4963);
#4962 = CARTESIAN_POINT('',(-144.7640075683,32.373001098633,
    2.002000808716));
#4963 = VECTOR('',#4964,1.);
#4964 = DIRECTION('',(-0.580832478738,0.814023114932,0.));
#4965 = PCURVE('',#4909,#4966);
#4966 = DEFINITIONAL_REPRESENTATION('',(#4967),#4971);
#4967 = LINE('',#4968,#4969);
#4968 = CARTESIAN_POINT('',(0.137488879854,-5.594912907576E-03));
#4969 = VECTOR('',#4970,1.);
#4970 = DIRECTION('',(0.580832478738,0.814023114932));
#4971 = ( GEOMETRIC_REPRESENTATION_CONTEXT(2) 
PARAMETRIC_REPRESENTATION_CONTEXT() REPRESENTATION_CONTEXT('2D SPACE',''
  ) );
#4972 = PCURVE('',#4973,#4978);
#4973 = PLANE('',#4974);
#4974 = AXIS2_PLACEMENT_3D('',#4975,#4976,#4977);
#4975 = CARTESIAN_POINT('',(-144.7751974515,32.388683457769,
    1.507366814374));
#4976 = DIRECTION('',(0.814023114932,0.580832478738,-7.119006185679E-19)
  );
#4977 = DIRECTION('',(-0.580832478738,0.814023114932,0.));
#4978 = DEFINITIONAL_REPRESENTATION('',(#4979),#4982);
#4979 = B_SPLINE_CURVE_WITH_KNOTS('',1,(#4980,#4981),.UNSPECIFIED.,.F.,
  .F.,(2,2),(0.,2.579768075631E-02),.PIECEWISE_BEZIER_KNOTS.);
#4980 = CARTESIAN_POINT('',(-1.926525039455E-02,0.494633994342));
#4981 = CARTESIAN_POINT('',(6.532430361763E-03,0.494633994342));
#4982 = ( GEOMETRIC_REPRESENTATION_CONTEXT(2) 
PARAMETRIC_REPRESENTATION_CONTEXT() REPRESENTATION_CONTEXT('2D SPACE',''
  ) );
#4983 = ADVANCED_FACE('',(#4984),#4973,.T.);
#4984 = FACE_BOUND('',#4985,.T.);
#4985 = EDGE_LOOP('',(#4986,#4987,#5014));
#4986 = ORIENTED_EDGE('',*,*,#4959,.F.);
#4987 = ORIENTED_EDGE('',*,*,#4988,.F.);
#4988 = EDGE_CURVE('',#4989,#4933,#4991,.T.);
#4989 = VERTEX_POINT('',#4990);
#4990 = CARTESIAN_POINT('',(-144.7789916992,32.39400100708,1.));
#4991 = SURFACE_CURVE('',#4992,(#4996,#5002),.PCURVE_S1.);
#4992 = LINE('',#4993,#4994);
#4993 = CARTESIAN_POINT('',(-144.7789916992,32.39400100708,1.));
#4994 = VECTOR('',#4995,1.);
#4995 = DIRECTION('',(1.494925649523E-02,-2.095103284273E-02,
    0.999668732107));
#4996 = PCURVE('',#4973,#4997);
#4997 = DEFINITIONAL_REPRESENTATION('',(#4998),#5001);
#4998 = B_SPLINE_CURVE_WITH_KNOTS('',1,(#4999,#5000),.UNSPECIFIED.,.F.,
  .F.,(2,2),(0.,1.002332849407),.PIECEWISE_BEZIER_KNOTS.);
#4999 = CARTESIAN_POINT('',(6.532430361763E-03,-0.507366814374));
#5000 = CARTESIAN_POINT('',(-1.926525039455E-02,0.494633994342));
#5001 = ( GEOMETRIC_REPRESENTATION_CONTEXT(2) 
PARAMETRIC_REPRESENTATION_CONTEXT() REPRESENTATION_CONTEXT('2D SPACE',''
  ) );
#5002 = PCURVE('',#5003,#5008);
#5003 = PLANE('',#5004);
#5004 = AXIS2_PLACEMENT_3D('',#5005,#5006,#5007);
#5005 = CARTESIAN_POINT('',(-144.767801816,32.378318647944,
    1.494633994342));
#5006 = DIRECTION('',(0.814023114932,0.580832478738,1.554611129581E-19)
  );
#5007 = DIRECTION('',(-0.580832478738,0.814023114932,1.203706215242E-35)
  );
#5008 = DEFINITIONAL_REPRESENTATION('',(#5009),#5013);
#5009 = LINE('',#5010,#5011);
#5010 = CARTESIAN_POINT('',(1.926525039456E-02,-0.494633994342));
#5011 = VECTOR('',#5012,1.);
#5012 = DIRECTION('',(-2.573763872109E-02,0.999668732107));
#5013 = ( GEOMETRIC_REPRESENTATION_CONTEXT(2) 
PARAMETRIC_REPRESENTATION_CONTEXT() REPRESENTATION_CONTEXT('2D SPACE',''
  ) );
#5014 = ORIENTED_EDGE('',*,*,#5015,.T.);
#5015 = EDGE_CURVE('',#4989,#4899,#5016,.T.);
#5016 = SURFACE_CURVE('',#5017,(#5021,#5028),.PCURVE_S1.);
#5017 = LINE('',#5018,#5019);
#5018 = CARTESIAN_POINT('',(-144.7789916992,32.39400100708,1.));
#5019 = VECTOR('',#5020,1.);
#5020 = DIRECTION('',(0.,0.,1.));
#5021 = PCURVE('',#4973,#5022);
#5022 = DEFINITIONAL_REPRESENTATION('',(#5023),#5027);
#5023 = LINE('',#5024,#5025);
#5024 = CARTESIAN_POINT('',(6.532430361763E-03,-0.507366814374));
#5025 = VECTOR('',#5026,1.);
#5026 = DIRECTION('',(0.,1.));
#5027 = ( GEOMETRIC_REPRESENTATION_CONTEXT(2) 
PARAMETRIC_REPRESENTATION_CONTEXT() REPRESENTATION_CONTEXT('2D SPACE',''
  ) );
#5028 = PCURVE('',#5029,#5034);
#5029 = PLANE('',#5030);
#5030 = AXIS2_PLACEMENT_3D('',#5031,#5032,#5033);
#5031 = CARTESIAN_POINT('',(-140.6858200058,34.886680060518,
    1.739057404768));
#5032 = DIRECTION('',(0.520127085076,-0.854088880252,-0.));
#5033 = DIRECTION('',(-0.854088880252,-0.520127085076,0.));
#5034 = DEFINITIONAL_REPRESENTATION('',(#5035),#5038);
#5035 = B_SPLINE_CURVE_WITH_KNOTS('',1,(#5036,#5037),.UNSPECIFIED.,.F.,
  .F.,(2,2),(0.,1.002000808716),.PIECEWISE_BEZIER_KNOTS.);
#5036 = CARTESIAN_POINT('',(4.792442318354,0.739057404768));
#5037 = CARTESIAN_POINT('',(4.792442318354,-0.262943403948));
#5038 = ( GEOMETRIC_REPRESENTATION_CONTEXT(2) 
PARAMETRIC_REPRESENTATION_CONTEXT() REPRESENTATION_CONTEXT('2D SPACE',''
  ) );
#5039 = ADVANCED_FACE('',(#5040),#5052,.T.);
#5040 = FACE_BOUND('',#5041,.T.);
#5041 = EDGE_LOOP('',(#5042,#5069,#5094));
#5042 = ORIENTED_EDGE('',*,*,#5043,.T.);
#5043 = EDGE_CURVE('',#4989,#5044,#5046,.T.);
#5044 = VERTEX_POINT('',#5045);
#5045 = CARTESIAN_POINT('',(-144.7640075683,32.373001098633,1.));
#5046 = SURFACE_CURVE('',#5047,(#5051,#5063),.PCURVE_S1.);
#5047 = LINE('',#5048,#5049);
#5048 = CARTESIAN_POINT('',(-144.7789916992,32.39400100708,1.));
#5049 = VECTOR('',#5050,1.);
#5050 = DIRECTION('',(0.580832478738,-0.814023114932,0.));
#5051 = PCURVE('',#5052,#5057);
#5052 = PLANE('',#5053);
#5053 = AXIS2_PLACEMENT_3D('',#5054,#5055,#5056);
#5054 = CARTESIAN_POINT('',(-144.7854575347,32.379102913969,1.));
#5055 = DIRECTION('',(-0.,-0.,-1.));
#5056 = DIRECTION('',(-1.,0.,0.));
#5057 = DEFINITIONAL_REPRESENTATION('',(#5058),#5062);
#5058 = LINE('',#5059,#5060);
#5059 = CARTESIAN_POINT('',(-6.465835541178E-03,1.489809311112E-02));
#5060 = VECTOR('',#5061,1.);
#5061 = DIRECTION('',(-0.580832478738,-0.814023114932));
#5062 = ( GEOMETRIC_REPRESENTATION_CONTEXT(2) 
PARAMETRIC_REPRESENTATION_CONTEXT() REPRESENTATION_CONTEXT('2D SPACE',''
  ) );
#5063 = PCURVE('',#5003,#5064);
#5064 = DEFINITIONAL_REPRESENTATION('',(#5065),#5068);
#5065 = B_SPLINE_CURVE_WITH_KNOTS('',1,(#5066,#5067),.UNSPECIFIED.,.F.,
  .F.,(2,2),(0.,2.579768075631E-02),.PIECEWISE_BEZIER_KNOTS.);
#5066 = CARTESIAN_POINT('',(1.926525039456E-02,-0.494633994342));
#5067 = CARTESIAN_POINT('',(-6.532430361746E-03,-0.494633994342));
#5068 = ( GEOMETRIC_REPRESENTATION_CONTEXT(2) 
PARAMETRIC_REPRESENTATION_CONTEXT() REPRESENTATION_CONTEXT('2D SPACE',''
  ) );
#5069 = ORIENTED_EDGE('',*,*,#5070,.T.);
#5070 = EDGE_CURVE('',#5044,#3255,#5071,.T.);
#5071 = SURFACE_CURVE('',#5072,(#5076,#5083),.PCURVE_S1.);
#5072 = LINE('',#5073,#5074);
#5073 = CARTESIAN_POINT('',(-144.7640075683,32.373001098633,1.));
#5074 = VECTOR('',#5075,1.);
#5075 = DIRECTION('',(-1.,0.,0.));
#5076 = PCURVE('',#5052,#5077);
#5077 = DEFINITIONAL_REPRESENTATION('',(#5078),#5082);
#5078 = LINE('',#5079,#5080);
#5079 = CARTESIAN_POINT('',(-2.144996640055E-02,-6.101815336145E-03));
#5080 = VECTOR('',#5081,1.);
#5081 = DIRECTION('',(1.,0.));
#5082 = ( GEOMETRIC_REPRESENTATION_CONTEXT(2) 
PARAMETRIC_REPRESENTATION_CONTEXT() REPRESENTATION_CONTEXT('2D SPACE',''
  ) );
#5083 = PCURVE('',#5084,#5089);
#5084 = PLANE('',#5085);
#5085 = AXIS2_PLACEMENT_3D('',#5086,#5087,#5088);
#5086 = CARTESIAN_POINT('',(-144.7975037232,32.373001098633,
    1.490003333891));
#5087 = DIRECTION('',(-0.,-1.,-0.));
#5088 = DIRECTION('',(0.,0.,-1.));
#5089 = DEFINITIONAL_REPRESENTATION('',(#5090),#5093);
#5090 = B_SPLINE_CURVE_WITH_KNOTS('',1,(#5091,#5092),.UNSPECIFIED.,.F.,
  .F.,(2,2),(0.,4.499816894531E-02),.PIECEWISE_BEZIER_KNOTS.);
#5091 = CARTESIAN_POINT('',(0.490003333891,3.349615493963E-02));
#5092 = CARTESIAN_POINT('',(0.490003333891,-1.150201400569E-02));
#5093 = ( GEOMETRIC_REPRESENTATION_CONTEXT(2) 
PARAMETRIC_REPRESENTATION_CONTEXT() REPRESENTATION_CONTEXT('2D SPACE',''
  ) );
#5094 = ORIENTED_EDGE('',*,*,#5095,.T.);
#5095 = EDGE_CURVE('',#3255,#4989,#5096,.T.);
#5096 = SURFACE_CURVE('',#5097,(#5101,#5108),.PCURVE_S1.);
#5097 = LINE('',#5098,#5099);
#5098 = CARTESIAN_POINT('',(-144.8090057373,32.373001098633,1.));
#5099 = VECTOR('',#5100,1.);
#5100 = DIRECTION('',(0.819359102691,0.573280612648,0.));
#5101 = PCURVE('',#5052,#5102);
#5102 = DEFINITIONAL_REPRESENTATION('',(#5103),#5107);
#5103 = LINE('',#5104,#5105);
#5104 = CARTESIAN_POINT('',(2.354820254476E-02,-6.101815336145E-03));
#5105 = VECTOR('',#5106,1.);
#5106 = DIRECTION('',(-0.819359102691,0.573280612648));
#5107 = ( GEOMETRIC_REPRESENTATION_CONTEXT(2) 
PARAMETRIC_REPRESENTATION_CONTEXT() REPRESENTATION_CONTEXT('2D SPACE',''
  ) );
#5108 = PCURVE('',#5109,#5114);
#5109 = PLANE('',#5110);
#5110 = AXIS2_PLACEMENT_3D('',#5111,#5112,#5113);
#5111 = CARTESIAN_POINT('',(-144.8955147924,34.996121089928,1.));
#5112 = DIRECTION('',(-0.,-0.,-1.));
#5113 = DIRECTION('',(-1.,0.,0.));
#5114 = DEFINITIONAL_REPRESENTATION('',(#5115),#5118);
#5115 = B_SPLINE_CURVE_WITH_KNOTS('',1,(#5116,#5117),.UNSPECIFIED.,.F.,
  .F.,(2,2),(0.,3.663111569442E-02),.PIECEWISE_BEZIER_KNOTS.);
#5116 = CARTESIAN_POINT('',(-8.650905517547E-02,-2.623119991295));
#5117 = CARTESIAN_POINT('',(-0.116523093261,-2.602120082848));
#5118 = ( GEOMETRIC_REPRESENTATION_CONTEXT(2) 
PARAMETRIC_REPRESENTATION_CONTEXT() REPRESENTATION_CONTEXT('2D SPACE',''
  ) );
#5119 = ADVANCED_FACE('',(#5120),#5109,.T.);
#5120 = FACE_BOUND('',#5121,.T.);
#5121 = EDGE_LOOP('',(#5122,#5144,#5169));
#5122 = ORIENTED_EDGE('',*,*,#5123,.T.);
#5123 = EDGE_CURVE('',#3255,#5124,#5126,.T.);
#5124 = VERTEX_POINT('',#5125);
#5125 = CARTESIAN_POINT('',(-144.9977111816,37.626998901367,1.));
#5126 = SURFACE_CURVE('',#5127,(#5131,#5138),.PCURVE_S1.);
#5127 = LINE('',#5128,#5129);
#5128 = CARTESIAN_POINT('',(-144.8090057373,32.373001098633,1.));
#5129 = VECTOR('',#5130,1.);
#5130 = DIRECTION('',(-3.589340045659E-02,0.999355624292,0.));
#5131 = PCURVE('',#5109,#5132);
#5132 = DEFINITIONAL_REPRESENTATION('',(#5133),#5137);
#5133 = LINE('',#5134,#5135);
#5134 = CARTESIAN_POINT('',(-8.650905517547E-02,-2.623119991295));
#5135 = VECTOR('',#5136,1.);
#5136 = DIRECTION('',(3.589340045659E-02,0.999355624292));
#5137 = ( GEOMETRIC_REPRESENTATION_CONTEXT(2) 
PARAMETRIC_REPRESENTATION_CONTEXT() REPRESENTATION_CONTEXT('2D SPACE',''
  ) );
#5138 = PCURVE('',#3295,#5139);
#5139 = DEFINITIONAL_REPRESENTATION('',(#5140),#5143);
#5140 = B_SPLINE_CURVE_WITH_KNOTS('',1,(#5141,#5142),.UNSPECIFIED.,.F.,
  .F.,(2,2),(0.,5.257385534261),.PIECEWISE_BEZIER_KNOTS.);
#5141 = CARTESIAN_POINT('',(-0.14149633799,-1.407662844593));
#5142 = CARTESIAN_POINT('',(4.72091063458E-02,3.846334958141));
#5143 = ( GEOMETRIC_REPRESENTATION_CONTEXT(2) 
PARAMETRIC_REPRESENTATION_CONTEXT() REPRESENTATION_CONTEXT('2D SPACE',''
  ) );
#5144 = ORIENTED_EDGE('',*,*,#5145,.T.);
#5145 = EDGE_CURVE('',#5124,#4989,#5146,.T.);
#5146 = SURFACE_CURVE('',#5147,(#5151,#5158),.PCURVE_S1.);
#5147 = LINE('',#5148,#5149);
#5148 = CARTESIAN_POINT('',(-144.9977111816,37.626998901367,1.));
#5149 = VECTOR('',#5150,1.);
#5150 = DIRECTION('',(4.175975104593E-02,-0.999127681126,0.));
#5151 = PCURVE('',#5109,#5152);
#5152 = DEFINITIONAL_REPRESENTATION('',(#5153),#5157);
#5153 = LINE('',#5154,#5155);
#5154 = CARTESIAN_POINT('',(0.10219638916,2.630877811439));
#5155 = VECTOR('',#5156,1.);
#5156 = DIRECTION('',(-4.175975104593E-02,-0.999127681126));
#5157 = ( GEOMETRIC_REPRESENTATION_CONTEXT(2) 
PARAMETRIC_REPRESENTATION_CONTEXT() REPRESENTATION_CONTEXT('2D SPACE',''
  ) );
#5158 = PCURVE('',#5159,#5164);
#5159 = PLANE('',#5160);
#5160 = AXIS2_PLACEMENT_3D('',#5161,#5162,#5163);
#5161 = CARTESIAN_POINT('',(-144.8869835462,35.011924662285,1.));
#5162 = DIRECTION('',(-0.,-0.,-1.));
#5163 = DIRECTION('',(-1.,0.,0.));
#5164 = DEFINITIONAL_REPRESENTATION('',(#5165),#5168);
#5165 = B_SPLINE_CURVE_WITH_KNOTS('',1,(#5166,#5167),.UNSPECIFIED.,.F.,
  .F.,(2,2),(0.,5.237566722592),.PIECEWISE_BEZIER_KNOTS.);
#5166 = CARTESIAN_POINT('',(0.110727635421,2.615074239082));
#5167 = CARTESIAN_POINT('',(-0.107991847001,-2.617923655205));
#5168 = ( GEOMETRIC_REPRESENTATION_CONTEXT(2) 
PARAMETRIC_REPRESENTATION_CONTEXT() REPRESENTATION_CONTEXT('2D SPACE',''
  ) );
#5169 = ORIENTED_EDGE('',*,*,#5095,.F.);
#5170 = ADVANCED_FACE('',(#5171),#5003,.T.);
#5171 = FACE_BOUND('',#5172,.T.);
#5172 = EDGE_LOOP('',(#5173,#5174,#5199));
#5173 = ORIENTED_EDGE('',*,*,#4988,.T.);
#5174 = ORIENTED_EDGE('',*,*,#5175,.T.);
#5175 = EDGE_CURVE('',#4933,#5044,#5176,.T.);
#5176 = SURFACE_CURVE('',#5177,(#5181,#5188),.PCURVE_S1.);
#5177 = LINE('',#5178,#5179);
#5178 = CARTESIAN_POINT('',(-144.7640075683,32.373001098633,
    2.002000808716));
#5179 = VECTOR('',#5180,1.);
#5180 = DIRECTION('',(0.,0.,-1.));
#5181 = PCURVE('',#5003,#5182);
#5182 = DEFINITIONAL_REPRESENTATION('',(#5183),#5187);
#5183 = LINE('',#5184,#5185);
#5184 = CARTESIAN_POINT('',(-6.532430361746E-03,0.507366814374));
#5185 = VECTOR('',#5186,1.);
#5186 = DIRECTION('',(0.,-1.));
#5187 = ( GEOMETRIC_REPRESENTATION_CONTEXT(2) 
PARAMETRIC_REPRESENTATION_CONTEXT() REPRESENTATION_CONTEXT('2D SPACE',''
  ) );
#5188 = PCURVE('',#5189,#5194);
#5189 = PLANE('',#5190);
#5190 = AXIS2_PLACEMENT_3D('',#5191,#5192,#5193);
#5191 = CARTESIAN_POINT('',(-144.7755095823,32.373001098633,
    1.511997474825));
#5192 = DIRECTION('',(-0.,-1.,-0.));
#5193 = DIRECTION('',(0.,0.,-1.));
#5194 = DEFINITIONAL_REPRESENTATION('',(#5195),#5198);
#5195 = B_SPLINE_CURVE_WITH_KNOTS('',1,(#5196,#5197),.UNSPECIFIED.,.F.,
  .F.,(2,2),(0.,1.002000808716),.PIECEWISE_BEZIER_KNOTS.);
#5196 = CARTESIAN_POINT('',(-0.490003333891,1.150201400566E-02));
#5197 = CARTESIAN_POINT('',(0.511997474825,1.150201400566E-02));
#5198 = ( GEOMETRIC_REPRESENTATION_CONTEXT(2) 
PARAMETRIC_REPRESENTATION_CONTEXT() REPRESENTATION_CONTEXT('2D SPACE',''
  ) );
#5199 = ORIENTED_EDGE('',*,*,#5043,.F.);
#5200 = ADVANCED_FACE('',(#5201),#4921,.T.);
#5201 = FACE_BOUND('',#5202,.T.);
#5202 = EDGE_LOOP('',(#5203,#5204,#5226));
#5203 = ORIENTED_EDGE('',*,*,#4898,.F.);
#5204 = ORIENTED_EDGE('',*,*,#5205,.T.);
#5205 = EDGE_CURVE('',#4899,#5206,#5208,.T.);
#5206 = VERTEX_POINT('',#5207);
#5207 = CARTESIAN_POINT('',(-136.1860046386,37.626998901367,
    2.002000808716));
#5208 = SURFACE_CURVE('',#5209,(#5213,#5220),.PCURVE_S1.);
#5209 = LINE('',#5210,#5211);
#5210 = CARTESIAN_POINT('',(-144.7789916992,32.39400100708,
    2.002000808716));
#5211 = VECTOR('',#5212,1.);
#5212 = DIRECTION('',(0.854088880252,0.520127085076,0.));
#5213 = PCURVE('',#4921,#5214);
#5214 = DEFINITIONAL_REPRESENTATION('',(#5215),#5219);
#5215 = LINE('',#5216,#5217);
#5216 = CARTESIAN_POINT('',(2.570948956882,4.308066839361));
#5217 = VECTOR('',#5218,1.);
#5218 = DIRECTION('',(-0.520127085076,-0.854088880252));
#5219 = ( GEOMETRIC_REPRESENTATION_CONTEXT(2) 
PARAMETRIC_REPRESENTATION_CONTEXT() REPRESENTATION_CONTEXT('2D SPACE',''
  ) );
#5220 = PCURVE('',#5029,#5221);
#5221 = DEFINITIONAL_REPRESENTATION('',(#5222),#5225);
#5222 = B_SPLINE_CURVE_WITH_KNOTS('',1,(#5223,#5224),.UNSPECIFIED.,.F.,
  .F.,(2,2),(0.,10.060998637528),.PIECEWISE_BEZIER_KNOTS.);
#5223 = CARTESIAN_POINT('',(4.792442318354,-0.262943403948));
#5224 = CARTESIAN_POINT('',(-5.268556319174,-0.262943403948));
#5225 = ( GEOMETRIC_REPRESENTATION_CONTEXT(2) 
PARAMETRIC_REPRESENTATION_CONTEXT() REPRESENTATION_CONTEXT('2D SPACE',''
  ) );
#5226 = ORIENTED_EDGE('',*,*,#5227,.F.);
#5227 = EDGE_CURVE('',#4901,#5206,#5228,.T.);
#5228 = SURFACE_CURVE('',#5229,(#5233,#5239),.PCURVE_S1.);
#5229 = LINE('',#5230,#5231);
#5230 = CARTESIAN_POINT('',(-144.4689941406,32.373001098633,
    2.002000808716));
#5231 = VECTOR('',#5232,1.);
#5232 = DIRECTION('',(0.844445389305,0.535641656783,0.));
#5233 = PCURVE('',#4921,#5234);
#5234 = DEFINITIONAL_REPRESENTATION('',(#5235),#5238);
#5235 = B_SPLINE_CURVE_WITH_KNOTS('',1,(#5236,#5237),.UNSPECIFIED.,.F.,
  .F.,(2,2),(0.,9.808792382378),.PIECEWISE_BEZIER_KNOTS.);
#5236 = CARTESIAN_POINT('',(2.59194886533,3.998069280768));
#5237 = CARTESIAN_POINT('',(-2.662048937405,-4.284920221185));
#5238 = ( GEOMETRIC_REPRESENTATION_CONTEXT(2) 
PARAMETRIC_REPRESENTATION_CONTEXT() REPRESENTATION_CONTEXT('2D SPACE',''
  ) );
#5239 = PCURVE('',#5240,#5245);
#5240 = PLANE('',#5241);
#5241 = AXIS2_PLACEMENT_3D('',#5242,#5243,#5244);
#5242 = CARTESIAN_POINT('',(-140.1944366587,35.028754508385,
    2.002000808716));
#5243 = DIRECTION('',(-0.,-0.,-1.));
#5244 = DIRECTION('',(-1.,0.,0.));
#5245 = DEFINITIONAL_REPRESENTATION('',(#5246),#5250);
#5246 = LINE('',#5247,#5248);
#5247 = CARTESIAN_POINT('',(4.274557481884,-2.655753409752));
#5248 = VECTOR('',#5249,1.);
#5249 = DIRECTION('',(-0.844445389305,0.535641656783));
#5250 = ( GEOMETRIC_REPRESENTATION_CONTEXT(2) 
PARAMETRIC_REPRESENTATION_CONTEXT() REPRESENTATION_CONTEXT('2D SPACE',''
  ) );
#5251 = ADVANCED_FACE('',(#5252),#5266,.T.);
#5252 = FACE_BOUND('',#5253,.T.);
#5253 = EDGE_LOOP('',(#5254,#5288,#5315));
#5254 = ORIENTED_EDGE('',*,*,#5255,.T.);
#5255 = EDGE_CURVE('',#5256,#5258,#5260,.T.);
#5256 = VERTEX_POINT('',#5257);
#5257 = CARTESIAN_POINT('',(-143.9369964599,32.373001098633,
    2.002000808716));
#5258 = VERTEX_POINT('',#5259);
#5259 = CARTESIAN_POINT('',(-144.2279968261,32.409000396729,
    2.002000808716));
#5260 = SURFACE_CURVE('',#5261,(#5265,#5277),.PCURVE_S1.);
#5261 = LINE('',#5262,#5263);
#5262 = CARTESIAN_POINT('',(-143.9369964599,32.373001098633,
    2.002000808716));
#5263 = VECTOR('',#5264,1.);
#5264 = DIRECTION('',(-0.992434792564,0.122772889956,0.));
#5265 = PCURVE('',#5266,#5271);
#5266 = PLANE('',#5267);
#5267 = AXIS2_PLACEMENT_3D('',#5268,#5269,#5270);
#5268 = CARTESIAN_POINT('',(-139.8930821518,34.97122400723,
    2.002000808716));
#5269 = DIRECTION('',(-0.,-0.,-1.));
#5270 = DIRECTION('',(-1.,0.,0.));
#5271 = DEFINITIONAL_REPRESENTATION('',(#5272),#5276);
#5272 = LINE('',#5273,#5274);
#5273 = CARTESIAN_POINT('',(4.043914308071,-2.598222908597));
#5274 = VECTOR('',#5275,1.);
#5275 = DIRECTION('',(0.992434792564,0.122772889956));
#5276 = ( GEOMETRIC_REPRESENTATION_CONTEXT(2) 
PARAMETRIC_REPRESENTATION_CONTEXT() REPRESENTATION_CONTEXT('2D SPACE',''
  ) );
#5277 = PCURVE('',#5278,#5283);
#5278 = PLANE('',#5279);
#5279 = AXIS2_PLACEMENT_3D('',#5280,#5281,#5282);
#5280 = CARTESIAN_POINT('',(-144.0865436363,32.38308555294,
    2.002000808716));
#5281 = DIRECTION('',(-0.,-0.,-1.));
#5282 = DIRECTION('',(-1.,0.,0.));
#5283 = DEFINITIONAL_REPRESENTATION('',(#5284),#5287);
#5284 = B_SPLINE_CURVE_WITH_KNOTS('',1,(#5285,#5286),.UNSPECIFIED.,.F.,
  .F.,(2,2),(0.,0.29321862594),.PIECEWISE_BEZIER_KNOTS.);
#5285 = CARTESIAN_POINT('',(-0.149547176379,-1.008445430679E-02));
#5286 = CARTESIAN_POINT('',(0.141453189832,2.591484378892E-02));
#5287 = ( GEOMETRIC_REPRESENTATION_CONTEXT(2) 
PARAMETRIC_REPRESENTATION_CONTEXT() REPRESENTATION_CONTEXT('2D SPACE',''
  ) );
#5288 = ORIENTED_EDGE('',*,*,#5289,.T.);
#5289 = EDGE_CURVE('',#5258,#5290,#5292,.T.);
#5290 = VERTEX_POINT('',#5291);
#5291 = CARTESIAN_POINT('',(-135.5789947509,37.626998901367,
    2.002000808716));
#5292 = SURFACE_CURVE('',#5293,(#5297,#5304),.PCURVE_S1.);
#5293 = LINE('',#5294,#5295);
#5294 = CARTESIAN_POINT('',(-144.2279968261,32.409000396729,
    2.002000808716));
#5295 = VECTOR('',#5296,1.);
#5296 = DIRECTION('',(0.856241385868,0.516575927746,0.));
#5297 = PCURVE('',#5266,#5298);
#5298 = DEFINITIONAL_REPRESENTATION('',(#5299),#5303);
#5299 = LINE('',#5300,#5301);
#5300 = CARTESIAN_POINT('',(4.334914674281,-2.562223610501));
#5301 = VECTOR('',#5302,1.);
#5302 = DIRECTION('',(-0.856241385868,0.516575927746));
#5303 = ( GEOMETRIC_REPRESENTATION_CONTEXT(2) 
PARAMETRIC_REPRESENTATION_CONTEXT() REPRESENTATION_CONTEXT('2D SPACE',''
  ) );
#5304 = PCURVE('',#5305,#5310);
#5305 = PLANE('',#5306);
#5306 = AXIS2_PLACEMENT_3D('',#5307,#5308,#5309);
#5307 = CARTESIAN_POINT('',(-139.6996194145,35.14099957497,
    1.739106594204));
#5308 = DIRECTION('',(0.516575927746,-0.856241385868,-8.069535091724E-16
    ));
#5309 = DIRECTION('',(-0.856241385868,-0.516575927746,0.));
#5310 = DEFINITIONAL_REPRESENTATION('',(#5311),#5314);
#5311 = B_SPLINE_CURVE_WITH_KNOTS('',1,(#5312,#5313),.UNSPECIFIED.,.F.,
  .F.,(2,2),(0.,10.101125941752),.PIECEWISE_BEZIER_KNOTS.);
#5312 = CARTESIAN_POINT('',(5.288669160722,-0.262894214512));
#5313 = CARTESIAN_POINT('',(-4.81245678103,-0.262894214512));
#5314 = ( GEOMETRIC_REPRESENTATION_CONTEXT(2) 
PARAMETRIC_REPRESENTATION_CONTEXT() REPRESENTATION_CONTEXT('2D SPACE',''
  ) );
#5315 = ORIENTED_EDGE('',*,*,#5316,.T.);
#5316 = EDGE_CURVE('',#5290,#5256,#5317,.T.);
#5317 = SURFACE_CURVE('',#5318,(#5322,#5329),.PCURVE_S1.);
#5318 = LINE('',#5319,#5320);
#5319 = CARTESIAN_POINT('',(-135.5789947509,37.626998901367,
    2.002000808716));
#5320 = VECTOR('',#5321,1.);
#5321 = DIRECTION('',(-0.846618442519,-0.532200350231,0.));
#5322 = PCURVE('',#5266,#5323);
#5323 = DEFINITIONAL_REPRESENTATION('',(#5324),#5328);
#5324 = LINE('',#5325,#5326);
#5325 = CARTESIAN_POINT('',(-4.314087400914,2.655774894138));
#5326 = VECTOR('',#5327,1.);
#5327 = DIRECTION('',(0.846618442519,-0.532200350231));
#5328 = ( GEOMETRIC_REPRESENTATION_CONTEXT(2) 
PARAMETRIC_REPRESENTATION_CONTEXT() REPRESENTATION_CONTEXT('2D SPACE',''
  ) );
#5329 = PCURVE('',#5330,#5335);
#5330 = PLANE('',#5331);
#5331 = AXIS2_PLACEMENT_3D('',#5332,#5333,#5334);
#5332 = CARTESIAN_POINT('',(-139.5955269126,35.045212176368,
    2.002000808716));
#5333 = DIRECTION('',(-0.,-0.,-1.));
#5334 = DIRECTION('',(-1.,0.,0.));
#5335 = DEFINITIONAL_REPRESENTATION('',(#5336),#5339);
#5336 = B_SPLINE_CURVE_WITH_KNOTS('',1,(#5337,#5338),.UNSPECIFIED.,.F.,
  .F.,(2,2),(0.,9.872217860163),.PIECEWISE_BEZIER_KNOTS.);
#5337 = CARTESIAN_POINT('',(-4.016532161659,2.581786725));
#5338 = CARTESIAN_POINT('',(4.341469547325,-2.672211077735));
#5339 = ( GEOMETRIC_REPRESENTATION_CONTEXT(2) 
PARAMETRIC_REPRESENTATION_CONTEXT() REPRESENTATION_CONTEXT('2D SPACE',''
  ) );
#5340 = ADVANCED_FACE('',(#5341),#5305,.T.);
#5341 = FACE_BOUND('',#5342,.T.);
#5342 = EDGE_LOOP('',(#5343,#5344,#5371));
#5343 = ORIENTED_EDGE('',*,*,#5289,.F.);
#5344 = ORIENTED_EDGE('',*,*,#5345,.F.);
#5345 = EDGE_CURVE('',#5346,#5258,#5348,.T.);
#5346 = VERTEX_POINT('',#5347);
#5347 = CARTESIAN_POINT('',(-135.5789947509,37.626998901367,1.));
#5348 = SURFACE_CURVE('',#5349,(#5353,#5359),.PCURVE_S1.);
#5349 = LINE('',#5350,#5351);
#5350 = CARTESIAN_POINT('',(-135.5789947509,37.626998901367,1.));
#5351 = VECTOR('',#5352,1.);
#5352 = DIRECTION('',(-0.852059501184,-0.514052969856,9.87124643789E-02)
  );
#5353 = PCURVE('',#5305,#5354);
#5354 = DEFINITIONAL_REPRESENTATION('',(#5355),#5358);
#5355 = B_SPLINE_CURVE_WITH_KNOTS('',1,(#5356,#5357),.UNSPECIFIED.,.F.,
  .F.,(2,2),(0.,10.150701991085),.PIECEWISE_BEZIER_KNOTS.);
#5356 = CARTESIAN_POINT('',(-4.81245678103,0.739106594204));
#5357 = CARTESIAN_POINT('',(5.288669160722,-0.262894214512));
#5358 = ( GEOMETRIC_REPRESENTATION_CONTEXT(2) 
PARAMETRIC_REPRESENTATION_CONTEXT() REPRESENTATION_CONTEXT('2D SPACE',''
  ) );
#5359 = PCURVE('',#5360,#5365);
#5360 = PLANE('',#5361);
#5361 = AXIS2_PLACEMENT_3D('',#5362,#5363,#5364);
#5362 = CARTESIAN_POINT('',(-140.1073721625,34.894999723126,
    1.262894214512));
#5363 = DIRECTION('',(0.516575927746,-0.856241385868,-0.));
#5364 = DIRECTION('',(-0.856241385868,-0.516575927746,0.));
#5365 = DEFINITIONAL_REPRESENTATION('',(#5366),#5370);
#5366 = LINE('',#5367,#5368);
#5367 = CARTESIAN_POINT('',(-5.288669160722,0.262894214512));
#5368 = VECTOR('',#5369,1.);
#5369 = DIRECTION('',(0.99511599795,-9.87124643789E-02));
#5370 = ( GEOMETRIC_REPRESENTATION_CONTEXT(2) 
PARAMETRIC_REPRESENTATION_CONTEXT() REPRESENTATION_CONTEXT('2D SPACE',''
  ) );
#5371 = ORIENTED_EDGE('',*,*,#5372,.F.);
#5372 = EDGE_CURVE('',#5290,#5346,#5373,.T.);
#5373 = SURFACE_CURVE('',#5374,(#5378,#5384),.PCURVE_S1.);
#5374 = LINE('',#5375,#5376);
#5375 = CARTESIAN_POINT('',(-135.5789947509,37.626998901367,
    2.002000808716));
#5376 = VECTOR('',#5377,1.);
#5377 = DIRECTION('',(0.,0.,-1.));
#5378 = PCURVE('',#5305,#5379);
#5379 = DEFINITIONAL_REPRESENTATION('',(#5380),#5383);
#5380 = B_SPLINE_CURVE_WITH_KNOTS('',1,(#5381,#5382),.UNSPECIFIED.,.F.,
  .F.,(2,2),(0.,1.002000808716),.PIECEWISE_BEZIER_KNOTS.);
#5381 = CARTESIAN_POINT('',(-4.81245678103,-0.262894214512));
#5382 = CARTESIAN_POINT('',(-4.81245678103,0.739106594204));
#5383 = ( GEOMETRIC_REPRESENTATION_CONTEXT(2) 
PARAMETRIC_REPRESENTATION_CONTEXT() REPRESENTATION_CONTEXT('2D SPACE',''
  ) );
#5384 = PCURVE('',#5385,#5390);
#5385 = PLANE('',#5386);
#5386 = AXIS2_PLACEMENT_3D('',#5387,#5388,#5389);
#5387 = CARTESIAN_POINT('',(-135.6793492263,37.626998901367,
    1.429350179995));
#5388 = DIRECTION('',(0.,1.,0.));
#5389 = DIRECTION('',(0.,-0.,1.));
#5390 = DEFINITIONAL_REPRESENTATION('',(#5391),#5395);
#5391 = LINE('',#5392,#5393);
#5392 = CARTESIAN_POINT('',(0.572650628721,0.100354475344));
#5393 = VECTOR('',#5394,1.);
#5394 = DIRECTION('',(-1.,0.));
#5395 = ( GEOMETRIC_REPRESENTATION_CONTEXT(2) 
PARAMETRIC_REPRESENTATION_CONTEXT() REPRESENTATION_CONTEXT('2D SPACE',''
  ) );
#5396 = ADVANCED_FACE('',(#5397),#5411,.T.);
#5397 = FACE_BOUND('',#5398,.T.);
#5398 = EDGE_LOOP('',(#5399,#5433,#5460));
#5399 = ORIENTED_EDGE('',*,*,#5400,.T.);
#5400 = EDGE_CURVE('',#5401,#5403,#5405,.T.);
#5401 = VERTEX_POINT('',#5402);
#5402 = CARTESIAN_POINT('',(-144.2279968261,32.409000396729,1.));
#5403 = VERTEX_POINT('',#5404);
#5404 = CARTESIAN_POINT('',(-144.2019958496,32.373001098633,
    2.002000808716));
#5405 = SURFACE_CURVE('',#5406,(#5410,#5422),.PCURVE_S1.);
#5406 = LINE('',#5407,#5408);
#5407 = CARTESIAN_POINT('',(-144.2279968261,32.409000396729,1.));
#5408 = VECTOR('',#5409,1.);
#5409 = DIRECTION('',(2.592361124502E-02,-3.589218299871E-02,
    0.99901937798));
#5410 = PCURVE('',#5411,#5416);
#5411 = PLANE('',#5412);
#5412 = AXIS2_PLACEMENT_3D('',#5413,#5414,#5415);
#5413 = CARTESIAN_POINT('',(-144.2086400637,32.382200254852,
    1.490144489148));
#5414 = DIRECTION('',(0.810663371831,0.585512508467,5.04085512989E-18));
#5415 = DIRECTION('',(-0.585512508467,0.810663371831,0.));
#5416 = DEFINITIONAL_REPRESENTATION('',(#5417),#5421);
#5417 = LINE('',#5418,#5419);
#5418 = CARTESIAN_POINT('',(3.305951990403E-02,-0.490144489148));
#5419 = VECTOR('',#5420,1.);
#5420 = DIRECTION('',(-4.427507674071E-02,0.99901937798));
#5421 = ( GEOMETRIC_REPRESENTATION_CONTEXT(2) 
PARAMETRIC_REPRESENTATION_CONTEXT() REPRESENTATION_CONTEXT('2D SPACE',''
  ) );
#5422 = PCURVE('',#5423,#5428);
#5423 = PLANE('',#5424);
#5424 = AXIS2_PLACEMENT_3D('',#5425,#5426,#5427);
#5425 = CARTESIAN_POINT('',(-144.221352612,32.399801240509,
    1.511856319568));
#5426 = DIRECTION('',(0.810663371831,0.585512508467,-2.520427564945E-18)
  );
#5427 = DIRECTION('',(-0.585512508467,0.810663371831,-1.925929944387E-34
    ));
#5428 = DEFINITIONAL_REPRESENTATION('',(#5429),#5432);
#5429 = B_SPLINE_CURVE_WITH_KNOTS('',1,(#5430,#5431),.UNSPECIFIED.,.F.,
  .F.,(2,2),(0.,1.002984357262),.PIECEWISE_BEZIER_KNOTS.);
#5430 = CARTESIAN_POINT('',(1.13476894835E-02,-0.511856319568));
#5431 = CARTESIAN_POINT('',(-3.305951990402E-02,0.490144489148));
#5432 = ( GEOMETRIC_REPRESENTATION_CONTEXT(2) 
PARAMETRIC_REPRESENTATION_CONTEXT() REPRESENTATION_CONTEXT('2D SPACE',''
  ) );
#5433 = ORIENTED_EDGE('',*,*,#5434,.T.);
#5434 = EDGE_CURVE('',#5403,#5435,#5437,.T.);
#5435 = VERTEX_POINT('',#5436);
#5436 = CARTESIAN_POINT('',(-144.2019958496,32.373001098633,1.));
#5437 = SURFACE_CURVE('',#5438,(#5442,#5449),.PCURVE_S1.);
#5438 = LINE('',#5439,#5440);
#5439 = CARTESIAN_POINT('',(-144.2019958496,32.373001098633,
    2.002000808716));
#5440 = VECTOR('',#5441,1.);
#5441 = DIRECTION('',(0.,0.,-1.));
#5442 = PCURVE('',#5411,#5443);
#5443 = DEFINITIONAL_REPRESENTATION('',(#5444),#5448);
#5444 = LINE('',#5445,#5446);
#5445 = CARTESIAN_POINT('',(-1.134768948349E-02,0.511856319568));
#5446 = VECTOR('',#5447,1.);
#5447 = DIRECTION('',(0.,-1.));
#5448 = ( GEOMETRIC_REPRESENTATION_CONTEXT(2) 
PARAMETRIC_REPRESENTATION_CONTEXT() REPRESENTATION_CONTEXT('2D SPACE',''
  ) );
#5449 = PCURVE('',#5450,#5455);
#5450 = PLANE('',#5451);
#5451 = AXIS2_PLACEMENT_3D('',#5452,#5453,#5454);
#5452 = CARTESIAN_POINT('',(-144.2774861443,32.373001098633,
    1.55900925514));
#5453 = DIRECTION('',(-1.694672443164E-27,-1.,-2.274211660169E-28));
#5454 = DIRECTION('',(-1.,1.694672443164E-27,0.));
#5455 = DEFINITIONAL_REPRESENTATION('',(#5456),#5459);
#5456 = B_SPLINE_CURVE_WITH_KNOTS('',1,(#5457,#5458),.UNSPECIFIED.,.F.,
  .F.,(2,2),(0.,1.002000808716),.PIECEWISE_BEZIER_KNOTS.);
#5457 = CARTESIAN_POINT('',(-7.549029472568E-02,-0.442991553576));
#5458 = CARTESIAN_POINT('',(-7.549029472568E-02,0.55900925514));
#5459 = ( GEOMETRIC_REPRESENTATION_CONTEXT(2) 
PARAMETRIC_REPRESENTATION_CONTEXT() REPRESENTATION_CONTEXT('2D SPACE',''
  ) );
#5460 = ORIENTED_EDGE('',*,*,#5461,.T.);
#5461 = EDGE_CURVE('',#5435,#5401,#5462,.T.);
#5462 = SURFACE_CURVE('',#5463,(#5467,#5474),.PCURVE_S1.);
#5463 = LINE('',#5464,#5465);
#5464 = CARTESIAN_POINT('',(-144.2019958496,32.373001098633,1.));
#5465 = VECTOR('',#5466,1.);
#5466 = DIRECTION('',(-0.585512508467,0.810663371831,0.));
#5467 = PCURVE('',#5411,#5468);
#5468 = DEFINITIONAL_REPRESENTATION('',(#5469),#5473);
#5469 = LINE('',#5470,#5471);
#5470 = CARTESIAN_POINT('',(-1.134768948349E-02,-0.490144489148));
#5471 = VECTOR('',#5472,1.);
#5472 = DIRECTION('',(1.,-8.394710143506E-34));
#5473 = ( GEOMETRIC_REPRESENTATION_CONTEXT(2) 
PARAMETRIC_REPRESENTATION_CONTEXT() REPRESENTATION_CONTEXT('2D SPACE',''
  ) );
#5474 = PCURVE('',#5475,#5480);
#5475 = PLANE('',#5476);
#5476 = AXIS2_PLACEMENT_3D('',#5477,#5478,#5479);
#5477 = CARTESIAN_POINT('',(-144.3315619089,32.382342709057,1.));
#5478 = DIRECTION('',(-0.,-0.,-1.));
#5479 = DIRECTION('',(-1.,0.,0.));
#5480 = DEFINITIONAL_REPRESENTATION('',(#5481),#5484);
#5481 = B_SPLINE_CURVE_WITH_KNOTS('',1,(#5482,#5483),.UNSPECIFIED.,.F.,
  .F.,(2,2),(0.,4.440720938752E-02),.PIECEWISE_BEZIER_KNOTS.);
#5482 = CARTESIAN_POINT('',(-0.129566059369,-9.341610424393E-03));
#5483 = CARTESIAN_POINT('',(-0.103565082807,2.665768767131E-02));
#5484 = ( GEOMETRIC_REPRESENTATION_CONTEXT(2) 
PARAMETRIC_REPRESENTATION_CONTEXT() REPRESENTATION_CONTEXT('2D SPACE',''
  ) );
#5485 = ADVANCED_FACE('',(#5486),#5423,.T.);
#5486 = FACE_BOUND('',#5487,.T.);
#5487 = EDGE_LOOP('',(#5488,#5508,#5509));
#5488 = ORIENTED_EDGE('',*,*,#5489,.T.);
#5489 = EDGE_CURVE('',#5258,#5403,#5490,.T.);
#5490 = SURFACE_CURVE('',#5491,(#5495,#5502),.PCURVE_S1.);
#5491 = LINE('',#5492,#5493);
#5492 = CARTESIAN_POINT('',(-144.2279968261,32.409000396729,
    2.002000808716));
#5493 = VECTOR('',#5494,1.);
#5494 = DIRECTION('',(0.585512508467,-0.810663371831,0.));
#5495 = PCURVE('',#5423,#5496);
#5496 = DEFINITIONAL_REPRESENTATION('',(#5497),#5501);
#5497 = LINE('',#5498,#5499);
#5498 = CARTESIAN_POINT('',(1.13476894835E-02,0.490144489148));
#5499 = VECTOR('',#5500,1.);
#5500 = DIRECTION('',(-1.,3.325048301638E-34));
#5501 = ( GEOMETRIC_REPRESENTATION_CONTEXT(2) 
PARAMETRIC_REPRESENTATION_CONTEXT() REPRESENTATION_CONTEXT('2D SPACE',''
  ) );
#5502 = PCURVE('',#5278,#5503);
#5503 = DEFINITIONAL_REPRESENTATION('',(#5504),#5507);
#5504 = B_SPLINE_CURVE_WITH_KNOTS('',1,(#5505,#5506),.UNSPECIFIED.,.F.,
  .F.,(2,2),(0.,4.440720938752E-02),.PIECEWISE_BEZIER_KNOTS.);
#5505 = CARTESIAN_POINT('',(0.141453189832,2.591484378892E-02));
#5506 = CARTESIAN_POINT('',(0.115452213269,-1.008445430679E-02));
#5507 = ( GEOMETRIC_REPRESENTATION_CONTEXT(2) 
PARAMETRIC_REPRESENTATION_CONTEXT() REPRESENTATION_CONTEXT('2D SPACE',''
  ) );
#5508 = ORIENTED_EDGE('',*,*,#5400,.F.);
#5509 = ORIENTED_EDGE('',*,*,#5510,.T.);
#5510 = EDGE_CURVE('',#5401,#5258,#5511,.T.);
#5511 = SURFACE_CURVE('',#5512,(#5516,#5523),.PCURVE_S1.);
#5512 = LINE('',#5513,#5514);
#5513 = CARTESIAN_POINT('',(-144.2279968261,32.409000396729,1.));
#5514 = VECTOR('',#5515,1.);
#5515 = DIRECTION('',(0.,0.,1.));
#5516 = PCURVE('',#5423,#5517);
#5517 = DEFINITIONAL_REPRESENTATION('',(#5518),#5522);
#5518 = LINE('',#5519,#5520);
#5519 = CARTESIAN_POINT('',(1.13476894835E-02,-0.511856319568));
#5520 = VECTOR('',#5521,1.);
#5521 = DIRECTION('',(0.,1.));
#5522 = ( GEOMETRIC_REPRESENTATION_CONTEXT(2) 
PARAMETRIC_REPRESENTATION_CONTEXT() REPRESENTATION_CONTEXT('2D SPACE',''
  ) );
#5523 = PCURVE('',#5360,#5524);
#5524 = DEFINITIONAL_REPRESENTATION('',(#5525),#5528);
#5525 = B_SPLINE_CURVE_WITH_KNOTS('',1,(#5526,#5527),.UNSPECIFIED.,.F.,
  .F.,(2,2),(0.,1.002000808716),.PIECEWISE_BEZIER_KNOTS.);
#5526 = CARTESIAN_POINT('',(4.81245678103,0.262894214512));
#5527 = CARTESIAN_POINT('',(4.81245678103,-0.739106594204));
#5528 = ( GEOMETRIC_REPRESENTATION_CONTEXT(2) 
PARAMETRIC_REPRESENTATION_CONTEXT() REPRESENTATION_CONTEXT('2D SPACE',''
  ) );
#5529 = ADVANCED_FACE('',(#5530),#5360,.T.);
#5530 = FACE_BOUND('',#5531,.T.);
#5531 = EDGE_LOOP('',(#5532,#5533,#5534));
#5532 = ORIENTED_EDGE('',*,*,#5345,.T.);
#5533 = ORIENTED_EDGE('',*,*,#5510,.F.);
#5534 = ORIENTED_EDGE('',*,*,#5535,.F.);
#5535 = EDGE_CURVE('',#5346,#5401,#5536,.T.);
#5536 = SURFACE_CURVE('',#5537,(#5541,#5547),.PCURVE_S1.);
#5537 = LINE('',#5538,#5539);
#5538 = CARTESIAN_POINT('',(-135.5789947509,37.626998901367,1.));
#5539 = VECTOR('',#5540,1.);
#5540 = DIRECTION('',(-0.856241385868,-0.516575927746,0.));
#5541 = PCURVE('',#5360,#5542);
#5542 = DEFINITIONAL_REPRESENTATION('',(#5543),#5546);
#5543 = B_SPLINE_CURVE_WITH_KNOTS('',1,(#5544,#5545),.UNSPECIFIED.,.F.,
  .F.,(2,2),(0.,10.101125941752),.PIECEWISE_BEZIER_KNOTS.);
#5544 = CARTESIAN_POINT('',(-5.288669160722,0.262894214512));
#5545 = CARTESIAN_POINT('',(4.81245678103,0.262894214512));
#5546 = ( GEOMETRIC_REPRESENTATION_CONTEXT(2) 
PARAMETRIC_REPRESENTATION_CONTEXT() REPRESENTATION_CONTEXT('2D SPACE',''
  ) );
#5547 = PCURVE('',#5548,#5553);
#5548 = PLANE('',#5549);
#5549 = AXIS2_PLACEMENT_3D('',#5550,#5551,#5552);
#5550 = CARTESIAN_POINT('',(-139.9148146765,35.050746634136,1.));
#5551 = DIRECTION('',(-0.,-0.,-1.));
#5552 = DIRECTION('',(-1.,0.,0.));
#5553 = DEFINITIONAL_REPRESENTATION('',(#5554),#5558);
#5554 = LINE('',#5555,#5556);
#5555 = CARTESIAN_POINT('',(-4.335819925566,2.576252267231));
#5556 = VECTOR('',#5557,1.);
#5557 = DIRECTION('',(0.856241385868,-0.516575927746));
#5558 = ( GEOMETRIC_REPRESENTATION_CONTEXT(2) 
PARAMETRIC_REPRESENTATION_CONTEXT() REPRESENTATION_CONTEXT('2D SPACE',''
  ) );
#5559 = ADVANCED_FACE('',(#5560),#5574,.T.);
#5560 = FACE_BOUND('',#5561,.T.);
#5561 = EDGE_LOOP('',(#5562,#5596,#5623));
#5562 = ORIENTED_EDGE('',*,*,#5563,.T.);
#5563 = EDGE_CURVE('',#5564,#5566,#5568,.T.);
#5564 = VERTEX_POINT('',#5565);
#5565 = CARTESIAN_POINT('',(-140.421005249,36.244998931885,
    2.002000808716));
#5566 = VERTEX_POINT('',#5567);
#5567 = CARTESIAN_POINT('',(-140.5119934082,36.344997406006,
    2.002000808716));
#5568 = SURFACE_CURVE('',#5569,(#5573,#5585),.PCURVE_S1.);
#5569 = LINE('',#5570,#5571);
#5570 = CARTESIAN_POINT('',(-140.421005249,36.244998931885,
    2.002000808716));
#5571 = VECTOR('',#5572,1.);
#5572 = DIRECTION('',(-0.672998548771,0.739643801672,0.));
#5573 = PCURVE('',#5574,#5579);
#5574 = PLANE('',#5575);
#5575 = AXIS2_PLACEMENT_3D('',#5576,#5577,#5578);
#5576 = CARTESIAN_POINT('',(-139.6297506194,37.007258465618,
    2.002000808716));
#5577 = DIRECTION('',(-0.,-0.,-1.));
#5578 = DIRECTION('',(-1.,0.,0.));
#5579 = DEFINITIONAL_REPRESENTATION('',(#5580),#5584);
#5580 = LINE('',#5581,#5582);
#5581 = CARTESIAN_POINT('',(0.791254629537,-0.762259533734));
#5582 = VECTOR('',#5583,1.);
#5583 = DIRECTION('',(0.672998548771,0.739643801672));
#5584 = ( GEOMETRIC_REPRESENTATION_CONTEXT(2) 
PARAMETRIC_REPRESENTATION_CONTEXT() REPRESENTATION_CONTEXT('2D SPACE',''
  ) );
#5585 = PCURVE('',#5586,#5591);
#5586 = PLANE('',#5587);
#5587 = AXIS2_PLACEMENT_3D('',#5588,#5589,#5590);
#5588 = CARTESIAN_POINT('',(-141.7884044966,36.318972258022,
    2.002000808716));
#5589 = DIRECTION('',(-3.374769846443E-29,-1.618975324563E-27,-1.));
#5590 = DIRECTION('',(0.,-1.,1.618975324563E-27));
#5591 = DEFINITIONAL_REPRESENTATION('',(#5592),#5595);
#5592 = B_SPLINE_CURVE_WITH_KNOTS('',1,(#5593,#5594),.UNSPECIFIED.,.F.,
  .F.,(2,2),(0.,0.135198150644),.PIECEWISE_BEZIER_KNOTS.);
#5593 = CARTESIAN_POINT('',(7.397332613704E-02,-1.367399247587));
#5594 = CARTESIAN_POINT('',(-2.602514798406E-02,-1.276411088407));
#5595 = ( GEOMETRIC_REPRESENTATION_CONTEXT(2) 
PARAMETRIC_REPRESENTATION_CONTEXT() REPRESENTATION_CONTEXT('2D SPACE',''
  ) );
#5596 = ORIENTED_EDGE('',*,*,#5597,.T.);
#5597 = EDGE_CURVE('',#5566,#5598,#5600,.T.);
#5598 = VERTEX_POINT('',#5599);
#5599 = CARTESIAN_POINT('',(-138.7429962158,37.7619972229,2.002000808716
    ));
#5600 = SURFACE_CURVE('',#5601,(#5605,#5612),.PCURVE_S1.);
#5601 = LINE('',#5602,#5603);
#5602 = CARTESIAN_POINT('',(-140.5119934082,36.344997406006,
    2.002000808716));
#5603 = VECTOR('',#5604,1.);
#5604 = DIRECTION('',(0.780480820202,0.625179725597,0.));
#5605 = PCURVE('',#5574,#5606);
#5606 = DEFINITIONAL_REPRESENTATION('',(#5607),#5611);
#5607 = LINE('',#5608,#5609);
#5608 = CARTESIAN_POINT('',(0.882242788716,-0.662261059613));
#5609 = VECTOR('',#5610,1.);
#5610 = DIRECTION('',(-0.780480820202,0.625179725597));
#5611 = ( GEOMETRIC_REPRESENTATION_CONTEXT(2) 
PARAMETRIC_REPRESENTATION_CONTEXT() REPRESENTATION_CONTEXT('2D SPACE',''
  ) );
#5612 = PCURVE('',#5613,#5618);
#5613 = PLANE('',#5614);
#5614 = AXIS2_PLACEMENT_3D('',#5615,#5616,#5617);
#5615 = CARTESIAN_POINT('',(-139.4732727454,37.17703207248,
    1.698599195505));
#5616 = DIRECTION('',(0.625179725597,-0.780480820202,-3.251615212176E-16
    ));
#5617 = DIRECTION('',(-0.780480820202,-0.625179725597,0.));
#5618 = DEFINITIONAL_REPRESENTATION('',(#5619),#5622);
#5619 = B_SPLINE_CURVE_WITH_KNOTS('',1,(#5620,#5621),.UNSPECIFIED.,.F.,
  .F.,(2,2),(0.,2.266547936342),.PIECEWISE_BEZIER_KNOTS.);
#5620 = CARTESIAN_POINT('',(1.330872759318,-0.303401613211));
#5621 = CARTESIAN_POINT('',(-0.935675177025,-0.303401613211));
#5622 = ( GEOMETRIC_REPRESENTATION_CONTEXT(2) 
PARAMETRIC_REPRESENTATION_CONTEXT() REPRESENTATION_CONTEXT('2D SPACE',''
  ) );
#5623 = ORIENTED_EDGE('',*,*,#5624,.T.);
#5624 = EDGE_CURVE('',#5598,#5564,#5625,.T.);
#5625 = SURFACE_CURVE('',#5626,(#5630,#5637),.PCURVE_S1.);
#5626 = LINE('',#5627,#5628);
#5627 = CARTESIAN_POINT('',(-138.7429962158,37.7619972229,2.002000808716
    ));
#5628 = VECTOR('',#5629,1.);
#5629 = DIRECTION('',(-0.741799720372,-0.67062148404,0.));
#5630 = PCURVE('',#5574,#5631);
#5631 = DEFINITIONAL_REPRESENTATION('',(#5632),#5636);
#5632 = LINE('',#5633,#5634);
#5633 = CARTESIAN_POINT('',(-0.886754403666,0.754738757282));
#5634 = VECTOR('',#5635,1.);
#5635 = DIRECTION('',(0.741799720372,-0.67062148404));
#5636 = ( GEOMETRIC_REPRESENTATION_CONTEXT(2) 
PARAMETRIC_REPRESENTATION_CONTEXT() REPRESENTATION_CONTEXT('2D SPACE',''
  ) );
#5637 = PCURVE('',#5638,#5643);
#5638 = PLANE('',#5639);
#5639 = AXIS2_PLACEMENT_3D('',#5640,#5641,#5642);
#5640 = CARTESIAN_POINT('',(-139.574180511,37.003668569663,
    2.002000808716));
#5641 = DIRECTION('',(-0.,-0.,-1.));
#5642 = DIRECTION('',(-1.,0.,0.));
#5643 = DEFINITIONAL_REPRESENTATION('',(#5644),#5647);
#5644 = B_SPLINE_CURVE_WITH_KNOTS('',1,(#5645,#5646),.UNSPECIFIED.,.F.,
  .F.,(2,2),(0.,2.262078276819),.PIECEWISE_BEZIER_KNOTS.);
#5645 = CARTESIAN_POINT('',(-0.83118429523,0.758328653237));
#5646 = CARTESIAN_POINT('',(0.846824737973,-0.758669637778));
#5647 = ( GEOMETRIC_REPRESENTATION_CONTEXT(2) 
PARAMETRIC_REPRESENTATION_CONTEXT() REPRESENTATION_CONTEXT('2D SPACE',''
  ) );
#5648 = ADVANCED_FACE('',(#5649),#5638,.T.);
#5649 = FACE_BOUND('',#5650,.T.);
#5650 = EDGE_LOOP('',(#5651,#5652,#5679));
#5651 = ORIENTED_EDGE('',*,*,#5624,.F.);
#5652 = ORIENTED_EDGE('',*,*,#5653,.T.);
#5653 = EDGE_CURVE('',#5598,#5654,#5656,.T.);
#5654 = VERTEX_POINT('',#5655);
#5655 = CARTESIAN_POINT('',(-138.7270050048,37.749000549316,
    2.002000808716));
#5656 = SURFACE_CURVE('',#5657,(#5661,#5668),.PCURVE_S1.);
#5657 = LINE('',#5658,#5659);
#5658 = CARTESIAN_POINT('',(-138.7429962158,37.7619972229,2.002000808716
    ));
#5659 = VECTOR('',#5660,1.);
#5660 = DIRECTION('',(0.776023392159,-0.630704126213,0.));
#5661 = PCURVE('',#5638,#5662);
#5662 = DEFINITIONAL_REPRESENTATION('',(#5663),#5667);
#5663 = LINE('',#5664,#5665);
#5664 = CARTESIAN_POINT('',(-0.83118429523,0.758328653237));
#5665 = VECTOR('',#5666,1.);
#5666 = DIRECTION('',(-0.776023392159,-0.630704126213));
#5667 = ( GEOMETRIC_REPRESENTATION_CONTEXT(2) 
PARAMETRIC_REPRESENTATION_CONTEXT() REPRESENTATION_CONTEXT('2D SPACE',''
  ) );
#5668 = PCURVE('',#5669,#5674);
#5669 = PLANE('',#5670);
#5670 = AXIS2_PLACEMENT_3D('',#5671,#5672,#5673);
#5671 = CARTESIAN_POINT('',(-138.7310439116,37.752283124505,
    1.506099089256));
#5672 = DIRECTION('',(-0.630704126213,-0.776023392159,
    -5.209427790701E-18));
#5673 = DIRECTION('',(-0.776023392159,0.630704126213,0.));
#5674 = DEFINITIONAL_REPRESENTATION('',(#5675),#5678);
#5675 = B_SPLINE_CURVE_WITH_KNOTS('',1,(#5676,#5677),.UNSPECIFIED.,.F.,
  .F.,(2,2),(0.,2.060660941291E-02),.PIECEWISE_BEZIER_KNOTS.);
#5676 = CARTESIAN_POINT('',(1.540198960461E-02,-0.49590171946));
#5677 = CARTESIAN_POINT('',(-5.204619808304E-03,-0.49590171946));
#5678 = ( GEOMETRIC_REPRESENTATION_CONTEXT(2) 
PARAMETRIC_REPRESENTATION_CONTEXT() REPRESENTATION_CONTEXT('2D SPACE',''
  ) );
#5679 = ORIENTED_EDGE('',*,*,#5680,.F.);
#5680 = EDGE_CURVE('',#5564,#5654,#5681,.T.);
#5681 = SURFACE_CURVE('',#5682,(#5686,#5692),.PCURVE_S1.);
#5682 = LINE('',#5683,#5684);
#5683 = CARTESIAN_POINT('',(-140.421005249,36.244998931885,
    2.002000808716));
#5684 = VECTOR('',#5685,1.);
#5685 = DIRECTION('',(0.747798567844,0.663925675005,0.));
#5686 = PCURVE('',#5638,#5687);
#5687 = DEFINITIONAL_REPRESENTATION('',(#5688),#5691);
#5688 = B_SPLINE_CURVE_WITH_KNOTS('',1,(#5689,#5690),.UNSPECIFIED.,.F.,
  .F.,(2,2),(0.,2.265316245557),.PIECEWISE_BEZIER_KNOTS.);
#5689 = CARTESIAN_POINT('',(0.846824737973,-0.758669637778));
#5690 = CARTESIAN_POINT('',(-0.847175506167,0.745331979653));
#5691 = ( GEOMETRIC_REPRESENTATION_CONTEXT(2) 
PARAMETRIC_REPRESENTATION_CONTEXT() REPRESENTATION_CONTEXT('2D SPACE',''
  ) );
#5692 = PCURVE('',#5693,#5698);
#5693 = PLANE('',#5694);
#5694 = AXIS2_PLACEMENT_3D('',#5695,#5696,#5697);
#5695 = CARTESIAN_POINT('',(-139.542963599,36.986601228328,
    2.002000808716));
#5696 = DIRECTION('',(-0.,-0.,-1.));
#5697 = DIRECTION('',(-1.,0.,0.));
#5698 = DEFINITIONAL_REPRESENTATION('',(#5699),#5703);
#5699 = LINE('',#5700,#5701);
#5700 = CARTESIAN_POINT('',(0.878041650001,-0.741602296443));
#5701 = VECTOR('',#5702,1.);
#5702 = DIRECTION('',(-0.747798567844,0.663925675005));
#5703 = ( GEOMETRIC_REPRESENTATION_CONTEXT(2) 
PARAMETRIC_REPRESENTATION_CONTEXT() REPRESENTATION_CONTEXT('2D SPACE',''
  ) );
#5704 = ADVANCED_FACE('',(#5705),#5719,.T.);
#5705 = FACE_BOUND('',#5706,.T.);
#5706 = EDGE_LOOP('',(#5707,#5741,#5768));
#5707 = ORIENTED_EDGE('',*,*,#5708,.T.);
#5708 = EDGE_CURVE('',#5709,#5711,#5713,.T.);
#5709 = VERTEX_POINT('',#5710);
#5710 = CARTESIAN_POINT('',(-139.5789947509,33.755001068115,
    2.002000808716));
#5711 = VERTEX_POINT('',#5712);
#5712 = CARTESIAN_POINT('',(-139.5789947509,33.777000427246,1.));
#5713 = SURFACE_CURVE('',#5714,(#5718,#5730),.PCURVE_S1.);
#5714 = LINE('',#5715,#5716);
#5715 = CARTESIAN_POINT('',(-139.5789947509,33.755001068115,
    2.002000808716));
#5716 = VECTOR('',#5717,1.);
#5717 = DIRECTION('',(0.,2.195014071841E-02,-0.999759066637));
#5718 = PCURVE('',#5719,#5724);
#5719 = PLANE('',#5720);
#5720 = AXIS2_PLACEMENT_3D('',#5721,#5722,#5723);
#5721 = CARTESIAN_POINT('',(-139.5789947509,33.771440219062,
    1.50643987574));
#5722 = DIRECTION('',(1.,0.,0.));
#5723 = DIRECTION('',(-0.,0.,1.));
#5724 = DEFINITIONAL_REPRESENTATION('',(#5725),#5729);
#5725 = LINE('',#5726,#5727);
#5726 = CARTESIAN_POINT('',(0.495560932976,1.643915094719E-02));
#5727 = VECTOR('',#5728,1.);
#5728 = DIRECTION('',(-0.999759066637,-2.195014071841E-02));
#5729 = ( GEOMETRIC_REPRESENTATION_CONTEXT(2) 
PARAMETRIC_REPRESENTATION_CONTEXT() REPRESENTATION_CONTEXT('2D SPACE',''
  ) );
#5730 = PCURVE('',#5731,#5736);
#5731 = PLANE('',#5732);
#5732 = AXIS2_PLACEMENT_3D('',#5733,#5734,#5735);
#5733 = CARTESIAN_POINT('',(-139.5789947509,33.760561276299,
    1.495560932976));
#5734 = DIRECTION('',(1.,0.,0.));
#5735 = DIRECTION('',(-0.,0.,1.));
#5736 = DEFINITIONAL_REPRESENTATION('',(#5737),#5740);
#5737 = B_SPLINE_CURVE_WITH_KNOTS('',1,(#5738,#5739),.UNSPECIFIED.,.F.,
  .F.,(2,2),(0.,1.00224228232),.PIECEWISE_BEZIER_KNOTS.);
#5738 = CARTESIAN_POINT('',(0.50643987574,5.560208183674E-03));
#5739 = CARTESIAN_POINT('',(-0.495560932976,-1.643915094719E-02));
#5740 = ( GEOMETRIC_REPRESENTATION_CONTEXT(2) 
PARAMETRIC_REPRESENTATION_CONTEXT() REPRESENTATION_CONTEXT('2D SPACE',''
  ) );
#5741 = ORIENTED_EDGE('',*,*,#5742,.T.);
#5742 = EDGE_CURVE('',#5711,#5743,#5745,.T.);
#5743 = VERTEX_POINT('',#5744);
#5744 = CARTESIAN_POINT('',(-139.5789947509,33.777000427246,
    2.002000808716));
#5745 = SURFACE_CURVE('',#5746,(#5750,#5757),.PCURVE_S1.);
#5746 = LINE('',#5747,#5748);
#5747 = CARTESIAN_POINT('',(-139.5789947509,33.777000427246,1.));
#5748 = VECTOR('',#5749,1.);
#5749 = DIRECTION('',(0.,0.,1.));
#5750 = PCURVE('',#5719,#5751);
#5751 = DEFINITIONAL_REPRESENTATION('',(#5752),#5756);
#5752 = LINE('',#5753,#5754);
#5753 = CARTESIAN_POINT('',(-0.50643987574,-5.560208183674E-03));
#5754 = VECTOR('',#5755,1.);
#5755 = DIRECTION('',(1.,0.));
#5756 = ( GEOMETRIC_REPRESENTATION_CONTEXT(2) 
PARAMETRIC_REPRESENTATION_CONTEXT() REPRESENTATION_CONTEXT('2D SPACE',''
  ) );
#5757 = PCURVE('',#5758,#5763);
#5758 = PLANE('',#5759);
#5759 = AXIS2_PLACEMENT_3D('',#5760,#5761,#5762);
#5760 = CARTESIAN_POINT('',(-138.4000970576,33.777000427246,
    1.707600757875));
#5761 = DIRECTION('',(-0.,-1.,-0.));
#5762 = DIRECTION('',(0.,0.,-1.));
#5763 = DEFINITIONAL_REPRESENTATION('',(#5764),#5767);
#5764 = B_SPLINE_CURVE_WITH_KNOTS('',1,(#5765,#5766),.UNSPECIFIED.,.F.,
  .F.,(2,2),(0.,1.002000808716),.PIECEWISE_BEZIER_KNOTS.);
#5765 = CARTESIAN_POINT('',(0.707600757875,-1.178897693358));
#5766 = CARTESIAN_POINT('',(-0.294400050841,-1.178897693358));
#5767 = ( GEOMETRIC_REPRESENTATION_CONTEXT(2) 
PARAMETRIC_REPRESENTATION_CONTEXT() REPRESENTATION_CONTEXT('2D SPACE',''
  ) );
#5768 = ORIENTED_EDGE('',*,*,#5769,.T.);
#5769 = EDGE_CURVE('',#5743,#5709,#5770,.T.);
#5770 = SURFACE_CURVE('',#5771,(#5775,#5782),.PCURVE_S1.);
#5771 = LINE('',#5772,#5773);
#5772 = CARTESIAN_POINT('',(-139.5789947509,33.777000427246,
    2.002000808716));
#5773 = VECTOR('',#5774,1.);
#5774 = DIRECTION('',(0.,-1.,0.));
#5775 = PCURVE('',#5719,#5776);
#5776 = DEFINITIONAL_REPRESENTATION('',(#5777),#5781);
#5777 = LINE('',#5778,#5779);
#5778 = CARTESIAN_POINT('',(0.495560932976,-5.560208183674E-03));
#5779 = VECTOR('',#5780,1.);
#5780 = DIRECTION('',(0.,1.));
#5781 = ( GEOMETRIC_REPRESENTATION_CONTEXT(2) 
PARAMETRIC_REPRESENTATION_CONTEXT() REPRESENTATION_CONTEXT('2D SPACE',''
  ) );
#5782 = PCURVE('',#5783,#5788);
#5783 = PLANE('',#5784);
#5784 = AXIS2_PLACEMENT_3D('',#5785,#5786,#5787);
#5785 = CARTESIAN_POINT('',(-138.1989747121,33.771478755775,
    2.002000808716));
#5786 = DIRECTION('',(-0.,-0.,-1.));
#5787 = DIRECTION('',(-1.,0.,0.));
#5788 = DEFINITIONAL_REPRESENTATION('',(#5789),#5792);
#5789 = B_SPLINE_CURVE_WITH_KNOTS('',1,(#5790,#5791),.UNSPECIFIED.,.F.,
  .F.,(2,2),(0.,2.199935913086E-02),.PIECEWISE_BEZIER_KNOTS.);
#5790 = CARTESIAN_POINT('',(1.38002003878,5.52167147066E-03));
#5791 = CARTESIAN_POINT('',(1.38002003878,-1.64776876602E-02));
#5792 = ( GEOMETRIC_REPRESENTATION_CONTEXT(2) 
PARAMETRIC_REPRESENTATION_CONTEXT() REPRESENTATION_CONTEXT('2D SPACE',''
  ) );
#5793 = ADVANCED_FACE('',(#5794),#5731,.T.);
#5794 = FACE_BOUND('',#5795,.T.);
#5795 = EDGE_LOOP('',(#5796,#5823,#5824));
#5796 = ORIENTED_EDGE('',*,*,#5797,.T.);
#5797 = EDGE_CURVE('',#5798,#5711,#5800,.T.);
#5798 = VERTEX_POINT('',#5799);
#5799 = CARTESIAN_POINT('',(-139.5789947509,33.755001068115,1.));
#5800 = SURFACE_CURVE('',#5801,(#5805,#5812),.PCURVE_S1.);
#5801 = LINE('',#5802,#5803);
#5802 = CARTESIAN_POINT('',(-139.5789947509,33.755001068115,1.));
#5803 = VECTOR('',#5804,1.);
#5804 = DIRECTION('',(0.,1.,0.));
#5805 = PCURVE('',#5731,#5806);
#5806 = DEFINITIONAL_REPRESENTATION('',(#5807),#5811);
#5807 = LINE('',#5808,#5809);
#5808 = CARTESIAN_POINT('',(-0.495560932976,5.560208183674E-03));
#5809 = VECTOR('',#5810,1.);
#5810 = DIRECTION('',(0.,-1.));
#5811 = ( GEOMETRIC_REPRESENTATION_CONTEXT(2) 
PARAMETRIC_REPRESENTATION_CONTEXT() REPRESENTATION_CONTEXT('2D SPACE',''
  ) );
#5812 = PCURVE('',#5813,#5818);
#5813 = PLANE('',#5814);
#5814 = AXIS2_PLACEMENT_3D('',#5815,#5816,#5817);
#5815 = CARTESIAN_POINT('',(-140.4372400724,33.07295623873,1.));
#5816 = DIRECTION('',(-0.,-0.,-1.));
#5817 = DIRECTION('',(-1.,0.,0.));
#5818 = DEFINITIONAL_REPRESENTATION('',(#5819),#5822);
#5819 = B_SPLINE_CURVE_WITH_KNOTS('',1,(#5820,#5821),.UNSPECIFIED.,.F.,
  .F.,(2,2),(0.,2.199935913086E-02),.PIECEWISE_BEZIER_KNOTS.);
#5820 = CARTESIAN_POINT('',(-0.858245321432,0.682044829385));
#5821 = CARTESIAN_POINT('',(-0.858245321432,0.704044188516));
#5822 = ( GEOMETRIC_REPRESENTATION_CONTEXT(2) 
PARAMETRIC_REPRESENTATION_CONTEXT() REPRESENTATION_CONTEXT('2D SPACE',''
  ) );
#5823 = ORIENTED_EDGE('',*,*,#5708,.F.);
#5824 = ORIENTED_EDGE('',*,*,#5825,.T.);
#5825 = EDGE_CURVE('',#5709,#5798,#5826,.T.);
#5826 = SURFACE_CURVE('',#5827,(#5831,#5838),.PCURVE_S1.);
#5827 = LINE('',#5828,#5829);
#5828 = CARTESIAN_POINT('',(-139.5789947509,33.755001068115,
    2.002000808716));
#5829 = VECTOR('',#5830,1.);
#5830 = DIRECTION('',(0.,0.,-1.));
#5831 = PCURVE('',#5731,#5832);
#5832 = DEFINITIONAL_REPRESENTATION('',(#5833),#5837);
#5833 = LINE('',#5834,#5835);
#5834 = CARTESIAN_POINT('',(0.50643987574,5.560208183674E-03));
#5835 = VECTOR('',#5836,1.);
#5836 = DIRECTION('',(-1.,0.));
#5837 = ( GEOMETRIC_REPRESENTATION_CONTEXT(2) 
PARAMETRIC_REPRESENTATION_CONTEXT() REPRESENTATION_CONTEXT('2D SPACE',''
  ) );
#5838 = PCURVE('',#5839,#5844);
#5839 = PLANE('',#5840);
#5840 = AXIS2_PLACEMENT_3D('',#5841,#5842,#5843);
#5841 = CARTESIAN_POINT('',(-140.2882434216,33.186781837335,
    1.697372548166));
#5842 = DIRECTION('',(0.625245269416,-0.780428313859,-0.));
#5843 = DIRECTION('',(-0.780428313859,-0.625245269416,0.));
#5844 = DEFINITIONAL_REPRESENTATION('',(#5845),#5848);
#5845 = B_SPLINE_CURVE_WITH_KNOTS('',1,(#5846,#5847),.UNSPECIFIED.,.F.,
  .F.,(2,2),(0.,1.002000808716),.PIECEWISE_BEZIER_KNOTS.);
#5846 = CARTESIAN_POINT('',(-0.908794130199,-0.30462826055));
#5847 = CARTESIAN_POINT('',(-0.908794130199,0.697372548166));
#5848 = ( GEOMETRIC_REPRESENTATION_CONTEXT(2) 
PARAMETRIC_REPRESENTATION_CONTEXT() REPRESENTATION_CONTEXT('2D SPACE',''
  ) );
#5849 = ADVANCED_FACE('',(#5850),#5839,.T.);
#5850 = FACE_BOUND('',#5851,.T.);
#5851 = EDGE_LOOP('',(#5852,#5879,#5904));
#5852 = ORIENTED_EDGE('',*,*,#5853,.T.);
#5853 = EDGE_CURVE('',#5709,#5854,#5856,.T.);
#5854 = VERTEX_POINT('',#5855);
#5855 = CARTESIAN_POINT('',(-141.3040008544,32.373001098633,
    2.002000808716));
#5856 = SURFACE_CURVE('',#5857,(#5861,#5868),.PCURVE_S1.);
#5857 = LINE('',#5858,#5859);
#5858 = CARTESIAN_POINT('',(-139.5789947509,33.755001068115,
    2.002000808716));
#5859 = VECTOR('',#5860,1.);
#5860 = DIRECTION('',(-0.780428313859,-0.625245269416,0.));
#5861 = PCURVE('',#5839,#5862);
#5862 = DEFINITIONAL_REPRESENTATION('',(#5863),#5867);
#5863 = LINE('',#5864,#5865);
#5864 = CARTESIAN_POINT('',(-0.908794130199,-0.30462826055));
#5865 = VECTOR('',#5866,1.);
#5866 = DIRECTION('',(1.,0.));
#5867 = ( GEOMETRIC_REPRESENTATION_CONTEXT(2) 
PARAMETRIC_REPRESENTATION_CONTEXT() REPRESENTATION_CONTEXT('2D SPACE',''
  ) );
#5868 = PCURVE('',#5869,#5874);
#5869 = PLANE('',#5870);
#5870 = AXIS2_PLACEMENT_3D('',#5871,#5872,#5873);
#5871 = CARTESIAN_POINT('',(-140.392489575,33.058641572656,
    2.002000808716));
#5872 = DIRECTION('',(-0.,-0.,-1.));
#5873 = DIRECTION('',(-1.,0.,0.));
#5874 = DEFINITIONAL_REPRESENTATION('',(#5875),#5878);
#5875 = B_SPLINE_CURVE_WITH_KNOTS('',1,(#5876,#5877),.UNSPECIFIED.,.F.,
  .F.,(2,2),(0.,2.210332548015),.PIECEWISE_BEZIER_KNOTS.);
#5876 = CARTESIAN_POINT('',(-0.813494824092,0.69635949546));
#5877 = CARTESIAN_POINT('',(0.911511279423,-0.685640474023));
#5878 = ( GEOMETRIC_REPRESENTATION_CONTEXT(2) 
PARAMETRIC_REPRESENTATION_CONTEXT() REPRESENTATION_CONTEXT('2D SPACE',''
  ) );
#5879 = ORIENTED_EDGE('',*,*,#5880,.T.);
#5880 = EDGE_CURVE('',#5854,#5798,#5881,.T.);
#5881 = SURFACE_CURVE('',#5882,(#5886,#5893),.PCURVE_S1.);
#5882 = LINE('',#5883,#5884);
#5883 = CARTESIAN_POINT('',(-141.3040008544,32.373001098633,
    2.002000808716));
#5884 = VECTOR('',#5885,1.);
#5885 = DIRECTION('',(0.710801991403,0.569463683882,-0.412882116053));
#5886 = PCURVE('',#5839,#5887);
#5887 = DEFINITIONAL_REPRESENTATION('',(#5888),#5892);
#5888 = LINE('',#5889,#5890);
#5889 = CARTESIAN_POINT('',(1.301538417816,-0.30462826055));
#5890 = VECTOR('',#5891,1.);
#5891 = DIRECTION('',(-0.91078447409,0.412882116053));
#5892 = ( GEOMETRIC_REPRESENTATION_CONTEXT(2) 
PARAMETRIC_REPRESENTATION_CONTEXT() REPRESENTATION_CONTEXT('2D SPACE',''
  ) );
#5893 = PCURVE('',#5894,#5899);
#5894 = PLANE('',#5895);
#5895 = AXIS2_PLACEMENT_3D('',#5896,#5897,#5898);
#5896 = CARTESIAN_POINT('',(-140.5947521838,32.941220329413,
    1.30462826055));
#5897 = DIRECTION('',(0.625245269416,-0.780428313859,-0.));
#5898 = DIRECTION('',(-0.780428313859,-0.625245269416,0.));
#5899 = DEFINITIONAL_REPRESENTATION('',(#5900),#5903);
#5900 = B_SPLINE_CURVE_WITH_KNOTS('',1,(#5901,#5902),.UNSPECIFIED.,.F.,
  .F.,(2,2),(0.,2.426844781498),.PIECEWISE_BEZIER_KNOTS.);
#5901 = CARTESIAN_POINT('',(0.908794130199,-0.697372548166));
#5902 = CARTESIAN_POINT('',(-1.301538417816,0.30462826055));
#5903 = ( GEOMETRIC_REPRESENTATION_CONTEXT(2) 
PARAMETRIC_REPRESENTATION_CONTEXT() REPRESENTATION_CONTEXT('2D SPACE',''
  ) );
#5904 = ORIENTED_EDGE('',*,*,#5825,.F.);
#5905 = ADVANCED_FACE('',(#5906),#5758,.T.);
#5906 = FACE_BOUND('',#5907,.T.);
#5907 = EDGE_LOOP('',(#5908,#5930,#5931));
#5908 = ORIENTED_EDGE('',*,*,#5909,.T.);
#5909 = EDGE_CURVE('',#5910,#5743,#5912,.T.);
#5910 = VERTEX_POINT('',#5911);
#5911 = CARTESIAN_POINT('',(-136.8079986572,33.777000427246,
    2.002000808716));
#5912 = SURFACE_CURVE('',#5913,(#5917,#5924),.PCURVE_S1.);
#5913 = LINE('',#5914,#5915);
#5914 = CARTESIAN_POINT('',(-136.8079986572,33.777000427246,
    2.002000808716));
#5915 = VECTOR('',#5916,1.);
#5916 = DIRECTION('',(-1.,0.,0.));
#5917 = PCURVE('',#5758,#5918);
#5918 = DEFINITIONAL_REPRESENTATION('',(#5919),#5923);
#5919 = LINE('',#5920,#5921);
#5920 = CARTESIAN_POINT('',(-0.294400050841,1.592098400392));
#5921 = VECTOR('',#5922,1.);
#5922 = DIRECTION('',(0.,-1.));
#5923 = ( GEOMETRIC_REPRESENTATION_CONTEXT(2) 
PARAMETRIC_REPRESENTATION_CONTEXT() REPRESENTATION_CONTEXT('2D SPACE',''
  ) );
#5924 = PCURVE('',#5783,#5925);
#5925 = DEFINITIONAL_REPRESENTATION('',(#5926),#5929);
#5926 = B_SPLINE_CURVE_WITH_KNOTS('',1,(#5927,#5928),.UNSPECIFIED.,.F.,
  .F.,(2,2),(0.,2.77099609375),.PIECEWISE_BEZIER_KNOTS.);
#5927 = CARTESIAN_POINT('',(-1.39097605497,5.52167147066E-03));
#5928 = CARTESIAN_POINT('',(1.38002003878,5.52167147066E-03));
#5929 = ( GEOMETRIC_REPRESENTATION_CONTEXT(2) 
PARAMETRIC_REPRESENTATION_CONTEXT() REPRESENTATION_CONTEXT('2D SPACE',''
  ) );
#5930 = ORIENTED_EDGE('',*,*,#5742,.F.);
#5931 = ORIENTED_EDGE('',*,*,#5932,.F.);
#5932 = EDGE_CURVE('',#5910,#5711,#5933,.T.);
#5933 = SURFACE_CURVE('',#5934,(#5938,#5944),.PCURVE_S1.);
#5934 = LINE('',#5935,#5936);
#5935 = CARTESIAN_POINT('',(-136.8079986572,33.777000427246,
    2.002000808716));
#5936 = VECTOR('',#5937,1.);
#5937 = DIRECTION('',(-0.940406005731,0.,-0.340053737495));
#5938 = PCURVE('',#5758,#5939);
#5939 = DEFINITIONAL_REPRESENTATION('',(#5940),#5943);
#5940 = B_SPLINE_CURVE_WITH_KNOTS('',1,(#5941,#5942),.UNSPECIFIED.,.F.,
  .F.,(2,2),(0.,2.946595488398),.PIECEWISE_BEZIER_KNOTS.);
#5941 = CARTESIAN_POINT('',(-0.294400050841,1.592098400392));
#5942 = CARTESIAN_POINT('',(0.707600757875,-1.178897693358));
#5943 = ( GEOMETRIC_REPRESENTATION_CONTEXT(2) 
PARAMETRIC_REPRESENTATION_CONTEXT() REPRESENTATION_CONTEXT('2D SPACE',''
  ) );
#5944 = PCURVE('',#5945,#5950);
#5945 = PLANE('',#5946);
#5946 = AXIS2_PLACEMENT_3D('',#5947,#5948,#5949);
#5947 = CARTESIAN_POINT('',(-137.9868963505,33.777000427246,
    1.294400050841));
#5948 = DIRECTION('',(-0.,-1.,-0.));
#5949 = DIRECTION('',(0.,0.,-1.));
#5950 = DEFINITIONAL_REPRESENTATION('',(#5951),#5955);
#5951 = LINE('',#5952,#5953);
#5952 = CARTESIAN_POINT('',(-0.707600757875,1.178897693358));
#5953 = VECTOR('',#5954,1.);
#5954 = DIRECTION('',(0.340053737495,-0.940406005731));
#5955 = ( GEOMETRIC_REPRESENTATION_CONTEXT(2) 
PARAMETRIC_REPRESENTATION_CONTEXT() REPRESENTATION_CONTEXT('2D SPACE',''
  ) );
#5956 = ADVANCED_FACE('',(#5957),#5969,.T.);
#5957 = FACE_BOUND('',#5958,.T.);
#5958 = EDGE_LOOP('',(#5959,#5991,#6013));
#5959 = ORIENTED_EDGE('',*,*,#5960,.T.);
#5960 = EDGE_CURVE('',#5961,#5910,#5963,.T.);
#5961 = VERTEX_POINT('',#5962);
#5962 = CARTESIAN_POINT('',(-136.783996582,33.796001434326,1.));
#5963 = SURFACE_CURVE('',#5964,(#5968,#5980),.PCURVE_S1.);
#5964 = LINE('',#5965,#5966);
#5965 = CARTESIAN_POINT('',(-136.783996582,33.796001434326,1.));
#5966 = VECTOR('',#5967,1.);
#5967 = DIRECTION('',(-2.394297595903E-02,-1.895422175015E-02,
    0.999533626938));
#5968 = PCURVE('',#5969,#5974);
#5969 = PLANE('',#5970);
#5970 = AXIS2_PLACEMENT_3D('',#5971,#5972,#5973);
#5971 = CARTESIAN_POINT('',(-136.8019064971,33.78182322594,
    1.493464108444));
#5972 = DIRECTION('',(0.620690177251,-0.784055931592,5.522480694401E-19)
  );
#5973 = DIRECTION('',(-0.784055931592,-0.620690177251,0.));
#5974 = DEFINITIONAL_REPRESENTATION('',(#5975),#5979);
#5975 = LINE('',#5976,#5977);
#5976 = CARTESIAN_POINT('',(-2.284264985343E-02,0.493464108444));
#5977 = VECTOR('',#5978,1.);
#5978 = DIRECTION('',(3.053733157839E-02,-0.999533626938));
#5979 = ( GEOMETRIC_REPRESENTATION_CONTEXT(2) 
PARAMETRIC_REPRESENTATION_CONTEXT() REPRESENTATION_CONTEXT('2D SPACE',''
  ) );
#5980 = PCURVE('',#5981,#5986);
#5981 = PLANE('',#5982);
#5982 = AXIS2_PLACEMENT_3D('',#5983,#5984,#5985);
#5983 = CARTESIAN_POINT('',(-136.7900887421,33.791178635632,
    1.508536700271));
#5984 = DIRECTION('',(0.620690177251,-0.784055931592,2.287395126514E-18)
  );
#5985 = DIRECTION('',(-0.784055931592,-0.620690177251,0.));
#5986 = DEFINITIONAL_REPRESENTATION('',(#5987),#5990);
#5987 = B_SPLINE_CURVE_WITH_KNOTS('',1,(#5988,#5989),.UNSPECIFIED.,.F.,
  .F.,(2,2),(0.,1.002468332942),.PIECEWISE_BEZIER_KNOTS.);
#5988 = CARTESIAN_POINT('',(-7.770058026445E-03,0.508536700271));
#5989 = CARTESIAN_POINT('',(2.284264985343E-02,-0.493464108444));
#5990 = ( GEOMETRIC_REPRESENTATION_CONTEXT(2) 
PARAMETRIC_REPRESENTATION_CONTEXT() REPRESENTATION_CONTEXT('2D SPACE',''
  ) );
#5991 = ORIENTED_EDGE('',*,*,#5992,.T.);
#5992 = EDGE_CURVE('',#5910,#5993,#5995,.T.);
#5993 = VERTEX_POINT('',#5994);
#5994 = CARTESIAN_POINT('',(-136.8079986572,33.777000427246,1.));
#5995 = SURFACE_CURVE('',#5996,(#6000,#6007),.PCURVE_S1.);
#5996 = LINE('',#5997,#5998);
#5997 = CARTESIAN_POINT('',(-136.8079986572,33.777000427246,
    2.002000808716));
#5998 = VECTOR('',#5999,1.);
#5999 = DIRECTION('',(0.,0.,-1.));
#6000 = PCURVE('',#5969,#6001);
#6001 = DEFINITIONAL_REPRESENTATION('',(#6002),#6006);
#6002 = LINE('',#6003,#6004);
#6003 = CARTESIAN_POINT('',(7.770058026445E-03,-0.508536700271));
#6004 = VECTOR('',#6005,1.);
#6005 = DIRECTION('',(0.,1.));
#6006 = ( GEOMETRIC_REPRESENTATION_CONTEXT(2) 
PARAMETRIC_REPRESENTATION_CONTEXT() REPRESENTATION_CONTEXT('2D SPACE',''
  ) );
#6007 = PCURVE('',#5945,#6008);
#6008 = DEFINITIONAL_REPRESENTATION('',(#6009),#6012);
#6009 = B_SPLINE_CURVE_WITH_KNOTS('',1,(#6010,#6011),.UNSPECIFIED.,.F.,
  .F.,(2,2),(0.,1.002000808716),.PIECEWISE_BEZIER_KNOTS.);
#6010 = CARTESIAN_POINT('',(-0.707600757875,1.178897693358));
#6011 = CARTESIAN_POINT('',(0.294400050841,1.178897693358));
#6012 = ( GEOMETRIC_REPRESENTATION_CONTEXT(2) 
PARAMETRIC_REPRESENTATION_CONTEXT() REPRESENTATION_CONTEXT('2D SPACE',''
  ) );
#6013 = ORIENTED_EDGE('',*,*,#6014,.T.);
#6014 = EDGE_CURVE('',#5993,#5961,#6015,.T.);
#6015 = SURFACE_CURVE('',#6016,(#6020,#6027),.PCURVE_S1.);
#6016 = LINE('',#6017,#6018);
#6017 = CARTESIAN_POINT('',(-136.8079986572,33.777000427246,1.));
#6018 = VECTOR('',#6019,1.);
#6019 = DIRECTION('',(0.784055931592,0.620690177251,0.));
#6020 = PCURVE('',#5969,#6021);
#6021 = DEFINITIONAL_REPRESENTATION('',(#6022),#6026);
#6022 = LINE('',#6023,#6024);
#6023 = CARTESIAN_POINT('',(7.770058026445E-03,0.493464108444));
#6024 = VECTOR('',#6025,1.);
#6025 = DIRECTION('',(-1.,3.065592609986E-35));
#6026 = ( GEOMETRIC_REPRESENTATION_CONTEXT(2) 
PARAMETRIC_REPRESENTATION_CONTEXT() REPRESENTATION_CONTEXT('2D SPACE',''
  ) );
#6027 = PCURVE('',#6028,#6033);
#6028 = PLANE('',#6029);
#6029 = AXIS2_PLACEMENT_3D('',#6030,#6031,#6032);
#6030 = CARTESIAN_POINT('',(-138.1798591547,33.781797088881,1.));
#6031 = DIRECTION('',(-0.,-0.,-1.));
#6032 = DIRECTION('',(-1.,0.,0.));
#6033 = DEFINITIONAL_REPRESENTATION('',(#6034),#6037);
#6034 = B_SPLINE_CURVE_WITH_KNOTS('',1,(#6035,#6036),.UNSPECIFIED.,.F.,
  .F.,(2,2),(0.,3.061270787988E-02),.PIECEWISE_BEZIER_KNOTS.);
#6035 = CARTESIAN_POINT('',(-1.371860497543,-4.796661634508E-03));
#6036 = CARTESIAN_POINT('',(-1.395862572739,1.420434544557E-02));
#6037 = ( GEOMETRIC_REPRESENTATION_CONTEXT(2) 
PARAMETRIC_REPRESENTATION_CONTEXT() REPRESENTATION_CONTEXT('2D SPACE',''
  ) );
#6038 = ADVANCED_FACE('',(#6039),#5981,.T.);
#6039 = FACE_BOUND('',#6040,.T.);
#6040 = EDGE_LOOP('',(#6041,#6068,#6069));
#6041 = ORIENTED_EDGE('',*,*,#6042,.T.);
#6042 = EDGE_CURVE('',#6043,#5910,#6045,.T.);
#6043 = VERTEX_POINT('',#6044);
#6044 = CARTESIAN_POINT('',(-136.783996582,33.796001434326,
    2.002000808716));
#6045 = SURFACE_CURVE('',#6046,(#6050,#6057),.PCURVE_S1.);
#6046 = LINE('',#6047,#6048);
#6047 = CARTESIAN_POINT('',(-136.783996582,33.796001434326,
    2.002000808716));
#6048 = VECTOR('',#6049,1.);
#6049 = DIRECTION('',(-0.784055931592,-0.620690177251,0.));
#6050 = PCURVE('',#5981,#6051);
#6051 = DEFINITIONAL_REPRESENTATION('',(#6052),#6056);
#6052 = LINE('',#6053,#6054);
#6053 = CARTESIAN_POINT('',(-7.770058026445E-03,-0.493464108444));
#6054 = VECTOR('',#6055,1.);
#6055 = DIRECTION('',(1.,1.312341152903E-34));
#6056 = ( GEOMETRIC_REPRESENTATION_CONTEXT(2) 
PARAMETRIC_REPRESENTATION_CONTEXT() REPRESENTATION_CONTEXT('2D SPACE',''
  ) );
#6057 = PCURVE('',#6058,#6063);
#6058 = PLANE('',#6059);
#6059 = AXIS2_PLACEMENT_3D('',#6060,#6061,#6062);
#6060 = CARTESIAN_POINT('',(-135.9079693595,33.084458177968,
    2.002000808716));
#6061 = DIRECTION('',(-0.,-0.,-1.));
#6062 = DIRECTION('',(-1.,0.,0.));
#6063 = DEFINITIONAL_REPRESENTATION('',(#6064),#6067);
#6064 = B_SPLINE_CURVE_WITH_KNOTS('',1,(#6065,#6066),.UNSPECIFIED.,.F.,
  .F.,(2,2),(0.,3.061270787988E-02),.PIECEWISE_BEZIER_KNOTS.);
#6065 = CARTESIAN_POINT('',(0.876027222458,0.711543256359));
#6066 = CARTESIAN_POINT('',(0.900029297654,0.692542249279));
#6067 = ( GEOMETRIC_REPRESENTATION_CONTEXT(2) 
PARAMETRIC_REPRESENTATION_CONTEXT() REPRESENTATION_CONTEXT('2D SPACE',''
  ) );
#6068 = ORIENTED_EDGE('',*,*,#5960,.F.);
#6069 = ORIENTED_EDGE('',*,*,#6070,.T.);
#6070 = EDGE_CURVE('',#5961,#6043,#6071,.T.);
#6071 = SURFACE_CURVE('',#6072,(#6076,#6083),.PCURVE_S1.);
#6072 = LINE('',#6073,#6074);
#6073 = CARTESIAN_POINT('',(-136.783996582,33.796001434326,1.));
#6074 = VECTOR('',#6075,1.);
#6075 = DIRECTION('',(0.,0.,1.));
#6076 = PCURVE('',#5981,#6077);
#6077 = DEFINITIONAL_REPRESENTATION('',(#6078),#6082);
#6078 = LINE('',#6079,#6080);
#6079 = CARTESIAN_POINT('',(-7.770058026445E-03,0.508536700271));
#6080 = VECTOR('',#6081,1.);
#6081 = DIRECTION('',(0.,-1.));
#6082 = ( GEOMETRIC_REPRESENTATION_CONTEXT(2) 
PARAMETRIC_REPRESENTATION_CONTEXT() REPRESENTATION_CONTEXT('2D SPACE',''
  ) );
#6083 = PCURVE('',#6084,#6089);
#6084 = PLANE('',#6085);
#6085 = AXIS2_PLACEMENT_3D('',#6086,#6087,#6088);
#6086 = CARTESIAN_POINT('',(-136.0503546363,33.208179271612,
    1.698795269352));
#6087 = DIRECTION('',(-0.625284206121,-0.780397117868,1.627064661338E-16
    ));
#6088 = DIRECTION('',(-0.780397117868,0.625284206121,0.));
#6089 = DEFINITIONAL_REPRESENTATION('',(#6090),#6093);
#6090 = B_SPLINE_CURVE_WITH_KNOTS('',1,(#6091,#6092),.UNSPECIFIED.,.F.,
  .F.,(2,2),(0.,1.002000808716),.PIECEWISE_BEZIER_KNOTS.);
#6091 = CARTESIAN_POINT('',(0.940087974333,0.698795269352));
#6092 = CARTESIAN_POINT('',(0.940087974333,-0.303205539364));
#6093 = ( GEOMETRIC_REPRESENTATION_CONTEXT(2) 
PARAMETRIC_REPRESENTATION_CONTEXT() REPRESENTATION_CONTEXT('2D SPACE',''
  ) );
#6094 = ADVANCED_FACE('',(#6095),#6084,.T.);
#6095 = FACE_BOUND('',#6096,.T.);
#6096 = EDGE_LOOP('',(#6097,#6124,#6144));
#6097 = ORIENTED_EDGE('',*,*,#6098,.T.);
#6098 = EDGE_CURVE('',#5961,#6099,#6101,.T.);
#6099 = VERTEX_POINT('',#6100);
#6100 = CARTESIAN_POINT('',(-135.0079956054,32.373001098633,
    2.002000808716));
#6101 = SURFACE_CURVE('',#6102,(#6106,#6113),.PCURVE_S1.);
#6102 = LINE('',#6103,#6104);
#6103 = CARTESIAN_POINT('',(-136.783996582,33.796001434326,1.));
#6104 = VECTOR('',#6105,1.);
#6105 = DIRECTION('',(0.714232382377,-0.572270473551,0.402962292362));
#6106 = PCURVE('',#6084,#6107);
#6107 = DEFINITIONAL_REPRESENTATION('',(#6108),#6112);
#6108 = LINE('',#6109,#6110);
#6109 = CARTESIAN_POINT('',(0.940087974333,0.698795269352));
#6110 = VECTOR('',#6111,1.);
#6111 = DIRECTION('',(-0.915216581435,-0.402962292362));
#6112 = ( GEOMETRIC_REPRESENTATION_CONTEXT(2) 
PARAMETRIC_REPRESENTATION_CONTEXT() REPRESENTATION_CONTEXT('2D SPACE',''
  ) );
#6113 = PCURVE('',#6114,#6119);
#6114 = PLANE('',#6115);
#6115 = AXIS2_PLACEMENT_3D('',#6116,#6117,#6118);
#6116 = CARTESIAN_POINT('',(-135.7416375511,32.960823261347,
    1.303205539364));
#6117 = DIRECTION('',(-0.625284206121,-0.780397117868,
    -4.881193984014E-16));
#6118 = DIRECTION('',(-0.780397117868,0.625284206121,0.));
#6119 = DEFINITIONAL_REPRESENTATION('',(#6120),#6123);
#6120 = B_SPLINE_CURVE_WITH_KNOTS('',1,(#6121,#6122),.UNSPECIFIED.,.F.,
  .F.,(2,2),(0.,2.486587027393),.PIECEWISE_BEZIER_KNOTS.);
#6121 = CARTESIAN_POINT('',(1.33567770432,0.303205539364));
#6122 = CARTESIAN_POINT('',(-0.940087974333,-0.698795269352));
#6123 = ( GEOMETRIC_REPRESENTATION_CONTEXT(2) 
PARAMETRIC_REPRESENTATION_CONTEXT() REPRESENTATION_CONTEXT('2D SPACE',''
  ) );
#6124 = ORIENTED_EDGE('',*,*,#6125,.T.);
#6125 = EDGE_CURVE('',#6099,#6043,#6126,.T.);
#6126 = SURFACE_CURVE('',#6127,(#6131,#6138),.PCURVE_S1.);
#6127 = LINE('',#6128,#6129);
#6128 = CARTESIAN_POINT('',(-135.0079956054,32.373001098633,
    2.002000808716));
#6129 = VECTOR('',#6130,1.);
#6130 = DIRECTION('',(-0.780397117868,0.625284206121,0.));
#6131 = PCURVE('',#6084,#6132);
#6132 = DEFINITIONAL_REPRESENTATION('',(#6133),#6137);
#6133 = LINE('',#6134,#6135);
#6134 = CARTESIAN_POINT('',(-1.33567770432,-0.303205539364));
#6135 = VECTOR('',#6136,1.);
#6136 = DIRECTION('',(1.,2.709606974357E-32));
#6137 = ( GEOMETRIC_REPRESENTATION_CONTEXT(2) 
PARAMETRIC_REPRESENTATION_CONTEXT() REPRESENTATION_CONTEXT('2D SPACE',''
  ) );
#6138 = PCURVE('',#6058,#6139);
#6139 = DEFINITIONAL_REPRESENTATION('',(#6140),#6143);
#6140 = B_SPLINE_CURVE_WITH_KNOTS('',1,(#6141,#6142),.UNSPECIFIED.,.F.,
  .F.,(2,2),(0.,2.275765678653),.PIECEWISE_BEZIER_KNOTS.);
#6141 = CARTESIAN_POINT('',(-0.899973754104,-0.711457079335));
#6142 = CARTESIAN_POINT('',(0.876027222458,0.711543256359));
#6143 = ( GEOMETRIC_REPRESENTATION_CONTEXT(2) 
PARAMETRIC_REPRESENTATION_CONTEXT() REPRESENTATION_CONTEXT('2D SPACE',''
  ) );
#6144 = ORIENTED_EDGE('',*,*,#6070,.F.);
#6145 = ADVANCED_FACE('',(#6146),#6114,.T.);
#6146 = FACE_BOUND('',#6147,.T.);
#6147 = EDGE_LOOP('',(#6148,#6175,#6200));
#6148 = ORIENTED_EDGE('',*,*,#6149,.T.);
#6149 = EDGE_CURVE('',#5961,#6150,#6152,.T.);
#6150 = VERTEX_POINT('',#6151);
#6151 = CARTESIAN_POINT('',(-135.0079956054,32.373001098633,1.));
#6152 = SURFACE_CURVE('',#6153,(#6157,#6164),.PCURVE_S1.);
#6153 = LINE('',#6154,#6155);
#6154 = CARTESIAN_POINT('',(-136.783996582,33.796001434326,1.));
#6155 = VECTOR('',#6156,1.);
#6156 = DIRECTION('',(0.780397117868,-0.625284206121,0.));
#6157 = PCURVE('',#6114,#6158);
#6158 = DEFINITIONAL_REPRESENTATION('',(#6159),#6163);
#6159 = LINE('',#6160,#6161);
#6160 = CARTESIAN_POINT('',(1.33567770432,0.303205539364));
#6161 = VECTOR('',#6162,1.);
#6162 = DIRECTION('',(-1.,-1.89672488205E-31));
#6163 = ( GEOMETRIC_REPRESENTATION_CONTEXT(2) 
PARAMETRIC_REPRESENTATION_CONTEXT() REPRESENTATION_CONTEXT('2D SPACE',''
  ) );
#6164 = PCURVE('',#6165,#6170);
#6165 = PLANE('',#6166);
#6166 = AXIS2_PLACEMENT_3D('',#6167,#6168,#6169);
#6167 = CARTESIAN_POINT('',(-135.5843796318,34.878551404878,1.));
#6168 = DIRECTION('',(-0.,-0.,-1.));
#6169 = DIRECTION('',(-1.,0.,0.));
#6170 = DEFINITIONAL_REPRESENTATION('',(#6171),#6174);
#6171 = B_SPLINE_CURVE_WITH_KNOTS('',1,(#6172,#6173),.UNSPECIFIED.,.F.,
  .F.,(2,2),(0.,2.275765678653),.PIECEWISE_BEZIER_KNOTS.);
#6172 = CARTESIAN_POINT('',(1.199616950156,-1.082549970552));
#6173 = CARTESIAN_POINT('',(-0.576384026407,-2.505550306245));
#6174 = ( GEOMETRIC_REPRESENTATION_CONTEXT(2) 
PARAMETRIC_REPRESENTATION_CONTEXT() REPRESENTATION_CONTEXT('2D SPACE',''
  ) );
#6175 = ORIENTED_EDGE('',*,*,#6176,.T.);
#6176 = EDGE_CURVE('',#6150,#6099,#6177,.T.);
#6177 = SURFACE_CURVE('',#6178,(#6182,#6189),.PCURVE_S1.);
#6178 = LINE('',#6179,#6180);
#6179 = CARTESIAN_POINT('',(-135.0079956054,32.373001098633,1.));
#6180 = VECTOR('',#6181,1.);
#6181 = DIRECTION('',(0.,0.,1.));
#6182 = PCURVE('',#6114,#6183);
#6183 = DEFINITIONAL_REPRESENTATION('',(#6184),#6188);
#6184 = LINE('',#6185,#6186);
#6185 = CARTESIAN_POINT('',(-0.940087974333,0.303205539364));
#6186 = VECTOR('',#6187,1.);
#6187 = DIRECTION('',(0.,-1.));
#6188 = ( GEOMETRIC_REPRESENTATION_CONTEXT(2) 
PARAMETRIC_REPRESENTATION_CONTEXT() REPRESENTATION_CONTEXT('2D SPACE',''
  ) );
#6189 = PCURVE('',#6190,#6195);
#6190 = PLANE('',#6191);
#6191 = AXIS2_PLACEMENT_3D('',#6192,#6193,#6194);
#6192 = CARTESIAN_POINT('',(-135.0052339665,32.373001098633,
    1.498268879173));
#6193 = DIRECTION('',(-0.,-1.,-0.));
#6194 = DIRECTION('',(0.,0.,-1.));
#6195 = DEFINITIONAL_REPRESENTATION('',(#6196),#6199);
#6196 = B_SPLINE_CURVE_WITH_KNOTS('',1,(#6197,#6198),.UNSPECIFIED.,.F.,
  .F.,(2,2),(0.,1.002000808716),.PIECEWISE_BEZIER_KNOTS.);
#6197 = CARTESIAN_POINT('',(0.498268879173,-2.761638877644E-03));
#6198 = CARTESIAN_POINT('',(-0.503731929543,-2.761638877644E-03));
#6199 = ( GEOMETRIC_REPRESENTATION_CONTEXT(2) 
PARAMETRIC_REPRESENTATION_CONTEXT() REPRESENTATION_CONTEXT('2D SPACE',''
  ) );
#6200 = ORIENTED_EDGE('',*,*,#6098,.F.);
#6201 = ADVANCED_FACE('',(#6202),#6190,.T.);
#6202 = FACE_BOUND('',#6203,.T.);
#6203 = EDGE_LOOP('',(#6204,#6231,#6232));
#6204 = ORIENTED_EDGE('',*,*,#6205,.T.);
#6205 = EDGE_CURVE('',#6206,#6099,#6208,.T.);
#6206 = VERTEX_POINT('',#6207);
#6207 = CARTESIAN_POINT('',(-134.9970092773,32.373001098633,1.));
#6208 = SURFACE_CURVE('',#6209,(#6213,#6220),.PCURVE_S1.);
#6209 = LINE('',#6210,#6211);
#6210 = CARTESIAN_POINT('',(-134.9970092773,32.373001098633,1.));
#6211 = VECTOR('',#6212,1.);
#6212 = DIRECTION('',(-1.096373147862E-02,0.,0.99993989649));
#6213 = PCURVE('',#6190,#6214);
#6214 = DEFINITIONAL_REPRESENTATION('',(#6215),#6219);
#6215 = LINE('',#6216,#6217);
#6216 = CARTESIAN_POINT('',(0.498268879173,8.224689247356E-03));
#6217 = VECTOR('',#6218,1.);
#6218 = DIRECTION('',(-0.99993989649,-1.096373147862E-02));
#6219 = ( GEOMETRIC_REPRESENTATION_CONTEXT(2) 
PARAMETRIC_REPRESENTATION_CONTEXT() REPRESENTATION_CONTEXT('2D SPACE',''
  ) );
#6220 = PCURVE('',#6221,#6226);
#6221 = PLANE('',#6222);
#6222 = AXIS2_PLACEMENT_3D('',#6223,#6224,#6225);
#6223 = CARTESIAN_POINT('',(-134.9997709162,32.373001098633,
    1.503731929543));
#6224 = DIRECTION('',(-0.,-1.,-0.));
#6225 = DIRECTION('',(0.,0.,-1.));
#6226 = DEFINITIONAL_REPRESENTATION('',(#6227),#6230);
#6227 = B_SPLINE_CURVE_WITH_KNOTS('',1,(#6228,#6229),.UNSPECIFIED.,.F.,
  .F.,(2,2),(0.,1.002061036102),.PIECEWISE_BEZIER_KNOTS.);
#6228 = CARTESIAN_POINT('',(0.503731929543,2.761638877701E-03));
#6229 = CARTESIAN_POINT('',(-0.498268879173,-8.224689247299E-03));
#6230 = ( GEOMETRIC_REPRESENTATION_CONTEXT(2) 
PARAMETRIC_REPRESENTATION_CONTEXT() REPRESENTATION_CONTEXT('2D SPACE',''
  ) );
#6231 = ORIENTED_EDGE('',*,*,#6176,.F.);
#6232 = ORIENTED_EDGE('',*,*,#6233,.T.);
#6233 = EDGE_CURVE('',#6150,#6206,#6234,.T.);
#6234 = SURFACE_CURVE('',#6235,(#6239,#6246),.PCURVE_S1.);
#6235 = LINE('',#6236,#6237);
#6236 = CARTESIAN_POINT('',(-135.0079956054,32.373001098633,1.));
#6237 = VECTOR('',#6238,1.);
#6238 = DIRECTION('',(1.,0.,0.));
#6239 = PCURVE('',#6190,#6240);
#6240 = DEFINITIONAL_REPRESENTATION('',(#6241),#6245);
#6241 = LINE('',#6242,#6243);
#6242 = CARTESIAN_POINT('',(0.498268879173,-2.761638877644E-03));
#6243 = VECTOR('',#6244,1.);
#6244 = DIRECTION('',(0.,1.));
#6245 = ( GEOMETRIC_REPRESENTATION_CONTEXT(2) 
PARAMETRIC_REPRESENTATION_CONTEXT() REPRESENTATION_CONTEXT('2D SPACE',''
  ) );
#6246 = PCURVE('',#6247,#6252);
#6247 = PLANE('',#6248);
#6248 = AXIS2_PLACEMENT_3D('',#6249,#6250,#6251);
#6249 = CARTESIAN_POINT('',(-135.0966575008,34.997258050501,1.));
#6250 = DIRECTION('',(-0.,-0.,-1.));
#6251 = DIRECTION('',(-1.,0.,0.));
#6252 = DEFINITIONAL_REPRESENTATION('',(#6253),#6256);
#6253 = B_SPLINE_CURVE_WITH_KNOTS('',1,(#6254,#6255),.UNSPECIFIED.,.F.,
  .F.,(2,2),(0.,1.0986328125E-02),.PIECEWISE_BEZIER_KNOTS.);
#6254 = CARTESIAN_POINT('',(-8.86618953584E-02,-2.624256951868));
#6255 = CARTESIAN_POINT('',(-9.96482234834E-02,-2.624256951868));
#6256 = ( GEOMETRIC_REPRESENTATION_CONTEXT(2) 
PARAMETRIC_REPRESENTATION_CONTEXT() REPRESENTATION_CONTEXT('2D SPACE',''
  ) );
#6257 = ADVANCED_FACE('',(#6258),#6221,.T.);
#6258 = FACE_BOUND('',#6259,.T.);
#6259 = EDGE_LOOP('',(#6260,#6287,#6288));
#6260 = ORIENTED_EDGE('',*,*,#6261,.T.);
#6261 = EDGE_CURVE('',#6262,#6099,#6264,.T.);
#6262 = VERTEX_POINT('',#6263);
#6263 = CARTESIAN_POINT('',(-134.9970092773,32.373001098633,
    2.002000808716));
#6264 = SURFACE_CURVE('',#6265,(#6269,#6276),.PCURVE_S1.);
#6265 = LINE('',#6266,#6267);
#6266 = CARTESIAN_POINT('',(-134.9970092773,32.373001098633,
    2.002000808716));
#6267 = VECTOR('',#6268,1.);
#6268 = DIRECTION('',(-1.,0.,0.));
#6269 = PCURVE('',#6221,#6270);
#6270 = DEFINITIONAL_REPRESENTATION('',(#6271),#6275);
#6271 = LINE('',#6272,#6273);
#6272 = CARTESIAN_POINT('',(-0.498268879173,2.761638877701E-03));
#6273 = VECTOR('',#6274,1.);
#6274 = DIRECTION('',(0.,-1.));
#6275 = ( GEOMETRIC_REPRESENTATION_CONTEXT(2) 
PARAMETRIC_REPRESENTATION_CONTEXT() REPRESENTATION_CONTEXT('2D SPACE',''
  ) );
#6276 = PCURVE('',#6277,#6282);
#6277 = PLANE('',#6278);
#6278 = AXIS2_PLACEMENT_3D('',#6279,#6280,#6281);
#6279 = CARTESIAN_POINT('',(-134.9997718243,31.903231868256,
    2.002000808716));
#6280 = DIRECTION('',(-0.,-0.,-1.));
#6281 = DIRECTION('',(-1.,0.,0.));
#6282 = DEFINITIONAL_REPRESENTATION('',(#6283),#6286);
#6283 = B_SPLINE_CURVE_WITH_KNOTS('',1,(#6284,#6285),.UNSPECIFIED.,.F.,
  .F.,(2,2),(0.,1.0986328125E-02),.PIECEWISE_BEZIER_KNOTS.);
#6284 = CARTESIAN_POINT('',(-2.762547026833E-03,0.469769230376));
#6285 = CARTESIAN_POINT('',(8.223781098167E-03,0.469769230376));
#6286 = ( GEOMETRIC_REPRESENTATION_CONTEXT(2) 
PARAMETRIC_REPRESENTATION_CONTEXT() REPRESENTATION_CONTEXT('2D SPACE',''
  ) );
#6287 = ORIENTED_EDGE('',*,*,#6205,.F.);
#6288 = ORIENTED_EDGE('',*,*,#6289,.T.);
#6289 = EDGE_CURVE('',#6206,#6262,#6290,.T.);
#6290 = SURFACE_CURVE('',#6291,(#6295,#6302),.PCURVE_S1.);
#6291 = LINE('',#6292,#6293);
#6292 = CARTESIAN_POINT('',(-134.9970092773,32.373001098633,1.));
#6293 = VECTOR('',#6294,1.);
#6294 = DIRECTION('',(0.,0.,1.));
#6295 = PCURVE('',#6221,#6296);
#6296 = DEFINITIONAL_REPRESENTATION('',(#6297),#6301);
#6297 = LINE('',#6298,#6299);
#6298 = CARTESIAN_POINT('',(0.503731929543,2.761638877701E-03));
#6299 = VECTOR('',#6300,1.);
#6300 = DIRECTION('',(-1.,0.));
#6301 = ( GEOMETRIC_REPRESENTATION_CONTEXT(2) 
PARAMETRIC_REPRESENTATION_CONTEXT() REPRESENTATION_CONTEXT('2D SPACE',''
  ) );
#6302 = PCURVE('',#6303,#6308);
#6303 = PLANE('',#6304);
#6304 = AXIS2_PLACEMENT_3D('',#6305,#6306,#6307);
#6305 = CARTESIAN_POINT('',(-134.9970092773,32.042919592713,
    1.358582062865));
#6306 = DIRECTION('',(-1.,-0.,-0.));
#6307 = DIRECTION('',(0.,0.,-1.));
#6308 = DEFINITIONAL_REPRESENTATION('',(#6309),#6312);
#6309 = B_SPLINE_CURVE_WITH_KNOTS('',1,(#6310,#6311),.UNSPECIFIED.,.F.,
  .F.,(2,2),(0.,1.002000808716),.PIECEWISE_BEZIER_KNOTS.);
#6310 = CARTESIAN_POINT('',(0.358582062865,-0.330081505919));
#6311 = CARTESIAN_POINT('',(-0.643418745851,-0.330081505919));
#6312 = ( GEOMETRIC_REPRESENTATION_CONTEXT(2) 
PARAMETRIC_REPRESENTATION_CONTEXT() REPRESENTATION_CONTEXT('2D SPACE',''
  ) );
#6313 = ADVANCED_FACE('',(#6314),#6165,.T.);
#6314 = FACE_BOUND('',#6315,.T.);
#6315 = EDGE_LOOP('',(#6316,#6317,#6344));
#6316 = ORIENTED_EDGE('',*,*,#6149,.F.);
#6317 = ORIENTED_EDGE('',*,*,#6318,.T.);
#6318 = EDGE_CURVE('',#5961,#6319,#6321,.T.);
#6319 = VERTEX_POINT('',#6320);
#6320 = CARTESIAN_POINT('',(-135.2279968261,37.626998901367,1.));
#6321 = SURFACE_CURVE('',#6322,(#6326,#6333),.PCURVE_S1.);
#6322 = LINE('',#6323,#6324);
#6323 = CARTESIAN_POINT('',(-136.783996582,33.796001434326,1.));
#6324 = VECTOR('',#6325,1.);
#6325 = DIRECTION('',(0.37630585225,0.926495496785,0.));
#6326 = PCURVE('',#6165,#6327);
#6327 = DEFINITIONAL_REPRESENTATION('',(#6328),#6332);
#6328 = LINE('',#6329,#6330);
#6329 = CARTESIAN_POINT('',(1.199616950156,-1.082549970552));
#6330 = VECTOR('',#6331,1.);
#6331 = DIRECTION('',(-0.37630585225,0.926495496785));
#6332 = ( GEOMETRIC_REPRESENTATION_CONTEXT(2) 
PARAMETRIC_REPRESENTATION_CONTEXT() REPRESENTATION_CONTEXT('2D SPACE',''
  ) );
#6333 = PCURVE('',#6334,#6339);
#6334 = PLANE('',#6335);
#6335 = AXIS2_PLACEMENT_3D('',#6336,#6337,#6338);
#6336 = CARTESIAN_POINT('',(-137.1206019322,35.284829814618,1.));
#6337 = DIRECTION('',(-0.,-0.,-1.));
#6338 = DIRECTION('',(-1.,0.,0.));
#6339 = DEFINITIONAL_REPRESENTATION('',(#6340),#6343);
#6340 = B_SPLINE_CURVE_WITH_KNOTS('',1,(#6341,#6342),.UNSPECIFIED.,.F.,
  .F.,(2,2),(0.,4.134933715637),.PIECEWISE_BEZIER_KNOTS.);
#6341 = CARTESIAN_POINT('',(-0.33660535019,-1.488828380292));
#6342 = CARTESIAN_POINT('',(-1.892605106049,2.342169086749));
#6343 = ( GEOMETRIC_REPRESENTATION_CONTEXT(2) 
PARAMETRIC_REPRESENTATION_CONTEXT() REPRESENTATION_CONTEXT('2D SPACE',''
  ) );
#6344 = ORIENTED_EDGE('',*,*,#6345,.T.);
#6345 = EDGE_CURVE('',#6319,#6150,#6346,.T.);
#6346 = SURFACE_CURVE('',#6347,(#6351,#6358),.PCURVE_S1.);
#6347 = LINE('',#6348,#6349);
#6348 = CARTESIAN_POINT('',(-135.2279968261,37.626998901367,1.));
#6349 = VECTOR('',#6350,1.);
#6350 = DIRECTION('',(4.183644756793E-02,-0.999124472553,0.));
#6351 = PCURVE('',#6165,#6352);
#6352 = DEFINITIONAL_REPRESENTATION('',(#6353),#6357);
#6353 = LINE('',#6354,#6355);
#6354 = CARTESIAN_POINT('',(-0.356382805704,2.748447496489));
#6355 = VECTOR('',#6356,1.);
#6356 = DIRECTION('',(-4.183644756793E-02,-0.999124472553));
#6357 = ( GEOMETRIC_REPRESENTATION_CONTEXT(2) 
PARAMETRIC_REPRESENTATION_CONTEXT() REPRESENTATION_CONTEXT('2D SPACE',''
  ) );
#6358 = PCURVE('',#6359,#6364);
#6359 = PLANE('',#6360);
#6360 = AXIS2_PLACEMENT_3D('',#6361,#6362,#6363);
#6361 = CARTESIAN_POINT('',(-135.1091037721,35.009207589735,1.));
#6362 = DIRECTION('',(-0.,-0.,-1.));
#6363 = DIRECTION('',(-1.,0.,0.));
#6364 = DEFINITIONAL_REPRESENTATION('',(#6365),#6368);
#6365 = B_SPLINE_CURVE_WITH_KNOTS('',1,(#6366,#6367),.UNSPECIFIED.,.F.,
  .F.,(2,2),(0.,5.258601852988),.PIECEWISE_BEZIER_KNOTS.);
#6366 = CARTESIAN_POINT('',(0.118893053993,2.617791311632));
#6367 = CARTESIAN_POINT('',(-0.10110816671,-2.636206491103));
#6368 = ( GEOMETRIC_REPRESENTATION_CONTEXT(2) 
PARAMETRIC_REPRESENTATION_CONTEXT() REPRESENTATION_CONTEXT('2D SPACE',''
  ) );
#6369 = ADVANCED_FACE('',(#6370),#6028,.T.);
#6370 = FACE_BOUND('',#6371,.T.);
#6371 = EDGE_LOOP('',(#6372,#6373,#6393));
#6372 = ORIENTED_EDGE('',*,*,#6014,.F.);
#6373 = ORIENTED_EDGE('',*,*,#6374,.T.);
#6374 = EDGE_CURVE('',#5993,#5711,#6375,.T.);
#6375 = SURFACE_CURVE('',#6376,(#6380,#6387),.PCURVE_S1.);
#6376 = LINE('',#6377,#6378);
#6377 = CARTESIAN_POINT('',(-136.8079986572,33.777000427246,1.));
#6378 = VECTOR('',#6379,1.);
#6379 = DIRECTION('',(-1.,0.,0.));
#6380 = PCURVE('',#6028,#6381);
#6381 = DEFINITIONAL_REPRESENTATION('',(#6382),#6386);
#6382 = LINE('',#6383,#6384);
#6383 = CARTESIAN_POINT('',(-1.371860497543,-4.796661634508E-03));
#6384 = VECTOR('',#6385,1.);
#6385 = DIRECTION('',(1.,0.));
#6386 = ( GEOMETRIC_REPRESENTATION_CONTEXT(2) 
PARAMETRIC_REPRESENTATION_CONTEXT() REPRESENTATION_CONTEXT('2D SPACE',''
  ) );
#6387 = PCURVE('',#5945,#6388);
#6388 = DEFINITIONAL_REPRESENTATION('',(#6389),#6392);
#6389 = B_SPLINE_CURVE_WITH_KNOTS('',1,(#6390,#6391),.UNSPECIFIED.,.F.,
  .F.,(2,2),(0.,2.77099609375),.PIECEWISE_BEZIER_KNOTS.);
#6390 = CARTESIAN_POINT('',(0.294400050841,1.178897693358));
#6391 = CARTESIAN_POINT('',(0.294400050841,-1.592098400392));
#6392 = ( GEOMETRIC_REPRESENTATION_CONTEXT(2) 
PARAMETRIC_REPRESENTATION_CONTEXT() REPRESENTATION_CONTEXT('2D SPACE',''
  ) );
#6393 = ORIENTED_EDGE('',*,*,#6394,.T.);
#6394 = EDGE_CURVE('',#5711,#5961,#6395,.T.);
#6395 = SURFACE_CURVE('',#6396,(#6400,#6407),.PCURVE_S1.);
#6396 = LINE('',#6397,#6398);
#6397 = CARTESIAN_POINT('',(-139.5789947509,33.777000427246,1.));
#6398 = VECTOR('',#6399,1.);
#6399 = DIRECTION('',(0.999976892916,6.798060990998E-03,0.));
#6400 = PCURVE('',#6028,#6401);
#6401 = DEFINITIONAL_REPRESENTATION('',(#6402),#6406);
#6402 = LINE('',#6403,#6404);
#6403 = CARTESIAN_POINT('',(1.399135596207,-4.796661634508E-03));
#6404 = VECTOR('',#6405,1.);
#6405 = DIRECTION('',(-0.999976892916,6.798060990998E-03));
#6406 = ( GEOMETRIC_REPRESENTATION_CONTEXT(2) 
PARAMETRIC_REPRESENTATION_CONTEXT() REPRESENTATION_CONTEXT('2D SPACE',''
  ) );
#6407 = PCURVE('',#6334,#6408);
#6408 = DEFINITIONAL_REPRESENTATION('',(#6409),#6412);
#6409 = B_SPLINE_CURVE_WITH_KNOTS('',1,(#6410,#6411),.UNSPECIFIED.,.F.,
  .F.,(2,2),(0.,2.795062754694),.PIECEWISE_BEZIER_KNOTS.);
#6410 = CARTESIAN_POINT('',(2.458392818756,-1.507829387372));
#6411 = CARTESIAN_POINT('',(-0.33660535019,-1.488828380292));
#6412 = ( GEOMETRIC_REPRESENTATION_CONTEXT(2) 
PARAMETRIC_REPRESENTATION_CONTEXT() REPRESENTATION_CONTEXT('2D SPACE',''
  ) );
#6413 = ADVANCED_FACE('',(#6414),#6359,.T.);
#6414 = FACE_BOUND('',#6415,.T.);
#6415 = EDGE_LOOP('',(#6416,#6417,#6444));
#6416 = ORIENTED_EDGE('',*,*,#6345,.F.);
#6417 = ORIENTED_EDGE('',*,*,#6418,.F.);
#6418 = EDGE_CURVE('',#6419,#6319,#6421,.T.);
#6419 = VERTEX_POINT('',#6420);
#6420 = CARTESIAN_POINT('',(-135.1910095214,37.626998901367,1.));
#6421 = SURFACE_CURVE('',#6422,(#6426,#6432),.PCURVE_S1.);
#6422 = LINE('',#6423,#6424);
#6423 = CARTESIAN_POINT('',(-135.1910095214,37.626998901367,1.));
#6424 = VECTOR('',#6425,1.);
#6425 = DIRECTION('',(-1.,0.,0.));
#6426 = PCURVE('',#6359,#6427);
#6427 = DEFINITIONAL_REPRESENTATION('',(#6428),#6431);
#6428 = B_SPLINE_CURVE_WITH_KNOTS('',1,(#6429,#6430),.UNSPECIFIED.,.F.,
  .F.,(2,2),(0.,3.69873046875E-02),.PIECEWISE_BEZIER_KNOTS.);
#6429 = CARTESIAN_POINT('',(8.190574930558E-02,2.617791311632));
#6430 = CARTESIAN_POINT('',(0.118893053993,2.617791311632));
#6431 = ( GEOMETRIC_REPRESENTATION_CONTEXT(2) 
PARAMETRIC_REPRESENTATION_CONTEXT() REPRESENTATION_CONTEXT('2D SPACE',''
  ) );
#6432 = PCURVE('',#6433,#6438);
#6433 = PLANE('',#6434);
#6434 = AXIS2_PLACEMENT_3D('',#6435,#6436,#6437);
#6435 = CARTESIAN_POINT('',(-135.2004269556,37.626998901367,
    1.491924186206));
#6436 = DIRECTION('',(0.,1.,0.));
#6437 = DIRECTION('',(0.,-0.,1.));
#6438 = DEFINITIONAL_REPRESENTATION('',(#6439),#6443);
#6439 = LINE('',#6440,#6441);
#6440 = CARTESIAN_POINT('',(-0.491924186206,9.417434192187E-03));
#6441 = VECTOR('',#6442,1.);
#6442 = DIRECTION('',(0.,-1.));
#6443 = ( GEOMETRIC_REPRESENTATION_CONTEXT(2) 
PARAMETRIC_REPRESENTATION_CONTEXT() REPRESENTATION_CONTEXT('2D SPACE',''
  ) );
#6444 = ORIENTED_EDGE('',*,*,#6445,.T.);
#6445 = EDGE_CURVE('',#6419,#6150,#6446,.T.);
#6446 = SURFACE_CURVE('',#6447,(#6451,#6458),.PCURVE_S1.);
#6447 = LINE('',#6448,#6449);
#6448 = CARTESIAN_POINT('',(-135.1910095214,37.626998901367,1.));
#6449 = VECTOR('',#6450,1.);
#6450 = DIRECTION('',(3.481215509595E-02,-0.999393873234,0.));
#6451 = PCURVE('',#6359,#6452);
#6452 = DEFINITIONAL_REPRESENTATION('',(#6453),#6457);
#6453 = LINE('',#6454,#6455);
#6454 = CARTESIAN_POINT('',(8.190574930558E-02,2.617791311632));
#6455 = VECTOR('',#6456,1.);
#6456 = DIRECTION('',(-3.481215509595E-02,-0.999393873234));
#6457 = ( GEOMETRIC_REPRESENTATION_CONTEXT(2) 
PARAMETRIC_REPRESENTATION_CONTEXT() REPRESENTATION_CONTEXT('2D SPACE',''
  ) );
#6458 = PCURVE('',#6247,#6459);
#6459 = DEFINITIONAL_REPRESENTATION('',(#6460),#6463);
#6460 = B_SPLINE_CURVE_WITH_KNOTS('',1,(#6461,#6462),.UNSPECIFIED.,.F.,
  .F.,(2,2),(0.,5.257184322866),.PIECEWISE_BEZIER_KNOTS.);
#6461 = CARTESIAN_POINT('',(9.435202065723E-02,2.629740850866));
#6462 = CARTESIAN_POINT('',(-8.86618953584E-02,-2.624256951868));
#6463 = ( GEOMETRIC_REPRESENTATION_CONTEXT(2) 
PARAMETRIC_REPRESENTATION_CONTEXT() REPRESENTATION_CONTEXT('2D SPACE',''
  ) );
#6464 = ADVANCED_FACE('',(#6465),#6479,.T.);
#6465 = FACE_BOUND('',#6466,.T.);
#6466 = EDGE_LOOP('',(#6467,#6501,#6526));
#6467 = ORIENTED_EDGE('',*,*,#6468,.T.);
#6468 = EDGE_CURVE('',#6469,#6471,#6473,.T.);
#6469 = VERTEX_POINT('',#6470);
#6470 = CARTESIAN_POINT('',(-135.3779907226,37.749000549316,
    2.002000808716));
#6471 = VERTEX_POINT('',#6472);
#6472 = CARTESIAN_POINT('',(-135.9230041503,37.626998901367,
    2.002000808716));
#6473 = SURFACE_CURVE('',#6474,(#6478,#6490),.PCURVE_S1.);
#6474 = LINE('',#6475,#6476);
#6475 = CARTESIAN_POINT('',(-135.3779907226,37.749000549316,
    2.002000808716));
#6476 = VECTOR('',#6477,1.);
#6477 = DIRECTION('',(-0.975849355829,-0.21844458045,0.));
#6478 = PCURVE('',#6479,#6484);
#6479 = PLANE('',#6480);
#6480 = AXIS2_PLACEMENT_3D('',#6481,#6482,#6483);
#6481 = CARTESIAN_POINT('',(-135.7809152826,37.678209345593,
    2.002000808716));
#6482 = DIRECTION('',(-0.,-0.,-1.));
#6483 = DIRECTION('',(-1.,0.,0.));
#6484 = DEFINITIONAL_REPRESENTATION('',(#6485),#6489);
#6485 = LINE('',#6486,#6487);
#6486 = CARTESIAN_POINT('',(-0.402924560005,7.079120372368E-02));
#6487 = VECTOR('',#6488,1.);
#6488 = DIRECTION('',(0.975849355829,-0.21844458045));
#6489 = ( GEOMETRIC_REPRESENTATION_CONTEXT(2) 
PARAMETRIC_REPRESENTATION_CONTEXT() REPRESENTATION_CONTEXT('2D SPACE',''
  ) );
#6490 = PCURVE('',#6491,#6496);
#6491 = PLANE('',#6492);
#6492 = AXIS2_PLACEMENT_3D('',#6493,#6494,#6495);
#6493 = CARTESIAN_POINT('',(-135.645337506,37.669553817252,
    2.002000808716));
#6494 = DIRECTION('',(-1.057216707723E-28,6.600368224169E-28,-1.));
#6495 = DIRECTION('',(0.,-1.,-6.600368224169E-28));
#6496 = DEFINITIONAL_REPRESENTATION('',(#6497),#6500);
#6497 = B_SPLINE_CURVE_WITH_KNOTS('',1,(#6498,#6499),.UNSPECIFIED.,.F.,
  .F.,(2,2),(0.,0.558501601173),.PIECEWISE_BEZIER_KNOTS.);
#6498 = CARTESIAN_POINT('',(-7.944673206477E-02,-0.267346783403));
#6499 = CARTESIAN_POINT('',(4.255491588445E-02,0.277666644331));
#6500 = ( GEOMETRIC_REPRESENTATION_CONTEXT(2) 
PARAMETRIC_REPRESENTATION_CONTEXT() REPRESENTATION_CONTEXT('2D SPACE',''
  ) );
#6501 = ORIENTED_EDGE('',*,*,#6502,.T.);
#6502 = EDGE_CURVE('',#6471,#5206,#6503,.T.);
#6503 = SURFACE_CURVE('',#6504,(#6508,#6515),.PCURVE_S1.);
#6504 = LINE('',#6505,#6506);
#6505 = CARTESIAN_POINT('',(-135.9230041503,37.626998901367,
    2.002000808716));
#6506 = VECTOR('',#6507,1.);
#6507 = DIRECTION('',(-1.,0.,0.));
#6508 = PCURVE('',#6479,#6509);
#6509 = DEFINITIONAL_REPRESENTATION('',(#6510),#6514);
#6510 = LINE('',#6511,#6512);
#6511 = CARTESIAN_POINT('',(0.142088867729,-5.121044422554E-02));
#6512 = VECTOR('',#6513,1.);
#6513 = DIRECTION('',(1.,0.));
#6514 = ( GEOMETRIC_REPRESENTATION_CONTEXT(2) 
PARAMETRIC_REPRESENTATION_CONTEXT() REPRESENTATION_CONTEXT('2D SPACE',''
  ) );
#6515 = PCURVE('',#6516,#6521);
#6516 = PLANE('',#6517);
#6517 = AXIS2_PLACEMENT_3D('',#6518,#6519,#6520);
#6518 = CARTESIAN_POINT('',(-136.0384256243,37.617239865894,
    2.002000808716));
#6519 = DIRECTION('',(5.451289844501E-28,1.248817872441E-26,-1.));
#6520 = DIRECTION('',(0.,-1.,-1.248817872441E-26));
#6521 = DEFINITIONAL_REPRESENTATION('',(#6522),#6525);
#6522 = B_SPLINE_CURVE_WITH_KNOTS('',1,(#6523,#6524),.UNSPECIFIED.,.F.,
  .F.,(2,2),(0.,0.263000488281),.PIECEWISE_BEZIER_KNOTS.);
#6523 = CARTESIAN_POINT('',(-9.759035473657E-03,-0.115421473978));
#6524 = CARTESIAN_POINT('',(-9.759035473657E-03,0.147579014303));
#6525 = ( GEOMETRIC_REPRESENTATION_CONTEXT(2) 
PARAMETRIC_REPRESENTATION_CONTEXT() REPRESENTATION_CONTEXT('2D SPACE',''
  ) );
#6526 = ORIENTED_EDGE('',*,*,#6527,.T.);
#6527 = EDGE_CURVE('',#5206,#6469,#6528,.T.);
#6528 = SURFACE_CURVE('',#6529,(#6533,#6540),.PCURVE_S1.);
#6529 = LINE('',#6530,#6531);
#6530 = CARTESIAN_POINT('',(-136.1860046386,37.626998901367,
    2.002000808716));
#6531 = VECTOR('',#6532,1.);
#6532 = DIRECTION('',(0.988792352342,0.149297300547,0.));
#6533 = PCURVE('',#6479,#6534);
#6534 = DEFINITIONAL_REPRESENTATION('',(#6535),#6539);
#6535 = LINE('',#6536,#6537);
#6536 = CARTESIAN_POINT('',(0.405089356011,-5.121044422554E-02));
#6537 = VECTOR('',#6538,1.);
#6538 = DIRECTION('',(-0.988792352342,0.149297300547));
#6539 = ( GEOMETRIC_REPRESENTATION_CONTEXT(2) 
PARAMETRIC_REPRESENTATION_CONTEXT() REPRESENTATION_CONTEXT('2D SPACE',''
  ) );
#6540 = PCURVE('',#6541,#6546);
#6541 = PLANE('',#6542);
#6542 = AXIS2_PLACEMENT_3D('',#6543,#6544,#6545);
#6543 = CARTESIAN_POINT('',(-137.0509400086,37.71844520233,
    2.002000808716));
#6544 = DIRECTION('',(-8.432141552926E-30,-3.618447753922E-28,-1.));
#6545 = DIRECTION('',(0.,-1.,3.618447753922E-28));
#6546 = DEFINITIONAL_REPRESENTATION('',(#6547),#6550);
#6547 = B_SPLINE_CURVE_WITH_KNOTS('',1,(#6548,#6549),.UNSPECIFIED.,.F.,
  .F.,(2,2),(0.,0.817172497443),.PIECEWISE_BEZIER_KNOTS.);
#6548 = CARTESIAN_POINT('',(9.144630096331E-02,-0.864935369965));
#6549 = CARTESIAN_POINT('',(-3.055534698591E-02,-1.672949285981));
#6550 = ( GEOMETRIC_REPRESENTATION_CONTEXT(2) 
PARAMETRIC_REPRESENTATION_CONTEXT() REPRESENTATION_CONTEXT('2D SPACE',''
  ) );
#6551 = ADVANCED_FACE('',(#6552),#6516,.T.);
#6552 = FACE_BOUND('',#6553,.T.);
#6553 = EDGE_LOOP('',(#6554,#6555,#6582));
#6554 = ORIENTED_EDGE('',*,*,#6502,.F.);
#6555 = ORIENTED_EDGE('',*,*,#6556,.T.);
#6556 = EDGE_CURVE('',#6471,#6557,#6559,.T.);
#6557 = VERTEX_POINT('',#6558);
#6558 = CARTESIAN_POINT('',(-135.8990020751,37.591999053955,
    2.002000808716));
#6559 = SURFACE_CURVE('',#6560,(#6564,#6571),.PCURVE_S1.);
#6560 = LINE('',#6561,#6562);
#6561 = CARTESIAN_POINT('',(-135.9230041503,37.626998901367,
    2.002000808716));
#6562 = VECTOR('',#6563,1.);
#6563 = DIRECTION('',(0.565563291338,-0.824704894791,0.));
#6564 = PCURVE('',#6516,#6565);
#6565 = DEFINITIONAL_REPRESENTATION('',(#6566),#6570);
#6566 = LINE('',#6567,#6568);
#6567 = CARTESIAN_POINT('',(-9.759035473657E-03,-0.115421473978));
#6568 = VECTOR('',#6569,1.);
#6569 = DIRECTION('',(0.824704894791,-0.565563291338));
#6570 = ( GEOMETRIC_REPRESENTATION_CONTEXT(2) 
PARAMETRIC_REPRESENTATION_CONTEXT() REPRESENTATION_CONTEXT('2D SPACE',''
  ) );
#6571 = PCURVE('',#6572,#6577);
#6572 = PLANE('',#6573);
#6573 = AXIS2_PLACEMENT_3D('',#6574,#6575,#6576);
#6574 = CARTESIAN_POINT('',(-135.9051296115,37.600934232887,
    1.511385628003));
#6575 = DIRECTION('',(-0.824704894791,-0.565563291338,
    -6.741371523283E-20));
#6576 = DIRECTION('',(0.565563291338,-0.824704894791,0.));
#6577 = DEFINITIONAL_REPRESENTATION('',(#6578),#6581);
#6578 = B_SPLINE_CURVE_WITH_KNOTS('',1,(#6579,#6580),.UNSPECIFIED.,.F.,
  .F.,(2,2),(0.,4.243923812408E-02),.PIECEWISE_BEZIER_KNOTS.);
#6579 = CARTESIAN_POINT('',(-3.160484270754E-02,0.490615180712));
#6580 = CARTESIAN_POINT('',(1.083439541654E-02,0.490615180712));
#6581 = ( GEOMETRIC_REPRESENTATION_CONTEXT(2) 
PARAMETRIC_REPRESENTATION_CONTEXT() REPRESENTATION_CONTEXT('2D SPACE',''
  ) );
#6582 = ORIENTED_EDGE('',*,*,#6583,.T.);
#6583 = EDGE_CURVE('',#6557,#5206,#6584,.T.);
#6584 = SURFACE_CURVE('',#6585,(#6589,#6596),.PCURVE_S1.);
#6585 = LINE('',#6586,#6587);
#6586 = CARTESIAN_POINT('',(-135.8990020751,37.591999053955,
    2.002000808716));
#6587 = VECTOR('',#6588,1.);
#6588 = DIRECTION('',(-0.992646070893,0.121052789894,0.));
#6589 = PCURVE('',#6516,#6590);
#6590 = DEFINITIONAL_REPRESENTATION('',(#6591),#6595);
#6591 = LINE('',#6592,#6593);
#6592 = CARTESIAN_POINT('',(2.524081193845E-02,-0.139423549174));
#6593 = VECTOR('',#6594,1.);
#6594 = DIRECTION('',(-0.121052789894,0.992646070893));
#6595 = ( GEOMETRIC_REPRESENTATION_CONTEXT(2) 
PARAMETRIC_REPRESENTATION_CONTEXT() REPRESENTATION_CONTEXT('2D SPACE',''
  ) );
#6596 = PCURVE('',#5240,#6597);
#6597 = DEFINITIONAL_REPRESENTATION('',(#6598),#6601);
#6598 = B_SPLINE_CURVE_WITH_KNOTS('',1,(#6599,#6600),.UNSPECIFIED.,.F.,
  .F.,(2,2),(0.,0.289128796146),.PIECEWISE_BEZIER_KNOTS.);
#6599 = CARTESIAN_POINT('',(-4.295434583546,2.56324454557));
#6600 = CARTESIAN_POINT('',(-4.00843202007,2.598244392983));
#6601 = ( GEOMETRIC_REPRESENTATION_CONTEXT(2) 
PARAMETRIC_REPRESENTATION_CONTEXT() REPRESENTATION_CONTEXT('2D SPACE',''
  ) );
#6602 = ADVANCED_FACE('',(#6603),#6491,.T.);
#6603 = FACE_BOUND('',#6604,.T.);
#6604 = EDGE_LOOP('',(#6605,#6606,#6631));
#6605 = ORIENTED_EDGE('',*,*,#6468,.F.);
#6606 = ORIENTED_EDGE('',*,*,#6607,.F.);
#6607 = EDGE_CURVE('',#5290,#6469,#6608,.T.);
#6608 = SURFACE_CURVE('',#6609,(#6613,#6619),.PCURVE_S1.);
#6609 = LINE('',#6610,#6611);
#6610 = CARTESIAN_POINT('',(-135.5789947509,37.626998901367,
    2.002000808716));
#6611 = VECTOR('',#6612,1.);
#6612 = DIRECTION('',(0.854856393931,0.518864669982,0.));
#6613 = PCURVE('',#6491,#6614);
#6614 = DEFINITIONAL_REPRESENTATION('',(#6615),#6618);
#6615 = B_SPLINE_CURVE_WITH_KNOTS('',1,(#6616,#6617),.UNSPECIFIED.,.F.,
  .F.,(2,2),(0.,0.235131923616),.PIECEWISE_BEZIER_KNOTS.);
#6616 = CARTESIAN_POINT('',(4.255491588445E-02,-6.63427550827E-02));
#6617 = CARTESIAN_POINT('',(-7.944673206477E-02,-0.267346783403));
#6618 = ( GEOMETRIC_REPRESENTATION_CONTEXT(2) 
PARAMETRIC_REPRESENTATION_CONTEXT() REPRESENTATION_CONTEXT('2D SPACE',''
  ) );
#6619 = PCURVE('',#6620,#6625);
#6620 = PLANE('',#6621);
#6621 = AXIS2_PLACEMENT_3D('',#6622,#6623,#6624);
#6622 = CARTESIAN_POINT('',(-135.4011898041,37.660531048663,
    2.002000808716));
#6623 = DIRECTION('',(-0.,-0.,-1.));
#6624 = DIRECTION('',(-1.,0.,0.));
#6625 = DEFINITIONAL_REPRESENTATION('',(#6626),#6630);
#6626 = LINE('',#6627,#6628);
#6627 = CARTESIAN_POINT('',(0.177804946812,-3.353214729614E-02));
#6628 = VECTOR('',#6629,1.);
#6629 = DIRECTION('',(-0.854856393931,0.518864669982));
#6630 = ( GEOMETRIC_REPRESENTATION_CONTEXT(2) 
PARAMETRIC_REPRESENTATION_CONTEXT() REPRESENTATION_CONTEXT('2D SPACE',''
  ) );
#6631 = ORIENTED_EDGE('',*,*,#6632,.T.);
#6632 = EDGE_CURVE('',#5290,#6471,#6633,.T.);
#6633 = SURFACE_CURVE('',#6634,(#6638,#6645),.PCURVE_S1.);
#6634 = LINE('',#6635,#6636);
#6635 = CARTESIAN_POINT('',(-135.5789947509,37.626998901367,
    2.002000808716));
#6636 = VECTOR('',#6637,1.);
#6637 = DIRECTION('',(-1.,0.,0.));
#6638 = PCURVE('',#6491,#6639);
#6639 = DEFINITIONAL_REPRESENTATION('',(#6640),#6644);
#6640 = LINE('',#6641,#6642);
#6641 = CARTESIAN_POINT('',(4.255491588445E-02,-6.63427550827E-02));
#6642 = VECTOR('',#6643,1.);
#6643 = DIRECTION('',(0.,1.));
#6644 = ( GEOMETRIC_REPRESENTATION_CONTEXT(2) 
PARAMETRIC_REPRESENTATION_CONTEXT() REPRESENTATION_CONTEXT('2D SPACE',''
  ) );
#6645 = PCURVE('',#6646,#6651);
#6646 = PLANE('',#6647);
#6647 = AXIS2_PLACEMENT_3D('',#6648,#6649,#6650);
#6648 = CARTESIAN_POINT('',(-135.822649675,37.626998901367,
    1.572650628721));
#6649 = DIRECTION('',(0.,1.,0.));
#6650 = DIRECTION('',(0.,-0.,1.));
#6651 = DEFINITIONAL_REPRESENTATION('',(#6652),#6655);
#6652 = B_SPLINE_CURVE_WITH_KNOTS('',1,(#6653,#6654),.UNSPECIFIED.,.F.,
  .F.,(2,2),(0.,0.344009399414),.PIECEWISE_BEZIER_KNOTS.);
#6653 = CARTESIAN_POINT('',(0.429350179995,0.24365492407));
#6654 = CARTESIAN_POINT('',(0.429350179995,-0.100354475344));
#6655 = ( GEOMETRIC_REPRESENTATION_CONTEXT(2) 
PARAMETRIC_REPRESENTATION_CONTEXT() REPRESENTATION_CONTEXT('2D SPACE',''
  ) );
#6656 = ADVANCED_FACE('',(#6657),#6620,.T.);
#6657 = FACE_BOUND('',#6658,.T.);
#6658 = EDGE_LOOP('',(#6659,#6681,#6682));
#6659 = ORIENTED_EDGE('',*,*,#6660,.T.);
#6660 = EDGE_CURVE('',#6661,#5290,#6663,.T.);
#6661 = VERTEX_POINT('',#6662);
#6662 = CARTESIAN_POINT('',(-135.2279968261,37.626998901367,
    2.002000808716));
#6663 = SURFACE_CURVE('',#6664,(#6668,#6675),.PCURVE_S1.);
#6664 = LINE('',#6665,#6666);
#6665 = CARTESIAN_POINT('',(-135.2279968261,37.626998901367,
    2.002000808716));
#6666 = VECTOR('',#6667,1.);
#6667 = DIRECTION('',(-1.,0.,0.));
#6668 = PCURVE('',#6620,#6669);
#6669 = DEFINITIONAL_REPRESENTATION('',(#6670),#6674);
#6670 = LINE('',#6671,#6672);
#6671 = CARTESIAN_POINT('',(-0.173192977992,-3.353214729614E-02));
#6672 = VECTOR('',#6673,1.);
#6673 = DIRECTION('',(1.,0.));
#6674 = ( GEOMETRIC_REPRESENTATION_CONTEXT(2) 
PARAMETRIC_REPRESENTATION_CONTEXT() REPRESENTATION_CONTEXT('2D SPACE',''
  ) );
#6675 = PCURVE('',#5330,#6676);
#6676 = DEFINITIONAL_REPRESENTATION('',(#6677),#6680);
#6677 = B_SPLINE_CURVE_WITH_KNOTS('',1,(#6678,#6679),.UNSPECIFIED.,.F.,
  .F.,(2,2),(0.,0.350997924805),.PIECEWISE_BEZIER_KNOTS.);
#6678 = CARTESIAN_POINT('',(-4.367530086464,2.581786725));
#6679 = CARTESIAN_POINT('',(-4.016532161659,2.581786725));
#6680 = ( GEOMETRIC_REPRESENTATION_CONTEXT(2) 
PARAMETRIC_REPRESENTATION_CONTEXT() REPRESENTATION_CONTEXT('2D SPACE',''
  ) );
#6681 = ORIENTED_EDGE('',*,*,#6607,.T.);
#6682 = ORIENTED_EDGE('',*,*,#6683,.T.);
#6683 = EDGE_CURVE('',#6469,#6661,#6684,.T.);
#6684 = SURFACE_CURVE('',#6685,(#6689,#6696),.PCURVE_S1.);
#6685 = LINE('',#6686,#6687);
#6686 = CARTESIAN_POINT('',(-135.3779907226,37.749000549316,
    2.002000808716));
#6687 = VECTOR('',#6688,1.);
#6688 = DIRECTION('',(0.775780757788,-0.631002548209,0.));
#6689 = PCURVE('',#6620,#6690);
#6690 = DEFINITIONAL_REPRESENTATION('',(#6691),#6695);
#6691 = LINE('',#6692,#6693);
#6692 = CARTESIAN_POINT('',(-2.319908150801E-02,8.846950065308E-02));
#6693 = VECTOR('',#6694,1.);
#6694 = DIRECTION('',(-0.775780757788,-0.631002548209));
#6695 = ( GEOMETRIC_REPRESENTATION_CONTEXT(2) 
PARAMETRIC_REPRESENTATION_CONTEXT() REPRESENTATION_CONTEXT('2D SPACE',''
  ) );
#6696 = PCURVE('',#6697,#6702);
#6697 = PLANE('',#6698);
#6698 = AXIS2_PLACEMENT_3D('',#6699,#6700,#6701);
#6699 = CARTESIAN_POINT('',(-135.300925462,37.699598940524,
    2.002000808716));
#6700 = DIRECTION('',(-0.,-0.,-1.));
#6701 = DIRECTION('',(-1.,0.,0.));
#6702 = DEFINITIONAL_REPRESENTATION('',(#6703),#6706);
#6703 = B_SPLINE_CURVE_WITH_KNOTS('',1,(#6704,#6705),.UNSPECIFIED.,.F.,
  .F.,(2,2),(0.,0.19334572942),.PIECEWISE_BEZIER_KNOTS.);
#6704 = CARTESIAN_POINT('',(7.706526060255E-02,4.940160879244E-02));
#6705 = CARTESIAN_POINT('',(-7.292863588182E-02,-7.260003915678E-02));
#6706 = ( GEOMETRIC_REPRESENTATION_CONTEXT(2) 
PARAMETRIC_REPRESENTATION_CONTEXT() REPRESENTATION_CONTEXT('2D SPACE',''
  ) );
#6707 = ADVANCED_FACE('',(#6708),#6697,.T.);
#6708 = FACE_BOUND('',#6709,.T.);
#6709 = EDGE_LOOP('',(#6710,#6711,#6738));
#6710 = ORIENTED_EDGE('',*,*,#6683,.F.);
#6711 = ORIENTED_EDGE('',*,*,#6712,.T.);
#6712 = EDGE_CURVE('',#6469,#6713,#6715,.T.);
#6713 = VERTEX_POINT('',#6714);
#6714 = CARTESIAN_POINT('',(-135.3430023193,37.770000457764,
    2.002000808716));
#6715 = SURFACE_CURVE('',#6716,(#6720,#6727),.PCURVE_S1.);
#6716 = LINE('',#6717,#6718);
#6717 = CARTESIAN_POINT('',(-135.3779907226,37.749000549316,
    2.002000808716));
#6718 = VECTOR('',#6719,1.);
#6719 = DIRECTION('',(0.857418680927,0.514619476505,0.));
#6720 = PCURVE('',#6697,#6721);
#6721 = DEFINITIONAL_REPRESENTATION('',(#6722),#6726);
#6722 = LINE('',#6723,#6724);
#6723 = CARTESIAN_POINT('',(7.706526060255E-02,4.940160879244E-02));
#6724 = VECTOR('',#6725,1.);
#6725 = DIRECTION('',(-0.857418680927,0.514619476505));
#6726 = ( GEOMETRIC_REPRESENTATION_CONTEXT(2) 
PARAMETRIC_REPRESENTATION_CONTEXT() REPRESENTATION_CONTEXT('2D SPACE',''
  ) );
#6727 = PCURVE('',#6728,#6733);
#6728 = PLANE('',#6729);
#6729 = AXIS2_PLACEMENT_3D('',#6730,#6731,#6732);
#6730 = CARTESIAN_POINT('',(-135.35192746,37.764643621785,1.510994426116
    ));
#6731 = DIRECTION('',(0.514619476505,-0.857418680927,-2.345335129824E-18
    ));
#6732 = DIRECTION('',(-0.857418680927,-0.514619476505,0.));
#6733 = DEFINITIONAL_REPRESENTATION('',(#6734),#6737);
#6734 = B_SPLINE_CURVE_WITH_KNOTS('',1,(#6735,#6736),.UNSPECIFIED.,.F.,
  .F.,(2,2),(0.,4.080667251441E-02),.PIECEWISE_BEZIER_KNOTS.);
#6735 = CARTESIAN_POINT('',(3.039735801529E-02,-0.4910063826));
#6736 = CARTESIAN_POINT('',(-1.040931449913E-02,-0.4910063826));
#6737 = ( GEOMETRIC_REPRESENTATION_CONTEXT(2) 
PARAMETRIC_REPRESENTATION_CONTEXT() REPRESENTATION_CONTEXT('2D SPACE',''
  ) );
#6738 = ORIENTED_EDGE('',*,*,#6739,.T.);
#6739 = EDGE_CURVE('',#6713,#6661,#6740,.T.);
#6740 = SURFACE_CURVE('',#6741,(#6745,#6752),.PCURVE_S1.);
#6741 = LINE('',#6742,#6743);
#6742 = CARTESIAN_POINT('',(-135.3430023193,37.770000457764,
    2.002000808716));
#6743 = VECTOR('',#6744,1.);
#6744 = DIRECTION('',(0.626700748333,-0.779260015681,0.));
#6745 = PCURVE('',#6697,#6746);
#6746 = DEFINITIONAL_REPRESENTATION('',(#6747),#6751);
#6747 = LINE('',#6748,#6749);
#6748 = CARTESIAN_POINT('',(4.207685728224E-02,7.040151723971E-02));
#6749 = VECTOR('',#6750,1.);
#6750 = DIRECTION('',(-0.626700748333,-0.779260015681));
#6751 = ( GEOMETRIC_REPRESENTATION_CONTEXT(2) 
PARAMETRIC_REPRESENTATION_CONTEXT() REPRESENTATION_CONTEXT('2D SPACE',''
  ) );
#6752 = PCURVE('',#6753,#6758);
#6753 = PLANE('',#6754);
#6754 = AXIS2_PLACEMENT_3D('',#6755,#6756,#6757);
#6755 = CARTESIAN_POINT('',(-135.2699577584,37.692337734804,
    2.002000808716));
#6756 = DIRECTION('',(-0.,-0.,-1.));
#6757 = DIRECTION('',(-1.,0.,0.));
#6758 = DEFINITIONAL_REPRESENTATION('',(#6759),#6762);
#6759 = B_SPLINE_CURVE_WITH_KNOTS('',1,(#6760,#6761),.UNSPECIFIED.,.F.,
  .F.,(2,2),(0.,0.183509423708),.PIECEWISE_BEZIER_KNOTS.);
#6760 = CARTESIAN_POINT('',(7.304456087195E-02,7.76627229593E-02));
#6761 = CARTESIAN_POINT('',(-4.196093229211E-02,-6.533883343718E-02));
#6762 = ( GEOMETRIC_REPRESENTATION_CONTEXT(2) 
PARAMETRIC_REPRESENTATION_CONTEXT() REPRESENTATION_CONTEXT('2D SPACE',''
  ) );
#6763 = ADVANCED_FACE('',(#6764),#6753,.T.);
#6764 = FACE_BOUND('',#6765,.T.);
#6765 = EDGE_LOOP('',(#6766,#6793,#6818));
#6766 = ORIENTED_EDGE('',*,*,#6767,.T.);
#6767 = EDGE_CURVE('',#6713,#6768,#6770,.T.);
#6768 = VERTEX_POINT('',#6769);
#6769 = CARTESIAN_POINT('',(-135.1910095214,37.626998901367,
    2.002000808716));
#6770 = SURFACE_CURVE('',#6771,(#6775,#6782),.PCURVE_S1.);
#6771 = LINE('',#6772,#6773);
#6772 = CARTESIAN_POINT('',(-135.3430023193,37.770000457764,
    2.002000808716));
#6773 = VECTOR('',#6774,1.);
#6774 = DIRECTION('',(0.728320725441,-0.685236397817,0.));
#6775 = PCURVE('',#6753,#6776);
#6776 = DEFINITIONAL_REPRESENTATION('',(#6777),#6781);
#6777 = LINE('',#6778,#6779);
#6778 = CARTESIAN_POINT('',(7.304456087195E-02,7.76627229593E-02));
#6779 = VECTOR('',#6780,1.);
#6780 = DIRECTION('',(-0.728320725441,-0.685236397817));
#6781 = ( GEOMETRIC_REPRESENTATION_CONTEXT(2) 
PARAMETRIC_REPRESENTATION_CONTEXT() REPRESENTATION_CONTEXT('2D SPACE',''
  ) );
#6782 = PCURVE('',#6783,#6788);
#6783 = PLANE('',#6784);
#6784 = AXIS2_PLACEMENT_3D('',#6785,#6786,#6787);
#6785 = CARTESIAN_POINT('',(-135.2305501186,38.086645695149,
    2.002000808716));
#6786 = DIRECTION('',(-0.,-0.,-1.));
#6787 = DIRECTION('',(-1.,0.,0.));
#6788 = DEFINITIONAL_REPRESENTATION('',(#6789),#6792);
#6789 = B_SPLINE_CURVE_WITH_KNOTS('',1,(#6790,#6791),.UNSPECIFIED.,.F.,
  .F.,(2,2),(0.,0.20868937618),.PIECEWISE_BEZIER_KNOTS.);
#6790 = CARTESIAN_POINT('',(0.112452200658,-0.316645237386));
#6791 = CARTESIAN_POINT('',(-3.954059719348E-02,-0.459646793782));
#6792 = ( GEOMETRIC_REPRESENTATION_CONTEXT(2) 
PARAMETRIC_REPRESENTATION_CONTEXT() REPRESENTATION_CONTEXT('2D SPACE',''
  ) );
#6793 = ORIENTED_EDGE('',*,*,#6794,.T.);
#6794 = EDGE_CURVE('',#6768,#6661,#6795,.T.);
#6795 = SURFACE_CURVE('',#6796,(#6800,#6807),.PCURVE_S1.);
#6796 = LINE('',#6797,#6798);
#6797 = CARTESIAN_POINT('',(-135.1910095214,37.626998901367,
    2.002000808716));
#6798 = VECTOR('',#6799,1.);
#6799 = DIRECTION('',(-1.,0.,0.));
#6800 = PCURVE('',#6753,#6801);
#6801 = DEFINITIONAL_REPRESENTATION('',(#6802),#6806);
#6802 = LINE('',#6803,#6804);
#6803 = CARTESIAN_POINT('',(-7.894823697961E-02,-6.533883343718E-02));
#6804 = VECTOR('',#6805,1.);
#6805 = DIRECTION('',(1.,0.));
#6806 = ( GEOMETRIC_REPRESENTATION_CONTEXT(2) 
PARAMETRIC_REPRESENTATION_CONTEXT() REPRESENTATION_CONTEXT('2D SPACE',''
  ) );
#6807 = PCURVE('',#6808,#6813);
#6808 = PLANE('',#6809);
#6809 = AXIS2_PLACEMENT_3D('',#6810,#6811,#6812);
#6810 = CARTESIAN_POINT('',(-135.2185793919,37.626998901367,
    1.510076622509));
#6811 = DIRECTION('',(0.,1.,0.));
#6812 = DIRECTION('',(0.,-0.,1.));
#6813 = DEFINITIONAL_REPRESENTATION('',(#6814),#6817);
#6814 = B_SPLINE_CURVE_WITH_KNOTS('',1,(#6815,#6816),.UNSPECIFIED.,.F.,
  .F.,(2,2),(0.,3.69873046875E-02),.PIECEWISE_BEZIER_KNOTS.);
#6815 = CARTESIAN_POINT('',(0.491924186206,2.756987049534E-02));
#6816 = CARTESIAN_POINT('',(0.491924186206,-9.417434192159E-03));
#6817 = ( GEOMETRIC_REPRESENTATION_CONTEXT(2) 
PARAMETRIC_REPRESENTATION_CONTEXT() REPRESENTATION_CONTEXT('2D SPACE',''
  ) );
#6818 = ORIENTED_EDGE('',*,*,#6739,.F.);
#6819 = ADVANCED_FACE('',(#6820),#6808,.T.);
#6820 = FACE_BOUND('',#6821,.T.);
#6821 = EDGE_LOOP('',(#6822,#6842,#6867));
#6822 = ORIENTED_EDGE('',*,*,#6823,.T.);
#6823 = EDGE_CURVE('',#6768,#6319,#6824,.T.);
#6824 = SURFACE_CURVE('',#6825,(#6829,#6836),.PCURVE_S1.);
#6825 = LINE('',#6826,#6827);
#6826 = CARTESIAN_POINT('',(-135.1910095214,37.626998901367,
    2.002000808716));
#6827 = VECTOR('',#6828,1.);
#6828 = DIRECTION('',(-3.688832443045E-02,0.,-0.999319394148));
#6829 = PCURVE('',#6808,#6830);
#6830 = DEFINITIONAL_REPRESENTATION('',(#6831),#6835);
#6831 = LINE('',#6832,#6833);
#6832 = CARTESIAN_POINT('',(0.491924186206,2.756987049534E-02));
#6833 = VECTOR('',#6834,1.);
#6834 = DIRECTION('',(-0.999319394148,-3.688832443045E-02));
#6835 = ( GEOMETRIC_REPRESENTATION_CONTEXT(2) 
PARAMETRIC_REPRESENTATION_CONTEXT() REPRESENTATION_CONTEXT('2D SPACE',''
  ) );
#6836 = PCURVE('',#6433,#6837);
#6837 = DEFINITIONAL_REPRESENTATION('',(#6838),#6841);
#6838 = B_SPLINE_CURVE_WITH_KNOTS('',1,(#6839,#6840),.UNSPECIFIED.,.F.,
  .F.,(2,2),(0.,1.002683240797),.PIECEWISE_BEZIER_KNOTS.);
#6839 = CARTESIAN_POINT('',(0.510076622509,9.417434192187E-03));
#6840 = CARTESIAN_POINT('',(-0.491924186206,-2.756987049531E-02));
#6841 = ( GEOMETRIC_REPRESENTATION_CONTEXT(2) 
PARAMETRIC_REPRESENTATION_CONTEXT() REPRESENTATION_CONTEXT('2D SPACE',''
  ) );
#6842 = ORIENTED_EDGE('',*,*,#6843,.T.);
#6843 = EDGE_CURVE('',#6319,#6661,#6844,.T.);
#6844 = SURFACE_CURVE('',#6845,(#6849,#6856),.PCURVE_S1.);
#6845 = LINE('',#6846,#6847);
#6846 = CARTESIAN_POINT('',(-135.2279968261,37.626998901367,1.));
#6847 = VECTOR('',#6848,1.);
#6848 = DIRECTION('',(0.,0.,1.));
#6849 = PCURVE('',#6808,#6850);
#6850 = DEFINITIONAL_REPRESENTATION('',(#6851),#6855);
#6851 = LINE('',#6852,#6853);
#6852 = CARTESIAN_POINT('',(-0.510076622509,-9.417434192159E-03));
#6853 = VECTOR('',#6854,1.);
#6854 = DIRECTION('',(1.,0.));
#6855 = ( GEOMETRIC_REPRESENTATION_CONTEXT(2) 
PARAMETRIC_REPRESENTATION_CONTEXT() REPRESENTATION_CONTEXT('2D SPACE',''
  ) );
#6856 = PCURVE('',#6857,#6862);
#6857 = PLANE('',#6858);
#6858 = AXIS2_PLACEMENT_3D('',#6859,#6860,#6861);
#6859 = CARTESIAN_POINT('',(-139.3785455714,35.123040363693,
    1.262809366056));
#6860 = DIRECTION('',(-0.516561683304,0.85624997947,0.));
#6861 = DIRECTION('',(0.85624997947,0.516561683304,0.));
#6862 = DEFINITIONAL_REPRESENTATION('',(#6863),#6866);
#6863 = B_SPLINE_CURVE_WITH_KNOTS('',1,(#6864,#6865),.UNSPECIFIED.,.F.,
  .F.,(2,2),(0.,1.002000808716),.PIECEWISE_BEZIER_KNOTS.);
#6864 = CARTESIAN_POINT('',(4.847356315043,0.262809366056));
#6865 = CARTESIAN_POINT('',(4.847356315043,-0.73919144266));
#6866 = ( GEOMETRIC_REPRESENTATION_CONTEXT(2) 
PARAMETRIC_REPRESENTATION_CONTEXT() REPRESENTATION_CONTEXT('2D SPACE',''
  ) );
#6867 = ORIENTED_EDGE('',*,*,#6794,.F.);
#6868 = ADVANCED_FACE('',(#6869),#6433,.T.);
#6869 = FACE_BOUND('',#6870,.T.);
#6870 = EDGE_LOOP('',(#6871,#6872,#6873));
#6871 = ORIENTED_EDGE('',*,*,#6418,.T.);
#6872 = ORIENTED_EDGE('',*,*,#6823,.F.);
#6873 = ORIENTED_EDGE('',*,*,#6874,.T.);
#6874 = EDGE_CURVE('',#6768,#6419,#6875,.T.);
#6875 = SURFACE_CURVE('',#6876,(#6880,#6887),.PCURVE_S1.);
#6876 = LINE('',#6877,#6878);
#6877 = CARTESIAN_POINT('',(-135.1910095214,37.626998901367,
    2.002000808716));
#6878 = VECTOR('',#6879,1.);
#6879 = DIRECTION('',(0.,0.,-1.));
#6880 = PCURVE('',#6433,#6881);
#6881 = DEFINITIONAL_REPRESENTATION('',(#6882),#6886);
#6882 = LINE('',#6883,#6884);
#6883 = CARTESIAN_POINT('',(0.510076622509,9.417434192187E-03));
#6884 = VECTOR('',#6885,1.);
#6885 = DIRECTION('',(-1.,0.));
#6886 = ( GEOMETRIC_REPRESENTATION_CONTEXT(2) 
PARAMETRIC_REPRESENTATION_CONTEXT() REPRESENTATION_CONTEXT('2D SPACE',''
  ) );
#6887 = PCURVE('',#6888,#6893);
#6888 = PLANE('',#6889);
#6889 = AXIS2_PLACEMENT_3D('',#6890,#6891,#6892);
#6890 = CARTESIAN_POINT('',(-135.1910095214,37.957080407287,
    1.358582062865));
#6891 = DIRECTION('',(-1.,-0.,-0.));
#6892 = DIRECTION('',(0.,0.,-1.));
#6893 = DEFINITIONAL_REPRESENTATION('',(#6894),#6897);
#6894 = B_SPLINE_CURVE_WITH_KNOTS('',1,(#6895,#6896),.UNSPECIFIED.,.F.,
  .F.,(2,2),(0.,1.002000808716),.PIECEWISE_BEZIER_KNOTS.);
#6895 = CARTESIAN_POINT('',(-0.643418745851,0.330081505919));
#6896 = CARTESIAN_POINT('',(0.358582062865,0.330081505919));
#6897 = ( GEOMETRIC_REPRESENTATION_CONTEXT(2) 
PARAMETRIC_REPRESENTATION_CONTEXT() REPRESENTATION_CONTEXT('2D SPACE',''
  ) );
#6898 = ADVANCED_FACE('',(#6899),#6857,.T.);
#6899 = FACE_BOUND('',#6900,.T.);
#6900 = EDGE_LOOP('',(#6901,#6902,#6929));
#6901 = ORIENTED_EDGE('',*,*,#6843,.F.);
#6902 = ORIENTED_EDGE('',*,*,#6903,.T.);
#6903 = EDGE_CURVE('',#6319,#6904,#6906,.T.);
#6904 = VERTEX_POINT('',#6905);
#6905 = CARTESIAN_POINT('',(-143.9369964599,32.373001098633,1.));
#6906 = SURFACE_CURVE('',#6907,(#6911,#6918),.PCURVE_S1.);
#6907 = LINE('',#6908,#6909);
#6908 = CARTESIAN_POINT('',(-135.2279968261,37.626998901367,1.));
#6909 = VECTOR('',#6910,1.);
#6910 = DIRECTION('',(-0.85624997947,-0.516561683304,0.));
#6911 = PCURVE('',#6857,#6912);
#6912 = DEFINITIONAL_REPRESENTATION('',(#6913),#6917);
#6913 = LINE('',#6914,#6915);
#6914 = CARTESIAN_POINT('',(4.847356315043,0.262809366056));
#6915 = VECTOR('',#6916,1.);
#6916 = DIRECTION('',(-1.,-0.));
#6917 = ( GEOMETRIC_REPRESENTATION_CONTEXT(2) 
PARAMETRIC_REPRESENTATION_CONTEXT() REPRESENTATION_CONTEXT('2D SPACE',''
  ) );
#6918 = PCURVE('',#6919,#6924);
#6919 = PLANE('',#6920);
#6920 = AXIS2_PLACEMENT_3D('',#6921,#6922,#6923);
#6921 = CARTESIAN_POINT('',(-139.451226504,34.769678286868,1.));
#6922 = DIRECTION('',(-0.,-0.,-1.));
#6923 = DIRECTION('',(-1.,0.,0.));
#6924 = DEFINITIONAL_REPRESENTATION('',(#6925),#6928);
#6925 = B_SPLINE_CURVE_WITH_KNOTS('',1,(#6926,#6927),.UNSPECIFIED.,.F.,
  .F.,(2,2),(0.,10.171094706691),.PIECEWISE_BEZIER_KNOTS.);
#6926 = CARTESIAN_POINT('',(-4.223229677883,2.857320614499));
#6927 = CARTESIAN_POINT('',(4.485769955906,-2.396677188235));
#6928 = ( GEOMETRIC_REPRESENTATION_CONTEXT(2) 
PARAMETRIC_REPRESENTATION_CONTEXT() REPRESENTATION_CONTEXT('2D SPACE',''
  ) );
#6929 = ORIENTED_EDGE('',*,*,#6930,.T.);
#6930 = EDGE_CURVE('',#6904,#6661,#6931,.T.);
#6931 = SURFACE_CURVE('',#6932,(#6936,#6943),.PCURVE_S1.);
#6932 = LINE('',#6933,#6934);
#6933 = CARTESIAN_POINT('',(-143.9369964599,32.373001098633,1.));
#6934 = VECTOR('',#6935,1.);
#6935 = DIRECTION('',(0.85212497767,0.514073136823,9.803995322714E-02));
#6936 = PCURVE('',#6857,#6937);
#6937 = DEFINITIONAL_REPRESENTATION('',(#6938),#6942);
#6938 = LINE('',#6939,#6940);
#6939 = CARTESIAN_POINT('',(-5.323738391647,0.262809366056));
#6940 = VECTOR('',#6941,1.);
#6941 = DIRECTION('',(0.995182479534,-9.803995322714E-02));
#6942 = ( GEOMETRIC_REPRESENTATION_CONTEXT(2) 
PARAMETRIC_REPRESENTATION_CONTEXT() REPRESENTATION_CONTEXT('2D SPACE',''
  ) );
#6943 = PCURVE('',#6944,#6949);
#6944 = PLANE('',#6945);
#6945 = AXIS2_PLACEMENT_3D('',#6946,#6947,#6948);
#6946 = CARTESIAN_POINT('',(-139.7864477147,34.876959636307,
    1.73919144266));
#6947 = DIRECTION('',(-0.516561683304,0.85624997947,0.));
#6948 = DIRECTION('',(0.85624997947,0.516561683304,0.));
#6949 = DEFINITIONAL_REPRESENTATION('',(#6950),#6953);
#6950 = B_SPLINE_CURVE_WITH_KNOTS('',1,(#6951,#6952),.UNSPECIFIED.,.F.,
  .F.,(2,2),(0.,10.220331362199),.PIECEWISE_BEZIER_KNOTS.);
#6951 = CARTESIAN_POINT('',(-4.847356315043,0.73919144266));
#6952 = CARTESIAN_POINT('',(5.323738391647,-0.262809366056));
#6953 = ( GEOMETRIC_REPRESENTATION_CONTEXT(2) 
PARAMETRIC_REPRESENTATION_CONTEXT() REPRESENTATION_CONTEXT('2D SPACE',''
  ) );
#6954 = ADVANCED_FACE('',(#6955),#6728,.T.);
#6955 = FACE_BOUND('',#6956,.T.);
#6956 = EDGE_LOOP('',(#6957,#6958,#6985));
#6957 = ORIENTED_EDGE('',*,*,#6712,.F.);
#6958 = ORIENTED_EDGE('',*,*,#6959,.F.);
#6959 = EDGE_CURVE('',#6960,#6469,#6962,.T.);
#6960 = VERTEX_POINT('',#6961);
#6961 = CARTESIAN_POINT('',(-135.3430023193,37.770000457764,1.));
#6962 = SURFACE_CURVE('',#6963,(#6967,#6973),.PCURVE_S1.);
#6963 = LINE('',#6964,#6965);
#6964 = CARTESIAN_POINT('',(-135.3430023193,37.770000457764,1.));
#6965 = VECTOR('',#6966,1.);
#6966 = DIRECTION('',(-3.4889617061E-02,-2.094061730493E-02,
    0.999171759593));
#6967 = PCURVE('',#6728,#6968);
#6968 = DEFINITIONAL_REPRESENTATION('',(#6969),#6972);
#6969 = B_SPLINE_CURVE_WITH_KNOTS('',1,(#6970,#6971),.UNSPECIFIED.,.F.,
  .F.,(2,2),(0.,1.002831394198),.PIECEWISE_BEZIER_KNOTS.);
#6970 = CARTESIAN_POINT('',(-1.040931449913E-02,0.510994426116));
#6971 = CARTESIAN_POINT('',(3.039735801529E-02,-0.4910063826));
#6972 = ( GEOMETRIC_REPRESENTATION_CONTEXT(2) 
PARAMETRIC_REPRESENTATION_CONTEXT() REPRESENTATION_CONTEXT('2D SPACE',''
  ) );
#6973 = PCURVE('',#6974,#6979);
#6974 = PLANE('',#6975);
#6975 = AXIS2_PLACEMENT_3D('',#6976,#6977,#6978);
#6976 = CARTESIAN_POINT('',(-135.3690655819,37.754357385295,1.4910063826
    ));
#6977 = DIRECTION('',(0.514619476505,-0.857418680927,1.124111744582E-18)
  );
#6978 = DIRECTION('',(-0.857418680927,-0.514619476505,0.));
#6979 = DEFINITIONAL_REPRESENTATION('',(#6980),#6984);
#6980 = LINE('',#6981,#6982);
#6981 = CARTESIAN_POINT('',(-3.039735801525E-02,0.4910063826));
#6982 = VECTOR('',#6983,1.);
#6983 = DIRECTION('',(4.069145895363E-02,-0.999171759593));
#6984 = ( GEOMETRIC_REPRESENTATION_CONTEXT(2) 
PARAMETRIC_REPRESENTATION_CONTEXT() REPRESENTATION_CONTEXT('2D SPACE',''
  ) );
#6985 = ORIENTED_EDGE('',*,*,#6986,.T.);
#6986 = EDGE_CURVE('',#6960,#6713,#6987,.T.);
#6987 = SURFACE_CURVE('',#6988,(#6992,#6999),.PCURVE_S1.);
#6988 = LINE('',#6989,#6990);
#6989 = CARTESIAN_POINT('',(-135.3430023193,37.770000457764,1.));
#6990 = VECTOR('',#6991,1.);
#6991 = DIRECTION('',(0.,0.,1.));
#6992 = PCURVE('',#6728,#6993);
#6993 = DEFINITIONAL_REPRESENTATION('',(#6994),#6998);
#6994 = LINE('',#6995,#6996);
#6995 = CARTESIAN_POINT('',(-1.040931449913E-02,0.510994426116));
#6996 = VECTOR('',#6997,1.);
#6997 = DIRECTION('',(0.,-1.));
#6998 = ( GEOMETRIC_REPRESENTATION_CONTEXT(2) 
PARAMETRIC_REPRESENTATION_CONTEXT() REPRESENTATION_CONTEXT('2D SPACE',''
  ) );
#6999 = PCURVE('',#7000,#7005);
#7000 = PLANE('',#7001);
#7001 = AXIS2_PLACEMENT_3D('',#7002,#7003,#7004);
#7002 = CARTESIAN_POINT('',(-135.3430023193,38.01990056126,
    1.375900507854));
#7003 = DIRECTION('',(1.,0.,0.));
#7004 = DIRECTION('',(-0.,0.,1.));
#7005 = DEFINITIONAL_REPRESENTATION('',(#7006),#7009);
#7006 = B_SPLINE_CURVE_WITH_KNOTS('',1,(#7007,#7008),.UNSPECIFIED.,.F.,
  .F.,(2,2),(0.,1.002000808716),.PIECEWISE_BEZIER_KNOTS.);
#7007 = CARTESIAN_POINT('',(-0.375900507854,0.249900103496));
#7008 = CARTESIAN_POINT('',(0.626100300862,0.249900103496));
#7009 = ( GEOMETRIC_REPRESENTATION_CONTEXT(2) 
PARAMETRIC_REPRESENTATION_CONTEXT() REPRESENTATION_CONTEXT('2D SPACE',''
  ) );
#7010 = ADVANCED_FACE('',(#7011),#7025,.T.);
#7011 = FACE_BOUND('',#7012,.T.);
#7012 = EDGE_LOOP('',(#7013,#7047,#7074));
#7013 = ORIENTED_EDGE('',*,*,#7014,.T.);
#7014 = EDGE_CURVE('',#7015,#7017,#7019,.T.);
#7015 = VERTEX_POINT('',#7016);
#7016 = CARTESIAN_POINT('',(-135.3430023193,38.520000457764,1.));
#7017 = VERTEX_POINT('',#7018);
#7018 = CARTESIAN_POINT('',(-135.3779907226,37.749000549316,1.));
#7019 = SURFACE_CURVE('',#7020,(#7024,#7036),.PCURVE_S1.);
#7020 = LINE('',#7021,#7022);
#7021 = CARTESIAN_POINT('',(-135.3430023193,38.520000457764,1.));
#7022 = VECTOR('',#7023,1.);
#7023 = DIRECTION('',(-4.533389825545E-02,-0.99897189033,0.));
#7024 = PCURVE('',#7025,#7030);
#7025 = PLANE('',#7026);
#7026 = AXIS2_PLACEMENT_3D('',#7027,#7028,#7029);
#7027 = CARTESIAN_POINT('',(-136.8724823804,37.964436654332,1.));
#7028 = DIRECTION('',(-0.,-0.,-1.));
#7029 = DIRECTION('',(-1.,0.,0.));
#7030 = DEFINITIONAL_REPRESENTATION('',(#7031),#7035);
#7031 = LINE('',#7032,#7033);
#7032 = CARTESIAN_POINT('',(-1.529480061101,0.555563803432));
#7033 = VECTOR('',#7034,1.);
#7034 = DIRECTION('',(4.533389825545E-02,-0.99897189033));
#7035 = ( GEOMETRIC_REPRESENTATION_CONTEXT(2) 
PARAMETRIC_REPRESENTATION_CONTEXT() REPRESENTATION_CONTEXT('2D SPACE',''
  ) );
#7036 = PCURVE('',#7037,#7042);
#7037 = PLANE('',#7038);
#7038 = AXIS2_PLACEMENT_3D('',#7039,#7040,#7041);
#7039 = CARTESIAN_POINT('',(-135.3520998419,38.129747184587,1.));
#7040 = DIRECTION('',(-0.,-0.,-1.));
#7041 = DIRECTION('',(-1.,0.,0.));
#7042 = DEFINITIONAL_REPRESENTATION('',(#7043),#7046);
#7043 = B_SPLINE_CURVE_WITH_KNOTS('',1,(#7044,#7045),.UNSPECIFIED.,.F.,
  .F.,(2,2),(0.,0.771793396702),.PIECEWISE_BEZIER_KNOTS.);
#7044 = CARTESIAN_POINT('',(-9.097522622682E-03,0.390253273177));
#7045 = CARTESIAN_POINT('',(2.589088069763E-02,-0.38074663527));
#7046 = ( GEOMETRIC_REPRESENTATION_CONTEXT(2) 
PARAMETRIC_REPRESENTATION_CONTEXT() REPRESENTATION_CONTEXT('2D SPACE',''
  ) );
#7047 = ORIENTED_EDGE('',*,*,#7048,.T.);
#7048 = EDGE_CURVE('',#7017,#7049,#7051,.T.);
#7049 = VERTEX_POINT('',#7050);
#7050 = CARTESIAN_POINT('',(-138.7270050048,37.749000549316,1.));
#7051 = SURFACE_CURVE('',#7052,(#7056,#7063),.PCURVE_S1.);
#7052 = LINE('',#7053,#7054);
#7053 = CARTESIAN_POINT('',(-135.3779907226,37.749000549316,1.));
#7054 = VECTOR('',#7055,1.);
#7055 = DIRECTION('',(-1.,0.,0.));
#7056 = PCURVE('',#7025,#7057);
#7057 = DEFINITIONAL_REPRESENTATION('',(#7058),#7062);
#7058 = LINE('',#7059,#7060);
#7059 = CARTESIAN_POINT('',(-1.494491657781,-0.215436105015));
#7060 = VECTOR('',#7061,1.);
#7061 = DIRECTION('',(1.,0.));
#7062 = ( GEOMETRIC_REPRESENTATION_CONTEXT(2) 
PARAMETRIC_REPRESENTATION_CONTEXT() REPRESENTATION_CONTEXT('2D SPACE',''
  ) );
#7063 = PCURVE('',#7064,#7069);
#7064 = PLANE('',#7065);
#7065 = AXIS2_PLACEMENT_3D('',#7066,#7067,#7068);
#7066 = CARTESIAN_POINT('',(-137.266327216,37.749000549316,
    1.287171052097));
#7067 = DIRECTION('',(-0.,-1.,-0.));
#7068 = DIRECTION('',(0.,0.,-1.));
#7069 = DEFINITIONAL_REPRESENTATION('',(#7070),#7073);
#7070 = B_SPLINE_CURVE_WITH_KNOTS('',1,(#7071,#7072),.UNSPECIFIED.,.F.,
  .F.,(2,2),(0.,3.349014282227),.PIECEWISE_BEZIER_KNOTS.);
#7071 = CARTESIAN_POINT('',(0.287171052097,1.888336493374));
#7072 = CARTESIAN_POINT('',(0.287171052097,-1.460677788852));
#7073 = ( GEOMETRIC_REPRESENTATION_CONTEXT(2) 
PARAMETRIC_REPRESENTATION_CONTEXT() REPRESENTATION_CONTEXT('2D SPACE',''
  ) );
#7074 = ORIENTED_EDGE('',*,*,#7075,.T.);
#7075 = EDGE_CURVE('',#7049,#7015,#7076,.T.);
#7076 = SURFACE_CURVE('',#7077,(#7081,#7088),.PCURVE_S1.);
#7077 = LINE('',#7078,#7079);
#7078 = CARTESIAN_POINT('',(-138.7270050048,37.749000549316,1.));
#7079 = VECTOR('',#7080,1.);
#7080 = DIRECTION('',(0.975013886767,0.222143918692,0.));
#7081 = PCURVE('',#7025,#7082);
#7082 = DEFINITIONAL_REPRESENTATION('',(#7083),#7087);
#7083 = LINE('',#7084,#7085);
#7084 = CARTESIAN_POINT('',(1.854522624446,-0.215436105015));
#7085 = VECTOR('',#7086,1.);
#7086 = DIRECTION('',(-0.975013886767,0.222143918692));
#7087 = ( GEOMETRIC_REPRESENTATION_CONTEXT(2) 
PARAMETRIC_REPRESENTATION_CONTEXT() REPRESENTATION_CONTEXT('2D SPACE',''
  ) );
#7088 = PCURVE('',#7089,#7094);
#7089 = PLANE('',#7090);
#7090 = AXIS2_PLACEMENT_3D('',#7091,#7092,#7093);
#7091 = CARTESIAN_POINT('',(-137.0917194886,38.632978509585,1.));
#7092 = DIRECTION('',(-0.,-0.,-1.));
#7093 = DIRECTION('',(-1.,0.,0.));
#7094 = DEFINITIONAL_REPRESENTATION('',(#7095),#7098);
#7095 = B_SPLINE_CURVE_WITH_KNOTS('',1,(#7096,#7097),.UNSPECIFIED.,.F.,
  .F.,(2,2),(0.,3.470722552238),.PIECEWISE_BEZIER_KNOTS.);
#7096 = CARTESIAN_POINT('',(1.635285516283,-0.883977960269));
#7097 = CARTESIAN_POINT('',(-1.748717169264,-0.112978051822));
#7098 = ( GEOMETRIC_REPRESENTATION_CONTEXT(2) 
PARAMETRIC_REPRESENTATION_CONTEXT() REPRESENTATION_CONTEXT('2D SPACE',''
  ) );
#7099 = ADVANCED_FACE('',(#7100),#7037,.T.);
#7100 = FACE_BOUND('',#7101,.T.);
#7101 = EDGE_LOOP('',(#7102,#7122,#7142));
#7102 = ORIENTED_EDGE('',*,*,#7103,.T.);
#7103 = EDGE_CURVE('',#7015,#6960,#7104,.T.);
#7104 = SURFACE_CURVE('',#7105,(#7109,#7116),.PCURVE_S1.);
#7105 = LINE('',#7106,#7107);
#7106 = CARTESIAN_POINT('',(-135.3430023193,38.520000457764,1.));
#7107 = VECTOR('',#7108,1.);
#7108 = DIRECTION('',(0.,-1.,0.));
#7109 = PCURVE('',#7037,#7110);
#7110 = DEFINITIONAL_REPRESENTATION('',(#7111),#7115);
#7111 = LINE('',#7112,#7113);
#7112 = CARTESIAN_POINT('',(-9.097522622682E-03,0.390253273177));
#7113 = VECTOR('',#7114,1.);
#7114 = DIRECTION('',(0.,-1.));
#7115 = ( GEOMETRIC_REPRESENTATION_CONTEXT(2) 
PARAMETRIC_REPRESENTATION_CONTEXT() REPRESENTATION_CONTEXT('2D SPACE',''
  ) );
#7116 = PCURVE('',#7000,#7117);
#7117 = DEFINITIONAL_REPRESENTATION('',(#7118),#7121);
#7118 = B_SPLINE_CURVE_WITH_KNOTS('',1,(#7119,#7120),.UNSPECIFIED.,.F.,
  .F.,(2,2),(0.,0.75),.PIECEWISE_BEZIER_KNOTS.);
#7119 = CARTESIAN_POINT('',(-0.375900507854,-0.500099896504));
#7120 = CARTESIAN_POINT('',(-0.375900507854,0.249900103496));
#7121 = ( GEOMETRIC_REPRESENTATION_CONTEXT(2) 
PARAMETRIC_REPRESENTATION_CONTEXT() REPRESENTATION_CONTEXT('2D SPACE',''
  ) );
#7122 = ORIENTED_EDGE('',*,*,#7123,.T.);
#7123 = EDGE_CURVE('',#6960,#7017,#7124,.T.);
#7124 = SURFACE_CURVE('',#7125,(#7129,#7136),.PCURVE_S1.);
#7125 = LINE('',#7126,#7127);
#7126 = CARTESIAN_POINT('',(-135.3430023193,37.770000457764,1.));
#7127 = VECTOR('',#7128,1.);
#7128 = DIRECTION('',(-0.857418680927,-0.514619476505,0.));
#7129 = PCURVE('',#7037,#7130);
#7130 = DEFINITIONAL_REPRESENTATION('',(#7131),#7135);
#7131 = LINE('',#7132,#7133);
#7132 = CARTESIAN_POINT('',(-9.097522622682E-03,-0.359746726823));
#7133 = VECTOR('',#7134,1.);
#7134 = DIRECTION('',(0.857418680927,-0.514619476505));
#7135 = ( GEOMETRIC_REPRESENTATION_CONTEXT(2) 
PARAMETRIC_REPRESENTATION_CONTEXT() REPRESENTATION_CONTEXT('2D SPACE',''
  ) );
#7136 = PCURVE('',#6974,#7137);
#7137 = DEFINITIONAL_REPRESENTATION('',(#7138),#7141);
#7138 = B_SPLINE_CURVE_WITH_KNOTS('',1,(#7139,#7140),.UNSPECIFIED.,.F.,
  .F.,(2,2),(0.,4.080667251441E-02),.PIECEWISE_BEZIER_KNOTS.);
#7139 = CARTESIAN_POINT('',(-3.039735801525E-02,0.4910063826));
#7140 = CARTESIAN_POINT('',(1.040931449916E-02,0.4910063826));
#7141 = ( GEOMETRIC_REPRESENTATION_CONTEXT(2) 
PARAMETRIC_REPRESENTATION_CONTEXT() REPRESENTATION_CONTEXT('2D SPACE',''
  ) );
#7142 = ORIENTED_EDGE('',*,*,#7014,.F.);
#7143 = ADVANCED_FACE('',(#7144),#6974,.T.);
#7144 = FACE_BOUND('',#7145,.T.);
#7145 = EDGE_LOOP('',(#7146,#7147,#7172));
#7146 = ORIENTED_EDGE('',*,*,#6959,.T.);
#7147 = ORIENTED_EDGE('',*,*,#7148,.T.);
#7148 = EDGE_CURVE('',#6469,#7017,#7149,.T.);
#7149 = SURFACE_CURVE('',#7150,(#7154,#7161),.PCURVE_S1.);
#7150 = LINE('',#7151,#7152);
#7151 = CARTESIAN_POINT('',(-135.3779907226,37.749000549316,
    2.002000808716));
#7152 = VECTOR('',#7153,1.);
#7153 = DIRECTION('',(0.,0.,-1.));
#7154 = PCURVE('',#6974,#7155);
#7155 = DEFINITIONAL_REPRESENTATION('',(#7156),#7160);
#7156 = LINE('',#7157,#7158);
#7157 = CARTESIAN_POINT('',(1.040931449916E-02,-0.510994426116));
#7158 = VECTOR('',#7159,1.);
#7159 = DIRECTION('',(0.,1.));
#7160 = ( GEOMETRIC_REPRESENTATION_CONTEXT(2) 
PARAMETRIC_REPRESENTATION_CONTEXT() REPRESENTATION_CONTEXT('2D SPACE',''
  ) );
#7161 = PCURVE('',#7162,#7167);
#7162 = PLANE('',#7163);
#7163 = AXIS2_PLACEMENT_3D('',#7164,#7165,#7166);
#7164 = CARTESIAN_POINT('',(-136.8386685115,37.749000549316,
    1.714829756619));
#7165 = DIRECTION('',(-0.,-1.,-0.));
#7166 = DIRECTION('',(0.,0.,-1.));
#7167 = DEFINITIONAL_REPRESENTATION('',(#7168),#7171);
#7168 = B_SPLINE_CURVE_WITH_KNOTS('',1,(#7169,#7170),.UNSPECIFIED.,.F.,
  .F.,(2,2),(0.,1.002000808716),.PIECEWISE_BEZIER_KNOTS.);
#7169 = CARTESIAN_POINT('',(-0.287171052097,1.460677788852));
#7170 = CARTESIAN_POINT('',(0.714829756619,1.460677788852));
#7171 = ( GEOMETRIC_REPRESENTATION_CONTEXT(2) 
PARAMETRIC_REPRESENTATION_CONTEXT() REPRESENTATION_CONTEXT('2D SPACE',''
  ) );
#7172 = ORIENTED_EDGE('',*,*,#7123,.F.);
#7173 = ADVANCED_FACE('',(#7174),#6783,.T.);
#7174 = FACE_BOUND('',#7175,.T.);
#7175 = EDGE_LOOP('',(#7176,#7203,#7204));
#7176 = ORIENTED_EDGE('',*,*,#7177,.T.);
#7177 = EDGE_CURVE('',#7178,#6768,#7180,.T.);
#7178 = VERTEX_POINT('',#7179);
#7179 = CARTESIAN_POINT('',(-135.1910095214,38.571998596191,
    2.002000808716));
#7180 = SURFACE_CURVE('',#7181,(#7185,#7192),.PCURVE_S1.);
#7181 = LINE('',#7182,#7183);
#7182 = CARTESIAN_POINT('',(-135.1910095214,38.571998596191,
    2.002000808716));
#7183 = VECTOR('',#7184,1.);
#7184 = DIRECTION('',(0.,-1.,0.));
#7185 = PCURVE('',#6783,#7186);
#7186 = DEFINITIONAL_REPRESENTATION('',(#7187),#7191);
#7187 = LINE('',#7188,#7189);
#7188 = CARTESIAN_POINT('',(-3.954059719348E-02,0.485352901042));
#7189 = VECTOR('',#7190,1.);
#7190 = DIRECTION('',(0.,-1.));
#7191 = ( GEOMETRIC_REPRESENTATION_CONTEXT(2) 
PARAMETRIC_REPRESENTATION_CONTEXT() REPRESENTATION_CONTEXT('2D SPACE',''
  ) );
#7192 = PCURVE('',#7193,#7198);
#7193 = PLANE('',#7194);
#7194 = AXIS2_PLACEMENT_3D('',#7195,#7196,#7197);
#7195 = CARTESIAN_POINT('',(-135.1910095214,38.241917090272,
    1.643418745851));
#7196 = DIRECTION('',(-1.,-0.,-0.));
#7197 = DIRECTION('',(0.,0.,-1.));
#7198 = DEFINITIONAL_REPRESENTATION('',(#7199),#7202);
#7199 = B_SPLINE_CURVE_WITH_KNOTS('',1,(#7200,#7201),.UNSPECIFIED.,.F.,
  .F.,(2,2),(0.,0.944999694824),.PIECEWISE_BEZIER_KNOTS.);
#7200 = CARTESIAN_POINT('',(-0.358582062865,-0.330081505919));
#7201 = CARTESIAN_POINT('',(-0.358582062865,0.614918188905));
#7202 = ( GEOMETRIC_REPRESENTATION_CONTEXT(2) 
PARAMETRIC_REPRESENTATION_CONTEXT() REPRESENTATION_CONTEXT('2D SPACE',''
  ) );
#7203 = ORIENTED_EDGE('',*,*,#6767,.F.);
#7204 = ORIENTED_EDGE('',*,*,#7205,.T.);
#7205 = EDGE_CURVE('',#6713,#7178,#7206,.T.);
#7206 = SURFACE_CURVE('',#7207,(#7211,#7218),.PCURVE_S1.);
#7207 = LINE('',#7208,#7209);
#7208 = CARTESIAN_POINT('',(-135.3430023193,37.770000457764,
    2.002000808716));
#7209 = VECTOR('',#7210,1.);
#7210 = DIRECTION('',(0.186203218009,0.98251125266,0.));
#7211 = PCURVE('',#6783,#7212);
#7212 = DEFINITIONAL_REPRESENTATION('',(#7213),#7217);
#7213 = LINE('',#7214,#7215);
#7214 = CARTESIAN_POINT('',(0.112452200658,-0.316645237386));
#7215 = VECTOR('',#7216,1.);
#7216 = DIRECTION('',(-0.186203218009,0.98251125266));
#7217 = ( GEOMETRIC_REPRESENTATION_CONTEXT(2) 
PARAMETRIC_REPRESENTATION_CONTEXT() REPRESENTATION_CONTEXT('2D SPACE',''
  ) );
#7218 = PCURVE('',#7219,#7224);
#7219 = PLANE('',#7220);
#7220 = AXIS2_PLACEMENT_3D('',#7221,#7222,#7223);
#7221 = CARTESIAN_POINT('',(-135.2674100728,38.171486282762,
    2.002000808716));
#7222 = DIRECTION('',(-0.,-0.,-1.));
#7223 = DIRECTION('',(-1.,0.,0.));
#7224 = DEFINITIONAL_REPRESENTATION('',(#7225),#7228);
#7225 = B_SPLINE_CURVE_WITH_KNOTS('',1,(#7226,#7227),.UNSPECIFIED.,.F.,
  .F.,(2,2),(0.,0.816273743692),.PIECEWISE_BEZIER_KNOTS.);
#7226 = CARTESIAN_POINT('',(7.559224650737E-02,-0.401485824999));
#7227 = CARTESIAN_POINT('',(-7.640055134419E-02,0.400512313429));
#7228 = ( GEOMETRIC_REPRESENTATION_CONTEXT(2) 
PARAMETRIC_REPRESENTATION_CONTEXT() REPRESENTATION_CONTEXT('2D SPACE',''
  ) );
#7229 = ADVANCED_FACE('',(#7230),#7219,.T.);
#7230 = FACE_BOUND('',#7231,.T.);
#7231 = EDGE_LOOP('',(#7232,#7259,#7284));
#7232 = ORIENTED_EDGE('',*,*,#7233,.T.);
#7233 = EDGE_CURVE('',#6713,#7234,#7236,.T.);
#7234 = VERTEX_POINT('',#7235);
#7235 = CARTESIAN_POINT('',(-135.192993164,38.571998596191,
    2.002000808716));
#7236 = SURFACE_CURVE('',#7237,(#7241,#7248),.PCURVE_S1.);
#7237 = LINE('',#7238,#7239);
#7238 = CARTESIAN_POINT('',(-135.3430023193,37.770000457764,
    2.002000808716));
#7239 = VECTOR('',#7240,1.);
#7240 = DIRECTION('',(0.183855768423,0.98295323206,0.));
#7241 = PCURVE('',#7219,#7242);
#7242 = DEFINITIONAL_REPRESENTATION('',(#7243),#7247);
#7243 = LINE('',#7244,#7245);
#7244 = CARTESIAN_POINT('',(7.559224650737E-02,-0.401485824999));
#7245 = VECTOR('',#7246,1.);
#7246 = DIRECTION('',(-0.183855768423,0.98295323206));
#7247 = ( GEOMETRIC_REPRESENTATION_CONTEXT(2) 
PARAMETRIC_REPRESENTATION_CONTEXT() REPRESENTATION_CONTEXT('2D SPACE',''
  ) );
#7248 = PCURVE('',#7249,#7254);
#7249 = PLANE('',#7250);
#7250 = AXIS2_PLACEMENT_3D('',#7251,#7252,#7253);
#7251 = CARTESIAN_POINT('',(-135.3006146214,38.194214278666,
    2.002000808716));
#7252 = DIRECTION('',(-2.919833982311E-28,4.649159556395E-29,-1.));
#7253 = DIRECTION('',(-1.,0.,2.919833982311E-28));
#7254 = DEFINITIONAL_REPRESENTATION('',(#7255),#7258);
#7255 = B_SPLINE_CURVE_WITH_KNOTS('',1,(#7256,#7257),.UNSPECIFIED.,.F.,
  .F.,(2,2),(0.,0.815906710787),.PIECEWISE_BEZIER_KNOTS.);
#7256 = CARTESIAN_POINT('',(4.238769787241E-02,-0.424213820902));
#7257 = CARTESIAN_POINT('',(-0.107621457401,0.377784317526));
#7258 = ( GEOMETRIC_REPRESENTATION_CONTEXT(2) 
PARAMETRIC_REPRESENTATION_CONTEXT() REPRESENTATION_CONTEXT('2D SPACE',''
  ) );
#7259 = ORIENTED_EDGE('',*,*,#7260,.T.);
#7260 = EDGE_CURVE('',#7234,#7178,#7261,.T.);
#7261 = SURFACE_CURVE('',#7262,(#7266,#7273),.PCURVE_S1.);
#7262 = LINE('',#7263,#7264);
#7263 = CARTESIAN_POINT('',(-135.192993164,38.571998596191,
    2.002000808716));
#7264 = VECTOR('',#7265,1.);
#7265 = DIRECTION('',(1.,0.,0.));
#7266 = PCURVE('',#7219,#7267);
#7267 = DEFINITIONAL_REPRESENTATION('',(#7268),#7272);
#7268 = LINE('',#7269,#7270);
#7269 = CARTESIAN_POINT('',(-7.441690876607E-02,0.400512313429));
#7270 = VECTOR('',#7271,1.);
#7271 = DIRECTION('',(-1.,0.));
#7272 = ( GEOMETRIC_REPRESENTATION_CONTEXT(2) 
PARAMETRIC_REPRESENTATION_CONTEXT() REPRESENTATION_CONTEXT('2D SPACE',''
  ) );
#7273 = PCURVE('',#7274,#7279);
#7274 = PLANE('',#7275);
#7275 = AXIS2_PLACEMENT_3D('',#7276,#7277,#7278);
#7276 = CARTESIAN_POINT('',(-135.191505923,38.571998596191,1.50149582413
    ));
#7277 = DIRECTION('',(-0.,-1.,-0.));
#7278 = DIRECTION('',(0.,0.,-1.));
#7279 = DEFINITIONAL_REPRESENTATION('',(#7280),#7283);
#7280 = B_SPLINE_CURVE_WITH_KNOTS('',1,(#7281,#7282),.UNSPECIFIED.,.F.,
  .F.,(2,2),(0.,1.983642578125E-03),.PIECEWISE_BEZIER_KNOTS.);
#7281 = CARTESIAN_POINT('',(-0.500504984585,-1.487241061483E-03));
#7282 = CARTESIAN_POINT('',(-0.500504984585,4.964015166422E-04));
#7283 = ( GEOMETRIC_REPRESENTATION_CONTEXT(2) 
PARAMETRIC_REPRESENTATION_CONTEXT() REPRESENTATION_CONTEXT('2D SPACE',''
  ) );
#7284 = ORIENTED_EDGE('',*,*,#7205,.F.);
#7285 = ADVANCED_FACE('',(#7286),#7249,.T.);
#7286 = FACE_BOUND('',#7287,.T.);
#7287 = EDGE_LOOP('',(#7288,#7315,#7340));
#7288 = ORIENTED_EDGE('',*,*,#7289,.T.);
#7289 = EDGE_CURVE('',#6713,#7290,#7292,.T.);
#7290 = VERTEX_POINT('',#7291);
#7291 = CARTESIAN_POINT('',(-135.3430023193,38.520000457764,
    2.002000808716));
#7292 = SURFACE_CURVE('',#7293,(#7297,#7304),.PCURVE_S1.);
#7293 = LINE('',#7294,#7295);
#7294 = CARTESIAN_POINT('',(-135.3430023193,37.770000457764,
    2.002000808716));
#7295 = VECTOR('',#7296,1.);
#7296 = DIRECTION('',(0.,1.,0.));
#7297 = PCURVE('',#7249,#7298);
#7298 = DEFINITIONAL_REPRESENTATION('',(#7299),#7303);
#7299 = LINE('',#7300,#7301);
#7300 = CARTESIAN_POINT('',(4.238769787241E-02,-0.424213820902));
#7301 = VECTOR('',#7302,1.);
#7302 = DIRECTION('',(0.,1.));
#7303 = ( GEOMETRIC_REPRESENTATION_CONTEXT(2) 
PARAMETRIC_REPRESENTATION_CONTEXT() REPRESENTATION_CONTEXT('2D SPACE',''
  ) );
#7304 = PCURVE('',#7305,#7310);
#7305 = PLANE('',#7306);
#7306 = AXIS2_PLACEMENT_3D('',#7307,#7308,#7309);
#7307 = CARTESIAN_POINT('',(-135.3430023193,38.270100354267,
    1.626100300862));
#7308 = DIRECTION('',(1.,0.,0.));
#7309 = DIRECTION('',(-0.,0.,1.));
#7310 = DEFINITIONAL_REPRESENTATION('',(#7311),#7314);
#7311 = B_SPLINE_CURVE_WITH_KNOTS('',1,(#7312,#7313),.UNSPECIFIED.,.F.,
  .F.,(2,2),(0.,0.75),.PIECEWISE_BEZIER_KNOTS.);
#7312 = CARTESIAN_POINT('',(0.375900507854,0.500099896504));
#7313 = CARTESIAN_POINT('',(0.375900507854,-0.249900103496));
#7314 = ( GEOMETRIC_REPRESENTATION_CONTEXT(2) 
PARAMETRIC_REPRESENTATION_CONTEXT() REPRESENTATION_CONTEXT('2D SPACE',''
  ) );
#7315 = ORIENTED_EDGE('',*,*,#7316,.T.);
#7316 = EDGE_CURVE('',#7290,#7234,#7317,.T.);
#7317 = SURFACE_CURVE('',#7318,(#7322,#7329),.PCURVE_S1.);
#7318 = LINE('',#7319,#7320);
#7319 = CARTESIAN_POINT('',(-135.3430023193,38.520000457764,
    2.002000808716));
#7320 = VECTOR('',#7321,1.);
#7321 = DIRECTION('',(0.944846013348,0.327514902043,0.));
#7322 = PCURVE('',#7249,#7323);
#7323 = DEFINITIONAL_REPRESENTATION('',(#7324),#7328);
#7324 = LINE('',#7325,#7326);
#7325 = CARTESIAN_POINT('',(4.238769787241E-02,0.325786179098));
#7326 = VECTOR('',#7327,1.);
#7327 = DIRECTION('',(-0.944846013348,0.327514902043));
#7328 = ( GEOMETRIC_REPRESENTATION_CONTEXT(2) 
PARAMETRIC_REPRESENTATION_CONTEXT() REPRESENTATION_CONTEXT('2D SPACE',''
  ) );
#7329 = PCURVE('',#7330,#7335);
#7330 = PLANE('',#7331);
#7331 = AXIS2_PLACEMENT_3D('',#7332,#7333,#7334);
#7332 = CARTESIAN_POINT('',(-136.0931728151,39.249381903452,
    2.002000808716));
#7333 = DIRECTION('',(-0.,-0.,-1.));
#7334 = DIRECTION('',(-1.,0.,0.));
#7335 = DEFINITIONAL_REPRESENTATION('',(#7336),#7339);
#7336 = B_SPLINE_CURVE_WITH_KNOTS('',1,(#7337,#7338),.UNSPECIFIED.,.F.,
  .F.,(2,2),(0.,0.158765717539),.PIECEWISE_BEZIER_KNOTS.);
#7337 = CARTESIAN_POINT('',(-0.750170495813,-0.729381445688));
#7338 = CARTESIAN_POINT('',(-0.900179651086,-0.67738330726));
#7339 = ( GEOMETRIC_REPRESENTATION_CONTEXT(2) 
PARAMETRIC_REPRESENTATION_CONTEXT() REPRESENTATION_CONTEXT('2D SPACE',''
  ) );
#7340 = ORIENTED_EDGE('',*,*,#7233,.F.);
#7341 = ADVANCED_FACE('',(#7342),#7330,.T.);
#7342 = FACE_BOUND('',#7343,.T.);
#7343 = EDGE_LOOP('',(#7344,#7371,#7372));
#7344 = ORIENTED_EDGE('',*,*,#7345,.T.);
#7345 = EDGE_CURVE('',#7346,#7234,#7348,.T.);
#7346 = VERTEX_POINT('',#7347);
#7347 = CARTESIAN_POINT('',(-136.9779968261,40.001998901367,
    2.002000808716));
#7348 = SURFACE_CURVE('',#7349,(#7353,#7360),.PCURVE_S1.);
#7349 = LINE('',#7350,#7351);
#7350 = CARTESIAN_POINT('',(-136.9779968261,40.001998901367,
    2.002000808716));
#7351 = VECTOR('',#7352,1.);
#7352 = DIRECTION('',(0.780442629716,-0.625227400009,0.));
#7353 = PCURVE('',#7330,#7354);
#7354 = DEFINITIONAL_REPRESENTATION('',(#7355),#7359);
#7355 = LINE('',#7356,#7357);
#7356 = CARTESIAN_POINT('',(0.884824011023,0.752616997915));
#7357 = VECTOR('',#7358,1.);
#7358 = DIRECTION('',(-0.780442629716,-0.625227400009));
#7359 = ( GEOMETRIC_REPRESENTATION_CONTEXT(2) 
PARAMETRIC_REPRESENTATION_CONTEXT() REPRESENTATION_CONTEXT('2D SPACE',''
  ) );
#7360 = PCURVE('',#7361,#7366);
#7361 = PLANE('',#7362);
#7362 = AXIS2_PLACEMENT_3D('',#7363,#7364,#7365);
#7363 = CARTESIAN_POINT('',(-135.9309396511,39.163181529916,
    1.699035901301));
#7364 = DIRECTION('',(-0.625227400009,-0.780442629716,
    -1.628614039333E-16));
#7365 = DIRECTION('',(-0.780442629716,0.625227400009,0.));
#7366 = DEFINITIONAL_REPRESENTATION('',(#7367),#7370);
#7367 = B_SPLINE_CURVE_WITH_KNOTS('',1,(#7368,#7369),.UNSPECIFIED.,.F.,
  .F.,(2,2),(0.,2.287168324926),.PIECEWISE_BEZIER_KNOTS.);
#7368 = CARTESIAN_POINT('',(1.341619659406,-0.302964907415));
#7369 = CARTESIAN_POINT('',(-0.94554866552,-0.302964907415));
#7370 = ( GEOMETRIC_REPRESENTATION_CONTEXT(2) 
PARAMETRIC_REPRESENTATION_CONTEXT() REPRESENTATION_CONTEXT('2D SPACE',''
  ) );
#7371 = ORIENTED_EDGE('',*,*,#7316,.F.);
#7372 = ORIENTED_EDGE('',*,*,#7373,.F.);
#7373 = EDGE_CURVE('',#7346,#7290,#7374,.T.);
#7374 = SURFACE_CURVE('',#7375,(#7379,#7385),.PCURVE_S1.);
#7375 = LINE('',#7376,#7377);
#7376 = CARTESIAN_POINT('',(-136.9779968261,40.001998901367,
    2.002000808716));
#7377 = VECTOR('',#7378,1.);
#7378 = DIRECTION('',(0.740922757633,-0.671590252476,0.));
#7379 = PCURVE('',#7330,#7380);
#7380 = DEFINITIONAL_REPRESENTATION('',(#7381),#7384);
#7381 = B_SPLINE_CURVE_WITH_KNOTS('',1,(#7382,#7383),.UNSPECIFIED.,.F.,
  .F.,(2,2),(0.,2.206700347629),.PIECEWISE_BEZIER_KNOTS.);
#7382 = CARTESIAN_POINT('',(0.884824011023,0.752616997915));
#7383 = CARTESIAN_POINT('',(-0.750170495813,-0.729381445688));
#7384 = ( GEOMETRIC_REPRESENTATION_CONTEXT(2) 
PARAMETRIC_REPRESENTATION_CONTEXT() REPRESENTATION_CONTEXT('2D SPACE',''
  ) );
#7385 = PCURVE('',#7386,#7391);
#7386 = PLANE('',#7387);
#7387 = AXIS2_PLACEMENT_3D('',#7388,#7389,#7390);
#7388 = CARTESIAN_POINT('',(-136.2016311036,39.252470923071,
    2.002000808716));
#7389 = DIRECTION('',(1.587583055345E-27,1.857719986546E-27,-1.));
#7390 = DIRECTION('',(0.,-1.,-1.857719986546E-27));
#7391 = DEFINITIONAL_REPRESENTATION('',(#7392),#7396);
#7392 = LINE('',#7393,#7394);
#7393 = CARTESIAN_POINT('',(-0.749527978296,0.776365722554));
#7394 = VECTOR('',#7395,1.);
#7395 = DIRECTION('',(0.671590252476,-0.740922757633));
#7396 = ( GEOMETRIC_REPRESENTATION_CONTEXT(2) 
PARAMETRIC_REPRESENTATION_CONTEXT() REPRESENTATION_CONTEXT('2D SPACE',''
  ) );
#7397 = ADVANCED_FACE('',(#7398),#7386,.T.);
#7398 = FACE_BOUND('',#7399,.T.);
#7399 = EDGE_LOOP('',(#7400,#7427,#7452));
#7400 = ORIENTED_EDGE('',*,*,#7401,.T.);
#7401 = EDGE_CURVE('',#7290,#7402,#7404,.T.);
#7402 = VERTEX_POINT('',#7403);
#7403 = CARTESIAN_POINT('',(-137.0419921875,39.881000518799,
    2.002000808716));
#7404 = SURFACE_CURVE('',#7405,(#7409,#7416),.PCURVE_S1.);
#7405 = LINE('',#7406,#7407);
#7406 = CARTESIAN_POINT('',(-135.3430023193,38.520000457764,
    2.002000808716));
#7407 = VECTOR('',#7408,1.);
#7408 = DIRECTION('',(-0.780463466734,0.625201389228,0.));
#7409 = PCURVE('',#7386,#7410);
#7410 = DEFINITIONAL_REPRESENTATION('',(#7411),#7415);
#7411 = LINE('',#7412,#7413);
#7412 = CARTESIAN_POINT('',(0.732470465307,-0.858628784282));
#7413 = VECTOR('',#7414,1.);
#7414 = DIRECTION('',(-0.625201389228,0.780463466734));
#7415 = ( GEOMETRIC_REPRESENTATION_CONTEXT(2) 
PARAMETRIC_REPRESENTATION_CONTEXT() REPRESENTATION_CONTEXT('2D SPACE',''
  ) );
#7416 = PCURVE('',#7417,#7422);
#7417 = PLANE('',#7418);
#7418 = AXIS2_PLACEMENT_3D('',#7419,#7420,#7421);
#7419 = CARTESIAN_POINT('',(-136.0398257229,39.078200781716,
    1.696616902773));
#7420 = DIRECTION('',(0.625201389228,0.780463466734,1.613368868139E-16)
  );
#7421 = DIRECTION('',(0.780463466734,-0.625201389228,0.));
#7422 = DEFINITIONAL_REPRESENTATION('',(#7423),#7426);
#7423 = B_SPLINE_CURVE_WITH_KNOTS('',1,(#7424,#7425),.UNSPECIFIED.,.F.,
  .F.,(2,2),(0.,2.176898651353),.PIECEWISE_BEZIER_KNOTS.);
#7424 = CARTESIAN_POINT('',(0.892832827262,-0.305383905943));
#7425 = CARTESIAN_POINT('',(-1.284065824091,-0.305383905943));
#7426 = ( GEOMETRIC_REPRESENTATION_CONTEXT(2) 
PARAMETRIC_REPRESENTATION_CONTEXT() REPRESENTATION_CONTEXT('2D SPACE',''
  ) );
#7427 = ORIENTED_EDGE('',*,*,#7428,.T.);
#7428 = EDGE_CURVE('',#7402,#7346,#7429,.T.);
#7429 = SURFACE_CURVE('',#7430,(#7434,#7441),.PCURVE_S1.);
#7430 = LINE('',#7431,#7432);
#7431 = CARTESIAN_POINT('',(-137.0419921875,39.881000518799,
    2.002000808716));
#7432 = VECTOR('',#7433,1.);
#7433 = DIRECTION('',(0.467530431674,0.883976976769,0.));
#7434 = PCURVE('',#7386,#7435);
#7435 = DEFINITIONAL_REPRESENTATION('',(#7436),#7440);
#7436 = LINE('',#7437,#7438);
#7437 = CARTESIAN_POINT('',(-0.628529595728,0.840361083882));
#7438 = VECTOR('',#7439,1.);
#7439 = DIRECTION('',(-0.883976976769,-0.467530431674));
#7440 = ( GEOMETRIC_REPRESENTATION_CONTEXT(2) 
PARAMETRIC_REPRESENTATION_CONTEXT() REPRESENTATION_CONTEXT('2D SPACE',''
  ) );
#7441 = PCURVE('',#7442,#7447);
#7442 = PLANE('',#7443);
#7443 = AXIS2_PLACEMENT_3D('',#7444,#7445,#7446);
#7444 = CARTESIAN_POINT('',(-140.0760697665,39.971570600648,
    2.002000808716));
#7445 = DIRECTION('',(7.651368996302E-30,9.042074820533E-28,-1.));
#7446 = DIRECTION('',(0.,-1.,-9.042074820533E-28));
#7447 = DEFINITIONAL_REPRESENTATION('',(#7448),#7451);
#7448 = B_SPLINE_CURVE_WITH_KNOTS('',1,(#7449,#7450),.UNSPECIFIED.,.F.,
  .F.,(2,2),(0.,0.136879563324),.PIECEWISE_BEZIER_KNOTS.);
#7449 = CARTESIAN_POINT('',(9.057008184922E-02,-3.034077579062));
#7450 = CARTESIAN_POINT('',(-3.042830071914E-02,-3.09807294039));
#7451 = ( GEOMETRIC_REPRESENTATION_CONTEXT(2) 
PARAMETRIC_REPRESENTATION_CONTEXT() REPRESENTATION_CONTEXT('2D SPACE',''
  ) );
#7452 = ORIENTED_EDGE('',*,*,#7373,.T.);
#7453 = ADVANCED_FACE('',(#7454),#6572,.T.);
#7454 = FACE_BOUND('',#7455,.T.);
#7455 = EDGE_LOOP('',(#7456,#7457,#7484));
#7456 = ORIENTED_EDGE('',*,*,#6556,.F.);
#7457 = ORIENTED_EDGE('',*,*,#7458,.F.);
#7458 = EDGE_CURVE('',#7459,#6471,#7461,.T.);
#7459 = VERTEX_POINT('',#7460);
#7460 = CARTESIAN_POINT('',(-135.8990020751,37.591999053955,1.));
#7461 = SURFACE_CURVE('',#7462,(#7466,#7472),.PCURVE_S1.);
#7462 = LINE('',#7463,#7464);
#7463 = CARTESIAN_POINT('',(-135.8990020751,37.591999053955,1.));
#7464 = VECTOR('',#7465,1.);
#7465 = DIRECTION('',(-2.393269068109E-02,3.489867085171E-02,
    0.999104253364));
#7466 = PCURVE('',#6572,#7467);
#7467 = DEFINITIONAL_REPRESENTATION('',(#7468),#7471);
#7468 = B_SPLINE_CURVE_WITH_KNOTS('',1,(#7469,#7470),.UNSPECIFIED.,.F.,
  .F.,(2,2),(0.,1.002899152258),.PIECEWISE_BEZIER_KNOTS.);
#7469 = CARTESIAN_POINT('',(1.083439541654E-02,-0.511385628003));
#7470 = CARTESIAN_POINT('',(-3.160484270754E-02,0.490615180712));
#7471 = ( GEOMETRIC_REPRESENTATION_CONTEXT(2) 
PARAMETRIC_REPRESENTATION_CONTEXT() REPRESENTATION_CONTEXT('2D SPACE',''
  ) );
#7472 = PCURVE('',#7473,#7478);
#7473 = PLANE('',#7474);
#7474 = AXIS2_PLACEMENT_3D('',#7475,#7476,#7477);
#7475 = CARTESIAN_POINT('',(-135.916876614,37.618063722435,
    1.490615180712));
#7476 = DIRECTION('',(-0.824704894791,-0.565563291338,
    -1.802137294607E-18));
#7477 = DIRECTION('',(0.565563291338,-0.824704894791,9.629649721936E-35)
  );
#7478 = DEFINITIONAL_REPRESENTATION('',(#7479),#7483);
#7479 = LINE('',#7480,#7481);
#7480 = CARTESIAN_POINT('',(3.160484270752E-02,-0.490615180712));
#7481 = VECTOR('',#7482,1.);
#7482 = DIRECTION('',(-4.231655598525E-02,0.999104253364));
#7483 = ( GEOMETRIC_REPRESENTATION_CONTEXT(2) 
PARAMETRIC_REPRESENTATION_CONTEXT() REPRESENTATION_CONTEXT('2D SPACE',''
  ) );
#7484 = ORIENTED_EDGE('',*,*,#7485,.T.);
#7485 = EDGE_CURVE('',#7459,#6557,#7486,.T.);
#7486 = SURFACE_CURVE('',#7487,(#7491,#7498),.PCURVE_S1.);
#7487 = LINE('',#7488,#7489);
#7488 = CARTESIAN_POINT('',(-135.8990020751,37.591999053955,1.));
#7489 = VECTOR('',#7490,1.);
#7490 = DIRECTION('',(0.,0.,1.));
#7491 = PCURVE('',#6572,#7492);
#7492 = DEFINITIONAL_REPRESENTATION('',(#7493),#7497);
#7493 = LINE('',#7494,#7495);
#7494 = CARTESIAN_POINT('',(1.083439541654E-02,-0.511385628003));
#7495 = VECTOR('',#7496,1.);
#7496 = DIRECTION('',(0.,1.));
#7497 = ( GEOMETRIC_REPRESENTATION_CONTEXT(2) 
PARAMETRIC_REPRESENTATION_CONTEXT() REPRESENTATION_CONTEXT('2D SPACE',''
  ) );
#7498 = PCURVE('',#7499,#7504);
#7499 = PLANE('',#7500);
#7500 = AXIS2_PLACEMENT_3D('',#7501,#7502,#7503);
#7501 = CARTESIAN_POINT('',(-139.9807046825,35.106302754631,
    1.262976624163));
#7502 = DIRECTION('',(-0.520127351292,0.85408871813,1.612994084246E-15)
  );
#7503 = DIRECTION('',(0.85408871813,0.520127351292,0.));
#7504 = DEFINITIONAL_REPRESENTATION('',(#7505),#7508);
#7505 = B_SPLINE_CURVE_WITH_KNOTS('',1,(#7506,#7507),.UNSPECIFIED.,.F.,
  .F.,(2,2),(0.,1.002000808716),.PIECEWISE_BEZIER_KNOTS.);
#7506 = CARTESIAN_POINT('',(4.779014780031,0.262976624163));
#7507 = CARTESIAN_POINT('',(4.779014780031,-0.739024184553));
#7508 = ( GEOMETRIC_REPRESENTATION_CONTEXT(2) 
PARAMETRIC_REPRESENTATION_CONTEXT() REPRESENTATION_CONTEXT('2D SPACE',''
  ) );
#7509 = ADVANCED_FACE('',(#7510),#5548,.T.);
#7510 = FACE_BOUND('',#7511,.T.);
#7511 = EDGE_LOOP('',(#7512,#7537,#7538));
#7512 = ORIENTED_EDGE('',*,*,#7513,.T.);
#7513 = EDGE_CURVE('',#7459,#5346,#7514,.T.);
#7514 = SURFACE_CURVE('',#7515,(#7519,#7526),.PCURVE_S1.);
#7515 = LINE('',#7516,#7517);
#7516 = CARTESIAN_POINT('',(-135.8990020751,37.591999053955,1.));
#7517 = VECTOR('',#7518,1.);
#7518 = DIRECTION('',(0.994072011943,0.108723663809,0.));
#7519 = PCURVE('',#5548,#7520);
#7520 = DEFINITIONAL_REPRESENTATION('',(#7521),#7525);
#7521 = LINE('',#7522,#7523);
#7522 = CARTESIAN_POINT('',(-4.015812601347,2.541252419819));
#7523 = VECTOR('',#7524,1.);
#7524 = DIRECTION('',(-0.994072011943,0.108723663809));
#7525 = ( GEOMETRIC_REPRESENTATION_CONTEXT(2) 
PARAMETRIC_REPRESENTATION_CONTEXT() REPRESENTATION_CONTEXT('2D SPACE',''
  ) );
#7526 = PCURVE('',#7527,#7532);
#7527 = PLANE('',#7528);
#7528 = AXIS2_PLACEMENT_3D('',#7529,#7530,#7531);
#7529 = CARTESIAN_POINT('',(-135.7551316634,37.617997625132,1.));
#7530 = DIRECTION('',(-0.,-0.,-1.));
#7531 = DIRECTION('',(-1.,0.,0.));
#7532 = DEFINITIONAL_REPRESENTATION('',(#7533),#7536);
#7533 = B_SPLINE_CURVE_WITH_KNOTS('',1,(#7534,#7535),.UNSPECIFIED.,.F.,
  .F.,(2,2),(0.,0.321915636266),.PIECEWISE_BEZIER_KNOTS.);
#7534 = CARTESIAN_POINT('',(0.143870411791,-2.599857117677E-02));
#7535 = CARTESIAN_POINT('',(-0.176136912427,9.001276235338E-03));
#7536 = ( GEOMETRIC_REPRESENTATION_CONTEXT(2) 
PARAMETRIC_REPRESENTATION_CONTEXT() REPRESENTATION_CONTEXT('2D SPACE',''
  ) );
#7537 = ORIENTED_EDGE('',*,*,#5535,.T.);
#7538 = ORIENTED_EDGE('',*,*,#7539,.T.);
#7539 = EDGE_CURVE('',#5401,#7459,#7540,.T.);
#7540 = SURFACE_CURVE('',#7541,(#7545,#7552),.PCURVE_S1.);
#7541 = LINE('',#7542,#7543);
#7542 = CARTESIAN_POINT('',(-144.2279968261,32.409000396729,1.));
#7543 = VECTOR('',#7544,1.);
#7544 = DIRECTION('',(0.849033144593,0.528339587181,0.));
#7545 = PCURVE('',#5548,#7546);
#7546 = DEFINITIONAL_REPRESENTATION('',(#7547),#7551);
#7547 = LINE('',#7548,#7549);
#7548 = CARTESIAN_POINT('',(4.313182149629,-2.641746237408));
#7549 = VECTOR('',#7550,1.);
#7550 = DIRECTION('',(-0.849033144593,0.528339587181));
#7551 = ( GEOMETRIC_REPRESENTATION_CONTEXT(2) 
PARAMETRIC_REPRESENTATION_CONTEXT() REPRESENTATION_CONTEXT('2D SPACE',''
  ) );
#7552 = PCURVE('',#7553,#7558);
#7553 = PLANE('',#7554);
#7554 = AXIS2_PLACEMENT_3D('',#7555,#7556,#7557);
#7555 = CARTESIAN_POINT('',(-140.1756686005,34.959854522882,1.));
#7556 = DIRECTION('',(-0.,-0.,-1.));
#7557 = DIRECTION('',(-1.,0.,0.));
#7558 = DEFINITIONAL_REPRESENTATION('',(#7559),#7562);
#7559 = B_SPLINE_CURVE_WITH_KNOTS('',1,(#7560,#7561),.UNSPECIFIED.,.F.,
  .F.,(2,2),(0.,9.809975975639),.PIECEWISE_BEZIER_KNOTS.);
#7560 = CARTESIAN_POINT('',(4.052328225665,-2.550854126154));
#7561 = CARTESIAN_POINT('',(-4.276666525312,2.632144531073));
#7562 = ( GEOMETRIC_REPRESENTATION_CONTEXT(2) 
PARAMETRIC_REPRESENTATION_CONTEXT() REPRESENTATION_CONTEXT('2D SPACE',''
  ) );
#7563 = ADVANCED_FACE('',(#7564),#7527,.T.);
#7564 = FACE_BOUND('',#7565,.T.);
#7565 = EDGE_LOOP('',(#7566,#7567,#7589));
#7566 = ORIENTED_EDGE('',*,*,#7513,.F.);
#7567 = ORIENTED_EDGE('',*,*,#7568,.T.);
#7568 = EDGE_CURVE('',#7459,#7569,#7571,.T.);
#7569 = VERTEX_POINT('',#7570);
#7570 = CARTESIAN_POINT('',(-135.9230041503,37.626998901367,1.));
#7571 = SURFACE_CURVE('',#7572,(#7576,#7583),.PCURVE_S1.);
#7572 = LINE('',#7573,#7574);
#7573 = CARTESIAN_POINT('',(-135.8990020751,37.591999053955,1.));
#7574 = VECTOR('',#7575,1.);
#7575 = DIRECTION('',(-0.565563291338,0.824704894791,0.));
#7576 = PCURVE('',#7527,#7577);
#7577 = DEFINITIONAL_REPRESENTATION('',(#7578),#7582);
#7578 = LINE('',#7579,#7580);
#7579 = CARTESIAN_POINT('',(0.143870411791,-2.599857117677E-02));
#7580 = VECTOR('',#7581,1.);
#7581 = DIRECTION('',(0.565563291338,0.824704894791));
#7582 = ( GEOMETRIC_REPRESENTATION_CONTEXT(2) 
PARAMETRIC_REPRESENTATION_CONTEXT() REPRESENTATION_CONTEXT('2D SPACE',''
  ) );
#7583 = PCURVE('',#7473,#7584);
#7584 = DEFINITIONAL_REPRESENTATION('',(#7585),#7588);
#7585 = B_SPLINE_CURVE_WITH_KNOTS('',1,(#7586,#7587),.UNSPECIFIED.,.F.,
  .F.,(2,2),(0.,4.243923812408E-02),.PIECEWISE_BEZIER_KNOTS.);
#7586 = CARTESIAN_POINT('',(3.160484270752E-02,-0.490615180712));
#7587 = CARTESIAN_POINT('',(-1.083439541656E-02,-0.490615180712));
#7588 = ( GEOMETRIC_REPRESENTATION_CONTEXT(2) 
PARAMETRIC_REPRESENTATION_CONTEXT() REPRESENTATION_CONTEXT('2D SPACE',''
  ) );
#7589 = ORIENTED_EDGE('',*,*,#7590,.F.);
#7590 = EDGE_CURVE('',#5346,#7569,#7591,.T.);
#7591 = SURFACE_CURVE('',#7592,(#7596,#7602),.PCURVE_S1.);
#7592 = LINE('',#7593,#7594);
#7593 = CARTESIAN_POINT('',(-135.5789947509,37.626998901367,1.));
#7594 = VECTOR('',#7595,1.);
#7595 = DIRECTION('',(-1.,0.,0.));
#7596 = PCURVE('',#7527,#7597);
#7597 = DEFINITIONAL_REPRESENTATION('',(#7598),#7601);
#7598 = B_SPLINE_CURVE_WITH_KNOTS('',1,(#7599,#7600),.UNSPECIFIED.,.F.,
  .F.,(2,2),(0.,0.344009399414),.PIECEWISE_BEZIER_KNOTS.);
#7599 = CARTESIAN_POINT('',(-0.176136912427,9.001276235338E-03));
#7600 = CARTESIAN_POINT('',(0.167872486987,9.001276235338E-03));
#7601 = ( GEOMETRIC_REPRESENTATION_CONTEXT(2) 
PARAMETRIC_REPRESENTATION_CONTEXT() REPRESENTATION_CONTEXT('2D SPACE',''
  ) );
#7602 = PCURVE('',#5385,#7603);
#7603 = DEFINITIONAL_REPRESENTATION('',(#7604),#7608);
#7604 = LINE('',#7605,#7606);
#7605 = CARTESIAN_POINT('',(-0.429350179995,0.100354475344));
#7606 = VECTOR('',#7607,1.);
#7607 = DIRECTION('',(0.,-1.));
#7608 = ( GEOMETRIC_REPRESENTATION_CONTEXT(2) 
PARAMETRIC_REPRESENTATION_CONTEXT() REPRESENTATION_CONTEXT('2D SPACE',''
  ) );
#7609 = ADVANCED_FACE('',(#7610),#5385,.T.);
#7610 = FACE_BOUND('',#7611,.T.);
#7611 = EDGE_LOOP('',(#7612,#7613,#7633));
#7612 = ORIENTED_EDGE('',*,*,#7590,.T.);
#7613 = ORIENTED_EDGE('',*,*,#7614,.T.);
#7614 = EDGE_CURVE('',#7569,#5290,#7615,.T.);
#7615 = SURFACE_CURVE('',#7616,(#7620,#7627),.PCURVE_S1.);
#7616 = LINE('',#7617,#7618);
#7617 = CARTESIAN_POINT('',(-135.9230041503,37.626998901367,1.));
#7618 = VECTOR('',#7619,1.);
#7619 = DIRECTION('',(0.324718119755,0.,0.945810838753));
#7620 = PCURVE('',#5385,#7621);
#7621 = DEFINITIONAL_REPRESENTATION('',(#7622),#7626);
#7622 = LINE('',#7623,#7624);
#7623 = CARTESIAN_POINT('',(-0.429350179995,-0.24365492407));
#7624 = VECTOR('',#7625,1.);
#7625 = DIRECTION('',(0.945810838753,0.324718119755));
#7626 = ( GEOMETRIC_REPRESENTATION_CONTEXT(2) 
PARAMETRIC_REPRESENTATION_CONTEXT() REPRESENTATION_CONTEXT('2D SPACE',''
  ) );
#7627 = PCURVE('',#6646,#7628);
#7628 = DEFINITIONAL_REPRESENTATION('',(#7629),#7632);
#7629 = B_SPLINE_CURVE_WITH_KNOTS('',1,(#7630,#7631),.UNSPECIFIED.,.F.,
  .F.,(2,2),(0.,1.059409310679),.PIECEWISE_BEZIER_KNOTS.);
#7630 = CARTESIAN_POINT('',(-0.572650628721,-0.100354475344));
#7631 = CARTESIAN_POINT('',(0.429350179995,0.24365492407));
#7632 = ( GEOMETRIC_REPRESENTATION_CONTEXT(2) 
PARAMETRIC_REPRESENTATION_CONTEXT() REPRESENTATION_CONTEXT('2D SPACE',''
  ) );
#7633 = ORIENTED_EDGE('',*,*,#5372,.T.);
#7634 = ADVANCED_FACE('',(#7635),#7473,.T.);
#7635 = FACE_BOUND('',#7636,.T.);
#7636 = EDGE_LOOP('',(#7637,#7638,#7658));
#7637 = ORIENTED_EDGE('',*,*,#7458,.T.);
#7638 = ORIENTED_EDGE('',*,*,#7639,.T.);
#7639 = EDGE_CURVE('',#6471,#7569,#7640,.T.);
#7640 = SURFACE_CURVE('',#7641,(#7645,#7652),.PCURVE_S1.);
#7641 = LINE('',#7642,#7643);
#7642 = CARTESIAN_POINT('',(-135.9230041503,37.626998901367,
    2.002000808716));
#7643 = VECTOR('',#7644,1.);
#7644 = DIRECTION('',(0.,0.,-1.));
#7645 = PCURVE('',#7473,#7646);
#7646 = DEFINITIONAL_REPRESENTATION('',(#7647),#7651);
#7647 = LINE('',#7648,#7649);
#7648 = CARTESIAN_POINT('',(-1.083439541656E-02,0.511385628003));
#7649 = VECTOR('',#7650,1.);
#7650 = DIRECTION('',(0.,-1.));
#7651 = ( GEOMETRIC_REPRESENTATION_CONTEXT(2) 
PARAMETRIC_REPRESENTATION_CONTEXT() REPRESENTATION_CONTEXT('2D SPACE',''
  ) );
#7652 = PCURVE('',#6646,#7653);
#7653 = DEFINITIONAL_REPRESENTATION('',(#7654),#7657);
#7654 = B_SPLINE_CURVE_WITH_KNOTS('',1,(#7655,#7656),.UNSPECIFIED.,.F.,
  .F.,(2,2),(0.,1.002000808716),.PIECEWISE_BEZIER_KNOTS.);
#7655 = CARTESIAN_POINT('',(0.429350179995,-0.100354475344));
#7656 = CARTESIAN_POINT('',(-0.572650628721,-0.100354475344));
#7657 = ( GEOMETRIC_REPRESENTATION_CONTEXT(2) 
PARAMETRIC_REPRESENTATION_CONTEXT() REPRESENTATION_CONTEXT('2D SPACE',''
  ) );
#7658 = ORIENTED_EDGE('',*,*,#7568,.F.);
#7659 = ADVANCED_FACE('',(#7660),#6247,.T.);
#7660 = FACE_BOUND('',#7661,.T.);
#7661 = EDGE_LOOP('',(#7662,#7687,#7688));
#7662 = ORIENTED_EDGE('',*,*,#7663,.T.);
#7663 = EDGE_CURVE('',#6419,#6206,#7664,.T.);
#7664 = SURFACE_CURVE('',#7665,(#7669,#7676),.PCURVE_S1.);
#7665 = LINE('',#7666,#7667);
#7666 = CARTESIAN_POINT('',(-135.1910095214,37.626998901367,1.));
#7667 = VECTOR('',#7668,1.);
#7668 = DIRECTION('',(3.689916442282E-02,-0.999318993948,0.));
#7669 = PCURVE('',#6247,#7670);
#7670 = DEFINITIONAL_REPRESENTATION('',(#7671),#7675);
#7671 = LINE('',#7672,#7673);
#7672 = CARTESIAN_POINT('',(9.435202065723E-02,2.629740850866));
#7673 = VECTOR('',#7674,1.);
#7674 = DIRECTION('',(-3.689916442282E-02,-0.999318993948));
#7675 = ( GEOMETRIC_REPRESENTATION_CONTEXT(2) 
PARAMETRIC_REPRESENTATION_CONTEXT() REPRESENTATION_CONTEXT('2D SPACE',''
  ) );
#7676 = PCURVE('',#7677,#7682);
#7677 = PLANE('',#7678);
#7678 = AXIS2_PLACEMENT_3D('',#7679,#7680,#7681);
#7679 = CARTESIAN_POINT('',(-83.32905812745,32.531953223095,1.));
#7680 = DIRECTION('',(-0.,-0.,-1.));
#7681 = DIRECTION('',(-1.,0.,0.));
#7682 = DEFINITIONAL_REPRESENTATION('',(#7683),#7686);
#7683 = B_SPLINE_CURVE_WITH_KNOTS('',1,(#7684,#7685),.UNSPECIFIED.,.F.,
  .F.,(2,2),(0.,5.257578245339),.PIECEWISE_BEZIER_KNOTS.);
#7684 = CARTESIAN_POINT('',(51.861951394029,5.095045678272));
#7685 = CARTESIAN_POINT('',(51.667951149888,-0.158952124462));
#7686 = ( GEOMETRIC_REPRESENTATION_CONTEXT(2) 
PARAMETRIC_REPRESENTATION_CONTEXT() REPRESENTATION_CONTEXT('2D SPACE',''
  ) );
#7687 = ORIENTED_EDGE('',*,*,#6233,.F.);
#7688 = ORIENTED_EDGE('',*,*,#6445,.F.);
#7689 = ADVANCED_FACE('',(#7690),#6541,.T.);
#7690 = FACE_BOUND('',#7691,.T.);
#7691 = EDGE_LOOP('',(#7692,#7712,#7713));
#7692 = ORIENTED_EDGE('',*,*,#7693,.T.);
#7693 = EDGE_CURVE('',#5654,#6469,#7694,.T.);
#7694 = SURFACE_CURVE('',#7695,(#7699,#7706),.PCURVE_S1.);
#7695 = LINE('',#7696,#7697);
#7696 = CARTESIAN_POINT('',(-138.7270050048,37.749000549316,
    2.002000808716));
#7697 = VECTOR('',#7698,1.);
#7698 = DIRECTION('',(1.,0.,0.));
#7699 = PCURVE('',#6541,#7700);
#7700 = DEFINITIONAL_REPRESENTATION('',(#7701),#7705);
#7701 = LINE('',#7702,#7703);
#7702 = CARTESIAN_POINT('',(-3.055534698591E-02,1.676064996245));
#7703 = VECTOR('',#7704,1.);
#7704 = DIRECTION('',(0.,-1.));
#7705 = ( GEOMETRIC_REPRESENTATION_CONTEXT(2) 
PARAMETRIC_REPRESENTATION_CONTEXT() REPRESENTATION_CONTEXT('2D SPACE',''
  ) );
#7706 = PCURVE('',#7162,#7707);
#7707 = DEFINITIONAL_REPRESENTATION('',(#7708),#7711);
#7708 = B_SPLINE_CURVE_WITH_KNOTS('',1,(#7709,#7710),.UNSPECIFIED.,.F.,
  .F.,(2,2),(0.,3.349014282227),.PIECEWISE_BEZIER_KNOTS.);
#7709 = CARTESIAN_POINT('',(-0.287171052097,-1.888336493374));
#7710 = CARTESIAN_POINT('',(-0.287171052097,1.460677788852));
#7711 = ( GEOMETRIC_REPRESENTATION_CONTEXT(2) 
PARAMETRIC_REPRESENTATION_CONTEXT() REPRESENTATION_CONTEXT('2D SPACE',''
  ) );
#7712 = ORIENTED_EDGE('',*,*,#6527,.F.);
#7713 = ORIENTED_EDGE('',*,*,#7714,.F.);
#7714 = EDGE_CURVE('',#5654,#5206,#7715,.T.);
#7715 = SURFACE_CURVE('',#7716,(#7720,#7726),.PCURVE_S1.);
#7716 = LINE('',#7717,#7718);
#7717 = CARTESIAN_POINT('',(-138.7270050048,37.749000549316,
    2.002000808716));
#7718 = VECTOR('',#7719,1.);
#7719 = DIRECTION('',(0.99884935366,-4.795798883777E-02,0.));
#7720 = PCURVE('',#6541,#7721);
#7721 = DEFINITIONAL_REPRESENTATION('',(#7722),#7725);
#7722 = B_SPLINE_CURVE_WITH_KNOTS('',1,(#7723,#7724),.UNSPECIFIED.,.F.,
  .F.,(2,2),(0.,2.54392752711),.PIECEWISE_BEZIER_KNOTS.);
#7723 = CARTESIAN_POINT('',(-3.055534698591E-02,1.676064996245));
#7724 = CARTESIAN_POINT('',(9.144630096331E-02,-0.864935369965));
#7725 = ( GEOMETRIC_REPRESENTATION_CONTEXT(2) 
PARAMETRIC_REPRESENTATION_CONTEXT() REPRESENTATION_CONTEXT('2D SPACE',''
  ) );
#7726 = PCURVE('',#7727,#7732);
#7727 = PLANE('',#7728);
#7728 = AXIS2_PLACEMENT_3D('',#7729,#7730,#7731);
#7729 = CARTESIAN_POINT('',(-137.4794915577,37.658440345825,
    2.002000808716));
#7730 = DIRECTION('',(-0.,-0.,-1.));
#7731 = DIRECTION('',(-1.,0.,0.));
#7732 = DEFINITIONAL_REPRESENTATION('',(#7733),#7737);
#7733 = LINE('',#7734,#7735);
#7734 = CARTESIAN_POINT('',(1.247513447093,9.056020349141E-02));
#7735 = VECTOR('',#7736,1.);
#7736 = DIRECTION('',(-0.99884935366,-4.795798883777E-02));
#7737 = ( GEOMETRIC_REPRESENTATION_CONTEXT(2) 
PARAMETRIC_REPRESENTATION_CONTEXT() REPRESENTATION_CONTEXT('2D SPACE',''
  ) );
#7738 = ADVANCED_FACE('',(#7739),#7727,.T.);
#7739 = FACE_BOUND('',#7740,.T.);
#7740 = EDGE_LOOP('',(#7741,#7768,#7788));
#7741 = ORIENTED_EDGE('',*,*,#7742,.T.);
#7742 = EDGE_CURVE('',#5206,#7743,#7745,.T.);
#7743 = VERTEX_POINT('',#7744);
#7744 = CARTESIAN_POINT('',(-138.6959991455,37.626998901367,
    2.002000808716));
#7745 = SURFACE_CURVE('',#7746,(#7750,#7757),.PCURVE_S1.);
#7746 = LINE('',#7747,#7748);
#7747 = CARTESIAN_POINT('',(-136.1860046386,37.626998901367,
    2.002000808716));
#7748 = VECTOR('',#7749,1.);
#7749 = DIRECTION('',(-1.,0.,0.));
#7750 = PCURVE('',#7727,#7751);
#7751 = DEFINITIONAL_REPRESENTATION('',(#7752),#7756);
#7752 = LINE('',#7753,#7754);
#7753 = CARTESIAN_POINT('',(-1.293486919118,-3.14414444578E-02));
#7754 = VECTOR('',#7755,1.);
#7755 = DIRECTION('',(1.,0.));
#7756 = ( GEOMETRIC_REPRESENTATION_CONTEXT(2) 
PARAMETRIC_REPRESENTATION_CONTEXT() REPRESENTATION_CONTEXT('2D SPACE',''
  ) );
#7757 = PCURVE('',#7758,#7763);
#7758 = PLANE('',#7759);
#7759 = AXIS2_PLACEMENT_3D('',#7760,#7761,#7762);
#7760 = CARTESIAN_POINT('',(-137.2386545101,37.626998901367,
    1.703347786261));
#7761 = DIRECTION('',(0.,1.,0.));
#7762 = DIRECTION('',(0.,-0.,1.));
#7763 = DEFINITIONAL_REPRESENTATION('',(#7764),#7767);
#7764 = B_SPLINE_CURVE_WITH_KNOTS('',1,(#7765,#7766),.UNSPECIFIED.,.F.,
  .F.,(2,2),(0.,2.509994506836),.PIECEWISE_BEZIER_KNOTS.);
#7765 = CARTESIAN_POINT('',(0.298653022455,1.052649871515));
#7766 = CARTESIAN_POINT('',(0.298653022455,-1.457344635321));
#7767 = ( GEOMETRIC_REPRESENTATION_CONTEXT(2) 
PARAMETRIC_REPRESENTATION_CONTEXT() REPRESENTATION_CONTEXT('2D SPACE',''
  ) );
#7768 = ORIENTED_EDGE('',*,*,#7769,.T.);
#7769 = EDGE_CURVE('',#7743,#5654,#7770,.T.);
#7770 = SURFACE_CURVE('',#7771,(#7775,#7782),.PCURVE_S1.);
#7771 = LINE('',#7772,#7773);
#7772 = CARTESIAN_POINT('',(-138.6959991455,37.626998901367,
    2.002000808716));
#7773 = VECTOR('',#7774,1.);
#7774 = DIRECTION('',(-0.246312902469,0.969190360083,0.));
#7775 = PCURVE('',#7727,#7776);
#7776 = DEFINITIONAL_REPRESENTATION('',(#7777),#7781);
#7777 = LINE('',#7778,#7779);
#7778 = CARTESIAN_POINT('',(1.216507587718,-3.14414444578E-02));
#7779 = VECTOR('',#7780,1.);
#7780 = DIRECTION('',(0.246312902469,0.969190360083));
#7781 = ( GEOMETRIC_REPRESENTATION_CONTEXT(2) 
PARAMETRIC_REPRESENTATION_CONTEXT() REPRESENTATION_CONTEXT('2D SPACE',''
  ) );
#7782 = PCURVE('',#5693,#7783);
#7783 = DEFINITIONAL_REPRESENTATION('',(#7784),#7787);
#7784 = B_SPLINE_CURVE_WITH_KNOTS('',1,(#7785,#7786),.UNSPECIFIED.,.F.,
  .F.,(2,2),(0.,0.125879964323),.PIECEWISE_BEZIER_KNOTS.);
#7785 = CARTESIAN_POINT('',(-0.846964453515,0.640397673039));
#7786 = CARTESIAN_POINT('',(-0.81595859414,0.762399320988));
#7787 = ( GEOMETRIC_REPRESENTATION_CONTEXT(2) 
PARAMETRIC_REPRESENTATION_CONTEXT() REPRESENTATION_CONTEXT('2D SPACE',''
  ) );
#7788 = ORIENTED_EDGE('',*,*,#7714,.T.);
#7789 = ADVANCED_FACE('',(#7790),#7758,.T.);
#7790 = FACE_BOUND('',#7791,.T.);
#7791 = EDGE_LOOP('',(#7792,#7819,#7844));
#7792 = ORIENTED_EDGE('',*,*,#7793,.T.);
#7793 = EDGE_CURVE('',#5206,#7794,#7796,.T.);
#7794 = VERTEX_POINT('',#7795);
#7795 = CARTESIAN_POINT('',(-136.1860046386,37.626998901367,1.));
#7796 = SURFACE_CURVE('',#7797,(#7801,#7808),.PCURVE_S1.);
#7797 = LINE('',#7798,#7799);
#7798 = CARTESIAN_POINT('',(-136.1860046386,37.626998901367,
    2.002000808716));
#7799 = VECTOR('',#7800,1.);
#7800 = DIRECTION('',(0.,0.,-1.));
#7801 = PCURVE('',#7758,#7802);
#7802 = DEFINITIONAL_REPRESENTATION('',(#7803),#7807);
#7803 = LINE('',#7804,#7805);
#7804 = CARTESIAN_POINT('',(0.298653022455,1.052649871515));
#7805 = VECTOR('',#7806,1.);
#7806 = DIRECTION('',(-1.,0.));
#7807 = ( GEOMETRIC_REPRESENTATION_CONTEXT(2) 
PARAMETRIC_REPRESENTATION_CONTEXT() REPRESENTATION_CONTEXT('2D SPACE',''
  ) );
#7808 = PCURVE('',#7809,#7814);
#7809 = PLANE('',#7810);
#7810 = AXIS2_PLACEMENT_3D('',#7811,#7812,#7813);
#7811 = CARTESIAN_POINT('',(-140.279176332,35.134319847929,
    1.262943403948));
#7812 = DIRECTION('',(0.520127085076,-0.854088880252,-0.));
#7813 = DIRECTION('',(-0.854088880252,-0.520127085076,0.));
#7814 = DEFINITIONAL_REPRESENTATION('',(#7815),#7818);
#7815 = B_SPLINE_CURVE_WITH_KNOTS('',1,(#7816,#7817),.UNSPECIFIED.,.F.,
  .F.,(2,2),(0.,1.002000808716),.PIECEWISE_BEZIER_KNOTS.);
#7816 = CARTESIAN_POINT('',(-4.792442318354,-0.739057404768));
#7817 = CARTESIAN_POINT('',(-4.792442318354,0.262943403948));
#7818 = ( GEOMETRIC_REPRESENTATION_CONTEXT(2) 
PARAMETRIC_REPRESENTATION_CONTEXT() REPRESENTATION_CONTEXT('2D SPACE',''
  ) );
#7819 = ORIENTED_EDGE('',*,*,#7820,.T.);
#7820 = EDGE_CURVE('',#7794,#7743,#7821,.T.);
#7821 = SURFACE_CURVE('',#7822,(#7826,#7833),.PCURVE_S1.);
#7822 = LINE('',#7823,#7824);
#7823 = CARTESIAN_POINT('',(-136.1860046386,37.626998901367,1.));
#7824 = VECTOR('',#7825,1.);
#7825 = DIRECTION('',(-0.928731270404,0.,0.370753593878));
#7826 = PCURVE('',#7758,#7827);
#7827 = DEFINITIONAL_REPRESENTATION('',(#7828),#7832);
#7828 = LINE('',#7829,#7830);
#7829 = CARTESIAN_POINT('',(-0.703347786261,1.052649871515));
#7830 = VECTOR('',#7831,1.);
#7831 = DIRECTION('',(0.370753593878,-0.928731270404));
#7832 = ( GEOMETRIC_REPRESENTATION_CONTEXT(2) 
PARAMETRIC_REPRESENTATION_CONTEXT() REPRESENTATION_CONTEXT('2D SPACE',''
  ) );
#7833 = PCURVE('',#7834,#7839);
#7834 = PLANE('',#7835);
#7835 = AXIS2_PLACEMENT_3D('',#7836,#7837,#7838);
#7836 = CARTESIAN_POINT('',(-137.6433492739,37.626998901367,
    1.298653022455));
#7837 = DIRECTION('',(0.,1.,0.));
#7838 = DIRECTION('',(0.,-0.,1.));
#7839 = DEFINITIONAL_REPRESENTATION('',(#7840),#7843);
#7840 = B_SPLINE_CURVE_WITH_KNOTS('',1,(#7841,#7842),.UNSPECIFIED.,.F.,
  .F.,(2,2),(0.,2.702605787941),.PIECEWISE_BEZIER_KNOTS.);
#7841 = CARTESIAN_POINT('',(-0.298653022455,1.457344635321));
#7842 = CARTESIAN_POINT('',(0.703347786261,-1.052649871515));
#7843 = ( GEOMETRIC_REPRESENTATION_CONTEXT(2) 
PARAMETRIC_REPRESENTATION_CONTEXT() REPRESENTATION_CONTEXT('2D SPACE',''
  ) );
#7844 = ORIENTED_EDGE('',*,*,#7742,.F.);
#7845 = ADVANCED_FACE('',(#7846),#5693,.T.);
#7846 = FACE_BOUND('',#7847,.T.);
#7847 = EDGE_LOOP('',(#7848,#7849,#7874));
#7848 = ORIENTED_EDGE('',*,*,#7769,.F.);
#7849 = ORIENTED_EDGE('',*,*,#7850,.T.);
#7850 = EDGE_CURVE('',#7743,#5564,#7851,.T.);
#7851 = SURFACE_CURVE('',#7852,(#7856,#7863),.PCURVE_S1.);
#7852 = LINE('',#7853,#7854);
#7853 = CARTESIAN_POINT('',(-138.6959991455,37.626998901367,
    2.002000808716));
#7854 = VECTOR('',#7855,1.);
#7855 = DIRECTION('',(-0.780428313859,-0.625245269416,0.));
#7856 = PCURVE('',#5693,#7857);
#7857 = DEFINITIONAL_REPRESENTATION('',(#7858),#7862);
#7858 = LINE('',#7859,#7860);
#7859 = CARTESIAN_POINT('',(-0.846964453515,0.640397673039));
#7860 = VECTOR('',#7861,1.);
#7861 = DIRECTION('',(0.780428313859,-0.625245269416));
#7862 = ( GEOMETRIC_REPRESENTATION_CONTEXT(2) 
PARAMETRIC_REPRESENTATION_CONTEXT() REPRESENTATION_CONTEXT('2D SPACE',''
  ) );
#7863 = PCURVE('',#7864,#7869);
#7864 = PLANE('',#7865);
#7865 = AXIS2_PLACEMENT_3D('',#7866,#7867,#7868);
#7866 = CARTESIAN_POINT('',(-139.7117565783,36.813218162665,
    1.697372548166));
#7867 = DIRECTION('',(-0.625245269416,0.780428313859,0.));
#7868 = DIRECTION('',(0.780428313859,0.625245269416,0.));
#7869 = DEFINITIONAL_REPRESENTATION('',(#7870),#7873);
#7870 = B_SPLINE_CURVE_WITH_KNOTS('',1,(#7871,#7872),.UNSPECIFIED.,.F.,
  .F.,(2,2),(0.,2.210332548015),.PIECEWISE_BEZIER_KNOTS.);
#7871 = CARTESIAN_POINT('',(1.301538417816,-0.30462826055));
#7872 = CARTESIAN_POINT('',(-0.908794130199,-0.30462826055));
#7873 = ( GEOMETRIC_REPRESENTATION_CONTEXT(2) 
PARAMETRIC_REPRESENTATION_CONTEXT() REPRESENTATION_CONTEXT('2D SPACE',''
  ) );
#7874 = ORIENTED_EDGE('',*,*,#5680,.T.);
#7875 = ADVANCED_FACE('',(#7876),#6646,.T.);
#7876 = FACE_BOUND('',#7877,.T.);
#7877 = EDGE_LOOP('',(#7878,#7879,#7880));
#7878 = ORIENTED_EDGE('',*,*,#6632,.F.);
#7879 = ORIENTED_EDGE('',*,*,#7614,.F.);
#7880 = ORIENTED_EDGE('',*,*,#7639,.F.);
#7881 = ADVANCED_FACE('',(#7882),#7417,.T.);
#7882 = FACE_BOUND('',#7883,.T.);
#7883 = EDGE_LOOP('',(#7884,#7904,#7929));
#7884 = ORIENTED_EDGE('',*,*,#7885,.T.);
#7885 = EDGE_CURVE('',#7290,#7015,#7886,.T.);
#7886 = SURFACE_CURVE('',#7887,(#7891,#7898),.PCURVE_S1.);
#7887 = LINE('',#7888,#7889);
#7888 = CARTESIAN_POINT('',(-135.3430023193,38.520000457764,
    2.002000808716));
#7889 = VECTOR('',#7890,1.);
#7890 = DIRECTION('',(0.,0.,-1.));
#7891 = PCURVE('',#7417,#7892);
#7892 = DEFINITIONAL_REPRESENTATION('',(#7893),#7897);
#7893 = LINE('',#7894,#7895);
#7894 = CARTESIAN_POINT('',(0.892832827262,-0.305383905943));
#7895 = VECTOR('',#7896,1.);
#7896 = DIRECTION('',(0.,1.));
#7897 = ( GEOMETRIC_REPRESENTATION_CONTEXT(2) 
PARAMETRIC_REPRESENTATION_CONTEXT() REPRESENTATION_CONTEXT('2D SPACE',''
  ) );
#7898 = PCURVE('',#7305,#7899);
#7899 = DEFINITIONAL_REPRESENTATION('',(#7900),#7903);
#7900 = B_SPLINE_CURVE_WITH_KNOTS('',1,(#7901,#7902),.UNSPECIFIED.,.F.,
  .F.,(2,2),(0.,1.002000808716),.PIECEWISE_BEZIER_KNOTS.);
#7901 = CARTESIAN_POINT('',(0.375900507854,-0.249900103496));
#7902 = CARTESIAN_POINT('',(-0.626100300862,-0.249900103496));
#7903 = ( GEOMETRIC_REPRESENTATION_CONTEXT(2) 
PARAMETRIC_REPRESENTATION_CONTEXT() REPRESENTATION_CONTEXT('2D SPACE',''
  ) );
#7904 = ORIENTED_EDGE('',*,*,#7905,.T.);
#7905 = EDGE_CURVE('',#7015,#7402,#7906,.T.);
#7906 = SURFACE_CURVE('',#7907,(#7911,#7918),.PCURVE_S1.);
#7907 = LINE('',#7908,#7909);
#7908 = CARTESIAN_POINT('',(-135.3430023193,38.520000457764,1.));
#7909 = VECTOR('',#7910,1.);
#7910 = DIRECTION('',(-0.708966008019,0.56792733039,0.418121689069));
#7911 = PCURVE('',#7417,#7912);
#7912 = DEFINITIONAL_REPRESENTATION('',(#7913),#7917);
#7913 = LINE('',#7914,#7915);
#7914 = CARTESIAN_POINT('',(0.892832827262,0.696616902773));
#7915 = VECTOR('',#7916,1.);
#7916 = DIRECTION('',(-0.908391024356,-0.418121689069));
#7917 = ( GEOMETRIC_REPRESENTATION_CONTEXT(2) 
PARAMETRIC_REPRESENTATION_CONTEXT() REPRESENTATION_CONTEXT('2D SPACE',''
  ) );
#7918 = PCURVE('',#7919,#7924);
#7919 = PLANE('',#7920);
#7920 = AXIS2_PLACEMENT_3D('',#7921,#7922,#7923);
#7921 = CARTESIAN_POINT('',(-136.3451687839,39.322800194846,
    1.305383905943));
#7922 = DIRECTION('',(0.625201389228,0.780463466734,3.226737736278E-16)
  );
#7923 = DIRECTION('',(0.780463466734,-0.625201389228,0.));
#7924 = DEFINITIONAL_REPRESENTATION('',(#7925),#7928);
#7925 = B_SPLINE_CURVE_WITH_KNOTS('',1,(#7926,#7927),.UNSPECIFIED.,.F.,
  .F.,(2,2),(0.,2.39643346641),.PIECEWISE_BEZIER_KNOTS.);
#7926 = CARTESIAN_POINT('',(1.284065824091,0.305383905943));
#7927 = CARTESIAN_POINT('',(-0.892832827262,-0.696616902773));
#7928 = ( GEOMETRIC_REPRESENTATION_CONTEXT(2) 
PARAMETRIC_REPRESENTATION_CONTEXT() REPRESENTATION_CONTEXT('2D SPACE',''
  ) );
#7929 = ORIENTED_EDGE('',*,*,#7401,.F.);
#7930 = ADVANCED_FACE('',(#7931),#7305,.T.);
#7931 = FACE_BOUND('',#7932,.T.);
#7932 = EDGE_LOOP('',(#7933,#7953,#7954));
#7933 = ORIENTED_EDGE('',*,*,#7934,.T.);
#7934 = EDGE_CURVE('',#6713,#7015,#7935,.T.);
#7935 = SURFACE_CURVE('',#7936,(#7940,#7947),.PCURVE_S1.);
#7936 = LINE('',#7937,#7938);
#7937 = CARTESIAN_POINT('',(-135.3430023193,37.770000457764,
    2.002000808716));
#7938 = VECTOR('',#7939,1.);
#7939 = DIRECTION('',(0.,0.599232396387,-0.800575127718));
#7940 = PCURVE('',#7305,#7941);
#7941 = DEFINITIONAL_REPRESENTATION('',(#7942),#7946);
#7942 = LINE('',#7943,#7944);
#7943 = CARTESIAN_POINT('',(0.375900507854,0.500099896504));
#7944 = VECTOR('',#7945,1.);
#7945 = DIRECTION('',(-0.800575127718,-0.599232396387));
#7946 = ( GEOMETRIC_REPRESENTATION_CONTEXT(2) 
PARAMETRIC_REPRESENTATION_CONTEXT() REPRESENTATION_CONTEXT('2D SPACE',''
  ) );
#7947 = PCURVE('',#7000,#7948);
#7948 = DEFINITIONAL_REPRESENTATION('',(#7949),#7952);
#7949 = B_SPLINE_CURVE_WITH_KNOTS('',1,(#7950,#7951),.UNSPECIFIED.,.F.,
  .F.,(2,2),(0.,1.251601222701),.PIECEWISE_BEZIER_KNOTS.);
#7950 = CARTESIAN_POINT('',(0.626100300862,0.249900103496));
#7951 = CARTESIAN_POINT('',(-0.375900507854,-0.500099896504));
#7952 = ( GEOMETRIC_REPRESENTATION_CONTEXT(2) 
PARAMETRIC_REPRESENTATION_CONTEXT() REPRESENTATION_CONTEXT('2D SPACE',''
  ) );
#7953 = ORIENTED_EDGE('',*,*,#7885,.F.);
#7954 = ORIENTED_EDGE('',*,*,#7289,.F.);
#7955 = ADVANCED_FACE('',(#7956),#7000,.T.);
#7956 = FACE_BOUND('',#7957,.T.);
#7957 = EDGE_LOOP('',(#7958,#7959,#7960));
#7958 = ORIENTED_EDGE('',*,*,#7103,.F.);
#7959 = ORIENTED_EDGE('',*,*,#7934,.F.);
#7960 = ORIENTED_EDGE('',*,*,#6986,.F.);
#7961 = ADVANCED_FACE('',(#7962),#5945,.T.);
#7962 = FACE_BOUND('',#7963,.T.);
#7963 = EDGE_LOOP('',(#7964,#7965,#7966));
#7964 = ORIENTED_EDGE('',*,*,#6374,.F.);
#7965 = ORIENTED_EDGE('',*,*,#5992,.F.);
#7966 = ORIENTED_EDGE('',*,*,#5932,.T.);
#7967 = ADVANCED_FACE('',(#7968),#7274,.T.);
#7968 = FACE_BOUND('',#7969,.T.);
#7969 = EDGE_LOOP('',(#7970,#7971,#7998));
#7970 = ORIENTED_EDGE('',*,*,#7260,.F.);
#7971 = ORIENTED_EDGE('',*,*,#7972,.F.);
#7972 = EDGE_CURVE('',#7973,#7234,#7975,.T.);
#7973 = VERTEX_POINT('',#7974);
#7974 = CARTESIAN_POINT('',(-135.1910095214,38.571998596191,1.));
#7975 = SURFACE_CURVE('',#7976,(#7980,#7986),.PCURVE_S1.);
#7976 = LINE('',#7977,#7978);
#7977 = CARTESIAN_POINT('',(-135.1910095214,38.571998596191,1.));
#7978 = VECTOR('',#7979,1.);
#7979 = DIRECTION('',(-1.979677734585E-03,0.,0.999998040436));
#7980 = PCURVE('',#7274,#7981);
#7981 = DEFINITIONAL_REPRESENTATION('',(#7982),#7985);
#7982 = B_SPLINE_CURVE_WITH_KNOTS('',1,(#7983,#7984),.UNSPECIFIED.,.F.,
  .F.,(2,2),(0.,1.002002772204),.PIECEWISE_BEZIER_KNOTS.);
#7983 = CARTESIAN_POINT('',(0.50149582413,4.964015166422E-04));
#7984 = CARTESIAN_POINT('',(-0.500504984585,-1.487241061483E-03));
#7985 = ( GEOMETRIC_REPRESENTATION_CONTEXT(2) 
PARAMETRIC_REPRESENTATION_CONTEXT() REPRESENTATION_CONTEXT('2D SPACE',''
  ) );
#7986 = PCURVE('',#7987,#7992);
#7987 = PLANE('',#7988);
#7988 = AXIS2_PLACEMENT_3D('',#7989,#7990,#7991);
#7989 = CARTESIAN_POINT('',(-135.1924967625,38.571998596191,
    1.500504984585));
#7990 = DIRECTION('',(-0.,-1.,-0.));
#7991 = DIRECTION('',(0.,0.,-1.));
#7992 = DEFINITIONAL_REPRESENTATION('',(#7993),#7997);
#7993 = LINE('',#7994,#7995);
#7994 = CARTESIAN_POINT('',(0.500504984585,1.487241061483E-03));
#7995 = VECTOR('',#7996,1.);
#7996 = DIRECTION('',(-0.999998040436,-1.979677734585E-03));
#7997 = ( GEOMETRIC_REPRESENTATION_CONTEXT(2) 
PARAMETRIC_REPRESENTATION_CONTEXT() REPRESENTATION_CONTEXT('2D SPACE',''
  ) );
#7998 = ORIENTED_EDGE('',*,*,#7999,.T.);
#7999 = EDGE_CURVE('',#7973,#7178,#8000,.T.);
#8000 = SURFACE_CURVE('',#8001,(#8005,#8012),.PCURVE_S1.);
#8001 = LINE('',#8002,#8003);
#8002 = CARTESIAN_POINT('',(-135.1910095214,38.571998596191,1.));
#8003 = VECTOR('',#8004,1.);
#8004 = DIRECTION('',(0.,0.,1.));
#8005 = PCURVE('',#7274,#8006);
#8006 = DEFINITIONAL_REPRESENTATION('',(#8007),#8011);
#8007 = LINE('',#8008,#8009);
#8008 = CARTESIAN_POINT('',(0.50149582413,4.964015166422E-04));
#8009 = VECTOR('',#8010,1.);
#8010 = DIRECTION('',(-1.,0.));
#8011 = ( GEOMETRIC_REPRESENTATION_CONTEXT(2) 
PARAMETRIC_REPRESENTATION_CONTEXT() REPRESENTATION_CONTEXT('2D SPACE',''
  ) );
#8012 = PCURVE('',#7193,#8013);
#8013 = DEFINITIONAL_REPRESENTATION('',(#8014),#8017);
#8014 = B_SPLINE_CURVE_WITH_KNOTS('',1,(#8015,#8016),.UNSPECIFIED.,.F.,
  .F.,(2,2),(0.,1.002000808716),.PIECEWISE_BEZIER_KNOTS.);
#8015 = CARTESIAN_POINT('',(0.643418745851,-0.330081505919));
#8016 = CARTESIAN_POINT('',(-0.358582062865,-0.330081505919));
#8017 = ( GEOMETRIC_REPRESENTATION_CONTEXT(2) 
PARAMETRIC_REPRESENTATION_CONTEXT() REPRESENTATION_CONTEXT('2D SPACE',''
  ) );
#8018 = ADVANCED_FACE('',(#8019),#7987,.T.);
#8019 = FACE_BOUND('',#8020,.T.);
#8020 = EDGE_LOOP('',(#8021,#8022,#8044));
#8021 = ORIENTED_EDGE('',*,*,#7972,.T.);
#8022 = ORIENTED_EDGE('',*,*,#8023,.T.);
#8023 = EDGE_CURVE('',#7234,#8024,#8026,.T.);
#8024 = VERTEX_POINT('',#8025);
#8025 = CARTESIAN_POINT('',(-135.192993164,38.571998596191,1.));
#8026 = SURFACE_CURVE('',#8027,(#8031,#8038),.PCURVE_S1.);
#8027 = LINE('',#8028,#8029);
#8028 = CARTESIAN_POINT('',(-135.192993164,38.571998596191,
    2.002000808716));
#8029 = VECTOR('',#8030,1.);
#8030 = DIRECTION('',(0.,0.,-1.));
#8031 = PCURVE('',#7987,#8032);
#8032 = DEFINITIONAL_REPRESENTATION('',(#8033),#8037);
#8033 = LINE('',#8034,#8035);
#8034 = CARTESIAN_POINT('',(-0.50149582413,-4.964015166422E-04));
#8035 = VECTOR('',#8036,1.);
#8036 = DIRECTION('',(1.,0.));
#8037 = ( GEOMETRIC_REPRESENTATION_CONTEXT(2) 
PARAMETRIC_REPRESENTATION_CONTEXT() REPRESENTATION_CONTEXT('2D SPACE',''
  ) );
#8038 = PCURVE('',#7361,#8039);
#8039 = DEFINITIONAL_REPRESENTATION('',(#8040),#8043);
#8040 = B_SPLINE_CURVE_WITH_KNOTS('',1,(#8041,#8042),.UNSPECIFIED.,.F.,
  .F.,(2,2),(0.,1.002000808716),.PIECEWISE_BEZIER_KNOTS.);
#8041 = CARTESIAN_POINT('',(-0.94554866552,-0.302964907415));
#8042 = CARTESIAN_POINT('',(-0.94554866552,0.699035901301));
#8043 = ( GEOMETRIC_REPRESENTATION_CONTEXT(2) 
PARAMETRIC_REPRESENTATION_CONTEXT() REPRESENTATION_CONTEXT('2D SPACE',''
  ) );
#8044 = ORIENTED_EDGE('',*,*,#8045,.T.);
#8045 = EDGE_CURVE('',#8024,#7973,#8046,.T.);
#8046 = SURFACE_CURVE('',#8047,(#8051,#8058),.PCURVE_S1.);
#8047 = LINE('',#8048,#8049);
#8048 = CARTESIAN_POINT('',(-135.192993164,38.571998596191,1.));
#8049 = VECTOR('',#8050,1.);
#8050 = DIRECTION('',(1.,0.,0.));
#8051 = PCURVE('',#7987,#8052);
#8052 = DEFINITIONAL_REPRESENTATION('',(#8053),#8057);
#8053 = LINE('',#8054,#8055);
#8054 = CARTESIAN_POINT('',(0.500504984585,-4.964015166422E-04));
#8055 = VECTOR('',#8056,1.);
#8056 = DIRECTION('',(0.,1.));
#8057 = ( GEOMETRIC_REPRESENTATION_CONTEXT(2) 
PARAMETRIC_REPRESENTATION_CONTEXT() REPRESENTATION_CONTEXT('2D SPACE',''
  ) );
#8058 = PCURVE('',#8059,#8064);
#8059 = PLANE('',#8060);
#8060 = AXIS2_PLACEMENT_3D('',#8061,#8062,#8063);
#8061 = CARTESIAN_POINT('',(-140.0947728999,67.322867782873,1.));
#8062 = DIRECTION('',(-0.,-0.,-1.));
#8063 = DIRECTION('',(-1.,0.,0.));
#8064 = DEFINITIONAL_REPRESENTATION('',(#8065),#8068);
#8065 = B_SPLINE_CURVE_WITH_KNOTS('',1,(#8066,#8067),.UNSPECIFIED.,.F.,
  .F.,(2,2),(0.,1.983642578125E-03),.PIECEWISE_BEZIER_KNOTS.);
#8066 = CARTESIAN_POINT('',(-4.901779735838,-28.75086918668));
#8067 = CARTESIAN_POINT('',(-4.903763378416,-28.75086918668));
#8068 = ( GEOMETRIC_REPRESENTATION_CONTEXT(2) 
PARAMETRIC_REPRESENTATION_CONTEXT() REPRESENTATION_CONTEXT('2D SPACE',''
  ) );
#8069 = ADVANCED_FACE('',(#8070),#5813,.T.);
#8070 = FACE_BOUND('',#8071,.T.);
#8071 = EDGE_LOOP('',(#8072,#8073,#8095));
#8072 = ORIENTED_EDGE('',*,*,#5797,.F.);
#8073 = ORIENTED_EDGE('',*,*,#8074,.T.);
#8074 = EDGE_CURVE('',#5798,#8075,#8077,.T.);
#8075 = VERTEX_POINT('',#8076);
#8076 = CARTESIAN_POINT('',(-141.3040008544,32.373001098633,1.));
#8077 = SURFACE_CURVE('',#8078,(#8082,#8089),.PCURVE_S1.);
#8078 = LINE('',#8079,#8080);
#8079 = CARTESIAN_POINT('',(-139.5789947509,33.755001068115,1.));
#8080 = VECTOR('',#8081,1.);
#8081 = DIRECTION('',(-0.780428313859,-0.625245269416,0.));
#8082 = PCURVE('',#5813,#8083);
#8083 = DEFINITIONAL_REPRESENTATION('',(#8084),#8088);
#8084 = LINE('',#8085,#8086);
#8085 = CARTESIAN_POINT('',(-0.858245321432,0.682044829385));
#8086 = VECTOR('',#8087,1.);
#8087 = DIRECTION('',(0.780428313859,-0.625245269416));
#8088 = ( GEOMETRIC_REPRESENTATION_CONTEXT(2) 
PARAMETRIC_REPRESENTATION_CONTEXT() REPRESENTATION_CONTEXT('2D SPACE',''
  ) );
#8089 = PCURVE('',#5894,#8090);
#8090 = DEFINITIONAL_REPRESENTATION('',(#8091),#8094);
#8091 = B_SPLINE_CURVE_WITH_KNOTS('',1,(#8092,#8093),.UNSPECIFIED.,.F.,
  .F.,(2,2),(0.,2.210332548015),.PIECEWISE_BEZIER_KNOTS.);
#8092 = CARTESIAN_POINT('',(-1.301538417816,0.30462826055));
#8093 = CARTESIAN_POINT('',(0.908794130199,0.30462826055));
#8094 = ( GEOMETRIC_REPRESENTATION_CONTEXT(2) 
PARAMETRIC_REPRESENTATION_CONTEXT() REPRESENTATION_CONTEXT('2D SPACE',''
  ) );
#8095 = ORIENTED_EDGE('',*,*,#8096,.F.);
#8096 = EDGE_CURVE('',#5711,#8075,#8097,.T.);
#8097 = SURFACE_CURVE('',#8098,(#8102,#8108),.PCURVE_S1.);
#8098 = LINE('',#8099,#8100);
#8099 = CARTESIAN_POINT('',(-139.5789947509,33.777000427246,1.));
#8100 = VECTOR('',#8101,1.);
#8101 = DIRECTION('',(-0.775578602307,-0.631251005261,0.));
#8102 = PCURVE('',#5813,#8103);
#8103 = DEFINITIONAL_REPRESENTATION('',(#8104),#8107);
#8104 = B_SPLINE_CURVE_WITH_KNOTS('',1,(#8105,#8106),.UNSPECIFIED.,.F.,
  .F.,(2,2),(0.,2.224153810309),.PIECEWISE_BEZIER_KNOTS.);
#8105 = CARTESIAN_POINT('',(-0.858245321432,0.704044188516));
#8106 = CARTESIAN_POINT('',(0.866760782084,-0.699955140097));
#8107 = ( GEOMETRIC_REPRESENTATION_CONTEXT(2) 
PARAMETRIC_REPRESENTATION_CONTEXT() REPRESENTATION_CONTEXT('2D SPACE',''
  ) );
#8108 = PCURVE('',#8109,#8114);
#8109 = PLANE('',#8110);
#8110 = AXIS2_PLACEMENT_3D('',#8111,#8112,#8113);
#8111 = CARTESIAN_POINT('',(-141.6883532022,32.879111077219,1.));
#8112 = DIRECTION('',(-0.,-0.,-1.));
#8113 = DIRECTION('',(-1.,0.,0.));
#8114 = DEFINITIONAL_REPRESENTATION('',(#8115),#8119);
#8115 = LINE('',#8116,#8117);
#8116 = CARTESIAN_POINT('',(-2.109358451238,0.897889350027));
#8117 = VECTOR('',#8118,1.);
#8118 = DIRECTION('',(0.775578602307,-0.631251005261));
#8119 = ( GEOMETRIC_REPRESENTATION_CONTEXT(2) 
PARAMETRIC_REPRESENTATION_CONTEXT() REPRESENTATION_CONTEXT('2D SPACE',''
  ) );
#8120 = ADVANCED_FACE('',(#8121),#8109,.T.);
#8121 = FACE_BOUND('',#8122,.T.);
#8122 = EDGE_LOOP('',(#8123,#8148,#8168));
#8123 = ORIENTED_EDGE('',*,*,#8124,.T.);
#8124 = EDGE_CURVE('',#8075,#6904,#8125,.T.);
#8125 = SURFACE_CURVE('',#8126,(#8130,#8137),.PCURVE_S1.);
#8126 = LINE('',#8127,#8128);
#8127 = CARTESIAN_POINT('',(-141.3040008544,32.373001098633,1.));
#8128 = VECTOR('',#8129,1.);
#8129 = DIRECTION('',(-1.,0.,0.));
#8130 = PCURVE('',#8109,#8131);
#8131 = DEFINITIONAL_REPRESENTATION('',(#8132),#8136);
#8132 = LINE('',#8133,#8134);
#8133 = CARTESIAN_POINT('',(-0.384352347723,-0.506109978587));
#8134 = VECTOR('',#8135,1.);
#8135 = DIRECTION('',(1.,0.));
#8136 = ( GEOMETRIC_REPRESENTATION_CONTEXT(2) 
PARAMETRIC_REPRESENTATION_CONTEXT() REPRESENTATION_CONTEXT('2D SPACE',''
  ) );
#8137 = PCURVE('',#8138,#8143);
#8138 = PLANE('',#8139);
#8139 = AXIS2_PLACEMENT_3D('',#8140,#8141,#8142);
#8140 = CARTESIAN_POINT('',(-142.824945292,32.373001098633,1.29655376953
    ));
#8141 = DIRECTION('',(-0.,-1.,-0.));
#8142 = DIRECTION('',(0.,0.,-1.));
#8143 = DEFINITIONAL_REPRESENTATION('',(#8144),#8147);
#8144 = B_SPLINE_CURVE_WITH_KNOTS('',1,(#8145,#8146),.UNSPECIFIED.,.F.,
  .F.,(2,2),(0.,2.632995605469),.PIECEWISE_BEZIER_KNOTS.);
#8145 = CARTESIAN_POINT('',(0.29655376953,1.520944437562));
#8146 = CARTESIAN_POINT('',(0.29655376953,-1.112051167907));
#8147 = ( GEOMETRIC_REPRESENTATION_CONTEXT(2) 
PARAMETRIC_REPRESENTATION_CONTEXT() REPRESENTATION_CONTEXT('2D SPACE',''
  ) );
#8148 = ORIENTED_EDGE('',*,*,#8149,.T.);
#8149 = EDGE_CURVE('',#6904,#5711,#8150,.T.);
#8150 = SURFACE_CURVE('',#8151,(#8155,#8162),.PCURVE_S1.);
#8151 = LINE('',#8152,#8153);
#8152 = CARTESIAN_POINT('',(-143.9369964599,32.373001098633,1.));
#8153 = VECTOR('',#8154,1.);
#8154 = DIRECTION('',(0.951823905386,0.306645158345,0.));
#8155 = PCURVE('',#8109,#8156);
#8156 = DEFINITIONAL_REPRESENTATION('',(#8157),#8161);
#8157 = LINE('',#8158,#8159);
#8158 = CARTESIAN_POINT('',(2.248643257746,-0.506109978587));
#8159 = VECTOR('',#8160,1.);
#8160 = DIRECTION('',(-0.951823905386,0.306645158345));
#8161 = ( GEOMETRIC_REPRESENTATION_CONTEXT(2) 
PARAMETRIC_REPRESENTATION_CONTEXT() REPRESENTATION_CONTEXT('2D SPACE',''
  ) );
#8162 = PCURVE('',#6919,#8163);
#8163 = DEFINITIONAL_REPRESENTATION('',(#8164),#8167);
#8164 = B_SPLINE_CURVE_WITH_KNOTS('',1,(#8165,#8166),.UNSPECIFIED.,.F.,
  .F.,(2,2),(0.,4.578579802762),.PIECEWISE_BEZIER_KNOTS.);
#8165 = CARTESIAN_POINT('',(4.485769955906,-2.396677188235));
#8166 = CARTESIAN_POINT('',(0.127768246922,-0.992677859622));
#8167 = ( GEOMETRIC_REPRESENTATION_CONTEXT(2) 
PARAMETRIC_REPRESENTATION_CONTEXT() REPRESENTATION_CONTEXT('2D SPACE',''
  ) );
#8168 = ORIENTED_EDGE('',*,*,#8096,.T.);
#8169 = ADVANCED_FACE('',(#8170),#6919,.T.);
#8170 = FACE_BOUND('',#8171,.T.);
#8171 = EDGE_LOOP('',(#8172,#8173,#8174));
#8172 = ORIENTED_EDGE('',*,*,#8149,.F.);
#8173 = ORIENTED_EDGE('',*,*,#6903,.F.);
#8174 = ORIENTED_EDGE('',*,*,#8175,.T.);
#8175 = EDGE_CURVE('',#6319,#5711,#8176,.T.);
#8176 = SURFACE_CURVE('',#8177,(#8181,#8188),.PCURVE_S1.);
#8177 = LINE('',#8178,#8179);
#8178 = CARTESIAN_POINT('',(-135.2279968261,37.626998901367,1.));
#8179 = VECTOR('',#8180,1.);
#8180 = DIRECTION('',(-0.748907825133,-0.662674180464,0.));
#8181 = PCURVE('',#6919,#8182);
#8182 = DEFINITIONAL_REPRESENTATION('',(#8183),#8187);
#8183 = LINE('',#8184,#8185);
#8184 = CARTESIAN_POINT('',(-4.223229677883,2.857320614499));
#8185 = VECTOR('',#8186,1.);
#8186 = DIRECTION('',(0.748907825133,-0.662674180464));
#8187 = ( GEOMETRIC_REPRESENTATION_CONTEXT(2) 
PARAMETRIC_REPRESENTATION_CONTEXT() REPRESENTATION_CONTEXT('2D SPACE',''
  ) );
#8188 = PCURVE('',#6334,#8189);
#8189 = DEFINITIONAL_REPRESENTATION('',(#8190),#8193);
#8190 = B_SPLINE_CURVE_WITH_KNOTS('',1,(#8191,#8192),.UNSPECIFIED.,.F.,
  .F.,(2,2),(0.,5.809790976652),.PIECEWISE_BEZIER_KNOTS.);
#8191 = CARTESIAN_POINT('',(-1.892605106049,2.342169086749));
#8192 = CARTESIAN_POINT('',(2.458392818756,-1.507829387372));
#8193 = ( GEOMETRIC_REPRESENTATION_CONTEXT(2) 
PARAMETRIC_REPRESENTATION_CONTEXT() REPRESENTATION_CONTEXT('2D SPACE',''
  ) );
#8194 = ADVANCED_FACE('',(#8195),#6334,.T.);
#8195 = FACE_BOUND('',#8196,.T.);
#8196 = EDGE_LOOP('',(#8197,#8198,#8199));
#8197 = ORIENTED_EDGE('',*,*,#6318,.F.);
#8198 = ORIENTED_EDGE('',*,*,#6394,.F.);
#8199 = ORIENTED_EDGE('',*,*,#8175,.F.);
#8200 = ADVANCED_FACE('',(#8201),#7089,.T.);
#8201 = FACE_BOUND('',#8202,.T.);
#8202 = EDGE_LOOP('',(#8203,#8225,#8226));
#8203 = ORIENTED_EDGE('',*,*,#8204,.T.);
#8204 = EDGE_CURVE('',#8205,#7015,#8207,.T.);
#8205 = VERTEX_POINT('',#8206);
#8206 = CARTESIAN_POINT('',(-137.0419921875,39.881000518799,1.));
#8207 = SURFACE_CURVE('',#8208,(#8212,#8219),.PCURVE_S1.);
#8208 = LINE('',#8209,#8210);
#8209 = CARTESIAN_POINT('',(-137.0419921875,39.881000518799,1.));
#8210 = VECTOR('',#8211,1.);
#8211 = DIRECTION('',(0.780463466734,-0.625201389228,0.));
#8212 = PCURVE('',#7089,#8213);
#8213 = DEFINITIONAL_REPRESENTATION('',(#8214),#8218);
#8214 = LINE('',#8215,#8216);
#8215 = CARTESIAN_POINT('',(-4.972730110012E-02,1.248022009214));
#8216 = VECTOR('',#8217,1.);
#8217 = DIRECTION('',(-0.780463466734,-0.625201389228));
#8218 = ( GEOMETRIC_REPRESENTATION_CONTEXT(2) 
PARAMETRIC_REPRESENTATION_CONTEXT() REPRESENTATION_CONTEXT('2D SPACE',''
  ) );
#8219 = PCURVE('',#7919,#8220);
#8220 = DEFINITIONAL_REPRESENTATION('',(#8221),#8224);
#8221 = B_SPLINE_CURVE_WITH_KNOTS('',1,(#8222,#8223),.UNSPECIFIED.,.F.,
  .F.,(2,2),(0.,2.176898651353),.PIECEWISE_BEZIER_KNOTS.);
#8222 = CARTESIAN_POINT('',(-0.892832827262,0.305383905943));
#8223 = CARTESIAN_POINT('',(1.284065824091,0.305383905943));
#8224 = ( GEOMETRIC_REPRESENTATION_CONTEXT(2) 
PARAMETRIC_REPRESENTATION_CONTEXT() REPRESENTATION_CONTEXT('2D SPACE',''
  ) );
#8225 = ORIENTED_EDGE('',*,*,#7075,.F.);
#8226 = ORIENTED_EDGE('',*,*,#8227,.F.);
#8227 = EDGE_CURVE('',#8205,#7049,#8228,.T.);
#8228 = SURFACE_CURVE('',#8229,(#8233,#8239),.PCURVE_S1.);
#8229 = LINE('',#8230,#8231);
#8230 = CARTESIAN_POINT('',(-137.0419921875,39.881000518799,1.));
#8231 = VECTOR('',#8232,1.);
#8232 = DIRECTION('',(-0.620064708202,-0.78455067245,0.));
#8233 = PCURVE('',#7089,#8234);
#8234 = DEFINITIONAL_REPRESENTATION('',(#8235),#8238);
#8235 = B_SPLINE_CURVE_WITH_KNOTS('',1,(#8236,#8237),.UNSPECIFIED.,.F.,
  .F.,(2,2),(0.,2.717478990649),.PIECEWISE_BEZIER_KNOTS.);
#8236 = CARTESIAN_POINT('',(-4.972730110012E-02,1.248022009214));
#8237 = CARTESIAN_POINT('',(1.635285516283,-0.883977960269));
#8238 = ( GEOMETRIC_REPRESENTATION_CONTEXT(2) 
PARAMETRIC_REPRESENTATION_CONTEXT() REPRESENTATION_CONTEXT('2D SPACE',''
  ) );
#8239 = PCURVE('',#8240,#8245);
#8240 = PLANE('',#8241);
#8241 = AXIS2_PLACEMENT_3D('',#8242,#8243,#8244);
#8242 = CARTESIAN_POINT('',(-137.8916937617,38.81423523906,1.));
#8243 = DIRECTION('',(-0.,-0.,-1.));
#8244 = DIRECTION('',(-1.,0.,0.));
#8245 = DEFINITIONAL_REPRESENTATION('',(#8246),#8250);
#8246 = LINE('',#8247,#8248);
#8247 = CARTESIAN_POINT('',(-0.849701574228,1.066765279739));
#8248 = VECTOR('',#8249,1.);
#8249 = DIRECTION('',(0.620064708202,-0.78455067245));
#8250 = ( GEOMETRIC_REPRESENTATION_CONTEXT(2) 
PARAMETRIC_REPRESENTATION_CONTEXT() REPRESENTATION_CONTEXT('2D SPACE',''
  ) );
#8251 = ADVANCED_FACE('',(#8252),#8240,.T.);
#8252 = FACE_BOUND('',#8253,.T.);
#8253 = EDGE_LOOP('',(#8254,#8281,#8306));
#8254 = ORIENTED_EDGE('',*,*,#8255,.T.);
#8255 = EDGE_CURVE('',#7049,#8256,#8258,.T.);
#8256 = VERTEX_POINT('',#8257);
#8257 = CARTESIAN_POINT('',(-138.7429962158,37.7619972229,1.));
#8258 = SURFACE_CURVE('',#8259,(#8263,#8270),.PCURVE_S1.);
#8259 = LINE('',#8260,#8261);
#8260 = CARTESIAN_POINT('',(-138.7270050048,37.749000549316,1.));
#8261 = VECTOR('',#8262,1.);
#8262 = DIRECTION('',(-0.776023392159,0.630704126213,0.));
#8263 = PCURVE('',#8240,#8264);
#8264 = DEFINITIONAL_REPRESENTATION('',(#8265),#8269);
#8265 = LINE('',#8266,#8267);
#8266 = CARTESIAN_POINT('',(0.835311243155,-1.065234689744));
#8267 = VECTOR('',#8268,1.);
#8268 = DIRECTION('',(0.776023392159,0.630704126213));
#8269 = ( GEOMETRIC_REPRESENTATION_CONTEXT(2) 
PARAMETRIC_REPRESENTATION_CONTEXT() REPRESENTATION_CONTEXT('2D SPACE',''
  ) );
#8270 = PCURVE('',#8271,#8276);
#8271 = PLANE('',#8272);
#8272 = AXIS2_PLACEMENT_3D('',#8273,#8274,#8275);
#8273 = CARTESIAN_POINT('',(-138.7389573091,37.758714647712,
    1.49590171946));
#8274 = DIRECTION('',(-0.630704126213,-0.776023392159,
    -5.209427790701E-18));
#8275 = DIRECTION('',(-0.776023392159,0.630704126213,0.));
#8276 = DEFINITIONAL_REPRESENTATION('',(#8277),#8280);
#8277 = B_SPLINE_CURVE_WITH_KNOTS('',1,(#8278,#8279),.UNSPECIFIED.,.F.,
  .F.,(2,2),(0.,2.060660941291E-02),.PIECEWISE_BEZIER_KNOTS.);
#8278 = CARTESIAN_POINT('',(-1.540198960461E-02,0.49590171946));
#8279 = CARTESIAN_POINT('',(5.2046198083E-03,0.49590171946));
#8280 = ( GEOMETRIC_REPRESENTATION_CONTEXT(2) 
PARAMETRIC_REPRESENTATION_CONTEXT() REPRESENTATION_CONTEXT('2D SPACE',''
  ) );
#8281 = ORIENTED_EDGE('',*,*,#8282,.T.);
#8282 = EDGE_CURVE('',#8256,#8205,#8283,.T.);
#8283 = SURFACE_CURVE('',#8284,(#8288,#8295),.PCURVE_S1.);
#8284 = LINE('',#8285,#8286);
#8285 = CARTESIAN_POINT('',(-138.7429962158,37.7619972229,1.));
#8286 = VECTOR('',#8287,1.);
#8287 = DIRECTION('',(0.625996010255,0.779826259589,0.));
#8288 = PCURVE('',#8240,#8289);
#8289 = DEFINITIONAL_REPRESENTATION('',(#8290),#8294);
#8290 = LINE('',#8291,#8292);
#8291 = CARTESIAN_POINT('',(0.851302454092,-1.05223801616));
#8292 = VECTOR('',#8293,1.);
#8293 = DIRECTION('',(-0.625996010255,0.779826259589));
#8294 = ( GEOMETRIC_REPRESENTATION_CONTEXT(2) 
PARAMETRIC_REPRESENTATION_CONTEXT() REPRESENTATION_CONTEXT('2D SPACE',''
  ) );
#8295 = PCURVE('',#8296,#8301);
#8296 = PLANE('',#8297);
#8297 = AXIS2_PLACEMENT_3D('',#8298,#8299,#8300);
#8298 = CARTESIAN_POINT('',(-139.9640968233,39.293377034191,1.));
#8299 = DIRECTION('',(-0.,-0.,-1.));
#8300 = DIRECTION('',(-1.,0.,0.));
#8301 = DEFINITIONAL_REPRESENTATION('',(#8302),#8305);
#8302 = B_SPLINE_CURVE_WITH_KNOTS('',1,(#8303,#8304),.UNSPECIFIED.,.F.,
  .F.,(2,2),(0.,2.717276149454),.PIECEWISE_BEZIER_KNOTS.);
#8303 = CARTESIAN_POINT('',(-1.221100607564,-1.531379811291));
#8304 = CARTESIAN_POINT('',(-2.922104635884,0.587623484608));
#8305 = ( GEOMETRIC_REPRESENTATION_CONTEXT(2) 
PARAMETRIC_REPRESENTATION_CONTEXT() REPRESENTATION_CONTEXT('2D SPACE',''
  ) );
#8306 = ORIENTED_EDGE('',*,*,#8227,.T.);
#8307 = ADVANCED_FACE('',(#8308),#8296,.T.);
#8308 = FACE_BOUND('',#8309,.T.);
#8309 = EDGE_LOOP('',(#8310,#8330,#8331));
#8310 = ORIENTED_EDGE('',*,*,#8311,.T.);
#8311 = EDGE_CURVE('',#3456,#8205,#8312,.T.);
#8312 = SURFACE_CURVE('',#8313,(#8317,#8324),.PCURVE_S1.);
#8313 = LINE('',#8314,#8315);
#8314 = CARTESIAN_POINT('',(-143.1529998779,39.881000518799,1.));
#8315 = VECTOR('',#8316,1.);
#8316 = DIRECTION('',(1.,0.,0.));
#8317 = PCURVE('',#8296,#8318);
#8318 = DEFINITIONAL_REPRESENTATION('',(#8319),#8323);
#8319 = LINE('',#8320,#8321);
#8320 = CARTESIAN_POINT('',(3.188903054546,0.587623484608));
#8321 = VECTOR('',#8322,1.);
#8322 = DIRECTION('',(-1.,0.));
#8323 = ( GEOMETRIC_REPRESENTATION_CONTEXT(2) 
PARAMETRIC_REPRESENTATION_CONTEXT() REPRESENTATION_CONTEXT('2D SPACE',''
  ) );
#8324 = PCURVE('',#3547,#8325);
#8325 = DEFINITIONAL_REPRESENTATION('',(#8326),#8329);
#8326 = B_SPLINE_CURVE_WITH_KNOTS('',1,(#8327,#8328),.UNSPECIFIED.,.F.,
  .F.,(2,2),(0.,6.11100769043),.PIECEWISE_BEZIER_KNOTS.);
#8327 = CARTESIAN_POINT('',(-0.270900819964,-2.825404260821));
#8328 = CARTESIAN_POINT('',(-0.270900819964,3.285603429609));
#8329 = ( GEOMETRIC_REPRESENTATION_CONTEXT(2) 
PARAMETRIC_REPRESENTATION_CONTEXT() REPRESENTATION_CONTEXT('2D SPACE',''
  ) );
#8330 = ORIENTED_EDGE('',*,*,#8282,.F.);
#8331 = ORIENTED_EDGE('',*,*,#8332,.T.);
#8332 = EDGE_CURVE('',#8256,#3456,#8333,.T.);
#8333 = SURFACE_CURVE('',#8334,(#8338,#8345),.PCURVE_S1.);
#8334 = LINE('',#8335,#8336);
#8335 = CARTESIAN_POINT('',(-138.7429962158,37.7619972229,1.));
#8336 = VECTOR('',#8337,1.);
#8337 = DIRECTION('',(-0.901347443978,0.433096738887,0.));
#8338 = PCURVE('',#8296,#8339);
#8339 = DEFINITIONAL_REPRESENTATION('',(#8340),#8344);
#8340 = LINE('',#8341,#8342);
#8341 = CARTESIAN_POINT('',(-1.221100607564,-1.531379811291));
#8342 = VECTOR('',#8343,1.);
#8343 = DIRECTION('',(0.901347443978,0.433096738887));
#8344 = ( GEOMETRIC_REPRESENTATION_CONTEXT(2) 
PARAMETRIC_REPRESENTATION_CONTEXT() REPRESENTATION_CONTEXT('2D SPACE',''
  ) );
#8345 = PCURVE('',#3660,#8346);
#8346 = DEFINITIONAL_REPRESENTATION('',(#8347),#8350);
#8347 = B_SPLINE_CURVE_WITH_KNOTS('',1,(#8348,#8349),.UNSPECIFIED.,.F.,
  .F.,(2,2),(0.,4.89267894592),.PIECEWISE_BEZIER_KNOTS.);
#8348 = CARTESIAN_POINT('',(-2.283693940519,-0.443033559859));
#8349 = CARTESIAN_POINT('',(2.12630972159,1.675969736039));
#8350 = ( GEOMETRIC_REPRESENTATION_CONTEXT(2) 
PARAMETRIC_REPRESENTATION_CONTEXT() REPRESENTATION_CONTEXT('2D SPACE',''
  ) );
#8351 = ADVANCED_FACE('',(#8352),#5586,.T.);
#8352 = FACE_BOUND('',#8353,.T.);
#8353 = EDGE_LOOP('',(#8354,#8379,#8380));
#8354 = ORIENTED_EDGE('',*,*,#8355,.T.);
#8355 = EDGE_CURVE('',#3761,#5566,#8356,.T.);
#8356 = SURFACE_CURVE('',#8357,(#8361,#8368),.PCURVE_S1.);
#8357 = LINE('',#8358,#8359);
#8358 = CARTESIAN_POINT('',(-143.1770019531,36.344997406006,
    2.002000808716));
#8359 = VECTOR('',#8360,1.);
#8360 = DIRECTION('',(1.,0.,0.));
#8361 = PCURVE('',#5586,#8362);
#8362 = DEFINITIONAL_REPRESENTATION('',(#8363),#8367);
#8363 = LINE('',#8364,#8365);
#8364 = CARTESIAN_POINT('',(-2.602514798406E-02,1.388597456515));
#8365 = VECTOR('',#8366,1.);
#8366 = DIRECTION('',(0.,-1.));
#8367 = ( GEOMETRIC_REPRESENTATION_CONTEXT(2) 
PARAMETRIC_REPRESENTATION_CONTEXT() REPRESENTATION_CONTEXT('2D SPACE',''
  ) );
#8368 = PCURVE('',#8369,#8374);
#8369 = PLANE('',#8370);
#8370 = AXIS2_PLACEMENT_3D('',#8371,#8372,#8373);
#8371 = CARTESIAN_POINT('',(-141.6395334148,36.344997406006,
    1.705964670148));
#8372 = DIRECTION('',(-0.,-1.,-0.));
#8373 = DIRECTION('',(0.,0.,-1.));
#8374 = DEFINITIONAL_REPRESENTATION('',(#8375),#8378);
#8375 = B_SPLINE_CURVE_WITH_KNOTS('',1,(#8376,#8377),.UNSPECIFIED.,.F.,
  .F.,(2,2),(0.,2.665008544922),.PIECEWISE_BEZIER_KNOTS.);
#8376 = CARTESIAN_POINT('',(-0.296036138568,-1.537468538251));
#8377 = CARTESIAN_POINT('',(-0.296036138568,1.127540006671));
#8378 = ( GEOMETRIC_REPRESENTATION_CONTEXT(2) 
PARAMETRIC_REPRESENTATION_CONTEXT() REPRESENTATION_CONTEXT('2D SPACE',''
  ) );
#8379 = ORIENTED_EDGE('',*,*,#5563,.F.);
#8380 = ORIENTED_EDGE('',*,*,#8381,.F.);
#8381 = EDGE_CURVE('',#3761,#5564,#8382,.T.);
#8382 = SURFACE_CURVE('',#8383,(#8387,#8393),.PCURVE_S1.);
#8383 = LINE('',#8384,#8385);
#8384 = CARTESIAN_POINT('',(-143.1770019531,36.344997406006,
    2.002000808716));
#8385 = VECTOR('',#8386,1.);
#8386 = DIRECTION('',(0.999342386377,-3.626009915523E-02,0.));
#8387 = PCURVE('',#5586,#8388);
#8388 = DEFINITIONAL_REPRESENTATION('',(#8389),#8392);
#8389 = B_SPLINE_CURVE_WITH_KNOTS('',1,(#8390,#8391),.UNSPECIFIED.,.F.,
  .F.,(2,2),(0.,2.75781027771),.PIECEWISE_BEZIER_KNOTS.);
#8390 = CARTESIAN_POINT('',(-2.602514798406E-02,1.388597456515));
#8391 = CARTESIAN_POINT('',(7.397332613704E-02,-1.367399247587));
#8392 = ( GEOMETRIC_REPRESENTATION_CONTEXT(2) 
PARAMETRIC_REPRESENTATION_CONTEXT() REPRESENTATION_CONTEXT('2D SPACE',''
  ) );
#8393 = PCURVE('',#8394,#8399);
#8394 = PLANE('',#8395);
#8395 = AXIS2_PLACEMENT_3D('',#8396,#8397,#8398);
#8396 = CARTESIAN_POINT('',(-141.793530088,36.289277003535,
    2.002000808716));
#8397 = DIRECTION('',(7.578946494559E-28,1.893997398732E-26,-1.));
#8398 = DIRECTION('',(0.,-1.,-1.893997398732E-26));
#8399 = DEFINITIONAL_REPRESENTATION('',(#8400),#8404);
#8400 = LINE('',#8401,#8402);
#8401 = CARTESIAN_POINT('',(-5.572040247117E-02,1.383471865109));
#8402 = VECTOR('',#8403,1.);
#8403 = DIRECTION('',(3.626009915523E-02,-0.999342386377));
#8404 = ( GEOMETRIC_REPRESENTATION_CONTEXT(2) 
PARAMETRIC_REPRESENTATION_CONTEXT() REPRESENTATION_CONTEXT('2D SPACE',''
  ) );
#8405 = ADVANCED_FACE('',(#8406),#8394,.T.);
#8406 = FACE_BOUND('',#8407,.T.);
#8407 = EDGE_LOOP('',(#8408,#8435,#8460));
#8408 = ORIENTED_EDGE('',*,*,#8409,.T.);
#8409 = EDGE_CURVE('',#5564,#8410,#8412,.T.);
#8410 = VERTEX_POINT('',#8411);
#8411 = CARTESIAN_POINT('',(-140.421005249,36.222999572754,
    2.002000808716));
#8412 = SURFACE_CURVE('',#8413,(#8417,#8424),.PCURVE_S1.);
#8413 = LINE('',#8414,#8415);
#8414 = CARTESIAN_POINT('',(-140.421005249,36.244998931885,
    2.002000808716));
#8415 = VECTOR('',#8416,1.);
#8416 = DIRECTION('',(0.,-1.,0.));
#8417 = PCURVE('',#8394,#8418);
#8418 = DEFINITIONAL_REPRESENTATION('',(#8419),#8423);
#8419 = LINE('',#8420,#8421);
#8420 = CARTESIAN_POINT('',(4.427807164992E-02,-1.372524838993));
#8421 = VECTOR('',#8422,1.);
#8422 = DIRECTION('',(1.,-1.435450494582E-53));
#8423 = ( GEOMETRIC_REPRESENTATION_CONTEXT(2) 
PARAMETRIC_REPRESENTATION_CONTEXT() REPRESENTATION_CONTEXT('2D SPACE',''
  ) );
#8424 = PCURVE('',#8425,#8430);
#8425 = PLANE('',#8426);
#8426 = AXIS2_PLACEMENT_3D('',#8427,#8428,#8429);
#8427 = CARTESIAN_POINT('',(-140.421005249,36.228559780938,1.50643987574
    ));
#8428 = DIRECTION('',(-1.,-7.312475097979E-25,8.029928059835E-27));
#8429 = DIRECTION('',(7.312475097979E-25,-1.,0.));
#8430 = DEFINITIONAL_REPRESENTATION('',(#8431),#8434);
#8431 = B_SPLINE_CURVE_WITH_KNOTS('',1,(#8432,#8433),.UNSPECIFIED.,.F.,
  .F.,(2,2),(0.,2.199935913086E-02),.PIECEWISE_BEZIER_KNOTS.);
#8432 = CARTESIAN_POINT('',(-1.643915094719E-02,0.495560932976));
#8433 = CARTESIAN_POINT('',(5.560208183674E-03,0.495560932976));
#8434 = ( GEOMETRIC_REPRESENTATION_CONTEXT(2) 
PARAMETRIC_REPRESENTATION_CONTEXT() REPRESENTATION_CONTEXT('2D SPACE',''
  ) );
#8435 = ORIENTED_EDGE('',*,*,#8436,.T.);
#8436 = EDGE_CURVE('',#8410,#3761,#8437,.T.);
#8437 = SURFACE_CURVE('',#8438,(#8442,#8449),.PCURVE_S1.);
#8438 = LINE('',#8439,#8440);
#8439 = CARTESIAN_POINT('',(-140.421005249,36.222999572754,
    2.002000808716));
#8440 = VECTOR('',#8441,1.);
#8441 = DIRECTION('',(-0.999021683965,4.422301399494E-02,0.));
#8442 = PCURVE('',#8394,#8443);
#8443 = DEFINITIONAL_REPRESENTATION('',(#8444),#8448);
#8444 = LINE('',#8445,#8446);
#8445 = CARTESIAN_POINT('',(6.627743078078E-02,-1.372524838993));
#8446 = VECTOR('',#8447,1.);
#8447 = DIRECTION('',(-4.422301399494E-02,0.999021683965));
#8448 = ( GEOMETRIC_REPRESENTATION_CONTEXT(2) 
PARAMETRIC_REPRESENTATION_CONTEXT() REPRESENTATION_CONTEXT('2D SPACE',''
  ) );
#8449 = PCURVE('',#8450,#8455);
#8450 = PLANE('',#8451);
#8451 = AXIS2_PLACEMENT_3D('',#8452,#8453,#8454);
#8452 = CARTESIAN_POINT('',(-141.8328078412,36.254095875212,
    2.002000808716));
#8453 = DIRECTION('',(2.628843683059E-29,1.419630334142E-27,-1.));
#8454 = DIRECTION('',(0.,-1.,-1.419630334142E-27));
#8455 = DEFINITIONAL_REPRESENTATION('',(#8456),#8459);
#8456 = B_SPLINE_CURVE_WITH_KNOTS('',1,(#8457,#8458),.UNSPECIFIED.,.F.,
  .F.,(2,2),(0.,2.758695580222),.PIECEWISE_BEZIER_KNOTS.);
#8457 = CARTESIAN_POINT('',(3.109630245773E-02,-1.411802592249));
#8458 = CARTESIAN_POINT('',(-9.090153079422E-02,1.344194111853));
#8459 = ( GEOMETRIC_REPRESENTATION_CONTEXT(2) 
PARAMETRIC_REPRESENTATION_CONTEXT() REPRESENTATION_CONTEXT('2D SPACE',''
  ) );
#8460 = ORIENTED_EDGE('',*,*,#8381,.T.);
#8461 = ADVANCED_FACE('',(#8462),#7919,.T.);
#8462 = FACE_BOUND('',#8463,.T.);
#8463 = EDGE_LOOP('',(#8464,#8465,#8490));
#8464 = ORIENTED_EDGE('',*,*,#8204,.F.);
#8465 = ORIENTED_EDGE('',*,*,#8466,.T.);
#8466 = EDGE_CURVE('',#8205,#7402,#8467,.T.);
#8467 = SURFACE_CURVE('',#8468,(#8472,#8479),.PCURVE_S1.);
#8468 = LINE('',#8469,#8470);
#8469 = CARTESIAN_POINT('',(-137.0419921875,39.881000518799,1.));
#8470 = VECTOR('',#8471,1.);
#8471 = DIRECTION('',(0.,0.,1.));
#8472 = PCURVE('',#7919,#8473);
#8473 = DEFINITIONAL_REPRESENTATION('',(#8474),#8478);
#8474 = LINE('',#8475,#8476);
#8475 = CARTESIAN_POINT('',(-0.892832827262,0.305383905943));
#8476 = VECTOR('',#8477,1.);
#8477 = DIRECTION('',(-2.465190328816E-32,-1.));
#8478 = ( GEOMETRIC_REPRESENTATION_CONTEXT(2) 
PARAMETRIC_REPRESENTATION_CONTEXT() REPRESENTATION_CONTEXT('2D SPACE',''
  ) );
#8479 = PCURVE('',#8480,#8485);
#8480 = PLANE('',#8481);
#8481 = AXIS2_PLACEMENT_3D('',#8482,#8483,#8484);
#8482 = CARTESIAN_POINT('',(-139.8673964483,39.881000518799,
    1.731099988752));
#8483 = DIRECTION('',(0.,1.,0.));
#8484 = DIRECTION('',(0.,-0.,1.));
#8485 = DEFINITIONAL_REPRESENTATION('',(#8486),#8489);
#8486 = B_SPLINE_CURVE_WITH_KNOTS('',1,(#8487,#8488),.UNSPECIFIED.,.F.,
  .F.,(2,2),(0.,1.002000808716),.PIECEWISE_BEZIER_KNOTS.);
#8487 = CARTESIAN_POINT('',(-0.731099988752,2.825404260821));
#8488 = CARTESIAN_POINT('',(0.270900819964,2.825404260821));
#8489 = ( GEOMETRIC_REPRESENTATION_CONTEXT(2) 
PARAMETRIC_REPRESENTATION_CONTEXT() REPRESENTATION_CONTEXT('2D SPACE',''
  ) );
#8490 = ORIENTED_EDGE('',*,*,#7905,.F.);
#8491 = ADVANCED_FACE('',(#8492),#8480,.T.);
#8492 = FACE_BOUND('',#8493,.T.);
#8493 = EDGE_LOOP('',(#8494,#8495,#8515));
#8494 = ORIENTED_EDGE('',*,*,#8466,.F.);
#8495 = ORIENTED_EDGE('',*,*,#8496,.T.);
#8496 = EDGE_CURVE('',#8205,#3507,#8497,.T.);
#8497 = SURFACE_CURVE('',#8498,(#8502,#8509),.PCURVE_S1.);
#8498 = LINE('',#8499,#8500);
#8499 = CARTESIAN_POINT('',(-137.0419921875,39.881000518799,1.));
#8500 = VECTOR('',#8501,1.);
#8501 = DIRECTION('',(-0.986822604845,0.,0.161805891631));
#8502 = PCURVE('',#8480,#8503);
#8503 = DEFINITIONAL_REPRESENTATION('',(#8504),#8508);
#8504 = LINE('',#8505,#8506);
#8505 = CARTESIAN_POINT('',(-0.731099988752,2.825404260821));
#8506 = VECTOR('',#8507,1.);
#8507 = DIRECTION('',(0.161805891631,-0.986822604845));
#8508 = ( GEOMETRIC_REPRESENTATION_CONTEXT(2) 
PARAMETRIC_REPRESENTATION_CONTEXT() REPRESENTATION_CONTEXT('2D SPACE',''
  ) );
#8509 = PCURVE('',#3547,#8510);
#8510 = DEFINITIONAL_REPRESENTATION('',(#8511),#8514);
#8511 = B_SPLINE_CURVE_WITH_KNOTS('',1,(#8512,#8513),.UNSPECIFIED.,.F.,
  .F.,(2,2),(0.,6.192610161568),.PIECEWISE_BEZIER_KNOTS.);
#8512 = CARTESIAN_POINT('',(-0.270900819964,3.285603429609));
#8513 = CARTESIAN_POINT('',(0.731099988752,-2.825404260821));
#8514 = ( GEOMETRIC_REPRESENTATION_CONTEXT(2) 
PARAMETRIC_REPRESENTATION_CONTEXT() REPRESENTATION_CONTEXT('2D SPACE',''
  ) );
#8515 = ORIENTED_EDGE('',*,*,#8516,.T.);
#8516 = EDGE_CURVE('',#3507,#7402,#8517,.T.);
#8517 = SURFACE_CURVE('',#8518,(#8522,#8529),.PCURVE_S1.);
#8518 = LINE('',#8519,#8520);
#8519 = CARTESIAN_POINT('',(-143.1529998779,39.881000518799,
    2.002000808716));
#8520 = VECTOR('',#8521,1.);
#8521 = DIRECTION('',(1.,0.,0.));
#8522 = PCURVE('',#8480,#8523);
#8523 = DEFINITIONAL_REPRESENTATION('',(#8524),#8528);
#8524 = LINE('',#8525,#8526);
#8525 = CARTESIAN_POINT('',(0.270900819964,-3.285603429609));
#8526 = VECTOR('',#8527,1.);
#8527 = DIRECTION('',(0.,1.));
#8528 = ( GEOMETRIC_REPRESENTATION_CONTEXT(2) 
PARAMETRIC_REPRESENTATION_CONTEXT() REPRESENTATION_CONTEXT('2D SPACE',''
  ) );
#8529 = PCURVE('',#8530,#8535);
#8530 = PLANE('',#8531);
#8531 = AXIS2_PLACEMENT_3D('',#8532,#8533,#8534);
#8532 = CARTESIAN_POINT('',(-140.1440014162,39.910693366077,
    2.002000808716));
#8533 = DIRECTION('',(-0.,-0.,-1.));
#8534 = DIRECTION('',(-1.,0.,0.));
#8535 = DEFINITIONAL_REPRESENTATION('',(#8536),#8539);
#8536 = B_SPLINE_CURVE_WITH_KNOTS('',1,(#8537,#8538),.UNSPECIFIED.,.F.,
  .F.,(2,2),(0.,6.11100769043),.PIECEWISE_BEZIER_KNOTS.);
#8537 = CARTESIAN_POINT('',(3.008998461703,-2.969284727811E-02));
#8538 = CARTESIAN_POINT('',(-3.102009228727,-2.969284727811E-02));
#8539 = ( GEOMETRIC_REPRESENTATION_CONTEXT(2) 
PARAMETRIC_REPRESENTATION_CONTEXT() REPRESENTATION_CONTEXT('2D SPACE',''
  ) );
#8540 = ADVANCED_FACE('',(#8541),#5240,.T.);
#8541 = FACE_BOUND('',#8542,.T.);
#8542 = EDGE_LOOP('',(#8543,#8544,#8569));
#8543 = ORIENTED_EDGE('',*,*,#6583,.F.);
#8544 = ORIENTED_EDGE('',*,*,#8545,.T.);
#8545 = EDGE_CURVE('',#6557,#4901,#8546,.T.);
#8546 = SURFACE_CURVE('',#8547,(#8551,#8558),.PCURVE_S1.);
#8547 = LINE('',#8548,#8549);
#8548 = CARTESIAN_POINT('',(-135.8990020751,37.591999053955,
    2.002000808716));
#8549 = VECTOR('',#8550,1.);
#8550 = DIRECTION('',(-0.85408871813,-0.520127351292,0.));
#8551 = PCURVE('',#5240,#8552);
#8552 = DEFINITIONAL_REPRESENTATION('',(#8553),#8557);
#8553 = LINE('',#8554,#8555);
#8554 = CARTESIAN_POINT('',(-4.295434583546,2.56324454557));
#8555 = VECTOR('',#8556,1.);
#8556 = DIRECTION('',(0.85408871813,-0.520127351292));
#8557 = ( GEOMETRIC_REPRESENTATION_CONTEXT(2) 
PARAMETRIC_REPRESENTATION_CONTEXT() REPRESENTATION_CONTEXT('2D SPACE',''
  ) );
#8558 = PCURVE('',#8559,#8564);
#8559 = PLANE('',#8560);
#8560 = AXIS2_PLACEMENT_3D('',#8561,#8562,#8563);
#8561 = CARTESIAN_POINT('',(-140.3872915332,34.858697397956,
    1.739024184553));
#8562 = DIRECTION('',(-0.520127351292,0.85408871813,-8.06497042123E-16)
  );
#8563 = DIRECTION('',(0.85408871813,0.520127351292,-4.930380657631E-32)
  );
#8564 = DEFINITIONAL_REPRESENTATION('',(#8565),#8568);
#8565 = B_SPLINE_CURVE_WITH_KNOTS('',1,(#8566,#8567),.UNSPECIFIED.,.F.,
  .F.,(2,2),(0.,10.034077120452),.PIECEWISE_BEZIER_KNOTS.);
#8566 = CARTESIAN_POINT('',(5.255062340421,-0.262976624163));
#8567 = CARTESIAN_POINT('',(-4.779014780031,-0.262976624163));
#8568 = ( GEOMETRIC_REPRESENTATION_CONTEXT(2) 
PARAMETRIC_REPRESENTATION_CONTEXT() REPRESENTATION_CONTEXT('2D SPACE',''
  ) );
#8569 = ORIENTED_EDGE('',*,*,#5227,.T.);
#8570 = ADVANCED_FACE('',(#8571),#6277,.T.);
#8571 = FACE_BOUND('',#8572,.T.);
#8572 = EDGE_LOOP('',(#8573,#8574,#8594));
#8573 = ORIENTED_EDGE('',*,*,#6261,.F.);
#8574 = ORIENTED_EDGE('',*,*,#8575,.T.);
#8575 = EDGE_CURVE('',#6262,#4194,#8576,.T.);
#8576 = SURFACE_CURVE('',#8577,(#8581,#8588),.PCURVE_S1.);
#8577 = LINE('',#8578,#8579);
#8578 = CARTESIAN_POINT('',(-134.9970092773,32.373001098633,
    2.002000808716));
#8579 = VECTOR('',#8580,1.);
#8580 = DIRECTION('',(0.,-1.,0.));
#8581 = PCURVE('',#6277,#8582);
#8582 = DEFINITIONAL_REPRESENTATION('',(#8583),#8587);
#8583 = LINE('',#8584,#8585);
#8584 = CARTESIAN_POINT('',(-2.762547026833E-03,0.469769230376));
#8585 = VECTOR('',#8586,1.);
#8586 = DIRECTION('',(0.,-1.));
#8587 = ( GEOMETRIC_REPRESENTATION_CONTEXT(2) 
PARAMETRIC_REPRESENTATION_CONTEXT() REPRESENTATION_CONTEXT('2D SPACE',''
  ) );
#8588 = PCURVE('',#4284,#8589);
#8589 = DEFINITIONAL_REPRESENTATION('',(#8590),#8593);
#8590 = B_SPLINE_CURVE_WITH_KNOTS('',1,(#8591,#8592),.UNSPECIFIED.,.F.,
  .F.,(2,2),(0.,0.944999694824),.PIECEWISE_BEZIER_KNOTS.);
#8591 = CARTESIAN_POINT('',(-0.358582062865,-0.614918188905));
#8592 = CARTESIAN_POINT('',(-0.358582062865,0.330081505919));
#8593 = ( GEOMETRIC_REPRESENTATION_CONTEXT(2) 
PARAMETRIC_REPRESENTATION_CONTEXT() REPRESENTATION_CONTEXT('2D SPACE',''
  ) );
#8594 = ORIENTED_EDGE('',*,*,#8595,.F.);
#8595 = EDGE_CURVE('',#6099,#4194,#8596,.T.);
#8596 = SURFACE_CURVE('',#8597,(#8601,#8607),.PCURVE_S1.);
#8597 = LINE('',#8598,#8599);
#8598 = CARTESIAN_POINT('',(-135.0079956054,32.373001098633,
    2.002000808716));
#8599 = VECTOR('',#8600,1.);
#8600 = DIRECTION('',(1.162496222516E-02,-0.999932427844,0.));
#8601 = PCURVE('',#6277,#8602);
#8602 = DEFINITIONAL_REPRESENTATION('',(#8603),#8606);
#8603 = B_SPLINE_CURVE_WITH_KNOTS('',1,(#8604,#8605),.UNSPECIFIED.,.F.,
  .F.,(2,2),(0.,0.945063554807),.PIECEWISE_BEZIER_KNOTS.);
#8604 = CARTESIAN_POINT('',(8.223781098167E-03,0.469769230376));
#8605 = CARTESIAN_POINT('',(-2.762547026833E-03,-0.475230464448));
#8606 = ( GEOMETRIC_REPRESENTATION_CONTEXT(2) 
PARAMETRIC_REPRESENTATION_CONTEXT() REPRESENTATION_CONTEXT('2D SPACE',''
  ) );
#8607 = PCURVE('',#4339,#8608);
#8608 = DEFINITIONAL_REPRESENTATION('',(#8609),#8613);
#8609 = LINE('',#8610,#8611);
#8610 = CARTESIAN_POINT('',(-3.206309923613E-02,0.451870368481));
#8611 = VECTOR('',#8612,1.);
#8612 = DIRECTION('',(-1.162496222516E-02,-0.999932427844));
#8613 = ( GEOMETRIC_REPRESENTATION_CONTEXT(2) 
PARAMETRIC_REPRESENTATION_CONTEXT() REPRESENTATION_CONTEXT('2D SPACE',''
  ) );
#8614 = ADVANCED_FACE('',(#8615),#4339,.T.);
#8615 = FACE_BOUND('',#8616,.T.);
#8616 = EDGE_LOOP('',(#8617,#8637,#8638));
#8617 = ORIENTED_EDGE('',*,*,#8618,.T.);
#8618 = EDGE_CURVE('',#4300,#6099,#8619,.T.);
#8619 = SURFACE_CURVE('',#8620,(#8624,#8631),.PCURVE_S1.);
#8620 = LINE('',#8621,#8622);
#8621 = CARTESIAN_POINT('',(-135.1490020751,32.313999176025,
    2.002000808716));
#8622 = VECTOR('',#8623,1.);
#8623 = DIRECTION('',(0.922497001813,0.386004250813,0.));
#8624 = PCURVE('',#4339,#8625);
#8625 = DEFINITIONAL_REPRESENTATION('',(#8626),#8630);
#8626 = LINE('',#8627,#8628);
#8627 = CARTESIAN_POINT('',(0.10894337049,0.392868445874));
#8628 = VECTOR('',#8629,1.);
#8629 = DIRECTION('',(-0.922497001813,0.386004250813));
#8630 = ( GEOMETRIC_REPRESENTATION_CONTEXT(2) 
PARAMETRIC_REPRESENTATION_CONTEXT() REPRESENTATION_CONTEXT('2D SPACE',''
  ) );
#8631 = PCURVE('',#4616,#8632);
#8632 = DEFINITIONAL_REPRESENTATION('',(#8633),#8636);
#8633 = B_SPLINE_CURVE_WITH_KNOTS('',1,(#8634,#8635),.UNSPECIFIED.,.F.,
  .F.,(2,2),(0.,0.152853038492),.PIECEWISE_BEZIER_KNOTS.);
#8634 = CARTESIAN_POINT('',(0.663326021953,-0.771646214908));
#8635 = CARTESIAN_POINT('',(0.604324099345,-0.912652684635));
#8636 = ( GEOMETRIC_REPRESENTATION_CONTEXT(2) 
PARAMETRIC_REPRESENTATION_CONTEXT() REPRESENTATION_CONTEXT('2D SPACE',''
  ) );
#8637 = ORIENTED_EDGE('',*,*,#8595,.T.);
#8638 = ORIENTED_EDGE('',*,*,#4326,.T.);
#8639 = ADVANCED_FACE('',(#8640),#4404,.T.);
#8640 = FACE_BOUND('',#8641,.T.);
#8641 = EDGE_LOOP('',(#8642,#8643,#8668));
#8642 = ORIENTED_EDGE('',*,*,#4388,.F.);
#8643 = ORIENTED_EDGE('',*,*,#8644,.T.);
#8644 = EDGE_CURVE('',#4357,#4532,#8645,.T.);
#8645 = SURFACE_CURVE('',#8646,(#8650,#8657),.PCURVE_S1.);
#8646 = LINE('',#8647,#8648);
#8647 = CARTESIAN_POINT('',(-139.4880065917,33.654998779297,1.));
#8648 = VECTOR('',#8649,1.);
#8649 = DIRECTION('',(0.,0.,1.));
#8650 = PCURVE('',#4404,#8651);
#8651 = DEFINITIONAL_REPRESENTATION('',(#8652),#8656);
#8652 = LINE('',#8653,#8654);
#8653 = CARTESIAN_POINT('',(-0.296036138568,-1.127540006671));
#8654 = VECTOR('',#8655,1.);
#8655 = DIRECTION('',(1.,0.));
#8656 = ( GEOMETRIC_REPRESENTATION_CONTEXT(2) 
PARAMETRIC_REPRESENTATION_CONTEXT() REPRESENTATION_CONTEXT('2D SPACE',''
  ) );
#8657 = PCURVE('',#8658,#8663);
#8658 = PLANE('',#8659);
#8659 = AXIS2_PLACEMENT_3D('',#8660,#8661,#8662);
#8660 = CARTESIAN_POINT('',(-140.2182831214,33.070033628877,
    1.698599195505));
#8661 = DIRECTION('',(-0.625179725597,0.780480820202,1.625807606088E-16)
  );
#8662 = DIRECTION('',(0.780480820202,0.625179725597,0.));
#8663 = DEFINITIONAL_REPRESENTATION('',(#8664),#8667);
#8664 = B_SPLINE_CURVE_WITH_KNOTS('',1,(#8665,#8666),.UNSPECIFIED.,.F.,
  .F.,(2,2),(0.,1.002000808716),.PIECEWISE_BEZIER_KNOTS.);
#8665 = CARTESIAN_POINT('',(0.935675177025,0.698599195505));
#8666 = CARTESIAN_POINT('',(0.935675177025,-0.303401613211));
#8667 = ( GEOMETRIC_REPRESENTATION_CONTEXT(2) 
PARAMETRIC_REPRESENTATION_CONTEXT() REPRESENTATION_CONTEXT('2D SPACE',''
  ) );
#8668 = ORIENTED_EDGE('',*,*,#4531,.F.);
#8669 = ADVANCED_FACE('',(#8670),#7361,.T.);
#8670 = FACE_BOUND('',#8671,.T.);
#8671 = EDGE_LOOP('',(#8672,#8673,#8698));
#8672 = ORIENTED_EDGE('',*,*,#7345,.F.);
#8673 = ORIENTED_EDGE('',*,*,#8674,.F.);
#8674 = EDGE_CURVE('',#8024,#7346,#8675,.T.);
#8675 = SURFACE_CURVE('',#8676,(#8680,#8686),.PCURVE_S1.);
#8676 = LINE('',#8677,#8678);
#8677 = CARTESIAN_POINT('',(-135.192993164,38.571998596191,1.));
#8678 = VECTOR('',#8679,1.);
#8679 = DIRECTION('',(-0.714851524566,0.572681121045,0.401277499275));
#8680 = PCURVE('',#7361,#8681);
#8681 = DEFINITIONAL_REPRESENTATION('',(#8682),#8685);
#8682 = B_SPLINE_CURVE_WITH_KNOTS('',1,(#8683,#8684),.UNSPECIFIED.,.F.,
  .F.,(2,2),(0.,2.49702714587),.PIECEWISE_BEZIER_KNOTS.);
#8683 = CARTESIAN_POINT('',(-0.94554866552,0.699035901301));
#8684 = CARTESIAN_POINT('',(1.341619659406,-0.302964907415));
#8685 = ( GEOMETRIC_REPRESENTATION_CONTEXT(2) 
PARAMETRIC_REPRESENTATION_CONTEXT() REPRESENTATION_CONTEXT('2D SPACE',''
  ) );
#8686 = PCURVE('',#8687,#8692);
#8687 = PLANE('',#8688);
#8688 = AXIS2_PLACEMENT_3D('',#8689,#8690,#8691);
#8689 = CARTESIAN_POINT('',(-136.2400503391,39.410815967642,
    1.302964907415));
#8690 = DIRECTION('',(-0.625227400009,-0.780442629716,
    -1.628614039333E-16));
#8691 = DIRECTION('',(-0.780442629716,0.625227400009,1.232595164408E-32)
  );
#8692 = DEFINITIONAL_REPRESENTATION('',(#8693),#8697);
#8693 = LINE('',#8694,#8695);
#8694 = CARTESIAN_POINT('',(-1.341619659406,0.302964907415));
#8695 = VECTOR('',#8696,1.);
#8696 = DIRECTION('',(0.915956532034,-0.401277499275));
#8697 = ( GEOMETRIC_REPRESENTATION_CONTEXT(2) 
PARAMETRIC_REPRESENTATION_CONTEXT() REPRESENTATION_CONTEXT('2D SPACE',''
  ) );
#8698 = ORIENTED_EDGE('',*,*,#8023,.F.);
#8699 = ADVANCED_FACE('',(#8700),#8712,.T.);
#8700 = FACE_BOUND('',#8701,.T.);
#8701 = EDGE_LOOP('',(#8702,#8729,#8756));
#8702 = ORIENTED_EDGE('',*,*,#8703,.T.);
#8703 = EDGE_CURVE('',#7346,#8704,#8706,.T.);
#8704 = VERTEX_POINT('',#8705);
#8705 = CARTESIAN_POINT('',(-143.209991455,40.001998901367,
    2.002000808716));
#8706 = SURFACE_CURVE('',#8707,(#8711,#8723),.PCURVE_S1.);
#8707 = LINE('',#8708,#8709);
#8708 = CARTESIAN_POINT('',(-136.9779968261,40.001998901367,
    2.002000808716));
#8709 = VECTOR('',#8710,1.);
#8710 = DIRECTION('',(-1.,0.,0.));
#8711 = PCURVE('',#8712,#8717);
#8712 = PLANE('',#8713);
#8713 = AXIS2_PLACEMENT_3D('',#8714,#8715,#8716);
#8714 = CARTESIAN_POINT('',(-139.8635035724,40.001998901367,
    1.731490972527));
#8715 = DIRECTION('',(-1.993387171917E-29,-1.,-7.259560119941E-29));
#8716 = DIRECTION('',(0.,7.259560119941E-29,-1.));
#8717 = DEFINITIONAL_REPRESENTATION('',(#8718),#8722);
#8718 = LINE('',#8719,#8720);
#8719 = CARTESIAN_POINT('',(-0.270509836189,2.885506746284));
#8720 = VECTOR('',#8721,1.);
#8721 = DIRECTION('',(0.,-1.));
#8722 = ( GEOMETRIC_REPRESENTATION_CONTEXT(2) 
PARAMETRIC_REPRESENTATION_CONTEXT() REPRESENTATION_CONTEXT('2D SPACE',''
  ) );
#8723 = PCURVE('',#7442,#8724);
#8724 = DEFINITIONAL_REPRESENTATION('',(#8725),#8728);
#8725 = B_SPLINE_CURVE_WITH_KNOTS('',1,(#8726,#8727),.UNSPECIFIED.,.F.,
  .F.,(2,2),(0.,6.231994628906),.PIECEWISE_BEZIER_KNOTS.);
#8726 = CARTESIAN_POINT('',(-3.042830071914E-02,-3.09807294039));
#8727 = CARTESIAN_POINT('',(-3.042830071914E-02,3.133921688516));
#8728 = ( GEOMETRIC_REPRESENTATION_CONTEXT(2) 
PARAMETRIC_REPRESENTATION_CONTEXT() REPRESENTATION_CONTEXT('2D SPACE',''
  ) );
#8729 = ORIENTED_EDGE('',*,*,#8730,.T.);
#8730 = EDGE_CURVE('',#8704,#8731,#8733,.T.);
#8731 = VERTEX_POINT('',#8732);
#8732 = CARTESIAN_POINT('',(-136.9779968261,40.001998901367,1.));
#8733 = SURFACE_CURVE('',#8734,(#8738,#8745),.PCURVE_S1.);
#8734 = LINE('',#8735,#8736);
#8735 = CARTESIAN_POINT('',(-143.209991455,40.001998901367,
    2.002000808716));
#8736 = VECTOR('',#8737,1.);
#8737 = DIRECTION('',(0.987319690194,0.,-0.158744541185));
#8738 = PCURVE('',#8712,#8739);
#8739 = DEFINITIONAL_REPRESENTATION('',(#8740),#8744);
#8740 = LINE('',#8741,#8742);
#8741 = CARTESIAN_POINT('',(-0.270509836189,-3.346487882622));
#8742 = VECTOR('',#8743,1.);
#8743 = DIRECTION('',(0.158744541185,0.987319690194));
#8744 = ( GEOMETRIC_REPRESENTATION_CONTEXT(2) 
PARAMETRIC_REPRESENTATION_CONTEXT() REPRESENTATION_CONTEXT('2D SPACE',''
  ) );
#8745 = PCURVE('',#8746,#8751);
#8746 = PLANE('',#8747);
#8747 = AXIS2_PLACEMENT_3D('',#8748,#8749,#8750);
#8748 = CARTESIAN_POINT('',(-140.3244847087,40.001998901367,
    1.270509836189));
#8749 = DIRECTION('',(-9.804424560641E-30,-1.,-3.675972778558E-29));
#8750 = DIRECTION('',(0.,3.675972778558E-29,-1.));
#8751 = DEFINITIONAL_REPRESENTATION('',(#8752),#8755);
#8752 = B_SPLINE_CURVE_WITH_KNOTS('',1,(#8753,#8754),.UNSPECIFIED.,.F.,
  .F.,(2,2),(0.,6.312033164946),.PIECEWISE_BEZIER_KNOTS.);
#8753 = CARTESIAN_POINT('',(-0.731490972527,-2.885506746284));
#8754 = CARTESIAN_POINT('',(0.270509836189,3.346487882622));
#8755 = ( GEOMETRIC_REPRESENTATION_CONTEXT(2) 
PARAMETRIC_REPRESENTATION_CONTEXT() REPRESENTATION_CONTEXT('2D SPACE',''
  ) );
#8756 = ORIENTED_EDGE('',*,*,#8757,.T.);
#8757 = EDGE_CURVE('',#8731,#7346,#8758,.T.);
#8758 = SURFACE_CURVE('',#8759,(#8763,#8770),.PCURVE_S1.);
#8759 = LINE('',#8760,#8761);
#8760 = CARTESIAN_POINT('',(-136.9779968261,40.001998901367,1.));
#8761 = VECTOR('',#8762,1.);
#8762 = DIRECTION('',(0.,0.,1.));
#8763 = PCURVE('',#8712,#8764);
#8764 = DEFINITIONAL_REPRESENTATION('',(#8765),#8769);
#8765 = LINE('',#8766,#8767);
#8766 = CARTESIAN_POINT('',(0.731490972527,2.885506746284));
#8767 = VECTOR('',#8768,1.);
#8768 = DIRECTION('',(-1.,-1.447111401685E-57));
#8769 = ( GEOMETRIC_REPRESENTATION_CONTEXT(2) 
PARAMETRIC_REPRESENTATION_CONTEXT() REPRESENTATION_CONTEXT('2D SPACE',''
  ) );
#8770 = PCURVE('',#8687,#8771);
#8771 = DEFINITIONAL_REPRESENTATION('',(#8772),#8775);
#8772 = B_SPLINE_CURVE_WITH_KNOTS('',1,(#8773,#8774),.UNSPECIFIED.,.F.,
  .F.,(2,2),(0.,1.002000808716),.PIECEWISE_BEZIER_KNOTS.);
#8773 = CARTESIAN_POINT('',(0.94554866552,0.302964907415));
#8774 = CARTESIAN_POINT('',(0.94554866552,-0.699035901301));
#8775 = ( GEOMETRIC_REPRESENTATION_CONTEXT(2) 
PARAMETRIC_REPRESENTATION_CONTEXT() REPRESENTATION_CONTEXT('2D SPACE',''
  ) );
#8776 = ADVANCED_FACE('',(#8777),#8746,.T.);
#8777 = FACE_BOUND('',#8778,.T.);
#8778 = EDGE_LOOP('',(#8779,#8806,#8807));
#8779 = ORIENTED_EDGE('',*,*,#8780,.T.);
#8780 = EDGE_CURVE('',#8781,#8731,#8783,.T.);
#8781 = VERTEX_POINT('',#8782);
#8782 = CARTESIAN_POINT('',(-143.209991455,40.001998901367,1.));
#8783 = SURFACE_CURVE('',#8784,(#8788,#8795),.PCURVE_S1.);
#8784 = LINE('',#8785,#8786);
#8785 = CARTESIAN_POINT('',(-143.209991455,40.001998901367,1.));
#8786 = VECTOR('',#8787,1.);
#8787 = DIRECTION('',(1.,0.,0.));
#8788 = PCURVE('',#8746,#8789);
#8789 = DEFINITIONAL_REPRESENTATION('',(#8790),#8794);
#8790 = LINE('',#8791,#8792);
#8791 = CARTESIAN_POINT('',(0.270509836189,-2.885506746284));
#8792 = VECTOR('',#8793,1.);
#8793 = DIRECTION('',(0.,1.));
#8794 = ( GEOMETRIC_REPRESENTATION_CONTEXT(2) 
PARAMETRIC_REPRESENTATION_CONTEXT() REPRESENTATION_CONTEXT('2D SPACE',''
  ) );
#8795 = PCURVE('',#8796,#8801);
#8796 = PLANE('',#8797);
#8797 = AXIS2_PLACEMENT_3D('',#8798,#8799,#8800);
#8798 = CARTESIAN_POINT('',(-142.410325287,66.569811261925,1.));
#8799 = DIRECTION('',(-0.,-0.,-1.));
#8800 = DIRECTION('',(-1.,0.,0.));
#8801 = DEFINITIONAL_REPRESENTATION('',(#8802),#8805);
#8802 = B_SPLINE_CURVE_WITH_KNOTS('',1,(#8803,#8804),.UNSPECIFIED.,.F.,
  .F.,(2,2),(0.,6.231994628906),.PIECEWISE_BEZIER_KNOTS.);
#8803 = CARTESIAN_POINT('',(0.799666168004,-26.56781236055));
#8804 = CARTESIAN_POINT('',(-5.432328460902,-26.56781236055));
#8805 = ( GEOMETRIC_REPRESENTATION_CONTEXT(2) 
PARAMETRIC_REPRESENTATION_CONTEXT() REPRESENTATION_CONTEXT('2D SPACE',''
  ) );
#8806 = ORIENTED_EDGE('',*,*,#8730,.F.);
#8807 = ORIENTED_EDGE('',*,*,#8808,.F.);
#8808 = EDGE_CURVE('',#8781,#8704,#8809,.T.);
#8809 = SURFACE_CURVE('',#8810,(#8814,#8820),.PCURVE_S1.);
#8810 = LINE('',#8811,#8812);
#8811 = CARTESIAN_POINT('',(-143.209991455,40.001998901367,1.));
#8812 = VECTOR('',#8813,1.);
#8813 = DIRECTION('',(0.,0.,1.));
#8814 = PCURVE('',#8746,#8815);
#8815 = DEFINITIONAL_REPRESENTATION('',(#8816),#8819);
#8816 = B_SPLINE_CURVE_WITH_KNOTS('',1,(#8817,#8818),.UNSPECIFIED.,.F.,
  .F.,(2,2),(0.,1.002000808716),.PIECEWISE_BEZIER_KNOTS.);
#8817 = CARTESIAN_POINT('',(0.270509836189,-2.885506746284));
#8818 = CARTESIAN_POINT('',(-0.731490972527,-2.885506746284));
#8819 = ( GEOMETRIC_REPRESENTATION_CONTEXT(2) 
PARAMETRIC_REPRESENTATION_CONTEXT() REPRESENTATION_CONTEXT('2D SPACE',''
  ) );
#8820 = PCURVE('',#8821,#8826);
#8821 = PLANE('',#8822);
#8822 = AXIS2_PLACEMENT_3D('',#8823,#8824,#8825);
#8823 = CARTESIAN_POINT('',(-143.209991455,40.000996499396,
    1.501998811103));
#8824 = DIRECTION('',(1.,0.,0.));
#8825 = DIRECTION('',(-0.,0.,1.));
#8826 = DEFINITIONAL_REPRESENTATION('',(#8827),#8831);
#8827 = LINE('',#8828,#8829);
#8828 = CARTESIAN_POINT('',(-0.501998811103,-1.002401970851E-03));
#8829 = VECTOR('',#8830,1.);
#8830 = DIRECTION('',(1.,0.));
#8831 = ( GEOMETRIC_REPRESENTATION_CONTEXT(2) 
PARAMETRIC_REPRESENTATION_CONTEXT() REPRESENTATION_CONTEXT('2D SPACE',''
  ) );
#8832 = ADVANCED_FACE('',(#8833),#8847,.T.);
#8833 = FACE_BOUND('',#8834,.T.);
#8834 = EDGE_LOOP('',(#8835,#8869,#8896));
#8835 = ORIENTED_EDGE('',*,*,#8836,.T.);
#8836 = EDGE_CURVE('',#8837,#8839,#8841,.T.);
#8837 = VERTEX_POINT('',#8838);
#8838 = CARTESIAN_POINT('',(-145.0019989013,38.571998596191,
    1.004281997681));
#8839 = VERTEX_POINT('',#8840);
#8840 = CARTESIAN_POINT('',(-145.00100708,38.571998596191,1.003282546997
    ));
#8841 = SURFACE_CURVE('',#8842,(#8846,#8858),.PCURVE_S1.);
#8842 = LINE('',#8843,#8844);
#8843 = CARTESIAN_POINT('',(-145.0019989013,38.571998596191,
    1.004281997681));
#8844 = VECTOR('',#8845,1.);
#8845 = DIRECTION('',(0.704392389666,0.,-0.709810792663));
#8846 = PCURVE('',#8847,#8852);
#8847 = PLANE('',#8848);
#8848 = AXIS2_PLACEMENT_3D('',#8849,#8850,#8851);
#8849 = CARTESIAN_POINT('',(-145.0012550861,38.571998596191,
    1.50253965071));
#8850 = DIRECTION('',(-0.,-1.,-0.));
#8851 = DIRECTION('',(0.,0.,-1.));
#8852 = DEFINITIONAL_REPRESENTATION('',(#8853),#8857);
#8853 = LINE('',#8854,#8855);
#8854 = CARTESIAN_POINT('',(0.498257653029,-7.438151935162E-04));
#8855 = VECTOR('',#8856,1.);
#8856 = DIRECTION('',(0.709810792663,0.704392389666));
#8857 = ( GEOMETRIC_REPRESENTATION_CONTEXT(2) 
PARAMETRIC_REPRESENTATION_CONTEXT() REPRESENTATION_CONTEXT('2D SPACE',''
  ) );
#8858 = PCURVE('',#8859,#8864);
#8859 = PLANE('',#8860);
#8860 = AXIS2_PLACEMENT_3D('',#8861,#8862,#8863);
#8861 = CARTESIAN_POINT('',(-146.0007389803,66.642146452894,
    2.002949598238));
#8862 = DIRECTION('',(-0.709810778941,-1.946063420334E-04,
    -0.704392376611));
#8863 = DIRECTION('',(0.70439238995,1.355252715607E-20,-0.709810792381)
  );
#8864 = DEFINITIONAL_REPRESENTATION('',(#8865),#8868);
#8865 = B_SPLINE_CURVE_WITH_KNOTS('',1,(#8866,#8867),.UNSPECIFIED.,.F.,
  .F.,(2,2),(0.,1.408052249873E-03),.PIECEWISE_BEZIER_KNOTS.);
#8866 = CARTESIAN_POINT('',(1.412369952024,28.070148388234));
#8867 = CARTESIAN_POINT('',(1.413778004274,28.070148388234));
#8868 = ( GEOMETRIC_REPRESENTATION_CONTEXT(2) 
PARAMETRIC_REPRESENTATION_CONTEXT() REPRESENTATION_CONTEXT('2D SPACE',''
  ) );
#8869 = ORIENTED_EDGE('',*,*,#8870,.T.);
#8870 = EDGE_CURVE('',#8839,#8871,#8873,.T.);
#8871 = VERTEX_POINT('',#8872);
#8872 = CARTESIAN_POINT('',(-145.00100708,38.571998596191,2.002000808716
    ));
#8873 = SURFACE_CURVE('',#8874,(#8878,#8885),.PCURVE_S1.);
#8874 = LINE('',#8875,#8876);
#8875 = CARTESIAN_POINT('',(-145.00100708,38.571998596191,1.003282546997
    ));
#8876 = VECTOR('',#8877,1.);
#8877 = DIRECTION('',(0.,0.,1.));
#8878 = PCURVE('',#8847,#8879);
#8879 = DEFINITIONAL_REPRESENTATION('',(#8880),#8884);
#8880 = LINE('',#8881,#8882);
#8881 = CARTESIAN_POINT('',(0.499257103713,2.480060955463E-04));
#8882 = VECTOR('',#8883,1.);
#8883 = DIRECTION('',(-1.,0.));
#8884 = ( GEOMETRIC_REPRESENTATION_CONTEXT(2) 
PARAMETRIC_REPRESENTATION_CONTEXT() REPRESENTATION_CONTEXT('2D SPACE',''
  ) );
#8885 = PCURVE('',#8886,#8891);
#8886 = PLANE('',#8887);
#8887 = AXIS2_PLACEMENT_3D('',#8888,#8889,#8890);
#8888 = CARTESIAN_POINT('',(-144.2626767819,39.16348900829,
    1.700185388333));
#8889 = DIRECTION('',(0.625227400009,-0.780442629716,1.640362104673E-16)
  );
#8890 = DIRECTION('',(-0.780442629716,-0.625227400009,1.232595164408E-32
    ));
#8891 = DEFINITIONAL_REPRESENTATION('',(#8892),#8895);
#8892 = B_SPLINE_CURVE_WITH_KNOTS('',1,(#8893,#8894),.UNSPECIFIED.,.F.,
  .F.,(2,2),(0.,0.998718261719),.PIECEWISE_BEZIER_KNOTS.);
#8893 = CARTESIAN_POINT('',(0.946040451987,0.696902841335));
#8894 = CARTESIAN_POINT('',(0.946040451987,-0.301815420383));
#8895 = ( GEOMETRIC_REPRESENTATION_CONTEXT(2) 
PARAMETRIC_REPRESENTATION_CONTEXT() REPRESENTATION_CONTEXT('2D SPACE',''
  ) );
#8896 = ORIENTED_EDGE('',*,*,#8897,.T.);
#8897 = EDGE_CURVE('',#8871,#8837,#8898,.T.);
#8898 = SURFACE_CURVE('',#8899,(#8903,#8910),.PCURVE_S1.);
#8899 = LINE('',#8900,#8901);
#8900 = CARTESIAN_POINT('',(-145.00100708,38.571998596191,2.002000808716
    ));
#8901 = VECTOR('',#8902,1.);
#8902 = DIRECTION('',(-9.9408850272E-04,0.,-0.999999505894));
#8903 = PCURVE('',#8847,#8904);
#8904 = DEFINITIONAL_REPRESENTATION('',(#8905),#8909);
#8905 = LINE('',#8906,#8907);
#8906 = CARTESIAN_POINT('',(-0.499461158006,2.480060955463E-04));
#8907 = VECTOR('',#8908,1.);
#8908 = DIRECTION('',(0.999999505894,-9.9408850272E-04));
#8909 = ( GEOMETRIC_REPRESENTATION_CONTEXT(2) 
PARAMETRIC_REPRESENTATION_CONTEXT() REPRESENTATION_CONTEXT('2D SPACE',''
  ) );
#8910 = PCURVE('',#8911,#8916);
#8911 = PLANE('',#8912);
#8912 = AXIS2_PLACEMENT_3D('',#8913,#8914,#8915);
#8913 = CARTESIAN_POINT('',(-145.0017508228,38.571998596191,
    1.503389235276));
#8914 = DIRECTION('',(-0.,-1.,-0.));
#8915 = DIRECTION('',(0.,0.,-1.));
#8916 = DEFINITIONAL_REPRESENTATION('',(#8917),#8920);
#8917 = B_SPLINE_CURVE_WITH_KNOTS('',1,(#8918,#8919),.UNSPECIFIED.,.F.,
  .F.,(2,2),(0.,0.997719304014),.PIECEWISE_BEZIER_KNOTS.);
#8918 = CARTESIAN_POINT('',(-0.49861157344,7.437427219941E-04));
#8919 = CARTESIAN_POINT('',(0.499107237595,-2.480785670684E-04));
#8920 = ( GEOMETRIC_REPRESENTATION_CONTEXT(2) 
PARAMETRIC_REPRESENTATION_CONTEXT() REPRESENTATION_CONTEXT('2D SPACE',''
  ) );
#8921 = ADVANCED_FACE('',(#8922),#8911,.T.);
#8922 = FACE_BOUND('',#8923,.T.);
#8923 = EDGE_LOOP('',(#8924,#8951,#8976));
#8924 = ORIENTED_EDGE('',*,*,#8925,.T.);
#8925 = EDGE_CURVE('',#8871,#8926,#8928,.T.);
#8926 = VERTEX_POINT('',#8927);
#8927 = CARTESIAN_POINT('',(-145.0019989013,38.571998596191,
    2.002000808716));
#8928 = SURFACE_CURVE('',#8929,(#8933,#8940),.PCURVE_S1.);
#8929 = LINE('',#8930,#8931);
#8930 = CARTESIAN_POINT('',(-145.00100708,38.571998596191,2.002000808716
    ));
#8931 = VECTOR('',#8932,1.);
#8932 = DIRECTION('',(-1.,0.,0.));
#8933 = PCURVE('',#8911,#8934);
#8934 = DEFINITIONAL_REPRESENTATION('',(#8935),#8939);
#8935 = LINE('',#8936,#8937);
#8936 = CARTESIAN_POINT('',(-0.49861157344,7.437427219941E-04));
#8937 = VECTOR('',#8938,1.);
#8938 = DIRECTION('',(0.,-1.));
#8939 = ( GEOMETRIC_REPRESENTATION_CONTEXT(2) 
PARAMETRIC_REPRESENTATION_CONTEXT() REPRESENTATION_CONTEXT('2D SPACE',''
  ) );
#8940 = PCURVE('',#8941,#8946);
#8941 = PLANE('',#8942);
#8942 = AXIS2_PLACEMENT_3D('',#8943,#8944,#8945);
#8943 = CARTESIAN_POINT('',(-145.0017508159,38.099746573981,
    2.002000808716));
#8944 = DIRECTION('',(-0.,-0.,-1.));
#8945 = DIRECTION('',(-1.,0.,0.));
#8946 = DEFINITIONAL_REPRESENTATION('',(#8947),#8950);
#8947 = B_SPLINE_CURVE_WITH_KNOTS('',1,(#8948,#8949),.UNSPECIFIED.,.F.,
  .F.,(2,2),(0.,9.918212890625E-04),.PIECEWISE_BEZIER_KNOTS.);
#8948 = CARTESIAN_POINT('',(-7.437358464699E-04,0.47225202221));
#8949 = CARTESIAN_POINT('',(2.480854425926E-04,0.47225202221));
#8950 = ( GEOMETRIC_REPRESENTATION_CONTEXT(2) 
PARAMETRIC_REPRESENTATION_CONTEXT() REPRESENTATION_CONTEXT('2D SPACE',''
  ) );
#8951 = ORIENTED_EDGE('',*,*,#8952,.T.);
#8952 = EDGE_CURVE('',#8926,#8837,#8953,.T.);
#8953 = SURFACE_CURVE('',#8954,(#8958,#8965),.PCURVE_S1.);
#8954 = LINE('',#8955,#8956);
#8955 = CARTESIAN_POINT('',(-145.0019989013,38.571998596191,
    2.002000808716));
#8956 = VECTOR('',#8957,1.);
#8957 = DIRECTION('',(0.,0.,-1.));
#8958 = PCURVE('',#8911,#8959);
#8959 = DEFINITIONAL_REPRESENTATION('',(#8960),#8964);
#8960 = LINE('',#8961,#8962);
#8961 = CARTESIAN_POINT('',(-0.49861157344,-2.480785670684E-04));
#8962 = VECTOR('',#8963,1.);
#8963 = DIRECTION('',(1.,0.));
#8964 = ( GEOMETRIC_REPRESENTATION_CONTEXT(2) 
PARAMETRIC_REPRESENTATION_CONTEXT() REPRESENTATION_CONTEXT('2D SPACE',''
  ) );
#8965 = PCURVE('',#8966,#8971);
#8966 = PLANE('',#8967);
#8967 = AXIS2_PLACEMENT_3D('',#8968,#8969,#8970);
#8968 = CARTESIAN_POINT('',(-145.0019989013,38.241624590416,
    1.645267244835));
#8969 = DIRECTION('',(1.,1.080708051428E-27,5.641606918621E-28));
#8970 = DIRECTION('',(-1.080708051428E-27,1.,0.));
#8971 = DEFINITIONAL_REPRESENTATION('',(#8972),#8975);
#8972 = B_SPLINE_CURVE_WITH_KNOTS('',1,(#8973,#8974),.UNSPECIFIED.,.F.,
  .F.,(2,2),(0.,0.997718811035),.PIECEWISE_BEZIER_KNOTS.);
#8973 = CARTESIAN_POINT('',(0.330374005775,0.35673356388));
#8974 = CARTESIAN_POINT('',(0.330374005775,-0.640985247155));
#8975 = ( GEOMETRIC_REPRESENTATION_CONTEXT(2) 
PARAMETRIC_REPRESENTATION_CONTEXT() REPRESENTATION_CONTEXT('2D SPACE',''
  ) );
#8976 = ORIENTED_EDGE('',*,*,#8897,.F.);
#8977 = ADVANCED_FACE('',(#8978),#8886,.T.);
#8978 = FACE_BOUND('',#8979,.T.);
#8979 = EDGE_LOOP('',(#8980,#9007,#9008));
#8980 = ORIENTED_EDGE('',*,*,#8981,.T.);
#8981 = EDGE_CURVE('',#8982,#8871,#8984,.T.);
#8982 = VERTEX_POINT('',#8983);
#8983 = CARTESIAN_POINT('',(-143.2160034179,40.001998901367,
    2.002000808716));
#8984 = SURFACE_CURVE('',#8985,(#8989,#8996),.PCURVE_S1.);
#8985 = LINE('',#8986,#8987);
#8986 = CARTESIAN_POINT('',(-143.2160034179,40.001998901367,
    2.002000808716));
#8987 = VECTOR('',#8988,1.);
#8988 = DIRECTION('',(-0.780442629716,-0.625227400009,0.));
#8989 = PCURVE('',#8886,#8990);
#8990 = DEFINITIONAL_REPRESENTATION('',(#8991),#8995);
#8991 = LINE('',#8992,#8993);
#8992 = CARTESIAN_POINT('',(-1.341127872939,-0.301815420383));
#8993 = VECTOR('',#8994,1.);
#8994 = DIRECTION('',(1.,2.465190328816E-32));
#8995 = ( GEOMETRIC_REPRESENTATION_CONTEXT(2) 
PARAMETRIC_REPRESENTATION_CONTEXT() REPRESENTATION_CONTEXT('2D SPACE',''
  ) );
#8996 = PCURVE('',#8997,#9002);
#8997 = PLANE('',#8998);
#8998 = AXIS2_PLACEMENT_3D('',#8999,#9000,#9001);
#8999 = CARTESIAN_POINT('',(-144.100779574,39.249683313652,
    2.002000808716));
#9000 = DIRECTION('',(-1.860214548306E-27,2.192111005744E-27,-1.));
#9001 = DIRECTION('',(0.,-1.,-2.192111005744E-27));
#9002 = DEFINITIONAL_REPRESENTATION('',(#9003),#9006);
#9003 = B_SPLINE_CURVE_WITH_KNOTS('',1,(#9004,#9005),.UNSPECIFIED.,.F.,
  .F.,(2,2),(0.,2.287168324926),.PIECEWISE_BEZIER_KNOTS.);
#9004 = CARTESIAN_POINT('',(-0.752315587715,-0.884776156124));
#9005 = CARTESIAN_POINT('',(0.677684717461,0.900227505985));
#9006 = ( GEOMETRIC_REPRESENTATION_CONTEXT(2) 
PARAMETRIC_REPRESENTATION_CONTEXT() REPRESENTATION_CONTEXT('2D SPACE',''
  ) );
#9007 = ORIENTED_EDGE('',*,*,#8870,.F.);
#9008 = ORIENTED_EDGE('',*,*,#9009,.F.);
#9009 = EDGE_CURVE('',#8982,#8839,#9010,.T.);
#9010 = SURFACE_CURVE('',#9011,(#9015,#9021),.PCURVE_S1.);
#9011 = LINE('',#9012,#9013);
#9012 = CARTESIAN_POINT('',(-143.2160034179,40.001998901367,
    2.002000808716));
#9013 = VECTOR('',#9014,1.);
#9014 = DIRECTION('',(-0.715228297447,-0.572982960949,-0.400173723517));
#9015 = PCURVE('',#8886,#9016);
#9016 = DEFINITIONAL_REPRESENTATION('',(#9017),#9020);
#9017 = B_SPLINE_CURVE_WITH_KNOTS('',1,(#9018,#9019),.UNSPECIFIED.,.F.,
  .F.,(2,2),(0.,2.495711744741),.PIECEWISE_BEZIER_KNOTS.);
#9018 = CARTESIAN_POINT('',(-1.341127872939,-0.301815420383));
#9019 = CARTESIAN_POINT('',(0.946040451987,0.696902841335));
#9020 = ( GEOMETRIC_REPRESENTATION_CONTEXT(2) 
PARAMETRIC_REPRESENTATION_CONTEXT() REPRESENTATION_CONTEXT('2D SPACE',''
  ) );
#9021 = PCURVE('',#9022,#9027);
#9022 = PLANE('',#9023);
#9023 = AXIS2_PLACEMENT_3D('',#9024,#9025,#9026);
#9024 = CARTESIAN_POINT('',(-144.1086359546,39.286891970438,
    1.501286174995));
#9025 = DIRECTION('',(0.62479780299,-0.780785579171,1.258863610669E-03)
  );
#9026 = DIRECTION('',(-0.780786197842,-0.624798298061,0.));
#9027 = DEFINITIONAL_REPRESENTATION('',(#9028),#9032);
#9028 = LINE('',#9029,#9030);
#9029 = CARTESIAN_POINT('',(-1.143752757771,-0.500715030472));
#9030 = VECTOR('',#9031,1.);
#9031 = DIRECTION('',(0.916439161771,0.400174040603));
#9032 = ( GEOMETRIC_REPRESENTATION_CONTEXT(2) 
PARAMETRIC_REPRESENTATION_CONTEXT() REPRESENTATION_CONTEXT('2D SPACE',''
  ) );
#9033 = ADVANCED_FACE('',(#9034),#9022,.T.);
#9034 = FACE_BOUND('',#9035,.T.);
#9035 = EDGE_LOOP('',(#9036,#9063,#9088));
#9036 = ORIENTED_EDGE('',*,*,#9037,.T.);
#9037 = EDGE_CURVE('',#8839,#9038,#9040,.T.);
#9038 = VERTEX_POINT('',#9039);
#9039 = CARTESIAN_POINT('',(-144.9977111816,38.574630737305,1.));
#9040 = SURFACE_CURVE('',#9041,(#9045,#9052),.PCURVE_S1.);
#9041 = LINE('',#9042,#9043);
#9042 = CARTESIAN_POINT('',(-145.00100708,38.571998596191,1.003282546997
    ));
#9043 = VECTOR('',#9044,1.);
#9044 = DIRECTION('',(0.616662260228,0.492473332821,-0.61416420709));
#9045 = PCURVE('',#9022,#9046);
#9046 = DEFINITIONAL_REPRESENTATION('',(#9047),#9051);
#9047 = LINE('',#9048,#9049);
#9048 = CARTESIAN_POINT('',(1.143415221601,0.498004022601));
#9049 = VECTOR('',#9050,1.);
#9050 = DIRECTION('',(-0.789177881703,0.614164693736));
#9051 = ( GEOMETRIC_REPRESENTATION_CONTEXT(2) 
PARAMETRIC_REPRESENTATION_CONTEXT() REPRESENTATION_CONTEXT('2D SPACE',''
  ) );
#9052 = PCURVE('',#9053,#9058);
#9053 = PLANE('',#9054);
#9054 = AXIS2_PLACEMENT_3D('',#9055,#9056,#9057);
#9055 = CARTESIAN_POINT('',(-145.9996320281,66.641821610061,
    2.001844079037));
#9056 = DIRECTION('',(-0.705709380592,9.773017565815E-05,-0.708501418907
    ));
#9057 = DIRECTION('',(-0.70850142229,-6.776263578034E-21,0.705709383962)
  );
#9058 = DEFINITIONAL_REPRESENTATION('',(#9059),#9062);
#9059 = B_SPLINE_CURVE_WITH_KNOTS('',1,(#9060,#9061),.UNSPECIFIED.,.F.,
  .F.,(2,2),(0.,5.344738360155E-03),.PIECEWISE_BEZIER_KNOTS.);
#9060 = CARTESIAN_POINT('',(-1.412221439703,-28.06982314792));
#9061 = CARTESIAN_POINT('',(-1.416873112653,-28.06719100679));
#9062 = ( GEOMETRIC_REPRESENTATION_CONTEXT(2) 
PARAMETRIC_REPRESENTATION_CONTEXT() REPRESENTATION_CONTEXT('2D SPACE',''
  ) );
#9063 = ORIENTED_EDGE('',*,*,#9064,.T.);
#9064 = EDGE_CURVE('',#9038,#8982,#9065,.T.);
#9065 = SURFACE_CURVE('',#9066,(#9070,#9077),.PCURVE_S1.);
#9066 = LINE('',#9067,#9068);
#9067 = CARTESIAN_POINT('',(-144.9977111816,38.574630737305,1.));
#9068 = VECTOR('',#9069,1.);
#9069 = DIRECTION('',(0.714637133535,0.572512683653,0.401899234173));
#9070 = PCURVE('',#9022,#9071);
#9071 = DEFINITIONAL_REPRESENTATION('',(#9072),#9076);
#9072 = LINE('',#9073,#9074);
#9073 = CARTESIAN_POINT('',(1.139197272304,0.501286572199));
#9074 = VECTOR('',#9075,1.);
#9075 = DIRECTION('',(-0.915683760694,-0.401899552626));
#9076 = ( GEOMETRIC_REPRESENTATION_CONTEXT(2) 
PARAMETRIC_REPRESENTATION_CONTEXT() REPRESENTATION_CONTEXT('2D SPACE',''
  ) );
#9077 = PCURVE('',#9078,#9083);
#9078 = PLANE('',#9079);
#9079 = AXIS2_PLACEMENT_3D('',#9080,#9081,#9082);
#9080 = CARTESIAN_POINT('',(-143.9523715825,39.412076975577,
    1.303053673757));
#9081 = DIRECTION('',(0.625229605284,-0.780440863023,1.628041636439E-16)
  );
#9082 = DIRECTION('',(-0.780440863023,-0.625229605284,1.232595164408E-32
    ));
#9083 = DEFINITIONAL_REPRESENTATION('',(#9084),#9087);
#9084 = B_SPLINE_CURVE_WITH_KNOTS('',1,(#9085,#9086),.UNSPECIFIED.,.F.,
  .F.,(2,2),(0.,2.49316426486),.PIECEWISE_BEZIER_KNOTS.);
#9085 = CARTESIAN_POINT('',(1.339421919874,0.303053673757));
#9086 = CARTESIAN_POINT('',(-0.943528458673,-0.698947134959));
#9087 = ( GEOMETRIC_REPRESENTATION_CONTEXT(2) 
PARAMETRIC_REPRESENTATION_CONTEXT() REPRESENTATION_CONTEXT('2D SPACE',''
  ) );
#9088 = ORIENTED_EDGE('',*,*,#9009,.T.);
#9089 = ADVANCED_FACE('',(#9090),#9078,.T.);
#9090 = FACE_BOUND('',#9091,.T.);
#9091 = EDGE_LOOP('',(#9092,#9119,#9144));
#9092 = ORIENTED_EDGE('',*,*,#9093,.T.);
#9093 = EDGE_CURVE('',#9038,#9094,#9096,.T.);
#9094 = VERTEX_POINT('',#9095);
#9095 = CARTESIAN_POINT('',(-143.2160034179,40.001998901367,1.));
#9096 = SURFACE_CURVE('',#9097,(#9101,#9108),.PCURVE_S1.);
#9097 = LINE('',#9098,#9099);
#9098 = CARTESIAN_POINT('',(-144.9977111816,38.574630737305,1.));
#9099 = VECTOR('',#9100,1.);
#9100 = DIRECTION('',(0.780440863023,0.625229605284,0.));
#9101 = PCURVE('',#9078,#9102);
#9102 = DEFINITIONAL_REPRESENTATION('',(#9103),#9107);
#9103 = LINE('',#9104,#9105);
#9104 = CARTESIAN_POINT('',(1.339421919874,0.303053673757));
#9105 = VECTOR('',#9106,1.);
#9106 = DIRECTION('',(-1.,-3.04008447423E-32));
#9107 = ( GEOMETRIC_REPRESENTATION_CONTEXT(2) 
PARAMETRIC_REPRESENTATION_CONTEXT() REPRESENTATION_CONTEXT('2D SPACE',''
  ) );
#9108 = PCURVE('',#9109,#9114);
#9109 = PLANE('',#9110);
#9110 = AXIS2_PLACEMENT_3D('',#9111,#9112,#9113);
#9111 = CARTESIAN_POINT('',(-144.5488868377,67.117852069493,1.));
#9112 = DIRECTION('',(-0.,-0.,-1.));
#9113 = DIRECTION('',(-1.,0.,0.));
#9114 = DEFINITIONAL_REPRESENTATION('',(#9115),#9118);
#9115 = B_SPLINE_CURVE_WITH_KNOTS('',1,(#9116,#9117),.UNSPECIFIED.,.F.,
  .F.,(2,2),(0.,2.282950378547),.PIECEWISE_BEZIER_KNOTS.);
#9116 = CARTESIAN_POINT('',(0.448824343896,-28.54322133218));
#9117 = CARTESIAN_POINT('',(-1.332883419776,-27.11585316812));
#9118 = ( GEOMETRIC_REPRESENTATION_CONTEXT(2) 
PARAMETRIC_REPRESENTATION_CONTEXT() REPRESENTATION_CONTEXT('2D SPACE',''
  ) );
#9119 = ORIENTED_EDGE('',*,*,#9120,.T.);
#9120 = EDGE_CURVE('',#9094,#8982,#9121,.T.);
#9121 = SURFACE_CURVE('',#9122,(#9126,#9133),.PCURVE_S1.);
#9122 = LINE('',#9123,#9124);
#9123 = CARTESIAN_POINT('',(-143.2160034179,40.001998901367,1.));
#9124 = VECTOR('',#9125,1.);
#9125 = DIRECTION('',(0.,0.,1.));
#9126 = PCURVE('',#9078,#9127);
#9127 = DEFINITIONAL_REPRESENTATION('',(#9128),#9132);
#9128 = LINE('',#9129,#9130);
#9129 = CARTESIAN_POINT('',(-0.943528458673,0.303053673757));
#9130 = VECTOR('',#9131,1.);
#9131 = DIRECTION('',(0.,-1.));
#9132 = ( GEOMETRIC_REPRESENTATION_CONTEXT(2) 
PARAMETRIC_REPRESENTATION_CONTEXT() REPRESENTATION_CONTEXT('2D SPACE',''
  ) );
#9133 = PCURVE('',#9134,#9139);
#9134 = PLANE('',#9135);
#9135 = AXIS2_PLACEMENT_3D('',#9136,#9137,#9138);
#9136 = CARTESIAN_POINT('',(-143.2144950108,40.000994891832,
    1.499201421984));
#9137 = DIRECTION('',(-0.554090576222,-0.832456385249,7.328243194274E-19
    ));
#9138 = DIRECTION('',(-0.832456385249,0.554090576222,0.));
#9139 = DEFINITIONAL_REPRESENTATION('',(#9140),#9143);
#9140 = B_SPLINE_CURVE_WITH_KNOTS('',1,(#9141,#9142),.UNSPECIFIED.,.F.,
  .F.,(2,2),(0.,1.002000808716),.PIECEWISE_BEZIER_KNOTS.);
#9141 = CARTESIAN_POINT('',(1.811995328258E-03,0.499201421984));
#9142 = CARTESIAN_POINT('',(1.811995328258E-03,-0.502799386732));
#9143 = ( GEOMETRIC_REPRESENTATION_CONTEXT(2) 
PARAMETRIC_REPRESENTATION_CONTEXT() REPRESENTATION_CONTEXT('2D SPACE',''
  ) );
#9144 = ORIENTED_EDGE('',*,*,#9064,.F.);
#9145 = ADVANCED_FACE('',(#9146),#9134,.T.);
#9146 = FACE_BOUND('',#9147,.T.);
#9147 = EDGE_LOOP('',(#9148,#9175,#9176));
#9148 = ORIENTED_EDGE('',*,*,#9149,.T.);
#9149 = EDGE_CURVE('',#9150,#8982,#9152,.T.);
#9150 = VERTEX_POINT('',#9151);
#9151 = CARTESIAN_POINT('',(-143.209991455,39.997997283936,1.));
#9152 = SURFACE_CURVE('',#9153,(#9157,#9164),.PCURVE_S1.);
#9153 = LINE('',#9154,#9155);
#9154 = CARTESIAN_POINT('',(-143.209991455,39.997997283936,1.));
#9155 = VECTOR('',#9156,1.);
#9156 = DIRECTION('',(-5.999802283618E-03,3.993523220505E-03,
    0.999974026735));
#9157 = PCURVE('',#9134,#9158);
#9158 = DEFINITIONAL_REPRESENTATION('',(#9159),#9163);
#9159 = LINE('',#9160,#9161);
#9160 = CARTESIAN_POINT('',(-5.409960076441E-03,0.499201421984));
#9161 = VECTOR('',#9162,1.);
#9162 = DIRECTION('',(7.207347303635E-03,-0.999974026735));
#9163 = ( GEOMETRIC_REPRESENTATION_CONTEXT(2) 
PARAMETRIC_REPRESENTATION_CONTEXT() REPRESENTATION_CONTEXT('2D SPACE',''
  ) );
#9164 = PCURVE('',#9165,#9170);
#9165 = PLANE('',#9166);
#9166 = AXIS2_PLACEMENT_3D('',#9167,#9168,#9169);
#9167 = CARTESIAN_POINT('',(-143.2114998621,39.999001293471,
    1.502799386732));
#9168 = DIRECTION('',(-0.554090576222,-0.832456385249,
    -5.682265593803E-19));
#9169 = DIRECTION('',(-0.832456385249,0.554090576222,0.));
#9170 = DEFINITIONAL_REPRESENTATION('',(#9171),#9174);
#9171 = B_SPLINE_CURVE_WITH_KNOTS('',1,(#9172,#9173),.UNSPECIFIED.,.F.,
  .F.,(2,2),(0.,1.002026834624),.PIECEWISE_BEZIER_KNOTS.);
#9172 = CARTESIAN_POINT('',(-1.811995328289E-03,0.502799386732));
#9173 = CARTESIAN_POINT('',(5.40996007641E-03,-0.499201421984));
#9174 = ( GEOMETRIC_REPRESENTATION_CONTEXT(2) 
PARAMETRIC_REPRESENTATION_CONTEXT() REPRESENTATION_CONTEXT('2D SPACE',''
  ) );
#9175 = ORIENTED_EDGE('',*,*,#9120,.F.);
#9176 = ORIENTED_EDGE('',*,*,#9177,.T.);
#9177 = EDGE_CURVE('',#9094,#9150,#9178,.T.);
#9178 = SURFACE_CURVE('',#9179,(#9183,#9190),.PCURVE_S1.);
#9179 = LINE('',#9180,#9181);
#9180 = CARTESIAN_POINT('',(-143.2160034179,40.001998901367,1.));
#9181 = VECTOR('',#9182,1.);
#9182 = DIRECTION('',(0.832456385249,-0.554090576222,0.));
#9183 = PCURVE('',#9134,#9184);
#9184 = DEFINITIONAL_REPRESENTATION('',(#9185),#9189);
#9185 = LINE('',#9186,#9187);
#9186 = CARTESIAN_POINT('',(1.811995328258E-03,0.499201421984));
#9187 = VECTOR('',#9188,1.);
#9188 = DIRECTION('',(-1.,1.22039764865E-34));
#9189 = ( GEOMETRIC_REPRESENTATION_CONTEXT(2) 
PARAMETRIC_REPRESENTATION_CONTEXT() REPRESENTATION_CONTEXT('2D SPACE',''
  ) );
#9190 = PCURVE('',#9191,#9196);
#9191 = PLANE('',#9192);
#9192 = AXIS2_PLACEMENT_3D('',#9193,#9194,#9195);
#9193 = CARTESIAN_POINT('',(-143.2122995302,40.000695998881,1.));
#9194 = DIRECTION('',(-0.,-0.,-1.));
#9195 = DIRECTION('',(-1.,0.,0.));
#9196 = DEFINITIONAL_REPRESENTATION('',(#9197),#9200);
#9197 = B_SPLINE_CURVE_WITH_KNOTS('',1,(#9198,#9199),.UNSPECIFIED.,.F.,
  .F.,(2,2),(0.,7.221955404699E-03),.PIECEWISE_BEZIER_KNOTS.);
#9198 = CARTESIAN_POINT('',(3.703887674703E-03,1.30290248643E-03));
#9199 = CARTESIAN_POINT('',(-2.308075215922E-03,-2.698714945211E-03));
#9200 = ( GEOMETRIC_REPRESENTATION_CONTEXT(2) 
PARAMETRIC_REPRESENTATION_CONTEXT() REPRESENTATION_CONTEXT('2D SPACE',''
  ) );
#9201 = ADVANCED_FACE('',(#9202),#9165,.T.);
#9202 = FACE_BOUND('',#9203,.T.);
#9203 = EDGE_LOOP('',(#9204,#9231,#9232));
#9204 = ORIENTED_EDGE('',*,*,#9205,.T.);
#9205 = EDGE_CURVE('',#9206,#8982,#9208,.T.);
#9206 = VERTEX_POINT('',#9207);
#9207 = CARTESIAN_POINT('',(-143.209991455,39.997997283936,
    2.002000808716));
#9208 = SURFACE_CURVE('',#9209,(#9213,#9220),.PCURVE_S1.);
#9209 = LINE('',#9210,#9211);
#9210 = CARTESIAN_POINT('',(-143.209991455,39.997997283936,
    2.002000808716));
#9211 = VECTOR('',#9212,1.);
#9212 = DIRECTION('',(-0.832456385249,0.554090576222,0.));
#9213 = PCURVE('',#9165,#9214);
#9214 = DEFINITIONAL_REPRESENTATION('',(#9215),#9219);
#9215 = LINE('',#9216,#9217);
#9216 = CARTESIAN_POINT('',(-1.811995328289E-03,-0.499201421984));
#9217 = VECTOR('',#9218,1.);
#9218 = DIRECTION('',(1.,-1.493757233307E-35));
#9219 = ( GEOMETRIC_REPRESENTATION_CONTEXT(2) 
PARAMETRIC_REPRESENTATION_CONTEXT() REPRESENTATION_CONTEXT('2D SPACE',''
  ) );
#9220 = PCURVE('',#9221,#9226);
#9221 = PLANE('',#9222);
#9222 = AXIS2_PLACEMENT_3D('',#9223,#9224,#9225);
#9223 = CARTESIAN_POINT('',(-144.0306592102,39.261706594949,
    2.002000808716));
#9224 = DIRECTION('',(-1.081193774588E-24,1.197430104663E-24,-1.));
#9225 = DIRECTION('',(0.,-1.,-1.197430104663E-24));
#9226 = DEFINITIONAL_REPRESENTATION('',(#9227),#9230);
#9227 = B_SPLINE_CURVE_WITH_KNOTS('',1,(#9228,#9229),.UNSPECIFIED.,.F.,
  .F.,(2,2),(0.,7.221955404699E-03),.PIECEWISE_BEZIER_KNOTS.);
#9228 = CARTESIAN_POINT('',(-0.736290688987,-0.82066775517));
#9229 = CARTESIAN_POINT('',(-0.740292306418,-0.814655792279));
#9230 = ( GEOMETRIC_REPRESENTATION_CONTEXT(2) 
PARAMETRIC_REPRESENTATION_CONTEXT() REPRESENTATION_CONTEXT('2D SPACE',''
  ) );
#9231 = ORIENTED_EDGE('',*,*,#9149,.F.);
#9232 = ORIENTED_EDGE('',*,*,#9233,.F.);
#9233 = EDGE_CURVE('',#9206,#9150,#9234,.T.);
#9234 = SURFACE_CURVE('',#9235,(#9239,#9245),.PCURVE_S1.);
#9235 = LINE('',#9236,#9237);
#9236 = CARTESIAN_POINT('',(-143.209991455,39.997997283936,
    2.002000808716));
#9237 = VECTOR('',#9238,1.);
#9238 = DIRECTION('',(0.,0.,-1.));
#9239 = PCURVE('',#9165,#9240);
#9240 = DEFINITIONAL_REPRESENTATION('',(#9241),#9244);
#9241 = B_SPLINE_CURVE_WITH_KNOTS('',1,(#9242,#9243),.UNSPECIFIED.,.F.,
  .F.,(2,2),(0.,1.002000808716),.PIECEWISE_BEZIER_KNOTS.);
#9242 = CARTESIAN_POINT('',(-1.811995328289E-03,-0.499201421984));
#9243 = CARTESIAN_POINT('',(-1.811995328289E-03,0.502799386732));
#9244 = ( GEOMETRIC_REPRESENTATION_CONTEXT(2) 
PARAMETRIC_REPRESENTATION_CONTEXT() REPRESENTATION_CONTEXT('2D SPACE',''
  ) );
#9245 = PCURVE('',#9246,#9251);
#9246 = PLANE('',#9247);
#9247 = AXIS2_PLACEMENT_3D('',#9248,#9249,#9250);
#9248 = CARTESIAN_POINT('',(-143.209991455,39.998999685906,
    1.500001997613));
#9249 = DIRECTION('',(1.,0.,0.));
#9250 = DIRECTION('',(-0.,0.,1.));
#9251 = DEFINITIONAL_REPRESENTATION('',(#9252),#9256);
#9252 = LINE('',#9253,#9254);
#9253 = CARTESIAN_POINT('',(0.501998811103,1.002401970844E-03));
#9254 = VECTOR('',#9255,1.);
#9255 = DIRECTION('',(-1.,0.));
#9256 = ( GEOMETRIC_REPRESENTATION_CONTEXT(2) 
PARAMETRIC_REPRESENTATION_CONTEXT() REPRESENTATION_CONTEXT('2D SPACE',''
  ) );
#9257 = ADVANCED_FACE('',(#9258),#9246,.T.);
#9258 = FACE_BOUND('',#9259,.T.);
#9259 = EDGE_LOOP('',(#9260,#9280,#9281));
#9260 = ORIENTED_EDGE('',*,*,#9261,.T.);
#9261 = EDGE_CURVE('',#8781,#9206,#9262,.T.);
#9262 = SURFACE_CURVE('',#9263,(#9267,#9274),.PCURVE_S1.);
#9263 = LINE('',#9264,#9265);
#9264 = CARTESIAN_POINT('',(-143.209991455,40.001998901367,1.));
#9265 = VECTOR('',#9266,1.);
#9266 = DIRECTION('',(0.,-3.993595101126E-03,0.999992025567));
#9267 = PCURVE('',#9246,#9268);
#9268 = DEFINITIONAL_REPRESENTATION('',(#9269),#9273);
#9269 = LINE('',#9270,#9271);
#9270 = CARTESIAN_POINT('',(-0.500001997613,-2.999215460797E-03));
#9271 = VECTOR('',#9272,1.);
#9272 = DIRECTION('',(0.999992025567,3.993595101126E-03));
#9273 = ( GEOMETRIC_REPRESENTATION_CONTEXT(2) 
PARAMETRIC_REPRESENTATION_CONTEXT() REPRESENTATION_CONTEXT('2D SPACE',''
  ) );
#9274 = PCURVE('',#8821,#9275);
#9275 = DEFINITIONAL_REPRESENTATION('',(#9276),#9279);
#9276 = B_SPLINE_CURVE_WITH_KNOTS('',1,(#9277,#9278),.UNSPECIFIED.,.F.,
  .F.,(2,2),(0.,1.002008799168),.PIECEWISE_BEZIER_KNOTS.);
#9277 = CARTESIAN_POINT('',(-0.501998811103,-1.002401970851E-03));
#9278 = CARTESIAN_POINT('',(0.500001997613,2.99921546079E-03));
#9279 = ( GEOMETRIC_REPRESENTATION_CONTEXT(2) 
PARAMETRIC_REPRESENTATION_CONTEXT() REPRESENTATION_CONTEXT('2D SPACE',''
  ) );
#9280 = ORIENTED_EDGE('',*,*,#9233,.T.);
#9281 = ORIENTED_EDGE('',*,*,#9282,.T.);
#9282 = EDGE_CURVE('',#9150,#8781,#9283,.T.);
#9283 = SURFACE_CURVE('',#9284,(#9288,#9295),.PCURVE_S1.);
#9284 = LINE('',#9285,#9286);
#9285 = CARTESIAN_POINT('',(-143.209991455,39.997997283936,1.));
#9286 = VECTOR('',#9287,1.);
#9287 = DIRECTION('',(0.,1.,0.));
#9288 = PCURVE('',#9246,#9289);
#9289 = DEFINITIONAL_REPRESENTATION('',(#9290),#9294);
#9290 = LINE('',#9291,#9292);
#9291 = CARTESIAN_POINT('',(-0.500001997613,1.002401970844E-03));
#9292 = VECTOR('',#9293,1.);
#9293 = DIRECTION('',(0.,-1.));
#9294 = ( GEOMETRIC_REPRESENTATION_CONTEXT(2) 
PARAMETRIC_REPRESENTATION_CONTEXT() REPRESENTATION_CONTEXT('2D SPACE',''
  ) );
#9295 = PCURVE('',#9191,#9296);
#9296 = DEFINITIONAL_REPRESENTATION('',(#9297),#9300);
#9297 = B_SPLINE_CURVE_WITH_KNOTS('',1,(#9298,#9299),.UNSPECIFIED.,.F.,
  .F.,(2,2),(0.,4.001617431641E-03),.PIECEWISE_BEZIER_KNOTS.);
#9298 = CARTESIAN_POINT('',(-2.308075215922E-03,-2.698714945211E-03));
#9299 = CARTESIAN_POINT('',(-2.308075215922E-03,1.30290248643E-03));
#9300 = ( GEOMETRIC_REPRESENTATION_CONTEXT(2) 
PARAMETRIC_REPRESENTATION_CONTEXT() REPRESENTATION_CONTEXT('2D SPACE',''
  ) );
#9301 = ADVANCED_FACE('',(#9302),#8821,.T.);
#9302 = FACE_BOUND('',#9303,.T.);
#9303 = EDGE_LOOP('',(#9304,#9329,#9330));
#9304 = ORIENTED_EDGE('',*,*,#9305,.T.);
#9305 = EDGE_CURVE('',#8704,#9206,#9306,.T.);
#9306 = SURFACE_CURVE('',#9307,(#9311,#9318),.PCURVE_S1.);
#9307 = LINE('',#9308,#9309);
#9308 = CARTESIAN_POINT('',(-143.209991455,40.001998901367,
    2.002000808716));
#9309 = VECTOR('',#9310,1.);
#9310 = DIRECTION('',(0.,-1.,0.));
#9311 = PCURVE('',#8821,#9312);
#9312 = DEFINITIONAL_REPRESENTATION('',(#9313),#9317);
#9313 = LINE('',#9314,#9315);
#9314 = CARTESIAN_POINT('',(0.500001997613,-1.002401970851E-03));
#9315 = VECTOR('',#9316,1.);
#9316 = DIRECTION('',(0.,1.));
#9317 = ( GEOMETRIC_REPRESENTATION_CONTEXT(2) 
PARAMETRIC_REPRESENTATION_CONTEXT() REPRESENTATION_CONTEXT('2D SPACE',''
  ) );
#9318 = PCURVE('',#9319,#9324);
#9319 = PLANE('',#9320);
#9320 = AXIS2_PLACEMENT_3D('',#9321,#9322,#9323);
#9321 = CARTESIAN_POINT('',(-140.1269917151,39.940518602669,
    2.002000808716));
#9322 = DIRECTION('',(-0.,-0.,-1.));
#9323 = DIRECTION('',(-1.,0.,0.));
#9324 = DEFINITIONAL_REPRESENTATION('',(#9325),#9328);
#9325 = B_SPLINE_CURVE_WITH_KNOTS('',1,(#9326,#9327),.UNSPECIFIED.,.F.,
  .F.,(2,2),(0.,4.001617431641E-03),.PIECEWISE_BEZIER_KNOTS.);
#9326 = CARTESIAN_POINT('',(3.082999739902,6.14802986981E-02));
#9327 = CARTESIAN_POINT('',(3.082999739902,5.747868126646E-02));
#9328 = ( GEOMETRIC_REPRESENTATION_CONTEXT(2) 
PARAMETRIC_REPRESENTATION_CONTEXT() REPRESENTATION_CONTEXT('2D SPACE',''
  ) );
#9329 = ORIENTED_EDGE('',*,*,#9261,.F.);
#9330 = ORIENTED_EDGE('',*,*,#8808,.T.);
#9331 = ADVANCED_FACE('',(#9332),#8966,.T.);
#9332 = FACE_BOUND('',#9333,.T.);
#9333 = EDGE_LOOP('',(#9334,#9361,#9362));
#9334 = ORIENTED_EDGE('',*,*,#9335,.T.);
#9335 = EDGE_CURVE('',#9336,#8837,#9338,.T.);
#9336 = VERTEX_POINT('',#9337);
#9337 = CARTESIAN_POINT('',(-145.0019989013,37.626998901367,
    2.002000808716));
#9338 = SURFACE_CURVE('',#9339,(#9343,#9350),.PCURVE_S1.);
#9339 = LINE('',#9340,#9341);
#9340 = CARTESIAN_POINT('',(-145.0019989013,37.626998901367,
    2.002000808716));
#9341 = VECTOR('',#9342,1.);
#9342 = DIRECTION('',(0.,0.687665029872,-0.726028103238));
#9343 = PCURVE('',#8966,#9344);
#9344 = DEFINITIONAL_REPRESENTATION('',(#9345),#9349);
#9345 = LINE('',#9346,#9347);
#9346 = CARTESIAN_POINT('',(-0.614625689049,0.35673356388));
#9347 = VECTOR('',#9348,1.);
#9348 = DIRECTION('',(0.687665029872,-0.726028103238));
#9349 = ( GEOMETRIC_REPRESENTATION_CONTEXT(2) 
PARAMETRIC_REPRESENTATION_CONTEXT() REPRESENTATION_CONTEXT('2D SPACE',''
  ) );
#9350 = PCURVE('',#9351,#9356);
#9351 = PLANE('',#9352);
#9352 = AXIS2_PLACEMENT_3D('',#9353,#9354,#9355);
#9353 = CARTESIAN_POINT('',(-145.0019989013,37.957372907142,
    1.361015561561));
#9354 = DIRECTION('',(1.,3.599425453014E-28,2.069597679247E-28));
#9355 = DIRECTION('',(-3.599425453014E-28,1.,0.));
#9356 = DEFINITIONAL_REPRESENTATION('',(#9357),#9360);
#9357 = B_SPLINE_CURVE_WITH_KNOTS('',1,(#9358,#9359),.UNSPECIFIED.,.F.,
  .F.,(2,2),(0.,1.374215139311),.PIECEWISE_BEZIER_KNOTS.);
#9358 = CARTESIAN_POINT('',(-0.330374005775,0.640985247155));
#9359 = CARTESIAN_POINT('',(0.614625689049,-0.35673356388));
#9360 = ( GEOMETRIC_REPRESENTATION_CONTEXT(2) 
PARAMETRIC_REPRESENTATION_CONTEXT() REPRESENTATION_CONTEXT('2D SPACE',''
  ) );
#9361 = ORIENTED_EDGE('',*,*,#8952,.F.);
#9362 = ORIENTED_EDGE('',*,*,#9363,.T.);
#9363 = EDGE_CURVE('',#8926,#9336,#9364,.T.);
#9364 = SURFACE_CURVE('',#9365,(#9369,#9376),.PCURVE_S1.);
#9365 = LINE('',#9366,#9367);
#9366 = CARTESIAN_POINT('',(-145.0019989013,38.571998596191,
    2.002000808716));
#9367 = VECTOR('',#9368,1.);
#9368 = DIRECTION('',(0.,-1.,0.));
#9369 = PCURVE('',#8966,#9370);
#9370 = DEFINITIONAL_REPRESENTATION('',(#9371),#9375);
#9371 = LINE('',#9372,#9373);
#9372 = CARTESIAN_POINT('',(0.330374005775,0.35673356388));
#9373 = VECTOR('',#9374,1.);
#9374 = DIRECTION('',(-1.,6.096930019944E-55));
#9375 = ( GEOMETRIC_REPRESENTATION_CONTEXT(2) 
PARAMETRIC_REPRESENTATION_CONTEXT() REPRESENTATION_CONTEXT('2D SPACE',''
  ) );
#9376 = PCURVE('',#8941,#9377);
#9377 = DEFINITIONAL_REPRESENTATION('',(#9378),#9381);
#9378 = B_SPLINE_CURVE_WITH_KNOTS('',1,(#9379,#9380),.UNSPECIFIED.,.F.,
  .F.,(2,2),(0.,0.944999694824),.PIECEWISE_BEZIER_KNOTS.);
#9379 = CARTESIAN_POINT('',(2.480854425926E-04,0.47225202221));
#9380 = CARTESIAN_POINT('',(2.480854425926E-04,-0.472747672614));
#9381 = ( GEOMETRIC_REPRESENTATION_CONTEXT(2) 
PARAMETRIC_REPRESENTATION_CONTEXT() REPRESENTATION_CONTEXT('2D SPACE',''
  ) );
#9382 = ADVANCED_FACE('',(#9383),#9351,.T.);
#9383 = FACE_BOUND('',#9384,.T.);
#9384 = EDGE_LOOP('',(#9385,#9412,#9413));
#9385 = ORIENTED_EDGE('',*,*,#9386,.T.);
#9386 = EDGE_CURVE('',#9387,#8837,#9389,.T.);
#9387 = VERTEX_POINT('',#9388);
#9388 = CARTESIAN_POINT('',(-145.0019989013,37.626998901367,
    1.004281997681));
#9389 = SURFACE_CURVE('',#9390,(#9394,#9401),.PCURVE_S1.);
#9390 = LINE('',#9391,#9392);
#9391 = CARTESIAN_POINT('',(-145.0019989013,37.626998901367,
    1.004281997681));
#9392 = VECTOR('',#9393,1.);
#9393 = DIRECTION('',(0.,1.,0.));
#9394 = PCURVE('',#9351,#9395);
#9395 = DEFINITIONAL_REPRESENTATION('',(#9396),#9400);
#9396 = LINE('',#9397,#9398);
#9397 = CARTESIAN_POINT('',(-0.330374005775,-0.35673356388));
#9398 = VECTOR('',#9399,1.);
#9399 = DIRECTION('',(1.,-7.449362564181E-56));
#9400 = ( GEOMETRIC_REPRESENTATION_CONTEXT(2) 
PARAMETRIC_REPRESENTATION_CONTEXT() REPRESENTATION_CONTEXT('2D SPACE',''
  ) );
#9401 = PCURVE('',#9402,#9407);
#9402 = PLANE('',#9403);
#9403 = AXIS2_PLACEMENT_3D('',#9404,#9405,#9406);
#9404 = CARTESIAN_POINT('',(-145.9365534641,35.195053286775,
    1.938770541202));
#9405 = DIRECTION('',(-0.707081803967,-2.784971629686E-15,
    -0.707131757524));
#9406 = DIRECTION('',(-0.707131757524,0.,0.707081803967));
#9407 = DEFINITIONAL_REPRESENTATION('',(#9408),#9411);
#9408 = B_SPLINE_CURVE_WITH_KNOTS('',1,(#9409,#9410),.UNSPECIFIED.,.F.,
  .F.,(2,2),(0.,0.944999694824),.PIECEWISE_BEZIER_KNOTS.);
#9409 = CARTESIAN_POINT('',(-1.321613055631,2.431945614593));
#9410 = CARTESIAN_POINT('',(-1.321613055631,3.376945309417));
#9411 = ( GEOMETRIC_REPRESENTATION_CONTEXT(2) 
PARAMETRIC_REPRESENTATION_CONTEXT() REPRESENTATION_CONTEXT('2D SPACE',''
  ) );
#9412 = ORIENTED_EDGE('',*,*,#9335,.F.);
#9413 = ORIENTED_EDGE('',*,*,#9414,.F.);
#9414 = EDGE_CURVE('',#9387,#9336,#9415,.T.);
#9415 = SURFACE_CURVE('',#9416,(#9420,#9426),.PCURVE_S1.);
#9416 = LINE('',#9417,#9418);
#9417 = CARTESIAN_POINT('',(-145.0019989013,37.626998901367,
    1.004281997681));
#9418 = VECTOR('',#9419,1.);
#9419 = DIRECTION('',(0.,0.,1.));
#9420 = PCURVE('',#9351,#9421);
#9421 = DEFINITIONAL_REPRESENTATION('',(#9422),#9425);
#9422 = B_SPLINE_CURVE_WITH_KNOTS('',1,(#9423,#9424),.UNSPECIFIED.,.F.,
  .F.,(2,2),(0.,0.997718811035),.PIECEWISE_BEZIER_KNOTS.);
#9423 = CARTESIAN_POINT('',(-0.330374005775,-0.35673356388));
#9424 = CARTESIAN_POINT('',(-0.330374005775,0.640985247155));
#9425 = ( GEOMETRIC_REPRESENTATION_CONTEXT(2) 
PARAMETRIC_REPRESENTATION_CONTEXT() REPRESENTATION_CONTEXT('2D SPACE',''
  ) );
#9426 = PCURVE('',#9427,#9432);
#9427 = PLANE('',#9428);
#9428 = AXIS2_PLACEMENT_3D('',#9429,#9430,#9431);
#9429 = CARTESIAN_POINT('',(-144.9994877601,37.626998901367,
    1.505627515402));
#9430 = DIRECTION('',(-1.893374407222E-24,1.,9.483934754826E-27));
#9431 = DIRECTION('',(1.,1.893374407222E-24,0.));
#9432 = DEFINITIONAL_REPRESENTATION('',(#9433),#9437);
#9433 = LINE('',#9434,#9435);
#9434 = CARTESIAN_POINT('',(-2.511141214569E-03,0.501345517721));
#9435 = VECTOR('',#9436,1.);
#9436 = DIRECTION('',(0.,-1.));
#9437 = ( GEOMETRIC_REPRESENTATION_CONTEXT(2) 
PARAMETRIC_REPRESENTATION_CONTEXT() REPRESENTATION_CONTEXT('2D SPACE',''
  ) );
#9438 = ADVANCED_FACE('',(#9439),#9449,.T.);
#9439 = FACE_BOUND('',#9440,.T.);
#9440 = EDGE_LOOP('',(#9441,#9471,#9498));
#9441 = ORIENTED_EDGE('',*,*,#9442,.T.);
#9442 = EDGE_CURVE('',#5124,#3706,#9443,.T.);
#9443 = SURFACE_CURVE('',#9444,(#9448,#9460),.PCURVE_S1.);
#9444 = LINE('',#9445,#9446);
#9445 = CARTESIAN_POINT('',(-144.9977111816,37.626998901367,1.));
#9446 = VECTOR('',#9447,1.);
#9447 = DIRECTION('',(5.695299350132E-03,0.,0.999983781651));
#9448 = PCURVE('',#9449,#9454);
#9449 = PLANE('',#9450);
#9450 = AXIS2_PLACEMENT_3D('',#9451,#9452,#9453);
#9451 = CARTESIAN_POINT('',(-144.993435154,37.626998901367,
    1.499577770346));
#9452 = DIRECTION('',(0.,1.,0.));
#9453 = DIRECTION('',(0.,-0.,1.));
#9454 = DEFINITIONAL_REPRESENTATION('',(#9455),#9459);
#9455 = LINE('',#9456,#9457);
#9456 = CARTESIAN_POINT('',(-0.499577770346,-4.276027566476E-03));
#9457 = VECTOR('',#9458,1.);
#9458 = DIRECTION('',(0.999983781651,5.695299350132E-03));
#9459 = ( GEOMETRIC_REPRESENTATION_CONTEXT(2) 
PARAMETRIC_REPRESENTATION_CONTEXT() REPRESENTATION_CONTEXT('2D SPACE',''
  ) );
#9460 = PCURVE('',#9461,#9466);
#9461 = PLANE('',#9462);
#9462 = AXIS2_PLACEMENT_3D('',#9463,#9464,#9465);
#9463 = CARTESIAN_POINT('',(-144.9959393062,37.626998901367,
    1.500558336611));
#9464 = DIRECTION('',(-9.021335981832E-23,1.,7.070872548896E-25));
#9465 = DIRECTION('',(1.,9.021335981832E-23,0.));
#9466 = DEFINITIONAL_REPRESENTATION('',(#9467),#9470);
#9467 = B_SPLINE_CURVE_WITH_KNOTS('',1,(#9468,#9469),.UNSPECIFIED.,.F.,
  .F.,(2,2),(0.,1.002017059778),.PIECEWISE_BEZIER_KNOTS.);
#9468 = CARTESIAN_POINT('',(-1.771875374772E-03,0.500558336611));
#9469 = CARTESIAN_POINT('',(3.934911734603E-03,-0.501442472105));
#9470 = ( GEOMETRIC_REPRESENTATION_CONTEXT(2) 
PARAMETRIC_REPRESENTATION_CONTEXT() REPRESENTATION_CONTEXT('2D SPACE',''
  ) );
#9471 = ORIENTED_EDGE('',*,*,#9472,.T.);
#9472 = EDGE_CURVE('',#3706,#9473,#9475,.T.);
#9473 = VERTEX_POINT('',#9474);
#9474 = CARTESIAN_POINT('',(-144.9920043945,37.626998901367,1.));
#9475 = SURFACE_CURVE('',#9476,(#9480,#9487),.PCURVE_S1.);
#9476 = LINE('',#9477,#9478);
#9477 = CARTESIAN_POINT('',(-144.9920043945,37.626998901367,
    2.002000808716));
#9478 = VECTOR('',#9479,1.);
#9479 = DIRECTION('',(0.,0.,-1.));
#9480 = PCURVE('',#9449,#9481);
#9481 = DEFINITIONAL_REPRESENTATION('',(#9482),#9486);
#9482 = LINE('',#9483,#9484);
#9483 = CARTESIAN_POINT('',(0.50242303837,1.430759542899E-03));
#9484 = VECTOR('',#9485,1.);
#9485 = DIRECTION('',(-1.,0.));
#9486 = ( GEOMETRIC_REPRESENTATION_CONTEXT(2) 
PARAMETRIC_REPRESENTATION_CONTEXT() REPRESENTATION_CONTEXT('2D SPACE',''
  ) );
#9487 = PCURVE('',#9488,#9493);
#9488 = PLANE('',#9489);
#9489 = AXIS2_PLACEMENT_3D('',#9490,#9491,#9492);
#9490 = CARTESIAN_POINT('',(-144.2583624488,37.039176738653,
    1.303205539364));
#9491 = DIRECTION('',(0.625284206121,0.780397117868,-3.254129322676E-16)
  );
#9492 = DIRECTION('',(0.780397117868,-0.625284206121,2.465190328816E-32)
  );
#9493 = DEFINITIONAL_REPRESENTATION('',(#9494),#9497);
#9494 = B_SPLINE_CURVE_WITH_KNOTS('',1,(#9495,#9496),.UNSPECIFIED.,.F.,
  .F.,(2,2),(0.,1.002000808716),.PIECEWISE_BEZIER_KNOTS.);
#9495 = CARTESIAN_POINT('',(-0.940087974333,-0.698795269352));
#9496 = CARTESIAN_POINT('',(-0.940087974333,0.303205539364));
#9497 = ( GEOMETRIC_REPRESENTATION_CONTEXT(2) 
PARAMETRIC_REPRESENTATION_CONTEXT() REPRESENTATION_CONTEXT('2D SPACE',''
  ) );
#9498 = ORIENTED_EDGE('',*,*,#9499,.T.);
#9499 = EDGE_CURVE('',#9473,#5124,#9500,.T.);
#9500 = SURFACE_CURVE('',#9501,(#9505,#9512),.PCURVE_S1.);
#9501 = LINE('',#9502,#9503);
#9502 = CARTESIAN_POINT('',(-144.9920043945,37.626998901367,1.));
#9503 = VECTOR('',#9504,1.);
#9504 = DIRECTION('',(-1.,0.,0.));
#9505 = PCURVE('',#9449,#9506);
#9506 = DEFINITIONAL_REPRESENTATION('',(#9507),#9511);
#9507 = LINE('',#9508,#9509);
#9508 = CARTESIAN_POINT('',(-0.499577770346,1.430759542899E-03));
#9509 = VECTOR('',#9510,1.);
#9510 = DIRECTION('',(0.,-1.));
#9511 = ( GEOMETRIC_REPRESENTATION_CONTEXT(2) 
PARAMETRIC_REPRESENTATION_CONTEXT() REPRESENTATION_CONTEXT('2D SPACE',''
  ) );
#9512 = PCURVE('',#5159,#9513);
#9513 = DEFINITIONAL_REPRESENTATION('',(#9514),#9517);
#9514 = B_SPLINE_CURVE_WITH_KNOTS('',1,(#9515,#9516),.UNSPECIFIED.,.F.,
  .F.,(2,2),(0.,5.706787109375E-03),.PIECEWISE_BEZIER_KNOTS.);
#9515 = CARTESIAN_POINT('',(0.105020848312,2.615074239082));
#9516 = CARTESIAN_POINT('',(0.110727635421,2.615074239082));
#9517 = ( GEOMETRIC_REPRESENTATION_CONTEXT(2) 
PARAMETRIC_REPRESENTATION_CONTEXT() REPRESENTATION_CONTEXT('2D SPACE',''
  ) );
#9518 = ADVANCED_FACE('',(#9519),#9461,.T.);
#9519 = FACE_BOUND('',#9520,.T.);
#9520 = EDGE_LOOP('',(#9521,#9541,#9542));
#9521 = ORIENTED_EDGE('',*,*,#9522,.T.);
#9522 = EDGE_CURVE('',#9387,#3706,#9523,.T.);
#9523 = SURFACE_CURVE('',#9524,(#9528,#9535),.PCURVE_S1.);
#9524 = LINE('',#9525,#9526);
#9525 = CARTESIAN_POINT('',(-145.0019989013,37.626998901367,
    1.004281997681));
#9526 = VECTOR('',#9527,1.);
#9527 = DIRECTION('',(1.001685575275E-02,0.,0.999949830042));
#9528 = PCURVE('',#9461,#9529);
#9529 = DEFINITIONAL_REPRESENTATION('',(#9530),#9534);
#9530 = LINE('',#9531,#9532);
#9531 = CARTESIAN_POINT('',(-6.059595101334E-03,0.49627633893));
#9532 = VECTOR('',#9533,1.);
#9533 = DIRECTION('',(1.001685575275E-02,-0.999949830042));
#9534 = ( GEOMETRIC_REPRESENTATION_CONTEXT(2) 
PARAMETRIC_REPRESENTATION_CONTEXT() REPRESENTATION_CONTEXT('2D SPACE',''
  ) );
#9535 = PCURVE('',#9427,#9536);
#9536 = DEFINITIONAL_REPRESENTATION('',(#9537),#9540);
#9537 = B_SPLINE_CURVE_WITH_KNOTS('',1,(#9538,#9539),.UNSPECIFIED.,.F.,
  .F.,(2,2),(0.,0.997768869058),.PIECEWISE_BEZIER_KNOTS.);
#9538 = CARTESIAN_POINT('',(-2.511141214569E-03,0.501345517721));
#9539 = CARTESIAN_POINT('',(7.483365621368E-03,-0.496373293314));
#9540 = ( GEOMETRIC_REPRESENTATION_CONTEXT(2) 
PARAMETRIC_REPRESENTATION_CONTEXT() REPRESENTATION_CONTEXT('2D SPACE',''
  ) );
#9541 = ORIENTED_EDGE('',*,*,#9442,.F.);
#9542 = ORIENTED_EDGE('',*,*,#9543,.T.);
#9543 = EDGE_CURVE('',#5124,#9387,#9544,.T.);
#9544 = SURFACE_CURVE('',#9545,(#9549,#9556),.PCURVE_S1.);
#9545 = LINE('',#9546,#9547);
#9546 = CARTESIAN_POINT('',(-144.9977111816,37.626998901367,1.));
#9547 = VECTOR('',#9548,1.);
#9548 = DIRECTION('',(-0.707578762416,0.,0.706634484708));
#9549 = PCURVE('',#9461,#9550);
#9550 = DEFINITIONAL_REPRESENTATION('',(#9551),#9555);
#9551 = LINE('',#9552,#9553);
#9552 = CARTESIAN_POINT('',(-1.771875374772E-03,0.500558336611));
#9553 = VECTOR('',#9554,1.);
#9554 = DIRECTION('',(-0.707578762416,-0.706634484708));
#9555 = ( GEOMETRIC_REPRESENTATION_CONTEXT(2) 
PARAMETRIC_REPRESENTATION_CONTEXT() REPRESENTATION_CONTEXT('2D SPACE',''
  ) );
#9556 = PCURVE('',#9557,#9562);
#9557 = PLANE('',#9558);
#9558 = AXIS2_PLACEMENT_3D('',#9559,#9560,#9561);
#9559 = CARTESIAN_POINT('',(-144.9987835338,33.783155336306,
    1.001070921157));
#9560 = DIRECTION('',(-0.706634484708,-6.857328487373E-20,
    -0.707578762416));
#9561 = DIRECTION('',(-0.707578762416,0.,0.706634484708));
#9562 = DEFINITIONAL_REPRESENTATION('',(#9563),#9566);
#9563 = B_SPLINE_CURVE_WITH_KNOTS('',1,(#9564,#9565),.UNSPECIFIED.,.F.,
  .F.,(2,2),(0.,6.059706642303E-03),.PIECEWISE_BEZIER_KNOTS.);
#9564 = CARTESIAN_POINT('',(-1.515523484735E-03,3.843843565061));
#9565 = CARTESIAN_POINT('',(4.544183157567E-03,3.843843565061));
#9566 = ( GEOMETRIC_REPRESENTATION_CONTEXT(2) 
PARAMETRIC_REPRESENTATION_CONTEXT() REPRESENTATION_CONTEXT('2D SPACE',''
  ) );
#9567 = ADVANCED_FACE('',(#9568),#9427,.T.);
#9568 = FACE_BOUND('',#9569,.T.);
#9569 = EDGE_LOOP('',(#9570,#9590,#9591));
#9570 = ORIENTED_EDGE('',*,*,#9571,.T.);
#9571 = EDGE_CURVE('',#9336,#3706,#9572,.T.);
#9572 = SURFACE_CURVE('',#9573,(#9577,#9584),.PCURVE_S1.);
#9573 = LINE('',#9574,#9575);
#9574 = CARTESIAN_POINT('',(-145.0019989013,37.626998901367,
    2.002000808716));
#9575 = VECTOR('',#9576,1.);
#9576 = DIRECTION('',(1.,0.,0.));
#9577 = PCURVE('',#9427,#9578);
#9578 = DEFINITIONAL_REPRESENTATION('',(#9579),#9583);
#9579 = LINE('',#9580,#9581);
#9580 = CARTESIAN_POINT('',(-2.511141214569E-03,-0.496373293314));
#9581 = VECTOR('',#9582,1.);
#9582 = DIRECTION('',(1.,-1.795663934455E-50));
#9583 = ( GEOMETRIC_REPRESENTATION_CONTEXT(2) 
PARAMETRIC_REPRESENTATION_CONTEXT() REPRESENTATION_CONTEXT('2D SPACE',''
  ) );
#9584 = PCURVE('',#3745,#9585);
#9585 = DEFINITIONAL_REPRESENTATION('',(#9586),#9589);
#9586 = B_SPLINE_CURVE_WITH_KNOTS('',1,(#9587,#9588),.UNSPECIFIED.,.F.,
  .F.,(2,2),(0.,9.994506835938E-03),.PIECEWISE_BEZIER_KNOTS.);
#9587 = CARTESIAN_POINT('',(7.759639326991E-02,-0.444548111555));
#9588 = CARTESIAN_POINT('',(6.760188643398E-02,-0.444548111555));
#9589 = ( GEOMETRIC_REPRESENTATION_CONTEXT(2) 
PARAMETRIC_REPRESENTATION_CONTEXT() REPRESENTATION_CONTEXT('2D SPACE',''
  ) );
#9590 = ORIENTED_EDGE('',*,*,#9522,.F.);
#9591 = ORIENTED_EDGE('',*,*,#9414,.T.);
#9592 = ADVANCED_FACE('',(#9593),#9488,.T.);
#9593 = FACE_BOUND('',#9594,.T.);
#9594 = EDGE_LOOP('',(#9595,#9622,#9623));
#9595 = ORIENTED_EDGE('',*,*,#9596,.T.);
#9596 = EDGE_CURVE('',#9597,#9473,#9599,.T.);
#9597 = VERTEX_POINT('',#9598);
#9598 = CARTESIAN_POINT('',(-143.2160034179,36.203998565674,1.));
#9599 = SURFACE_CURVE('',#9600,(#9604,#9611),.PCURVE_S1.);
#9600 = LINE('',#9601,#9602);
#9601 = CARTESIAN_POINT('',(-143.2160034179,36.203998565674,1.));
#9602 = VECTOR('',#9603,1.);
#9603 = DIRECTION('',(-0.780397117868,0.625284206121,0.));
#9604 = PCURVE('',#9488,#9605);
#9605 = DEFINITIONAL_REPRESENTATION('',(#9606),#9610);
#9606 = LINE('',#9607,#9608);
#9607 = CARTESIAN_POINT('',(1.33567770432,0.303205539364));
#9608 = VECTOR('',#9609,1.);
#9609 = DIRECTION('',(-1.,-9.690808927101E-32));
#9610 = ( GEOMETRIC_REPRESENTATION_CONTEXT(2) 
PARAMETRIC_REPRESENTATION_CONTEXT() REPRESENTATION_CONTEXT('2D SPACE',''
  ) );
#9611 = PCURVE('',#9612,#9617);
#9612 = PLANE('',#9613);
#9613 = AXIS2_PLACEMENT_3D('',#9614,#9615,#9616);
#9614 = CARTESIAN_POINT('',(-144.4181870848,35.131319426124,1.));
#9615 = DIRECTION('',(-0.,-0.,-1.));
#9616 = DIRECTION('',(-1.,0.,0.));
#9617 = DEFINITIONAL_REPRESENTATION('',(#9618),#9621);
#9618 = B_SPLINE_CURVE_WITH_KNOTS('',1,(#9619,#9620),.UNSPECIFIED.,.F.,
  .F.,(2,2),(0.,2.275765678653),.PIECEWISE_BEZIER_KNOTS.);
#9619 = CARTESIAN_POINT('',(-1.202183666894,1.07267913955));
#9620 = CARTESIAN_POINT('',(0.573817309669,2.495679475243));
#9621 = ( GEOMETRIC_REPRESENTATION_CONTEXT(2) 
PARAMETRIC_REPRESENTATION_CONTEXT() REPRESENTATION_CONTEXT('2D SPACE',''
  ) );
#9622 = ORIENTED_EDGE('',*,*,#9472,.F.);
#9623 = ORIENTED_EDGE('',*,*,#9624,.F.);
#9624 = EDGE_CURVE('',#9597,#3706,#9625,.T.);
#9625 = SURFACE_CURVE('',#9626,(#9630,#9636),.PCURVE_S1.);
#9626 = LINE('',#9627,#9628);
#9627 = CARTESIAN_POINT('',(-143.2160034179,36.203998565674,1.));
#9628 = VECTOR('',#9629,1.);
#9629 = DIRECTION('',(-0.714232382377,0.572270473551,0.402962292362));
#9630 = PCURVE('',#9488,#9631);
#9631 = DEFINITIONAL_REPRESENTATION('',(#9632),#9635);
#9632 = B_SPLINE_CURVE_WITH_KNOTS('',1,(#9633,#9634),.UNSPECIFIED.,.F.,
  .F.,(2,2),(0.,2.486587027393),.PIECEWISE_BEZIER_KNOTS.);
#9633 = CARTESIAN_POINT('',(1.33567770432,0.303205539364));
#9634 = CARTESIAN_POINT('',(-0.940087974333,-0.698795269352));
#9635 = ( GEOMETRIC_REPRESENTATION_CONTEXT(2) 
PARAMETRIC_REPRESENTATION_CONTEXT() REPRESENTATION_CONTEXT('2D SPACE',''
  ) );
#9636 = PCURVE('',#9637,#9642);
#9637 = PLANE('',#9638);
#9638 = AXIS2_PLACEMENT_3D('',#9639,#9640,#9641);
#9639 = CARTESIAN_POINT('',(-143.9496453636,36.791820728388,
    1.698795269352));
#9640 = DIRECTION('',(0.625284206121,0.780397117868,-1.627064661338E-16)
  );
#9641 = DIRECTION('',(0.780397117868,-0.625284206121,0.));
#9642 = DEFINITIONAL_REPRESENTATION('',(#9643),#9647);
#9643 = LINE('',#9644,#9645);
#9644 = CARTESIAN_POINT('',(0.940087974333,0.698795269352));
#9645 = VECTOR('',#9646,1.);
#9646 = DIRECTION('',(-0.915216581435,-0.402962292362));
#9647 = ( GEOMETRIC_REPRESENTATION_CONTEXT(2) 
PARAMETRIC_REPRESENTATION_CONTEXT() REPRESENTATION_CONTEXT('2D SPACE',''
  ) );
#9648 = ADVANCED_FACE('',(#9649),#9661,.T.);
#9649 = FACE_BOUND('',#9650,.T.);
#9650 = EDGE_LOOP('',(#9651,#9683,#9705));
#9651 = ORIENTED_EDGE('',*,*,#9652,.T.);
#9652 = EDGE_CURVE('',#9653,#9597,#9655,.T.);
#9653 = VERTEX_POINT('',#9654);
#9654 = CARTESIAN_POINT('',(-143.1920013427,36.222999572754,
    2.002000808716));
#9655 = SURFACE_CURVE('',#9656,(#9660,#9672),.PCURVE_S1.);
#9656 = LINE('',#9657,#9658);
#9657 = CARTESIAN_POINT('',(-143.1920013427,36.222999572754,
    2.002000808716));
#9658 = VECTOR('',#9659,1.);
#9659 = DIRECTION('',(-2.394297595903E-02,-1.895422175015E-02,
    -0.999533626938));
#9660 = PCURVE('',#9661,#9666);
#9661 = PLANE('',#9662);
#9662 = AXIS2_PLACEMENT_3D('',#9663,#9664,#9665);
#9663 = CARTESIAN_POINT('',(-143.2099112578,36.208821364367,
    1.508536700271));
#9664 = DIRECTION('',(-0.620690177251,0.784055931592,5.756842104317E-18)
  );
#9665 = DIRECTION('',(0.784055931592,0.620690177251,3.851859888774E-34)
  );
#9666 = DEFINITIONAL_REPRESENTATION('',(#9667),#9671);
#9667 = LINE('',#9668,#9669);
#9668 = CARTESIAN_POINT('',(2.284264985347E-02,-0.493464108444));
#9669 = VECTOR('',#9670,1.);
#9670 = DIRECTION('',(-3.053733157839E-02,0.999533626938));
#9671 = ( GEOMETRIC_REPRESENTATION_CONTEXT(2) 
PARAMETRIC_REPRESENTATION_CONTEXT() REPRESENTATION_CONTEXT('2D SPACE',''
  ) );
#9672 = PCURVE('',#9673,#9678);
#9673 = PLANE('',#9674);
#9674 = AXIS2_PLACEMENT_3D('',#9675,#9676,#9677);
#9675 = CARTESIAN_POINT('',(-143.1980935028,36.21817677406,
    1.493464108444));
#9676 = DIRECTION('',(-0.620690177251,0.784055931592,4.022118602491E-18)
  );
#9677 = DIRECTION('',(0.784055931592,0.620690177251,0.));
#9678 = DEFINITIONAL_REPRESENTATION('',(#9679),#9682);
#9679 = B_SPLINE_CURVE_WITH_KNOTS('',1,(#9680,#9681),.UNSPECIFIED.,.F.,
  .F.,(2,2),(0.,1.002468332942),.PIECEWISE_BEZIER_KNOTS.);
#9680 = CARTESIAN_POINT('',(7.770058026445E-03,-0.508536700271));
#9681 = CARTESIAN_POINT('',(-2.284264985343E-02,0.493464108444));
#9682 = ( GEOMETRIC_REPRESENTATION_CONTEXT(2) 
PARAMETRIC_REPRESENTATION_CONTEXT() REPRESENTATION_CONTEXT('2D SPACE',''
  ) );
#9683 = ORIENTED_EDGE('',*,*,#9684,.T.);
#9684 = EDGE_CURVE('',#9597,#9685,#9687,.T.);
#9685 = VERTEX_POINT('',#9686);
#9686 = CARTESIAN_POINT('',(-143.2160034179,36.203998565674,
    2.002000808716));
#9687 = SURFACE_CURVE('',#9688,(#9692,#9699),.PCURVE_S1.);
#9688 = LINE('',#9689,#9690);
#9689 = CARTESIAN_POINT('',(-143.2160034179,36.203998565674,1.));
#9690 = VECTOR('',#9691,1.);
#9691 = DIRECTION('',(0.,0.,1.));
#9692 = PCURVE('',#9661,#9693);
#9693 = DEFINITIONAL_REPRESENTATION('',(#9694),#9698);
#9694 = LINE('',#9695,#9696);
#9695 = CARTESIAN_POINT('',(-7.77005802641E-03,0.508536700271));
#9696 = VECTOR('',#9697,1.);
#9697 = DIRECTION('',(0.,-1.));
#9698 = ( GEOMETRIC_REPRESENTATION_CONTEXT(2) 
PARAMETRIC_REPRESENTATION_CONTEXT() REPRESENTATION_CONTEXT('2D SPACE',''
  ) );
#9699 = PCURVE('',#9637,#9700);
#9700 = DEFINITIONAL_REPRESENTATION('',(#9701),#9704);
#9701 = B_SPLINE_CURVE_WITH_KNOTS('',1,(#9702,#9703),.UNSPECIFIED.,.F.,
  .F.,(2,2),(0.,1.002000808716),.PIECEWISE_BEZIER_KNOTS.);
#9702 = CARTESIAN_POINT('',(0.940087974333,0.698795269352));
#9703 = CARTESIAN_POINT('',(0.940087974333,-0.303205539364));
#9704 = ( GEOMETRIC_REPRESENTATION_CONTEXT(2) 
PARAMETRIC_REPRESENTATION_CONTEXT() REPRESENTATION_CONTEXT('2D SPACE',''
  ) );
#9705 = ORIENTED_EDGE('',*,*,#9706,.T.);
#9706 = EDGE_CURVE('',#9685,#9653,#9707,.T.);
#9707 = SURFACE_CURVE('',#9708,(#9712,#9719),.PCURVE_S1.);
#9708 = LINE('',#9709,#9710);
#9709 = CARTESIAN_POINT('',(-143.2160034179,36.203998565674,
    2.002000808716));
#9710 = VECTOR('',#9711,1.);
#9711 = DIRECTION('',(0.784055931592,0.620690177251,0.));
#9712 = PCURVE('',#9661,#9713);
#9713 = DEFINITIONAL_REPRESENTATION('',(#9714),#9718);
#9714 = LINE('',#9715,#9716);
#9715 = CARTESIAN_POINT('',(-7.77005802641E-03,-0.493464108444));
#9716 = VECTOR('',#9717,1.);
#9717 = DIRECTION('',(1.,1.312341124205E-34));
#9718 = ( GEOMETRIC_REPRESENTATION_CONTEXT(2) 
PARAMETRIC_REPRESENTATION_CONTEXT() REPRESENTATION_CONTEXT('2D SPACE',''
  ) );
#9719 = PCURVE('',#9720,#9725);
#9720 = PLANE('',#9721);
#9721 = AXIS2_PLACEMENT_3D('',#9722,#9723,#9724);
#9722 = CARTESIAN_POINT('',(-144.0920306404,36.915541822032,
    2.002000808716));
#9723 = DIRECTION('',(9.784795137406E-27,1.237846439812E-26,-1.));
#9724 = DIRECTION('',(0.,-1.,-1.237846439812E-26));
#9725 = DEFINITIONAL_REPRESENTATION('',(#9726),#9729);
#9726 = B_SPLINE_CURVE_WITH_KNOTS('',1,(#9727,#9728),.UNSPECIFIED.,.F.,
  .F.,(2,2),(0.,3.061270787988E-02),.PIECEWISE_BEZIER_KNOTS.);
#9727 = CARTESIAN_POINT('',(0.711543256359,-0.876027222458));
#9728 = CARTESIAN_POINT('',(0.692542249279,-0.900029297654));
#9729 = ( GEOMETRIC_REPRESENTATION_CONTEXT(2) 
PARAMETRIC_REPRESENTATION_CONTEXT() REPRESENTATION_CONTEXT('2D SPACE',''
  ) );
#9730 = ADVANCED_FACE('',(#9731),#9673,.T.);
#9731 = FACE_BOUND('',#9732,.T.);
#9732 = EDGE_LOOP('',(#9733,#9760,#9761));
#9733 = ORIENTED_EDGE('',*,*,#9734,.T.);
#9734 = EDGE_CURVE('',#9735,#9597,#9737,.T.);
#9735 = VERTEX_POINT('',#9736);
#9736 = CARTESIAN_POINT('',(-143.1920013427,36.222999572754,1.));
#9737 = SURFACE_CURVE('',#9738,(#9742,#9749),.PCURVE_S1.);
#9738 = LINE('',#9739,#9740);
#9739 = CARTESIAN_POINT('',(-143.1920013427,36.222999572754,1.));
#9740 = VECTOR('',#9741,1.);
#9741 = DIRECTION('',(-0.784055931592,-0.620690177251,0.));
#9742 = PCURVE('',#9673,#9743);
#9743 = DEFINITIONAL_REPRESENTATION('',(#9744),#9748);
#9744 = LINE('',#9745,#9746);
#9745 = CARTESIAN_POINT('',(7.770058026445E-03,0.493464108444));
#9746 = VECTOR('',#9747,1.);
#9747 = DIRECTION('',(-1.,6.13588791484E-35));
#9748 = ( GEOMETRIC_REPRESENTATION_CONTEXT(2) 
PARAMETRIC_REPRESENTATION_CONTEXT() REPRESENTATION_CONTEXT('2D SPACE',''
  ) );
#9749 = PCURVE('',#9750,#9755);
#9750 = PLANE('',#9751);
#9751 = AXIS2_PLACEMENT_3D('',#9752,#9753,#9754);
#9752 = CARTESIAN_POINT('',(-141.8201408452,36.218202911119,1.));
#9753 = DIRECTION('',(-0.,-0.,-1.));
#9754 = DIRECTION('',(-1.,0.,0.));
#9755 = DEFINITIONAL_REPRESENTATION('',(#9756),#9759);
#9756 = B_SPLINE_CURVE_WITH_KNOTS('',1,(#9757,#9758),.UNSPECIFIED.,.F.,
  .F.,(2,2),(0.,3.061270787988E-02),.PIECEWISE_BEZIER_KNOTS.);
#9757 = CARTESIAN_POINT('',(1.371860497543,4.796661634515E-03));
#9758 = CARTESIAN_POINT('',(1.395862572739,-1.420434544556E-02));
#9759 = ( GEOMETRIC_REPRESENTATION_CONTEXT(2) 
PARAMETRIC_REPRESENTATION_CONTEXT() REPRESENTATION_CONTEXT('2D SPACE',''
  ) );
#9760 = ORIENTED_EDGE('',*,*,#9652,.F.);
#9761 = ORIENTED_EDGE('',*,*,#9762,.T.);
#9762 = EDGE_CURVE('',#9653,#9735,#9763,.T.);
#9763 = SURFACE_CURVE('',#9764,(#9768,#9775),.PCURVE_S1.);
#9764 = LINE('',#9765,#9766);
#9765 = CARTESIAN_POINT('',(-143.1920013427,36.222999572754,
    2.002000808716));
#9766 = VECTOR('',#9767,1.);
#9767 = DIRECTION('',(0.,0.,-1.));
#9768 = PCURVE('',#9673,#9769);
#9769 = DEFINITIONAL_REPRESENTATION('',(#9770),#9774);
#9770 = LINE('',#9771,#9772);
#9771 = CARTESIAN_POINT('',(7.770058026445E-03,-0.508536700271));
#9772 = VECTOR('',#9773,1.);
#9773 = DIRECTION('',(0.,1.));
#9774 = ( GEOMETRIC_REPRESENTATION_CONTEXT(2) 
PARAMETRIC_REPRESENTATION_CONTEXT() REPRESENTATION_CONTEXT('2D SPACE',''
  ) );
#9775 = PCURVE('',#9776,#9781);
#9776 = PLANE('',#9777);
#9777 = AXIS2_PLACEMENT_3D('',#9778,#9779,#9780);
#9778 = CARTESIAN_POINT('',(-142.0131036494,36.222999572754,
    1.707600757875));
#9779 = DIRECTION('',(0.,1.,0.));
#9780 = DIRECTION('',(0.,-0.,1.));
#9781 = DEFINITIONAL_REPRESENTATION('',(#9782),#9785);
#9782 = B_SPLINE_CURVE_WITH_KNOTS('',1,(#9783,#9784),.UNSPECIFIED.,.F.,
  .F.,(2,2),(0.,1.002000808716),.PIECEWISE_BEZIER_KNOTS.);
#9783 = CARTESIAN_POINT('',(0.294400050841,-1.178897693358));
#9784 = CARTESIAN_POINT('',(-0.707600757875,-1.178897693358));
#9785 = ( GEOMETRIC_REPRESENTATION_CONTEXT(2) 
PARAMETRIC_REPRESENTATION_CONTEXT() REPRESENTATION_CONTEXT('2D SPACE',''
  ) );
#9786 = ADVANCED_FACE('',(#9787),#9637,.T.);
#9787 = FACE_BOUND('',#9788,.T.);
#9788 = EDGE_LOOP('',(#9789,#9809,#9810));
#9789 = ORIENTED_EDGE('',*,*,#9790,.T.);
#9790 = EDGE_CURVE('',#3706,#9685,#9791,.T.);
#9791 = SURFACE_CURVE('',#9792,(#9796,#9803),.PCURVE_S1.);
#9792 = LINE('',#9793,#9794);
#9793 = CARTESIAN_POINT('',(-144.9920043945,37.626998901367,
    2.002000808716));
#9794 = VECTOR('',#9795,1.);
#9795 = DIRECTION('',(0.780397117868,-0.625284206121,0.));
#9796 = PCURVE('',#9637,#9797);
#9797 = DEFINITIONAL_REPRESENTATION('',(#9798),#9802);
#9798 = LINE('',#9799,#9800);
#9799 = CARTESIAN_POINT('',(-1.33567770432,-0.303205539364));
#9800 = VECTOR('',#9801,1.);
#9801 = DIRECTION('',(1.,2.709606974357E-32));
#9802 = ( GEOMETRIC_REPRESENTATION_CONTEXT(2) 
PARAMETRIC_REPRESENTATION_CONTEXT() REPRESENTATION_CONTEXT('2D SPACE',''
  ) );
#9803 = PCURVE('',#9720,#9804);
#9804 = DEFINITIONAL_REPRESENTATION('',(#9805),#9808);
#9805 = B_SPLINE_CURVE_WITH_KNOTS('',1,(#9806,#9807),.UNSPECIFIED.,.F.,
  .F.,(2,2),(0.,2.275765678653),.PIECEWISE_BEZIER_KNOTS.);
#9806 = CARTESIAN_POINT('',(-0.711457079335,0.899973754104));
#9807 = CARTESIAN_POINT('',(0.711543256359,-0.876027222458));
#9808 = ( GEOMETRIC_REPRESENTATION_CONTEXT(2) 
PARAMETRIC_REPRESENTATION_CONTEXT() REPRESENTATION_CONTEXT('2D SPACE',''
  ) );
#9809 = ORIENTED_EDGE('',*,*,#9684,.F.);
#9810 = ORIENTED_EDGE('',*,*,#9624,.T.);
#9811 = ADVANCED_FACE('',(#9812),#9776,.T.);
#9812 = FACE_BOUND('',#9813,.T.);
#9813 = EDGE_LOOP('',(#9814,#9839,#9840));
#9814 = ORIENTED_EDGE('',*,*,#9815,.T.);
#9815 = EDGE_CURVE('',#8410,#9735,#9816,.T.);
#9816 = SURFACE_CURVE('',#9817,(#9821,#9828),.PCURVE_S1.);
#9817 = LINE('',#9818,#9819);
#9818 = CARTESIAN_POINT('',(-140.421005249,36.222999572754,
    2.002000808716));
#9819 = VECTOR('',#9820,1.);
#9820 = DIRECTION('',(-0.940406005731,0.,-0.340053737495));
#9821 = PCURVE('',#9776,#9822);
#9822 = DEFINITIONAL_REPRESENTATION('',(#9823),#9827);
#9823 = LINE('',#9824,#9825);
#9824 = CARTESIAN_POINT('',(0.294400050841,1.592098400392));
#9825 = VECTOR('',#9826,1.);
#9826 = DIRECTION('',(-0.340053737495,-0.940406005731));
#9827 = ( GEOMETRIC_REPRESENTATION_CONTEXT(2) 
PARAMETRIC_REPRESENTATION_CONTEXT() REPRESENTATION_CONTEXT('2D SPACE',''
  ) );
#9828 = PCURVE('',#9829,#9834);
#9829 = PLANE('',#9830);
#9830 = AXIS2_PLACEMENT_3D('',#9831,#9832,#9833);
#9831 = CARTESIAN_POINT('',(-141.5999029423,36.222999572754,
    1.294400050841));
#9832 = DIRECTION('',(0.,1.,0.));
#9833 = DIRECTION('',(0.,-0.,1.));
#9834 = DEFINITIONAL_REPRESENTATION('',(#9835),#9838);
#9835 = B_SPLINE_CURVE_WITH_KNOTS('',1,(#9836,#9837),.UNSPECIFIED.,.F.,
  .F.,(2,2),(0.,2.946595488398),.PIECEWISE_BEZIER_KNOTS.);
#9836 = CARTESIAN_POINT('',(0.707600757875,1.178897693358));
#9837 = CARTESIAN_POINT('',(-0.294400050841,-1.592098400392));
#9838 = ( GEOMETRIC_REPRESENTATION_CONTEXT(2) 
PARAMETRIC_REPRESENTATION_CONTEXT() REPRESENTATION_CONTEXT('2D SPACE',''
  ) );
#9839 = ORIENTED_EDGE('',*,*,#9762,.F.);
#9840 = ORIENTED_EDGE('',*,*,#9841,.T.);
#9841 = EDGE_CURVE('',#9653,#8410,#9842,.T.);
#9842 = SURFACE_CURVE('',#9843,(#9847,#9854),.PCURVE_S1.);
#9843 = LINE('',#9844,#9845);
#9844 = CARTESIAN_POINT('',(-143.1920013427,36.222999572754,
    2.002000808716));
#9845 = VECTOR('',#9846,1.);
#9846 = DIRECTION('',(1.,0.,0.));
#9847 = PCURVE('',#9776,#9848);
#9848 = DEFINITIONAL_REPRESENTATION('',(#9849),#9853);
#9849 = LINE('',#9850,#9851);
#9850 = CARTESIAN_POINT('',(0.294400050841,-1.178897693358));
#9851 = VECTOR('',#9852,1.);
#9852 = DIRECTION('',(0.,1.));
#9853 = ( GEOMETRIC_REPRESENTATION_CONTEXT(2) 
PARAMETRIC_REPRESENTATION_CONTEXT() REPRESENTATION_CONTEXT('2D SPACE',''
  ) );
#9854 = PCURVE('',#8450,#9855);
#9855 = DEFINITIONAL_REPRESENTATION('',(#9856),#9859);
#9856 = B_SPLINE_CURVE_WITH_KNOTS('',1,(#9857,#9858),.UNSPECIFIED.,.F.,
  .F.,(2,2),(0.,2.77099609375),.PIECEWISE_BEZIER_KNOTS.);
#9857 = CARTESIAN_POINT('',(3.109630245773E-02,1.359193501501));
#9858 = CARTESIAN_POINT('',(3.109630245773E-02,-1.411802592249));
#9859 = ( GEOMETRIC_REPRESENTATION_CONTEXT(2) 
PARAMETRIC_REPRESENTATION_CONTEXT() REPRESENTATION_CONTEXT('2D SPACE',''
  ) );
#9860 = ADVANCED_FACE('',(#9861),#8687,.T.);
#9861 = FACE_BOUND('',#9862,.T.);
#9862 = EDGE_LOOP('',(#9863,#9864,#9865));
#9863 = ORIENTED_EDGE('',*,*,#8674,.T.);
#9864 = ORIENTED_EDGE('',*,*,#8757,.F.);
#9865 = ORIENTED_EDGE('',*,*,#9866,.T.);
#9866 = EDGE_CURVE('',#8731,#8024,#9867,.T.);
#9867 = SURFACE_CURVE('',#9868,(#9872,#9879),.PCURVE_S1.);
#9868 = LINE('',#9869,#9870);
#9869 = CARTESIAN_POINT('',(-136.9779968261,40.001998901367,1.));
#9870 = VECTOR('',#9871,1.);
#9871 = DIRECTION('',(0.780442629716,-0.625227400009,0.));
#9872 = PCURVE('',#8687,#9873);
#9873 = DEFINITIONAL_REPRESENTATION('',(#9874),#9878);
#9874 = LINE('',#9875,#9876);
#9875 = CARTESIAN_POINT('',(0.94554866552,0.302964907415));
#9876 = VECTOR('',#9877,1.);
#9877 = DIRECTION('',(-1.,-1.232595164408E-32));
#9878 = ( GEOMETRIC_REPRESENTATION_CONTEXT(2) 
PARAMETRIC_REPRESENTATION_CONTEXT() REPRESENTATION_CONTEXT('2D SPACE',''
  ) );
#9879 = PCURVE('',#9880,#9885);
#9880 = PLANE('',#9881);
#9881 = AXIS2_PLACEMENT_3D('',#9882,#9883,#9884);
#9882 = CARTESIAN_POINT('',(-140.448259802,67.121896079138,1.));
#9883 = DIRECTION('',(-0.,-0.,-1.));
#9884 = DIRECTION('',(-1.,0.,0.));
#9885 = DEFINITIONAL_REPRESENTATION('',(#9886),#9889);
#9886 = B_SPLINE_CURVE_WITH_KNOTS('',1,(#9887,#9888),.UNSPECIFIED.,.F.,
  .F.,(2,2),(0.,2.287168324926),.PIECEWISE_BEZIER_KNOTS.);
#9887 = CARTESIAN_POINT('',(-3.470262975921,-27.11989717777));
#9888 = CARTESIAN_POINT('',(-5.25526663803,-28.54989748294));
#9889 = ( GEOMETRIC_REPRESENTATION_CONTEXT(2) 
PARAMETRIC_REPRESENTATION_CONTEXT() REPRESENTATION_CONTEXT('2D SPACE',''
  ) );
#9890 = ADVANCED_FACE('',(#9891),#5894,.T.);
#9891 = FACE_BOUND('',#9892,.T.);
#9892 = EDGE_LOOP('',(#9893,#9894,#9919));
#9893 = ORIENTED_EDGE('',*,*,#5880,.F.);
#9894 = ORIENTED_EDGE('',*,*,#9895,.T.);
#9895 = EDGE_CURVE('',#5854,#8075,#9896,.T.);
#9896 = SURFACE_CURVE('',#9897,(#9901,#9908),.PCURVE_S1.);
#9897 = LINE('',#9898,#9899);
#9898 = CARTESIAN_POINT('',(-141.3040008544,32.373001098633,
    2.002000808716));
#9899 = VECTOR('',#9900,1.);
#9900 = DIRECTION('',(0.,0.,-1.));
#9901 = PCURVE('',#5894,#9902);
#9902 = DEFINITIONAL_REPRESENTATION('',(#9903),#9907);
#9903 = LINE('',#9904,#9905);
#9904 = CARTESIAN_POINT('',(0.908794130199,-0.697372548166));
#9905 = VECTOR('',#9906,1.);
#9906 = DIRECTION('',(-0.,1.));
#9907 = ( GEOMETRIC_REPRESENTATION_CONTEXT(2) 
PARAMETRIC_REPRESENTATION_CONTEXT() REPRESENTATION_CONTEXT('2D SPACE',''
  ) );
#9908 = PCURVE('',#9909,#9914);
#9909 = PLANE('',#9910);
#9910 = AXIS2_PLACEMENT_3D('',#9911,#9912,#9913);
#9911 = CARTESIAN_POINT('',(-142.4160520223,32.373001098633,
    1.705447039186));
#9912 = DIRECTION('',(-0.,-1.,-0.));
#9913 = DIRECTION('',(0.,0.,-1.));
#9914 = DEFINITIONAL_REPRESENTATION('',(#9915),#9918);
#9915 = B_SPLINE_CURVE_WITH_KNOTS('',1,(#9916,#9917),.UNSPECIFIED.,.F.,
  .F.,(2,2),(0.,1.002000808716),.PIECEWISE_BEZIER_KNOTS.);
#9916 = CARTESIAN_POINT('',(-0.29655376953,1.112051167907));
#9917 = CARTESIAN_POINT('',(0.705447039186,1.112051167907));
#9918 = ( GEOMETRIC_REPRESENTATION_CONTEXT(2) 
PARAMETRIC_REPRESENTATION_CONTEXT() REPRESENTATION_CONTEXT('2D SPACE',''
  ) );
#9919 = ORIENTED_EDGE('',*,*,#8074,.F.);
#9920 = ADVANCED_FACE('',(#9921),#4567,.T.);
#9921 = FACE_BOUND('',#9922,.T.);
#9922 = EDGE_LOOP('',(#9923,#9924,#9949));
#9923 = ORIENTED_EDGE('',*,*,#4553,.F.);
#9924 = ORIENTED_EDGE('',*,*,#9925,.T.);
#9925 = EDGE_CURVE('',#4532,#5910,#9926,.T.);
#9926 = SURFACE_CURVE('',#9927,(#9931,#9938),.PCURVE_S1.);
#9927 = LINE('',#9928,#9929);
#9928 = CARTESIAN_POINT('',(-139.4880065917,33.654998779297,
    2.002000808716));
#9929 = VECTOR('',#9930,1.);
#9930 = DIRECTION('',(0.998965441919,4.547577213721E-02,0.));
#9931 = PCURVE('',#4567,#9932);
#9932 = DEFINITIONAL_REPRESENTATION('',(#9933),#9937);
#9933 = LINE('',#9934,#9935);
#9934 = CARTESIAN_POINT('',(1.366290304417,-3.128481791322E-02));
#9935 = VECTOR('',#9936,1.);
#9936 = DIRECTION('',(-0.998965441919,4.547577213721E-02));
#9937 = ( GEOMETRIC_REPRESENTATION_CONTEXT(2) 
PARAMETRIC_REPRESENTATION_CONTEXT() REPRESENTATION_CONTEXT('2D SPACE',''
  ) );
#9938 = PCURVE('',#9939,#9944);
#9939 = PLANE('',#9940);
#9940 = AXIS2_PLACEMENT_3D('',#9941,#9942,#9943);
#9941 = CARTESIAN_POINT('',(-138.2040743313,33.740524296702,
    2.002000808716));
#9942 = DIRECTION('',(-7.896288821129E-30,2.427201090238E-28,-1.));
#9943 = DIRECTION('',(0.,-1.,-2.427201090238E-28));
#9944 = DEFINITIONAL_REPRESENTATION('',(#9945),#9948);
#9945 = B_SPLINE_CURVE_WITH_KNOTS('',1,(#9946,#9947),.UNSPECIFIED.,.F.,
  .F.,(2,2),(0.,2.682783429847),.PIECEWISE_BEZIER_KNOTS.);
#9946 = CARTESIAN_POINT('',(8.552551740466E-02,1.283932260423));
#9947 = CARTESIAN_POINT('',(-3.647613054456E-02,-1.396075674148));
#9948 = ( GEOMETRIC_REPRESENTATION_CONTEXT(2) 
PARAMETRIC_REPRESENTATION_CONTEXT() REPRESENTATION_CONTEXT('2D SPACE',''
  ) );
#9949 = ORIENTED_EDGE('',*,*,#9950,.T.);
#9950 = EDGE_CURVE('',#5910,#4500,#9951,.T.);
#9951 = SURFACE_CURVE('',#9952,(#9956,#9963),.PCURVE_S1.);
#9952 = LINE('',#9953,#9954);
#9953 = CARTESIAN_POINT('',(-136.8079986572,33.777000427246,
    2.002000808716));
#9954 = VECTOR('',#9955,1.);
#9955 = DIRECTION('',(-0.12202539181,-0.992526978854,0.));
#9956 = PCURVE('',#4567,#9957);
#9957 = DEFINITIONAL_REPRESENTATION('',(#9958),#9962);
#9958 = LINE('',#9959,#9960);
#9959 = CARTESIAN_POINT('',(-1.313717630153,9.071683003599E-02));
#9960 = VECTOR('',#9961,1.);
#9961 = DIRECTION('',(0.12202539181,-0.992526978854));
#9962 = ( GEOMETRIC_REPRESENTATION_CONTEXT(2) 
PARAMETRIC_REPRESENTATION_CONTEXT() REPRESENTATION_CONTEXT('2D SPACE',''
  ) );
#9963 = PCURVE('',#9964,#9969);
#9964 = PLANE('',#9965);
#9965 = AXIS2_PLACEMENT_3D('',#9966,#9967,#9968);
#9966 = CARTESIAN_POINT('',(-135.9357023838,33.062736170446,
    2.002000808716));
#9967 = DIRECTION('',(-0.,-0.,-1.));
#9968 = DIRECTION('',(-1.,0.,0.));
#9969 = DEFINITIONAL_REPRESENTATION('',(#9970),#9973);
#9970 = B_SPLINE_CURVE_WITH_KNOTS('',1,(#9971,#9972),.UNSPECIFIED.,.F.,
  .F.,(2,2),(0.,0.122920233453),.PIECEWISE_BEZIER_KNOTS.);
#9971 = CARTESIAN_POINT('',(0.872296273403,0.7142642568));
#9972 = CARTESIAN_POINT('',(0.887295663052,0.592262608851));
#9973 = ( GEOMETRIC_REPRESENTATION_CONTEXT(2) 
PARAMETRIC_REPRESENTATION_CONTEXT() REPRESENTATION_CONTEXT('2D SPACE',''
  ) );
#9974 = ADVANCED_FACE('',(#9975),#9964,.T.);
#9975 = FACE_BOUND('',#9976,.T.);
#9976 = EDGE_LOOP('',(#9977,#9997,#10017));
#9977 = ORIENTED_EDGE('',*,*,#9978,.T.);
#9978 = EDGE_CURVE('',#5910,#6099,#9979,.T.);
#9979 = SURFACE_CURVE('',#9980,(#9984,#9991),.PCURVE_S1.);
#9980 = LINE('',#9981,#9982);
#9981 = CARTESIAN_POINT('',(-136.8079986572,33.777000427246,
    2.002000808716));
#9982 = VECTOR('',#9983,1.);
#9983 = DIRECTION('',(0.788502954324,-0.615030967531,0.));
#9984 = PCURVE('',#9964,#9985);
#9985 = DEFINITIONAL_REPRESENTATION('',(#9986),#9990);
#9986 = LINE('',#9987,#9988);
#9987 = CARTESIAN_POINT('',(0.872296273403,0.7142642568));
#9988 = VECTOR('',#9989,1.);
#9989 = DIRECTION('',(-0.788502954324,-0.615030967531));
#9990 = ( GEOMETRIC_REPRESENTATION_CONTEXT(2) 
PARAMETRIC_REPRESENTATION_CONTEXT() REPRESENTATION_CONTEXT('2D SPACE',''
  ) );
#9991 = PCURVE('',#6058,#9992);
#9992 = DEFINITIONAL_REPRESENTATION('',(#9993),#9996);
#9993 = B_SPLINE_CURVE_WITH_KNOTS('',1,(#9994,#9995),.UNSPECIFIED.,.F.,
  .F.,(2,2),(0.,2.282810789593),.PIECEWISE_BEZIER_KNOTS.);
#9994 = CARTESIAN_POINT('',(0.900029297654,0.692542249279));
#9995 = CARTESIAN_POINT('',(-0.899973754104,-0.711457079335));
#9996 = ( GEOMETRIC_REPRESENTATION_CONTEXT(2) 
PARAMETRIC_REPRESENTATION_CONTEXT() REPRESENTATION_CONTEXT('2D SPACE',''
  ) );
#9997 = ORIENTED_EDGE('',*,*,#9998,.T.);
#9998 = EDGE_CURVE('',#6099,#4500,#9999,.T.);
#9999 = SURFACE_CURVE('',#10000,(#10004,#10011),.PCURVE_S1.);
#10000 = LINE('',#10001,#10002);
#10001 = CARTESIAN_POINT('',(-135.0079956054,32.373001098633,
    2.002000808716));
#10002 = VECTOR('',#10003,1.);
#10003 = DIRECTION('',(-0.816794078285,0.576929314283,0.));
#10004 = PCURVE('',#9964,#10005);
#10005 = DEFINITIONAL_REPRESENTATION('',(#10006),#10010);
#10006 = LINE('',#10007,#10008);
#10007 = CARTESIAN_POINT('',(-0.927706778355,-0.689735071814));
#10008 = VECTOR('',#10009,1.);
#10009 = DIRECTION('',(0.816794078285,0.576929314283));
#10010 = ( GEOMETRIC_REPRESENTATION_CONTEXT(2) 
PARAMETRIC_REPRESENTATION_CONTEXT() REPRESENTATION_CONTEXT('2D SPACE',''
  ) );
#10011 = PCURVE('',#4616,#10012);
#10012 = DEFINITIONAL_REPRESENTATION('',(#10013),#10016);
#10013 = B_SPLINE_CURVE_WITH_KNOTS('',1,(#10014,#10015),.UNSPECIFIED.,
  .F.,.F.,(2,2),(0.,2.222105289031),.PIECEWISE_BEZIER_KNOTS.);
#10014 = CARTESIAN_POINT('',(0.604324099345,-0.912652684635));
#10015 = CARTESIAN_POINT('',(-0.677673581319,0.902349756771));
#10016 = ( GEOMETRIC_REPRESENTATION_CONTEXT(2) 
PARAMETRIC_REPRESENTATION_CONTEXT() REPRESENTATION_CONTEXT('2D SPACE',''
  ) );
#10017 = ORIENTED_EDGE('',*,*,#9950,.F.);
#10018 = ADVANCED_FACE('',(#10019),#7442,.T.);
#10019 = FACE_BOUND('',#10020,.T.);
#10020 = EDGE_LOOP('',(#10021,#10022,#10023));
#10021 = ORIENTED_EDGE('',*,*,#8703,.F.);
#10022 = ORIENTED_EDGE('',*,*,#7428,.F.);
#10023 = ORIENTED_EDGE('',*,*,#10024,.T.);
#10024 = EDGE_CURVE('',#7402,#8704,#10025,.T.);
#10025 = SURFACE_CURVE('',#10026,(#10030,#10037),.PCURVE_S1.);
#10026 = LINE('',#10027,#10028);
#10027 = CARTESIAN_POINT('',(-137.0419921875,39.881000518799,
    2.002000808716));
#10028 = VECTOR('',#10029,1.);
#10029 = DIRECTION('',(-0.999807639817,1.961334657305E-02,0.));
#10030 = PCURVE('',#7442,#10031);
#10031 = DEFINITIONAL_REPRESENTATION('',(#10032),#10036);
#10032 = LINE('',#10033,#10034);
#10033 = CARTESIAN_POINT('',(9.057008184922E-02,-3.034077579062));
#10034 = VECTOR('',#10035,1.);
#10035 = DIRECTION('',(-1.961334657305E-02,0.999807639817));
#10036 = ( GEOMETRIC_REPRESENTATION_CONTEXT(2) 
PARAMETRIC_REPRESENTATION_CONTEXT() REPRESENTATION_CONTEXT('2D SPACE',''
  ) );
#10037 = PCURVE('',#9319,#10038);
#10038 = DEFINITIONAL_REPRESENTATION('',(#10039),#10042);
#10039 = B_SPLINE_CURVE_WITH_KNOTS('',1,(#10040,#10041),.UNSPECIFIED.,
  .F.,.F.,(2,2),(0.,6.169185973322),.PIECEWISE_BEZIER_KNOTS.);
#10040 = CARTESIAN_POINT('',(-3.084999527676,-5.951808387026E-02));
#10041 = CARTESIAN_POINT('',(3.082999739902,6.14802986981E-02));
#10042 = ( GEOMETRIC_REPRESENTATION_CONTEXT(2) 
PARAMETRIC_REPRESENTATION_CONTEXT() REPRESENTATION_CONTEXT('2D SPACE',''
  ) );
#10043 = ADVANCED_FACE('',(#10044),#8530,.T.);
#10044 = FACE_BOUND('',#10045,.T.);
#10045 = EDGE_LOOP('',(#10046,#10047,#10067));
#10046 = ORIENTED_EDGE('',*,*,#8516,.F.);
#10047 = ORIENTED_EDGE('',*,*,#10048,.T.);
#10048 = EDGE_CURVE('',#3507,#9206,#10049,.T.);
#10049 = SURFACE_CURVE('',#10050,(#10054,#10061),.PCURVE_S1.);
#10050 = LINE('',#10051,#10052);
#10051 = CARTESIAN_POINT('',(-143.1529998779,39.881000518799,
    2.002000808716));
#10052 = VECTOR('',#10053,1.);
#10053 = DIRECTION('',(-0.437926902711,0.899010582742,0.));
#10054 = PCURVE('',#8530,#10055);
#10055 = DEFINITIONAL_REPRESENTATION('',(#10056),#10060);
#10056 = LINE('',#10057,#10058);
#10057 = CARTESIAN_POINT('',(3.008998461703,-2.969284727811E-02));
#10058 = VECTOR('',#10059,1.);
#10059 = DIRECTION('',(0.437926902711,0.899010582742));
#10060 = ( GEOMETRIC_REPRESENTATION_CONTEXT(2) 
PARAMETRIC_REPRESENTATION_CONTEXT() REPRESENTATION_CONTEXT('2D SPACE',''
  ) );
#10061 = PCURVE('',#3522,#10062);
#10062 = DEFINITIONAL_REPRESENTATION('',(#10063),#10066);
#10063 = B_SPLINE_CURVE_WITH_KNOTS('',1,(#10064,#10065),.UNSPECIFIED.,
  .F.,.F.,(2,2),(0.,0.130139474866),.PIECEWISE_BEZIER_KNOTS.);
#10064 = CARTESIAN_POINT('',(-0.839279940677,0.630091436635));
#10065 = CARTESIAN_POINT('',(-0.782288363528,0.747088201772));
#10066 = ( GEOMETRIC_REPRESENTATION_CONTEXT(2) 
PARAMETRIC_REPRESENTATION_CONTEXT() REPRESENTATION_CONTEXT('2D SPACE',''
  ) );
#10067 = ORIENTED_EDGE('',*,*,#10068,.T.);
#10068 = EDGE_CURVE('',#9206,#7402,#10069,.T.);
#10069 = SURFACE_CURVE('',#10070,(#10074,#10081),.PCURVE_S1.);
#10070 = LINE('',#10071,#10072);
#10071 = CARTESIAN_POINT('',(-143.209991455,39.997997283936,
    2.002000808716));
#10072 = VECTOR('',#10073,1.);
#10073 = DIRECTION('',(0.999820149392,-1.896493791953E-02,0.));
#10074 = PCURVE('',#8530,#10075);
#10075 = DEFINITIONAL_REPRESENTATION('',(#10076),#10080);
#10076 = LINE('',#10077,#10078);
#10077 = CARTESIAN_POINT('',(3.065990038852,8.730391785861E-02));
#10078 = VECTOR('',#10079,1.);
#10079 = DIRECTION('',(-0.999820149392,-1.896493791953E-02));
#10080 = ( GEOMETRIC_REPRESENTATION_CONTEXT(2) 
PARAMETRIC_REPRESENTATION_CONTEXT() REPRESENTATION_CONTEXT('2D SPACE',''
  ) );
#10081 = PCURVE('',#9319,#10082);
#10082 = DEFINITIONAL_REPRESENTATION('',(#10083),#10086);
#10083 = B_SPLINE_CURVE_WITH_KNOTS('',1,(#10084,#10085),.UNSPECIFIED.,
  .F.,.F.,(2,2),(0.,6.169108785546),.PIECEWISE_BEZIER_KNOTS.);
#10084 = CARTESIAN_POINT('',(3.082999739902,5.747868126646E-02));
#10085 = CARTESIAN_POINT('',(-3.084999527676,-5.951808387026E-02));
#10086 = ( GEOMETRIC_REPRESENTATION_CONTEXT(2) 
PARAMETRIC_REPRESENTATION_CONTEXT() REPRESENTATION_CONTEXT('2D SPACE',''
  ) );
#10087 = ADVANCED_FACE('',(#10088),#3295,.T.);
#10088 = FACE_BOUND('',#10089,.T.);
#10089 = EDGE_LOOP('',(#10090,#10110,#10111));
#10090 = ORIENTED_EDGE('',*,*,#10091,.T.);
#10091 = EDGE_CURVE('',#3006,#5124,#10092,.T.);
#10092 = SURFACE_CURVE('',#10093,(#10097,#10104),.PCURVE_S1.);
#10093 = LINE('',#10094,#10095);
#10094 = CARTESIAN_POINT('',(-144.9977111816,29.936283111572,1.));
#10095 = VECTOR('',#10096,1.);
#10096 = DIRECTION('',(0.,1.,0.));
#10097 = PCURVE('',#3295,#10098);
#10098 = DEFINITIONAL_REPRESENTATION('',(#10099),#10103);
#10099 = LINE('',#10100,#10101);
#10100 = CARTESIAN_POINT('',(4.72091063458E-02,-3.844380831654));
#10101 = VECTOR('',#10102,1.);
#10102 = DIRECTION('',(0.,1.));
#10103 = ( GEOMETRIC_REPRESENTATION_CONTEXT(2) 
PARAMETRIC_REPRESENTATION_CONTEXT() REPRESENTATION_CONTEXT('2D SPACE',''
  ) );
#10104 = PCURVE('',#9557,#10105);
#10105 = DEFINITIONAL_REPRESENTATION('',(#10106),#10109);
#10106 = B_SPLINE_CURVE_WITH_KNOTS('',1,(#10107,#10108),.UNSPECIFIED.,
  .F.,.F.,(2,2),(0.,7.690715789795),.PIECEWISE_BEZIER_KNOTS.);
#10107 = CARTESIAN_POINT('',(-1.515523484735E-03,-3.846872224734));
#10108 = CARTESIAN_POINT('',(-1.515523484735E-03,3.843843565061));
#10109 = ( GEOMETRIC_REPRESENTATION_CONTEXT(2) 
PARAMETRIC_REPRESENTATION_CONTEXT() REPRESENTATION_CONTEXT('2D SPACE',''
  ) );
#10110 = ORIENTED_EDGE('',*,*,#5123,.F.);
#10111 = ORIENTED_EDGE('',*,*,#3282,.T.);
#10112 = ADVANCED_FACE('',(#10113),#6058,.T.);
#10113 = FACE_BOUND('',#10114,.T.);
#10114 = EDGE_LOOP('',(#10115,#10116,#10117));
#10115 = ORIENTED_EDGE('',*,*,#6125,.F.);
#10116 = ORIENTED_EDGE('',*,*,#9978,.F.);
#10117 = ORIENTED_EDGE('',*,*,#6042,.F.);
#10118 = ADVANCED_FACE('',(#10119),#8658,.T.);
#10119 = FACE_BOUND('',#10120,.T.);
#10120 = EDGE_LOOP('',(#10121,#10122,#10149));
#10121 = ORIENTED_EDGE('',*,*,#8644,.F.);
#10122 = ORIENTED_EDGE('',*,*,#10123,.T.);
#10123 = EDGE_CURVE('',#4357,#10124,#10126,.T.);
#10124 = VERTEX_POINT('',#10125);
#10125 = CARTESIAN_POINT('',(-141.2570037841,32.237998962402,
    2.002000808716));
#10126 = SURFACE_CURVE('',#10127,(#10131,#10138),.PCURVE_S1.);
#10127 = LINE('',#10128,#10129);
#10128 = CARTESIAN_POINT('',(-139.4880065917,33.654998779297,1.));
#10129 = VECTOR('',#10130,1.);
#10130 = DIRECTION('',(-0.713836788132,-0.57179661021,0.404333620245));
#10131 = PCURVE('',#8658,#10132);
#10132 = DEFINITIONAL_REPRESENTATION('',(#10133),#10137);
#10133 = LINE('',#10134,#10135);
#10134 = CARTESIAN_POINT('',(0.935675177025,0.698599195505));
#10135 = VECTOR('',#10136,1.);
#10136 = DIRECTION('',(-0.91461156976,-0.404333620245));
#10137 = ( GEOMETRIC_REPRESENTATION_CONTEXT(2) 
PARAMETRIC_REPRESENTATION_CONTEXT() REPRESENTATION_CONTEXT('2D SPACE',''
  ) );
#10138 = PCURVE('',#10139,#10144);
#10139 = PLANE('',#10140);
#10140 = AXIS2_PLACEMENT_3D('',#10141,#10142,#10143);
#10141 = CARTESIAN_POINT('',(-140.5267272545,32.822964112822,
    1.303401613211));
#10142 = DIRECTION('',(-0.625179725597,0.780480820202,0.));
#10143 = DIRECTION('',(0.780480820202,0.625179725597,0.));
#10144 = DEFINITIONAL_REPRESENTATION('',(#10145),#10148);
#10145 = B_SPLINE_CURVE_WITH_KNOTS('',1,(#10146,#10147),.UNSPECIFIED.,
  .F.,.F.,(2,2),(0.,2.478153580472),.PIECEWISE_BEZIER_KNOTS.);
#10146 = CARTESIAN_POINT('',(1.330872759318,0.303401613211));
#10147 = CARTESIAN_POINT('',(-0.935675177025,-0.698599195505));
#10148 = ( GEOMETRIC_REPRESENTATION_CONTEXT(2) 
PARAMETRIC_REPRESENTATION_CONTEXT() REPRESENTATION_CONTEXT('2D SPACE',''
  ) );
#10149 = ORIENTED_EDGE('',*,*,#10150,.T.);
#10150 = EDGE_CURVE('',#10124,#4532,#10151,.T.);
#10151 = SURFACE_CURVE('',#10152,(#10156,#10163),.PCURVE_S1.);
#10152 = LINE('',#10153,#10154);
#10153 = CARTESIAN_POINT('',(-141.2570037841,32.237998962402,
    2.002000808716));
#10154 = VECTOR('',#10155,1.);
#10155 = DIRECTION('',(0.780480820202,0.625179725597,0.));
#10156 = PCURVE('',#8658,#10157);
#10157 = DEFINITIONAL_REPRESENTATION('',(#10158),#10162);
#10158 = LINE('',#10159,#10160);
#10159 = CARTESIAN_POINT('',(-1.330872759318,-0.303401613211));
#10160 = VECTOR('',#10161,1.);
#10161 = DIRECTION('',(1.,2.707513556834E-32));
#10162 = ( GEOMETRIC_REPRESENTATION_CONTEXT(2) 
PARAMETRIC_REPRESENTATION_CONTEXT() REPRESENTATION_CONTEXT('2D SPACE',''
  ) );
#10163 = PCURVE('',#10164,#10169);
#10164 = PLANE('',#10165);
#10165 = AXIS2_PLACEMENT_3D('',#10166,#10167,#10168);
#10166 = CARTESIAN_POINT('',(-140.3805240972,32.946563473956,
    2.002000808716));
#10167 = DIRECTION('',(-0.,-0.,-1.));
#10168 = DIRECTION('',(-1.,0.,0.));
#10169 = DEFINITIONAL_REPRESENTATION('',(#10170),#10173);
#10170 = B_SPLINE_CURVE_WITH_KNOTS('',1,(#10171,#10172),.UNSPECIFIED.,
  .F.,.F.,(2,2),(0.,2.266547936342),.PIECEWISE_BEZIER_KNOTS.);
#10171 = CARTESIAN_POINT('',(0.876479686898,-0.708564511554));
#10172 = CARTESIAN_POINT('',(-0.892517505484,0.708435305341));
#10173 = ( GEOMETRIC_REPRESENTATION_CONTEXT(2) 
PARAMETRIC_REPRESENTATION_CONTEXT() REPRESENTATION_CONTEXT('2D SPACE',''
  ) );
#10174 = ADVANCED_FACE('',(#10175),#6888,.T.);
#10175 = FACE_BOUND('',#10176,.T.);
#10176 = EDGE_LOOP('',(#10177,#10202,#10203));
#10177 = ORIENTED_EDGE('',*,*,#10178,.T.);
#10178 = EDGE_CURVE('',#7973,#6419,#10179,.T.);
#10179 = SURFACE_CURVE('',#10180,(#10184,#10191),.PCURVE_S1.);
#10180 = LINE('',#10181,#10182);
#10181 = CARTESIAN_POINT('',(-135.1910095214,38.571998596191,1.));
#10182 = VECTOR('',#10183,1.);
#10183 = DIRECTION('',(0.,-1.,0.));
#10184 = PCURVE('',#6888,#10185);
#10185 = DEFINITIONAL_REPRESENTATION('',(#10186),#10190);
#10186 = LINE('',#10187,#10188);
#10187 = CARTESIAN_POINT('',(0.358582062865,-0.614918188905));
#10188 = VECTOR('',#10189,1.);
#10189 = DIRECTION('',(0.,1.));
#10190 = ( GEOMETRIC_REPRESENTATION_CONTEXT(2) 
PARAMETRIC_REPRESENTATION_CONTEXT() REPRESENTATION_CONTEXT('2D SPACE',''
  ) );
#10191 = PCURVE('',#10192,#10197);
#10192 = PLANE('',#10193);
#10193 = AXIS2_PLACEMENT_3D('',#10194,#10195,#10196);
#10194 = CARTESIAN_POINT('',(-82.3311613733,34.035998943657,1.));
#10195 = DIRECTION('',(-0.,-0.,-1.));
#10196 = DIRECTION('',(-1.,0.,0.));
#10197 = DEFINITIONAL_REPRESENTATION('',(#10198),#10201);
#10198 = B_SPLINE_CURVE_WITH_KNOTS('',1,(#10199,#10200),.UNSPECIFIED.,
  .F.,.F.,(2,2),(0.,0.944999694824),.PIECEWISE_BEZIER_KNOTS.);
#10199 = CARTESIAN_POINT('',(52.859848148181,4.535999652534));
#10200 = CARTESIAN_POINT('',(52.859848148181,3.59099995771));
#10201 = ( GEOMETRIC_REPRESENTATION_CONTEXT(2) 
PARAMETRIC_REPRESENTATION_CONTEXT() REPRESENTATION_CONTEXT('2D SPACE',''
  ) );
#10202 = ORIENTED_EDGE('',*,*,#6874,.F.);
#10203 = ORIENTED_EDGE('',*,*,#10204,.T.);
#10204 = EDGE_CURVE('',#6768,#7973,#10205,.T.);
#10205 = SURFACE_CURVE('',#10206,(#10210,#10217),.PCURVE_S1.);
#10206 = LINE('',#10207,#10208);
#10207 = CARTESIAN_POINT('',(-135.1910095214,37.626998901367,
    2.002000808716));
#10208 = VECTOR('',#10209,1.);
#10209 = DIRECTION('',(0.,0.686111286889,-0.727496599308));
#10210 = PCURVE('',#6888,#10211);
#10211 = DEFINITIONAL_REPRESENTATION('',(#10212),#10216);
#10212 = LINE('',#10213,#10214);
#10213 = CARTESIAN_POINT('',(-0.643418745851,0.330081505919));
#10214 = VECTOR('',#10215,1.);
#10215 = DIRECTION('',(0.727496599308,-0.686111286889));
#10216 = ( GEOMETRIC_REPRESENTATION_CONTEXT(2) 
PARAMETRIC_REPRESENTATION_CONTEXT() REPRESENTATION_CONTEXT('2D SPACE',''
  ) );
#10217 = PCURVE('',#7193,#10218);
#10218 = DEFINITIONAL_REPRESENTATION('',(#10219),#10222);
#10219 = B_SPLINE_CURVE_WITH_KNOTS('',1,(#10220,#10221),.UNSPECIFIED.,
  .F.,.F.,(2,2),(0.,1.377327137569),.PIECEWISE_BEZIER_KNOTS.);
#10220 = CARTESIAN_POINT('',(-0.358582062865,0.614918188905));
#10221 = CARTESIAN_POINT('',(0.643418745851,-0.330081505919));
#10222 = ( GEOMETRIC_REPRESENTATION_CONTEXT(2) 
PARAMETRIC_REPRESENTATION_CONTEXT() REPRESENTATION_CONTEXT('2D SPACE',''
  ) );
#10223 = ADVANCED_FACE('',(#10224),#7193,.T.);
#10224 = FACE_BOUND('',#10225,.T.);
#10225 = EDGE_LOOP('',(#10226,#10227,#10228));
#10226 = ORIENTED_EDGE('',*,*,#7177,.F.);
#10227 = ORIENTED_EDGE('',*,*,#7999,.F.);
#10228 = ORIENTED_EDGE('',*,*,#10204,.F.);
#10229 = ADVANCED_FACE('',(#10230),#3745,.T.);
#10230 = FACE_BOUND('',#10231,.T.);
#10231 = EDGE_LOOP('',(#10232,#10233,#10258));
#10232 = ORIENTED_EDGE('',*,*,#9571,.F.);
#10233 = ORIENTED_EDGE('',*,*,#10234,.T.);
#10234 = EDGE_CURVE('',#9336,#3313,#10235,.T.);
#10235 = SURFACE_CURVE('',#10236,(#10240,#10247),.PCURVE_S1.);
#10236 = LINE('',#10237,#10238);
#10237 = CARTESIAN_POINT('',(-145.0019989013,37.626998901367,
    2.002000808716));
#10238 = VECTOR('',#10239,1.);
#10239 = DIRECTION('',(0.166545736577,0.986033730472,0.));
#10240 = PCURVE('',#3745,#10241);
#10241 = DEFINITIONAL_REPRESENTATION('',(#10242),#10246);
#10242 = LINE('',#10243,#10244);
#10243 = CARTESIAN_POINT('',(7.759639326991E-02,-0.444548111555));
#10244 = VECTOR('',#10245,1.);
#10245 = DIRECTION('',(-0.166545736577,0.986033730472));
#10246 = ( GEOMETRIC_REPRESENTATION_CONTEXT(2) 
PARAMETRIC_REPRESENTATION_CONTEXT() REPRESENTATION_CONTEXT('2D SPACE',''
  ) );
#10247 = PCURVE('',#10248,#10253);
#10248 = PLANE('',#10249);
#10249 = AXIS2_PLACEMENT_3D('',#10250,#10251,#10252);
#10250 = CARTESIAN_POINT('',(-144.9617208342,38.123230823353,
    2.002000808716));
#10251 = DIRECTION('',(-0.,-0.,-1.));
#10252 = DIRECTION('',(-1.,0.,0.));
#10253 = DEFINITIONAL_REPRESENTATION('',(#10254),#10257);
#10254 = B_SPLINE_CURVE_WITH_KNOTS('',1,(#10255,#10256),.UNSPECIFIED.,
  .F.,.F.,(2,2),(0.,0.906663716922),.PIECEWISE_BEZIER_KNOTS.);
#10255 = CARTESIAN_POINT('',(4.027806716505E-02,-0.496231921985));
#10256 = CARTESIAN_POINT('',(-0.110722909397,0.397769085095));
#10257 = ( GEOMETRIC_REPRESENTATION_CONTEXT(2) 
PARAMETRIC_REPRESENTATION_CONTEXT() REPRESENTATION_CONTEXT('2D SPACE',''
  ) );
#10258 = ORIENTED_EDGE('',*,*,#3732,.T.);
#10259 = ADVANCED_FACE('',(#10260),#4708,.T.);
#10260 = FACE_BOUND('',#10261,.T.);
#10261 = EDGE_LOOP('',(#10262,#10287,#10312));
#10262 = ORIENTED_EDGE('',*,*,#10263,.T.);
#10263 = EDGE_CURVE('',#4663,#111,#10264,.T.);
#10264 = SURFACE_CURVE('',#10265,(#10269,#10276),.PCURVE_S1.);
#10265 = LINE('',#10266,#10267);
#10266 = CARTESIAN_POINT('',(-136.847000122,30.118999481201,
    2.002000808716));
#10267 = VECTOR('',#10268,1.);
#10268 = DIRECTION('',(-1.,0.,0.));
#10269 = PCURVE('',#4708,#10270);
#10270 = DEFINITIONAL_REPRESENTATION('',(#10271),#10275);
#10271 = LINE('',#10272,#10273);
#10272 = CARTESIAN_POINT('',(-0.270900819964,2.825404260821));
#10273 = VECTOR('',#10274,1.);
#10274 = DIRECTION('',(0.,-1.));
#10275 = ( GEOMETRIC_REPRESENTATION_CONTEXT(2) 
PARAMETRIC_REPRESENTATION_CONTEXT() REPRESENTATION_CONTEXT('2D SPACE',''
  ) );
#10276 = PCURVE('',#10277,#10282);
#10277 = PLANE('',#10278);
#10278 = AXIS2_PLACEMENT_3D('',#10279,#10280,#10281);
#10279 = CARTESIAN_POINT('',(-139.8559977444,30.089305657655,
    2.002000808716));
#10280 = DIRECTION('',(-0.,-0.,-1.));
#10281 = DIRECTION('',(-1.,0.,0.));
#10282 = DEFINITIONAL_REPRESENTATION('',(#10283),#10286);
#10283 = B_SPLINE_CURVE_WITH_KNOTS('',1,(#10284,#10285),.UNSPECIFIED.,
  .F.,.F.,(2,2),(0.,6.11100769043),.PIECEWISE_BEZIER_KNOTS.);
#10284 = CARTESIAN_POINT('',(-3.008997622424,2.969382354624E-02));
#10285 = CARTESIAN_POINT('',(3.102010068006,2.969382354624E-02));
#10286 = ( GEOMETRIC_REPRESENTATION_CONTEXT(2) 
PARAMETRIC_REPRESENTATION_CONTEXT() REPRESENTATION_CONTEXT('2D SPACE',''
  ) );
#10287 = ORIENTED_EDGE('',*,*,#10288,.T.);
#10288 = EDGE_CURVE('',#111,#4355,#10289,.T.);
#10289 = SURFACE_CURVE('',#10290,(#10294,#10301),.PCURVE_S1.);
#10290 = LINE('',#10291,#10292);
#10291 = CARTESIAN_POINT('',(-142.9580078125,30.118999481201,
    2.002000808716));
#10292 = VECTOR('',#10293,1.);
#10293 = DIRECTION('',(0.986822604845,0.,-0.161805891631));
#10294 = PCURVE('',#4708,#10295);
#10295 = DEFINITIONAL_REPRESENTATION('',(#10296),#10300);
#10296 = LINE('',#10297,#10298);
#10297 = CARTESIAN_POINT('',(-0.270900819964,-3.285603429609));
#10298 = VECTOR('',#10299,1.);
#10299 = DIRECTION('',(0.161805891631,0.986822604845));
#10300 = ( GEOMETRIC_REPRESENTATION_CONTEXT(2) 
PARAMETRIC_REPRESENTATION_CONTEXT() REPRESENTATION_CONTEXT('2D SPACE',''
  ) );
#10301 = PCURVE('',#10302,#10307);
#10302 = PLANE('',#10303);
#10303 = AXIS2_PLACEMENT_3D('',#10304,#10305,#10306);
#10304 = CARTESIAN_POINT('',(-140.1326035516,30.118999481201,
    1.270900819964));
#10305 = DIRECTION('',(-0.,-1.,-0.));
#10306 = DIRECTION('',(0.,0.,-1.));
#10307 = DEFINITIONAL_REPRESENTATION('',(#10308),#10311);
#10308 = B_SPLINE_CURVE_WITH_KNOTS('',1,(#10309,#10310),.UNSPECIFIED.,
  .F.,.F.,(2,2),(0.,6.192610161568),.PIECEWISE_BEZIER_KNOTS.);
#10309 = CARTESIAN_POINT('',(-0.731099988752,-2.825404260821));
#10310 = CARTESIAN_POINT('',(0.270900819964,3.285603429609));
#10311 = ( GEOMETRIC_REPRESENTATION_CONTEXT(2) 
PARAMETRIC_REPRESENTATION_CONTEXT() REPRESENTATION_CONTEXT('2D SPACE',''
  ) );
#10312 = ORIENTED_EDGE('',*,*,#4694,.F.);
#10313 = ADVANCED_FACE('',(#10314),#4758,.T.);
#10314 = FACE_BOUND('',#10315,.T.);
#10315 = EDGE_LOOP('',(#10316,#10336,#10337));
#10316 = ORIENTED_EDGE('',*,*,#10317,.T.);
#10317 = EDGE_CURVE('',#3846,#4663,#10318,.T.);
#10318 = SURFACE_CURVE('',#10319,(#10323,#10330),.PCURVE_S1.);
#10319 = LINE('',#10320,#10321);
#10320 = CARTESIAN_POINT('',(-136.7900085449,30.001998901367,
    2.002000808716));
#10321 = VECTOR('',#10322,1.);
#10322 = DIRECTION('',(-0.43791536267,0.899016204046,0.));
#10323 = PCURVE('',#4758,#10324);
#10324 = DEFINITIONAL_REPRESENTATION('',(#10325),#10329);
#10325 = LINE('',#10326,#10327);
#10326 = CARTESIAN_POINT('',(0.782287769076,-0.7470905004));
#10327 = VECTOR('',#10328,1.);
#10328 = DIRECTION('',(0.43791536267,0.899016204046));
#10329 = ( GEOMETRIC_REPRESENTATION_CONTEXT(2) 
PARAMETRIC_REPRESENTATION_CONTEXT() REPRESENTATION_CONTEXT('2D SPACE',''
  ) );
#10330 = PCURVE('',#10277,#10331);
#10331 = DEFINITIONAL_REPRESENTATION('',(#10332),#10335);
#10332 = B_SPLINE_CURVE_WITH_KNOTS('',1,(#10333,#10334),.UNSPECIFIED.,
  .F.,.F.,(2,2),(0.,0.13014290433),.PIECEWISE_BEZIER_KNOTS.);
#10333 = CARTESIAN_POINT('',(-3.065989199572,-8.730675628775E-02));
#10334 = CARTESIAN_POINT('',(-3.008997622424,2.969382354624E-02));
#10335 = ( GEOMETRIC_REPRESENTATION_CONTEXT(2) 
PARAMETRIC_REPRESENTATION_CONTEXT() REPRESENTATION_CONTEXT('2D SPACE',''
  ) );
#10336 = ORIENTED_EDGE('',*,*,#4742,.F.);
#10337 = ORIENTED_EDGE('',*,*,#10338,.T.);
#10338 = EDGE_CURVE('',#4743,#3846,#10339,.T.);
#10339 = SURFACE_CURVE('',#10340,(#10344,#10351),.PCURVE_S1.);
#10340 = LINE('',#10341,#10342);
#10341 = CARTESIAN_POINT('',(-135.1490020751,31.479000091553,
    2.002000808716));
#10342 = VECTOR('',#10343,1.);
#10343 = DIRECTION('',(-0.743272667466,-0.668988596165,0.));
#10344 = PCURVE('',#4758,#10345);
#10345 = DEFINITIONAL_REPRESENTATION('',(#10346),#10350);
#10346 = LINE('',#10347,#10348);
#10347 = CARTESIAN_POINT('',(-0.85871870065,0.729910689786));
#10348 = VECTOR('',#10349,1.);
#10349 = DIRECTION('',(0.743272667466,-0.668988596165));
#10350 = ( GEOMETRIC_REPRESENTATION_CONTEXT(2) 
PARAMETRIC_REPRESENTATION_CONTEXT() REPRESENTATION_CONTEXT('2D SPACE',''
  ) );
#10351 = PCURVE('',#3886,#10352);
#10352 = DEFINITIONAL_REPRESENTATION('',(#10353),#10356);
#10353 = B_SPLINE_CURVE_WITH_KNOTS('',1,(#10354,#10355),.UNSPECIFIED.,
  .F.,.F.,(2,2),(0.,2.207812208838),.PIECEWISE_BEZIER_KNOTS.);
#10354 = CARTESIAN_POINT('',(-0.741057306201,-0.82044843069));
#10355 = CARTESIAN_POINT('',(0.735943883984,0.820558039037));
#10356 = ( GEOMETRIC_REPRESENTATION_CONTEXT(2) 
PARAMETRIC_REPRESENTATION_CONTEXT() REPRESENTATION_CONTEXT('2D SPACE',''
  ) );
#10357 = ADVANCED_FACE('',(#10358),#4153,.T.);
#10358 = FACE_BOUND('',#10359,.T.);
#10359 = EDGE_LOOP('',(#10360,#10361,#10362));
#10360 = ORIENTED_EDGE('',*,*,#4874,.F.);
#10361 = ORIENTED_EDGE('',*,*,#4137,.F.);
#10362 = ORIENTED_EDGE('',*,*,#10363,.T.);
#10363 = EDGE_CURVE('',#3812,#4743,#10364,.T.);
#10364 = SURFACE_CURVE('',#10365,(#10369,#10376),.PCURVE_S1.);
#10365 = LINE('',#10366,#10367);
#10366 = CARTESIAN_POINT('',(-136.783996582,29.997001647949,
    2.002000808716));
#10367 = VECTOR('',#10368,1.);
#10368 = DIRECTION('',(0.740922757633,0.671590252476,0.));
#10369 = PCURVE('',#4153,#10370);
#10370 = DEFINITIONAL_REPRESENTATION('',(#10371),#10375);
#10371 = LINE('',#10372,#10373);
#10372 = CARTESIAN_POINT('',(0.752825612913,0.884767490197));
#10373 = VECTOR('',#10374,1.);
#10374 = DIRECTION('',(-0.671590252476,-0.740922757633));
#10375 = ( GEOMETRIC_REPRESENTATION_CONTEXT(2) 
PARAMETRIC_REPRESENTATION_CONTEXT() REPRESENTATION_CONTEXT('2D SPACE',''
  ) );
#10376 = PCURVE('',#3886,#10377);
#10377 = DEFINITIONAL_REPRESENTATION('',(#10378),#10381);
#10378 = B_SPLINE_CURVE_WITH_KNOTS('',1,(#10379,#10380),.UNSPECIFIED.,
  .F.,.F.,(2,2),(0.,2.206700347629),.PIECEWISE_BEZIER_KNOTS.);
#10379 = CARTESIAN_POINT('',(0.740941137402,0.814546076146));
#10380 = CARTESIAN_POINT('',(-0.741057306201,-0.82044843069));
#10381 = ( GEOMETRIC_REPRESENTATION_CONTEXT(2) 
PARAMETRIC_REPRESENTATION_CONTEXT() REPRESENTATION_CONTEXT('2D SPACE',''
  ) );
#10382 = ADVANCED_FACE('',(#10383),#3886,.T.);
#10383 = FACE_BOUND('',#10384,.T.);
#10384 = EDGE_LOOP('',(#10385,#10386,#10387));
#10385 = ORIENTED_EDGE('',*,*,#3872,.F.);
#10386 = ORIENTED_EDGE('',*,*,#10338,.F.);
#10387 = ORIENTED_EDGE('',*,*,#10363,.F.);
#10388 = ADVANCED_FACE('',(#10389),#10248,.T.);
#10389 = FACE_BOUND('',#10390,.T.);
#10390 = EDGE_LOOP('',(#10391,#10411,#10412));
#10391 = ORIENTED_EDGE('',*,*,#10392,.T.);
#10392 = EDGE_CURVE('',#8871,#3313,#10393,.T.);
#10393 = SURFACE_CURVE('',#10394,(#10398,#10405),.PCURVE_S1.);
#10394 = LINE('',#10395,#10396);
#10395 = CARTESIAN_POINT('',(-145.00100708,38.571998596191,
    2.002000808716));
#10396 = VECTOR('',#10397,1.);
#10397 = DIRECTION('',(0.946781256268,-0.321877698481,0.));
#10398 = PCURVE('',#10248,#10399);
#10399 = DEFINITIONAL_REPRESENTATION('',(#10400),#10404);
#10400 = LINE('',#10401,#10402);
#10401 = CARTESIAN_POINT('',(3.928624587599E-02,0.448767772839));
#10402 = VECTOR('',#10403,1.);
#10403 = DIRECTION('',(-0.946781256268,-0.321877698481));
#10404 = ( GEOMETRIC_REPRESENTATION_CONTEXT(2) 
PARAMETRIC_REPRESENTATION_CONTEXT() REPRESENTATION_CONTEXT('2D SPACE',''
  ) );
#10405 = PCURVE('',#8997,#10406);
#10406 = DEFINITIONAL_REPRESENTATION('',(#10407),#10410);
#10407 = B_SPLINE_CURVE_WITH_KNOTS('',1,(#10408,#10409),.UNSPECIFIED.,
  .F.,.F.,(2,2),(0.,0.158441196718),.PIECEWISE_BEZIER_KNOTS.);
#10408 = CARTESIAN_POINT('',(0.677684717461,0.900227505985));
#10409 = CARTESIAN_POINT('',(0.728683405205,0.750218350712));
#10410 = ( GEOMETRIC_REPRESENTATION_CONTEXT(2) 
PARAMETRIC_REPRESENTATION_CONTEXT() REPRESENTATION_CONTEXT('2D SPACE',''
  ) );
#10411 = ORIENTED_EDGE('',*,*,#10234,.F.);
#10412 = ORIENTED_EDGE('',*,*,#10413,.T.);
#10413 = EDGE_CURVE('',#9336,#8871,#10414,.T.);
#10414 = SURFACE_CURVE('',#10415,(#10419,#10426),.PCURVE_S1.);
#10415 = LINE('',#10416,#10417);
#10416 = CARTESIAN_POINT('',(-145.0019989013,37.626998901367,
    2.002000808716));
#10417 = VECTOR('',#10418,1.);
#10418 = DIRECTION('',(1.049546098507E-03,0.999999449226,0.));
#10419 = PCURVE('',#10248,#10420);
#10420 = DEFINITIONAL_REPRESENTATION('',(#10421),#10425);
#10421 = LINE('',#10422,#10423);
#10422 = CARTESIAN_POINT('',(4.027806716505E-02,-0.496231921985));
#10423 = VECTOR('',#10424,1.);
#10424 = DIRECTION('',(-1.049546098507E-03,0.999999449226));
#10425 = ( GEOMETRIC_REPRESENTATION_CONTEXT(2) 
PARAMETRIC_REPRESENTATION_CONTEXT() REPRESENTATION_CONTEXT('2D SPACE',''
  ) );
#10426 = PCURVE('',#8941,#10427);
#10427 = DEFINITIONAL_REPRESENTATION('',(#10428),#10431);
#10428 = B_SPLINE_CURVE_WITH_KNOTS('',1,(#10429,#10430),.UNSPECIFIED.,
  .F.,.F.,(2,2),(0.,0.945000215305),.PIECEWISE_BEZIER_KNOTS.);
#10429 = CARTESIAN_POINT('',(2.480854425926E-04,-0.472747672614));
#10430 = CARTESIAN_POINT('',(-7.437358464699E-04,0.47225202221));
#10431 = ( GEOMETRIC_REPRESENTATION_CONTEXT(2) 
PARAMETRIC_REPRESENTATION_CONTEXT() REPRESENTATION_CONTEXT('2D SPACE',''
  ) );
#10432 = ADVANCED_FACE('',(#10433),#5159,.T.);
#10433 = FACE_BOUND('',#10434,.T.);
#10434 = EDGE_LOOP('',(#10435,#10436,#10437));
#10435 = ORIENTED_EDGE('',*,*,#5145,.F.);
#10436 = ORIENTED_EDGE('',*,*,#9499,.F.);
#10437 = ORIENTED_EDGE('',*,*,#10438,.T.);
#10438 = EDGE_CURVE('',#9473,#4989,#10439,.T.);
#10439 = SURFACE_CURVE('',#10440,(#10444,#10451),.PCURVE_S1.);
#10440 = LINE('',#10441,#10442);
#10441 = CARTESIAN_POINT('',(-144.9920043945,37.626998901367,1.));
#10442 = VECTOR('',#10443,1.);
#10443 = DIRECTION('',(4.067199007954E-02,-0.999172552277,0.));
#10444 = PCURVE('',#5159,#10445);
#10445 = DEFINITIONAL_REPRESENTATION('',(#10446),#10450);
#10446 = LINE('',#10447,#10448);
#10447 = CARTESIAN_POINT('',(0.105020848312,2.615074239082));
#10448 = VECTOR('',#10449,1.);
#10449 = DIRECTION('',(-4.067199007954E-02,-0.999172552277));
#10450 = ( GEOMETRIC_REPRESENTATION_CONTEXT(2) 
PARAMETRIC_REPRESENTATION_CONTEXT() REPRESENTATION_CONTEXT('2D SPACE',''
  ) );
#10451 = PCURVE('',#9612,#10452);
#10452 = DEFINITIONAL_REPRESENTATION('',(#10453),#10456);
#10453 = B_SPLINE_CURVE_WITH_KNOTS('',1,(#10454,#10455),.UNSPECIFIED.,
  .F.,.F.,(2,2),(0.,5.237331512324),.PIECEWISE_BEZIER_KNOTS.);
#10454 = CARTESIAN_POINT('',(0.573817309669,2.495679475243));
#10455 = CARTESIAN_POINT('',(0.360804614356,-2.737318419044));
#10456 = ( GEOMETRIC_REPRESENTATION_CONTEXT(2) 
PARAMETRIC_REPRESENTATION_CONTEXT() REPRESENTATION_CONTEXT('2D SPACE',''
  ) );
#10457 = ADVANCED_FACE('',(#10458),#9750,.T.);
#10458 = FACE_BOUND('',#10459,.T.);
#10459 = EDGE_LOOP('',(#10460,#10461,#10483));
#10460 = ORIENTED_EDGE('',*,*,#9734,.F.);
#10461 = ORIENTED_EDGE('',*,*,#10462,.T.);
#10462 = EDGE_CURVE('',#9735,#10463,#10465,.T.);
#10463 = VERTEX_POINT('',#10464);
#10464 = CARTESIAN_POINT('',(-140.421005249,36.222999572754,1.));
#10465 = SURFACE_CURVE('',#10466,(#10470,#10477),.PCURVE_S1.);
#10466 = LINE('',#10467,#10468);
#10467 = CARTESIAN_POINT('',(-143.1920013427,36.222999572754,1.));
#10468 = VECTOR('',#10469,1.);
#10469 = DIRECTION('',(1.,0.,0.));
#10470 = PCURVE('',#9750,#10471);
#10471 = DEFINITIONAL_REPRESENTATION('',(#10472),#10476);
#10472 = LINE('',#10473,#10474);
#10473 = CARTESIAN_POINT('',(1.371860497543,4.796661634515E-03));
#10474 = VECTOR('',#10475,1.);
#10475 = DIRECTION('',(-1.,0.));
#10476 = ( GEOMETRIC_REPRESENTATION_CONTEXT(2) 
PARAMETRIC_REPRESENTATION_CONTEXT() REPRESENTATION_CONTEXT('2D SPACE',''
  ) );
#10477 = PCURVE('',#9829,#10478);
#10478 = DEFINITIONAL_REPRESENTATION('',(#10479),#10482);
#10479 = B_SPLINE_CURVE_WITH_KNOTS('',1,(#10480,#10481),.UNSPECIFIED.,
  .F.,.F.,(2,2),(0.,2.77099609375),.PIECEWISE_BEZIER_KNOTS.);
#10480 = CARTESIAN_POINT('',(-0.294400050841,-1.592098400392));
#10481 = CARTESIAN_POINT('',(-0.294400050841,1.178897693358));
#10482 = ( GEOMETRIC_REPRESENTATION_CONTEXT(2) 
PARAMETRIC_REPRESENTATION_CONTEXT() REPRESENTATION_CONTEXT('2D SPACE',''
  ) );
#10483 = ORIENTED_EDGE('',*,*,#10484,.F.);
#10484 = EDGE_CURVE('',#9597,#10463,#10485,.T.);
#10485 = SURFACE_CURVE('',#10486,(#10490,#10496),.PCURVE_S1.);
#10486 = LINE('',#10487,#10488);
#10487 = CARTESIAN_POINT('',(-143.2160034179,36.203998565674,1.));
#10488 = VECTOR('',#10489,1.);
#10489 = DIRECTION('',(0.999976892916,6.798060990998E-03,0.));
#10490 = PCURVE('',#9750,#10491);
#10491 = DEFINITIONAL_REPRESENTATION('',(#10492),#10495);
#10492 = B_SPLINE_CURVE_WITH_KNOTS('',1,(#10493,#10494),.UNSPECIFIED.,
  .F.,.F.,(2,2),(0.,2.795062754694),.PIECEWISE_BEZIER_KNOTS.);
#10493 = CARTESIAN_POINT('',(1.395862572739,-1.420434544556E-02));
#10494 = CARTESIAN_POINT('',(-1.399135596207,4.796661634515E-03));
#10495 = ( GEOMETRIC_REPRESENTATION_CONTEXT(2) 
PARAMETRIC_REPRESENTATION_CONTEXT() REPRESENTATION_CONTEXT('2D SPACE',''
  ) );
#10496 = PCURVE('',#10497,#10502);
#10497 = PLANE('',#10498);
#10498 = AXIS2_PLACEMENT_3D('',#10499,#10500,#10501);
#10499 = CARTESIAN_POINT('',(-142.8808436563,34.724209405853,1.));
#10500 = DIRECTION('',(-0.,-0.,-1.));
#10501 = DIRECTION('',(-1.,0.,0.));
#10502 = DEFINITIONAL_REPRESENTATION('',(#10503),#10507);
#10503 = LINE('',#10504,#10505);
#10504 = CARTESIAN_POINT('',(0.335159761644,1.479789159821));
#10505 = VECTOR('',#10506,1.);
#10506 = DIRECTION('',(-0.999976892916,6.798060990998E-03));
#10507 = ( GEOMETRIC_REPRESENTATION_CONTEXT(2) 
PARAMETRIC_REPRESENTATION_CONTEXT() REPRESENTATION_CONTEXT('2D SPACE',''
  ) );
#10508 = ADVANCED_FACE('',(#10509),#10521,.T.);
#10509 = FACE_BOUND('',#10510,.T.);
#10510 = EDGE_LOOP('',(#10511,#10543,#10570));
#10511 = ORIENTED_EDGE('',*,*,#10512,.T.);
#10512 = EDGE_CURVE('',#10463,#10513,#10515,.T.);
#10513 = VERTEX_POINT('',#10514);
#10514 = CARTESIAN_POINT('',(-140.421005249,36.244998931885,1.));
#10515 = SURFACE_CURVE('',#10516,(#10520,#10532),.PCURVE_S1.);
#10516 = LINE('',#10517,#10518);
#10517 = CARTESIAN_POINT('',(-140.421005249,36.222999572754,1.));
#10518 = VECTOR('',#10519,1.);
#10519 = DIRECTION('',(0.,1.,0.));
#10520 = PCURVE('',#10521,#10526);
#10521 = PLANE('',#10522);
#10522 = AXIS2_PLACEMENT_3D('',#10523,#10524,#10525);
#10523 = CARTESIAN_POINT('',(-139.5627599275,36.92704376127,1.));
#10524 = DIRECTION('',(-0.,-0.,-1.));
#10525 = DIRECTION('',(-1.,0.,0.));
#10526 = DEFINITIONAL_REPRESENTATION('',(#10527),#10531);
#10527 = LINE('',#10528,#10529);
#10528 = CARTESIAN_POINT('',(0.858245321432,-0.704044188516));
#10529 = VECTOR('',#10530,1.);
#10530 = DIRECTION('',(0.,1.));
#10531 = ( GEOMETRIC_REPRESENTATION_CONTEXT(2) 
PARAMETRIC_REPRESENTATION_CONTEXT() REPRESENTATION_CONTEXT('2D SPACE',''
  ) );
#10532 = PCURVE('',#10533,#10538);
#10533 = PLANE('',#10534);
#10534 = AXIS2_PLACEMENT_3D('',#10535,#10536,#10537);
#10535 = CARTESIAN_POINT('',(-140.421005249,36.239438723701,
    1.495560932976));
#10536 = DIRECTION('',(-1.,-2.571151764773E-24,2.822714479687E-26));
#10537 = DIRECTION('',(2.571151764773E-24,-1.,0.));
#10538 = DEFINITIONAL_REPRESENTATION('',(#10539),#10542);
#10539 = B_SPLINE_CURVE_WITH_KNOTS('',1,(#10540,#10541),.UNSPECIFIED.,
  .F.,.F.,(2,2),(0.,2.199935913086E-02),.PIECEWISE_BEZIER_KNOTS.);
#10540 = CARTESIAN_POINT('',(1.643915094718E-02,-0.495560932976));
#10541 = CARTESIAN_POINT('',(-5.560208183681E-03,-0.495560932976));
#10542 = ( GEOMETRIC_REPRESENTATION_CONTEXT(2) 
PARAMETRIC_REPRESENTATION_CONTEXT() REPRESENTATION_CONTEXT('2D SPACE',''
  ) );
#10543 = ORIENTED_EDGE('',*,*,#10544,.T.);
#10544 = EDGE_CURVE('',#10513,#10545,#10547,.T.);
#10545 = VERTEX_POINT('',#10546);
#10546 = CARTESIAN_POINT('',(-138.6959991455,37.626998901367,1.));
#10547 = SURFACE_CURVE('',#10548,(#10552,#10559),.PCURVE_S1.);
#10548 = LINE('',#10549,#10550);
#10549 = CARTESIAN_POINT('',(-140.421005249,36.244998931885,1.));
#10550 = VECTOR('',#10551,1.);
#10551 = DIRECTION('',(0.780428313859,0.625245269416,0.));
#10552 = PCURVE('',#10521,#10553);
#10553 = DEFINITIONAL_REPRESENTATION('',(#10554),#10558);
#10554 = LINE('',#10555,#10556);
#10555 = CARTESIAN_POINT('',(0.858245321432,-0.682044829385));
#10556 = VECTOR('',#10557,1.);
#10557 = DIRECTION('',(-0.780428313859,0.625245269416));
#10558 = ( GEOMETRIC_REPRESENTATION_CONTEXT(2) 
PARAMETRIC_REPRESENTATION_CONTEXT() REPRESENTATION_CONTEXT('2D SPACE',''
  ) );
#10559 = PCURVE('',#10560,#10565);
#10560 = PLANE('',#10561);
#10561 = AXIS2_PLACEMENT_3D('',#10562,#10563,#10564);
#10562 = CARTESIAN_POINT('',(-139.4052478161,37.058779670587,
    1.30462826055));
#10563 = DIRECTION('',(-0.625245269416,0.780428313859,0.));
#10564 = DIRECTION('',(0.780428313859,0.625245269416,0.));
#10565 = DEFINITIONAL_REPRESENTATION('',(#10566),#10569);
#10566 = B_SPLINE_CURVE_WITH_KNOTS('',1,(#10567,#10568),.UNSPECIFIED.,
  .F.,.F.,(2,2),(0.,2.210332548015),.PIECEWISE_BEZIER_KNOTS.);
#10567 = CARTESIAN_POINT('',(-1.301538417816,0.30462826055));
#10568 = CARTESIAN_POINT('',(0.908794130199,0.30462826055));
#10569 = ( GEOMETRIC_REPRESENTATION_CONTEXT(2) 
PARAMETRIC_REPRESENTATION_CONTEXT() REPRESENTATION_CONTEXT('2D SPACE',''
  ) );
#10570 = ORIENTED_EDGE('',*,*,#10571,.T.);
#10571 = EDGE_CURVE('',#10545,#10463,#10572,.T.);
#10572 = SURFACE_CURVE('',#10573,(#10577,#10584),.PCURVE_S1.);
#10573 = LINE('',#10574,#10575);
#10574 = CARTESIAN_POINT('',(-138.6959991455,37.626998901367,1.));
#10575 = VECTOR('',#10576,1.);
#10576 = DIRECTION('',(-0.775578602307,-0.631251005261,0.));
#10577 = PCURVE('',#10521,#10578);
#10578 = DEFINITIONAL_REPRESENTATION('',(#10579),#10583);
#10579 = LINE('',#10580,#10581);
#10580 = CARTESIAN_POINT('',(-0.866760782084,0.699955140097));
#10581 = VECTOR('',#10582,1.);
#10582 = DIRECTION('',(0.775578602307,-0.631251005261));
#10583 = ( GEOMETRIC_REPRESENTATION_CONTEXT(2) 
PARAMETRIC_REPRESENTATION_CONTEXT() REPRESENTATION_CONTEXT('2D SPACE',''
  ) );
#10584 = PCURVE('',#10585,#10590);
#10585 = PLANE('',#10586);
#10586 = AXIS2_PLACEMENT_3D('',#10587,#10588,#10589);
#10587 = CARTESIAN_POINT('',(-138.3716260613,37.116609860434,1.));
#10588 = DIRECTION('',(-0.,-0.,-1.));
#10589 = DIRECTION('',(-1.,0.,0.));
#10590 = DEFINITIONAL_REPRESENTATION('',(#10591),#10594);
#10591 = B_SPLINE_CURVE_WITH_KNOTS('',1,(#10592,#10593),.UNSPECIFIED.,
  .F.,.F.,(2,2),(0.,2.224153810309),.PIECEWISE_BEZIER_KNOTS.);
#10592 = CARTESIAN_POINT('',(0.324373084146,0.510389040934));
#10593 = CARTESIAN_POINT('',(2.049379187662,-0.89361028768));
#10594 = ( GEOMETRIC_REPRESENTATION_CONTEXT(2) 
PARAMETRIC_REPRESENTATION_CONTEXT() REPRESENTATION_CONTEXT('2D SPACE',''
  ) );
#10595 = ADVANCED_FACE('',(#10596),#10585,.T.);
#10596 = FACE_BOUND('',#10597,.T.);
#10597 = EDGE_LOOP('',(#10598,#10618,#10643));
#10598 = ORIENTED_EDGE('',*,*,#10599,.T.);
#10599 = EDGE_CURVE('',#10545,#7794,#10600,.T.);
#10600 = SURFACE_CURVE('',#10601,(#10605,#10612),.PCURVE_S1.);
#10601 = LINE('',#10602,#10603);
#10602 = CARTESIAN_POINT('',(-138.6959991455,37.626998901367,1.));
#10603 = VECTOR('',#10604,1.);
#10604 = DIRECTION('',(1.,0.,0.));
#10605 = PCURVE('',#10585,#10606);
#10606 = DEFINITIONAL_REPRESENTATION('',(#10607),#10611);
#10607 = LINE('',#10608,#10609);
#10608 = CARTESIAN_POINT('',(0.324373084146,0.510389040934));
#10609 = VECTOR('',#10610,1.);
#10610 = DIRECTION('',(-1.,0.));
#10611 = ( GEOMETRIC_REPRESENTATION_CONTEXT(2) 
PARAMETRIC_REPRESENTATION_CONTEXT() REPRESENTATION_CONTEXT('2D SPACE',''
  ) );
#10612 = PCURVE('',#7834,#10613);
#10613 = DEFINITIONAL_REPRESENTATION('',(#10614),#10617);
#10614 = B_SPLINE_CURVE_WITH_KNOTS('',1,(#10615,#10616),.UNSPECIFIED.,
  .F.,.F.,(2,2),(0.,2.509994506836),.PIECEWISE_BEZIER_KNOTS.);
#10615 = CARTESIAN_POINT('',(-0.298653022455,-1.052649871515));
#10616 = CARTESIAN_POINT('',(-0.298653022455,1.457344635321));
#10617 = ( GEOMETRIC_REPRESENTATION_CONTEXT(2) 
PARAMETRIC_REPRESENTATION_CONTEXT() REPRESENTATION_CONTEXT('2D SPACE',''
  ) );
#10618 = ORIENTED_EDGE('',*,*,#10619,.T.);
#10619 = EDGE_CURVE('',#7794,#10463,#10620,.T.);
#10620 = SURFACE_CURVE('',#10621,(#10625,#10632),.PCURVE_S1.);
#10621 = LINE('',#10622,#10623);
#10622 = CARTESIAN_POINT('',(-136.1860046386,37.626998901367,1.));
#10623 = VECTOR('',#10624,1.);
#10624 = DIRECTION('',(-0.949197598809,-0.314680661012,0.));
#10625 = PCURVE('',#10585,#10626);
#10626 = DEFINITIONAL_REPRESENTATION('',(#10627),#10631);
#10627 = LINE('',#10628,#10629);
#10628 = CARTESIAN_POINT('',(-2.18562142269,0.510389040934));
#10629 = VECTOR('',#10630,1.);
#10630 = DIRECTION('',(0.949197598809,-0.314680661012));
#10631 = ( GEOMETRIC_REPRESENTATION_CONTEXT(2) 
PARAMETRIC_REPRESENTATION_CONTEXT() REPRESENTATION_CONTEXT('2D SPACE',''
  ) );
#10632 = PCURVE('',#10633,#10638);
#10633 = PLANE('',#10634);
#10634 = AXIS2_PLACEMENT_3D('',#10635,#10636,#10637);
#10635 = CARTESIAN_POINT('',(-140.6085567209,35.230412044215,1.));
#10636 = DIRECTION('',(-0.,-0.,-1.));
#10637 = DIRECTION('',(-1.,0.,0.));
#10638 = DEFINITIONAL_REPRESENTATION('',(#10639),#10642);
#10639 = B_SPLINE_CURVE_WITH_KNOTS('',1,(#10640,#10641),.UNSPECIFIED.,
  .F.,.F.,(2,2),(0.,4.461663847089),.PIECEWISE_BEZIER_KNOTS.);
#10640 = CARTESIAN_POINT('',(-4.422552082296,2.396586857152));
#10641 = CARTESIAN_POINT('',(-0.187551471945,0.992587528539));
#10642 = ( GEOMETRIC_REPRESENTATION_CONTEXT(2) 
PARAMETRIC_REPRESENTATION_CONTEXT() REPRESENTATION_CONTEXT('2D SPACE',''
  ) );
#10643 = ORIENTED_EDGE('',*,*,#10571,.F.);
#10644 = ADVANCED_FACE('',(#10645),#10633,.T.);
#10645 = FACE_BOUND('',#10646,.T.);
#10646 = EDGE_LOOP('',(#10647,#10648,#10668));
#10647 = ORIENTED_EDGE('',*,*,#10619,.F.);
#10648 = ORIENTED_EDGE('',*,*,#10649,.T.);
#10649 = EDGE_CURVE('',#7794,#4989,#10650,.T.);
#10650 = SURFACE_CURVE('',#10651,(#10655,#10662),.PCURVE_S1.);
#10651 = LINE('',#10652,#10653);
#10652 = CARTESIAN_POINT('',(-136.1860046386,37.626998901367,1.));
#10653 = VECTOR('',#10654,1.);
#10654 = DIRECTION('',(-0.854088880252,-0.520127085076,0.));
#10655 = PCURVE('',#10633,#10656);
#10656 = DEFINITIONAL_REPRESENTATION('',(#10657),#10661);
#10657 = LINE('',#10658,#10659);
#10658 = CARTESIAN_POINT('',(-4.422552082296,2.396586857152));
#10659 = VECTOR('',#10660,1.);
#10660 = DIRECTION('',(0.854088880252,-0.520127085076));
#10661 = ( GEOMETRIC_REPRESENTATION_CONTEXT(2) 
PARAMETRIC_REPRESENTATION_CONTEXT() REPRESENTATION_CONTEXT('2D SPACE',''
  ) );
#10662 = PCURVE('',#7809,#10663);
#10663 = DEFINITIONAL_REPRESENTATION('',(#10664),#10667);
#10664 = B_SPLINE_CURVE_WITH_KNOTS('',1,(#10665,#10666),.UNSPECIFIED.,
  .F.,.F.,(2,2),(0.,10.060998637528),.PIECEWISE_BEZIER_KNOTS.);
#10665 = CARTESIAN_POINT('',(-4.792442318354,0.262943403948));
#10666 = CARTESIAN_POINT('',(5.268556319174,0.262943403948));
#10667 = ( GEOMETRIC_REPRESENTATION_CONTEXT(2) 
PARAMETRIC_REPRESENTATION_CONTEXT() REPRESENTATION_CONTEXT('2D SPACE',''
  ) );
#10668 = ORIENTED_EDGE('',*,*,#10669,.F.);
#10669 = EDGE_CURVE('',#10463,#4989,#10670,.T.);
#10670 = SURFACE_CURVE('',#10671,(#10675,#10681),.PCURVE_S1.);
#10671 = LINE('',#10672,#10673);
#10672 = CARTESIAN_POINT('',(-140.421005249,36.222999572754,1.));
#10673 = VECTOR('',#10674,1.);
#10674 = DIRECTION('',(-0.751228753808,-0.660041937646,0.));
#10675 = PCURVE('',#10633,#10676);
#10676 = DEFINITIONAL_REPRESENTATION('',(#10677),#10680);
#10677 = B_SPLINE_CURVE_WITH_KNOTS('',1,(#10678,#10679),.UNSPECIFIED.,
  .F.,.F.,(2,2),(0.,5.801144362625),.PIECEWISE_BEZIER_KNOTS.);
#10678 = CARTESIAN_POINT('',(-0.187551471945,0.992587528539));
#10679 = CARTESIAN_POINT('',(4.170434978251,-2.836411037135));
#10680 = ( GEOMETRIC_REPRESENTATION_CONTEXT(2) 
PARAMETRIC_REPRESENTATION_CONTEXT() REPRESENTATION_CONTEXT('2D SPACE',''
  ) );
#10681 = PCURVE('',#10497,#10682);
#10682 = DEFINITIONAL_REPRESENTATION('',(#10683),#10687);
#10683 = LINE('',#10684,#10685);
#10684 = CARTESIAN_POINT('',(-2.459838407302,1.498790166901));
#10685 = VECTOR('',#10686,1.);
#10686 = DIRECTION('',(0.751228753808,-0.660041937646));
#10687 = ( GEOMETRIC_REPRESENTATION_CONTEXT(2) 
PARAMETRIC_REPRESENTATION_CONTEXT() REPRESENTATION_CONTEXT('2D SPACE',''
  ) );
#10688 = ADVANCED_FACE('',(#10689),#10497,.T.);
#10689 = FACE_BOUND('',#10690,.T.);
#10690 = EDGE_LOOP('',(#10691,#10692,#10712));
#10691 = ORIENTED_EDGE('',*,*,#10669,.T.);
#10692 = ORIENTED_EDGE('',*,*,#10693,.T.);
#10693 = EDGE_CURVE('',#4989,#9597,#10694,.T.);
#10694 = SURFACE_CURVE('',#10695,(#10699,#10706),.PCURVE_S1.);
#10695 = LINE('',#10696,#10697);
#10696 = CARTESIAN_POINT('',(-144.7789916992,32.39400100708,1.));
#10697 = VECTOR('',#10698,1.);
#10698 = DIRECTION('',(0.37953814052,0.925176091288,0.));
#10699 = PCURVE('',#10497,#10700);
#10700 = DEFINITIONAL_REPRESENTATION('',(#10701),#10705);
#10701 = LINE('',#10702,#10703);
#10702 = CARTESIAN_POINT('',(1.898148042894,-2.330208398773));
#10703 = VECTOR('',#10704,1.);
#10704 = DIRECTION('',(-0.37953814052,0.925176091288));
#10705 = ( GEOMETRIC_REPRESENTATION_CONTEXT(2) 
PARAMETRIC_REPRESENTATION_CONTEXT() REPRESENTATION_CONTEXT('2D SPACE',''
  ) );
#10706 = PCURVE('',#9612,#10707);
#10707 = DEFINITIONAL_REPRESENTATION('',(#10708),#10711);
#10708 = B_SPLINE_CURVE_WITH_KNOTS('',1,(#10709,#10710),.UNSPECIFIED.,
  .F.,.F.,(2,2),(0.,4.118132314996),.PIECEWISE_BEZIER_KNOTS.);
#10709 = CARTESIAN_POINT('',(0.360804614356,-2.737318419044));
#10710 = CARTESIAN_POINT('',(-1.202183666894,1.07267913955));
#10711 = ( GEOMETRIC_REPRESENTATION_CONTEXT(2) 
PARAMETRIC_REPRESENTATION_CONTEXT() REPRESENTATION_CONTEXT('2D SPACE',''
  ) );
#10712 = ORIENTED_EDGE('',*,*,#10484,.T.);
#10713 = ADVANCED_FACE('',(#10714),#8941,.T.);
#10714 = FACE_BOUND('',#10715,.T.);
#10715 = EDGE_LOOP('',(#10716,#10717,#10718));
#10716 = ORIENTED_EDGE('',*,*,#9363,.F.);
#10717 = ORIENTED_EDGE('',*,*,#8925,.F.);
#10718 = ORIENTED_EDGE('',*,*,#10413,.F.);
#10719 = ADVANCED_FACE('',(#10720),#4616,.T.);
#10720 = FACE_BOUND('',#10721,.T.);
#10721 = EDGE_LOOP('',(#10722,#10723,#10724));
#10722 = ORIENTED_EDGE('',*,*,#4602,.F.);
#10723 = ORIENTED_EDGE('',*,*,#9998,.F.);
#10724 = ORIENTED_EDGE('',*,*,#8618,.F.);
#10725 = ADVANCED_FACE('',(#10726),#7834,.T.);
#10726 = FACE_BOUND('',#10727,.T.);
#10727 = EDGE_LOOP('',(#10728,#10729,#10749));
#10728 = ORIENTED_EDGE('',*,*,#10599,.F.);
#10729 = ORIENTED_EDGE('',*,*,#10730,.T.);
#10730 = EDGE_CURVE('',#10545,#7743,#10731,.T.);
#10731 = SURFACE_CURVE('',#10732,(#10736,#10743),.PCURVE_S1.);
#10732 = LINE('',#10733,#10734);
#10733 = CARTESIAN_POINT('',(-138.6959991455,37.626998901367,1.));
#10734 = VECTOR('',#10735,1.);
#10735 = DIRECTION('',(0.,0.,1.));
#10736 = PCURVE('',#7834,#10737);
#10737 = DEFINITIONAL_REPRESENTATION('',(#10738),#10742);
#10738 = LINE('',#10739,#10740);
#10739 = CARTESIAN_POINT('',(-0.298653022455,-1.052649871515));
#10740 = VECTOR('',#10741,1.);
#10741 = DIRECTION('',(1.,0.));
#10742 = ( GEOMETRIC_REPRESENTATION_CONTEXT(2) 
PARAMETRIC_REPRESENTATION_CONTEXT() REPRESENTATION_CONTEXT('2D SPACE',''
  ) );
#10743 = PCURVE('',#10560,#10744);
#10744 = DEFINITIONAL_REPRESENTATION('',(#10745),#10748);
#10745 = B_SPLINE_CURVE_WITH_KNOTS('',1,(#10746,#10747),.UNSPECIFIED.,
  .F.,.F.,(2,2),(0.,1.002000808716),.PIECEWISE_BEZIER_KNOTS.);
#10746 = CARTESIAN_POINT('',(0.908794130199,0.30462826055));
#10747 = CARTESIAN_POINT('',(0.908794130199,-0.697372548166));
#10748 = ( GEOMETRIC_REPRESENTATION_CONTEXT(2) 
PARAMETRIC_REPRESENTATION_CONTEXT() REPRESENTATION_CONTEXT('2D SPACE',''
  ) );
#10749 = ORIENTED_EDGE('',*,*,#7820,.F.);
#10750 = ADVANCED_FACE('',(#10751),#10302,.T.);
#10751 = FACE_BOUND('',#10752,.T.);
#10752 = EDGE_LOOP('',(#10753,#10754,#10776));
#10753 = ORIENTED_EDGE('',*,*,#10288,.F.);
#10754 = ORIENTED_EDGE('',*,*,#10755,.F.);
#10755 = EDGE_CURVE('',#10756,#111,#10758,.T.);
#10756 = VERTEX_POINT('',#10757);
#10757 = CARTESIAN_POINT('',(-142.9580078125,30.118999481201,1.));
#10758 = SURFACE_CURVE('',#10759,(#10763,#10769),.PCURVE_S1.);
#10759 = LINE('',#10760,#10761);
#10760 = CARTESIAN_POINT('',(-142.9580078125,30.118999481201,1.));
#10761 = VECTOR('',#10762,1.);
#10762 = DIRECTION('',(0.,0.,1.));
#10763 = PCURVE('',#10302,#10764);
#10764 = DEFINITIONAL_REPRESENTATION('',(#10765),#10768);
#10765 = B_SPLINE_CURVE_WITH_KNOTS('',1,(#10766,#10767),.UNSPECIFIED.,
  .F.,.F.,(2,2),(0.,1.002000808716),.PIECEWISE_BEZIER_KNOTS.);
#10766 = CARTESIAN_POINT('',(0.270900819964,-2.825404260821));
#10767 = CARTESIAN_POINT('',(-0.731099988752,-2.825404260821));
#10768 = ( GEOMETRIC_REPRESENTATION_CONTEXT(2) 
PARAMETRIC_REPRESENTATION_CONTEXT() REPRESENTATION_CONTEXT('2D SPACE',''
  ) );
#10769 = PCURVE('',#151,#10770);
#10770 = DEFINITIONAL_REPRESENTATION('',(#10771),#10775);
#10771 = LINE('',#10772,#10773);
#10772 = CARTESIAN_POINT('',(-0.892832827262,0.305383905943));
#10773 = VECTOR('',#10774,1.);
#10774 = DIRECTION('',(1.232595164408E-32,-1.));
#10775 = ( GEOMETRIC_REPRESENTATION_CONTEXT(2) 
PARAMETRIC_REPRESENTATION_CONTEXT() REPRESENTATION_CONTEXT('2D SPACE',''
  ) );
#10776 = ORIENTED_EDGE('',*,*,#10777,.T.);
#10777 = EDGE_CURVE('',#10756,#4355,#10778,.T.);
#10778 = SURFACE_CURVE('',#10779,(#10783,#10790),.PCURVE_S1.);
#10779 = LINE('',#10780,#10781);
#10780 = CARTESIAN_POINT('',(-142.9580078125,30.118999481201,1.));
#10781 = VECTOR('',#10782,1.);
#10782 = DIRECTION('',(1.,0.,0.));
#10783 = PCURVE('',#10302,#10784);
#10784 = DEFINITIONAL_REPRESENTATION('',(#10785),#10789);
#10785 = LINE('',#10786,#10787);
#10786 = CARTESIAN_POINT('',(0.270900819964,-2.825404260821));
#10787 = VECTOR('',#10788,1.);
#10788 = DIRECTION('',(0.,1.));
#10789 = ( GEOMETRIC_REPRESENTATION_CONTEXT(2) 
PARAMETRIC_REPRESENTATION_CONTEXT() REPRESENTATION_CONTEXT('2D SPACE',''
  ) );
#10790 = PCURVE('',#10791,#10796);
#10791 = PLANE('',#10792);
#10792 = AXIS2_PLACEMENT_3D('',#10793,#10794,#10795);
#10793 = CARTESIAN_POINT('',(-140.0359028459,30.706621748826,1.));
#10794 = DIRECTION('',(-0.,-0.,-1.));
#10795 = DIRECTION('',(-1.,0.,0.));
#10796 = DEFINITIONAL_REPRESENTATION('',(#10797),#10800);
#10797 = B_SPLINE_CURVE_WITH_KNOTS('',1,(#10798,#10799),.UNSPECIFIED.,
  .F.,.F.,(2,2),(0.,6.11100769043),.PIECEWISE_BEZIER_KNOTS.);
#10798 = CARTESIAN_POINT('',(2.922104966551,-0.587622267625));
#10799 = CARTESIAN_POINT('',(-3.188902723879,-0.587622267625));
#10800 = ( GEOMETRIC_REPRESENTATION_CONTEXT(2) 
PARAMETRIC_REPRESENTATION_CONTEXT() REPRESENTATION_CONTEXT('2D SPACE',''
  ) );
#10801 = ADVANCED_FACE('',(#10802),#151,.T.);
#10802 = FACE_BOUND('',#10803,.T.);
#10803 = EDGE_LOOP('',(#10804,#10805,#10806));
#10804 = ORIENTED_EDGE('',*,*,#10755,.T.);
#10805 = ORIENTED_EDGE('',*,*,#138,.T.);
#10806 = ORIENTED_EDGE('',*,*,#10807,.T.);
#10807 = EDGE_CURVE('',#56,#10756,#10808,.T.);
#10808 = SURFACE_CURVE('',#10809,(#10813,#10820),.PCURVE_S1.);
#10809 = LINE('',#10810,#10811);
#10810 = CARTESIAN_POINT('',(-144.6569976806,31.479999542236,1.));
#10811 = VECTOR('',#10812,1.);
#10812 = DIRECTION('',(0.780463466734,-0.625201389228,0.));
#10813 = PCURVE('',#151,#10814);
#10814 = DEFINITIONAL_REPRESENTATION('',(#10815),#10819);
#10815 = LINE('',#10816,#10817);
#10816 = CARTESIAN_POINT('',(1.284065824091,0.305383905943));
#10817 = VECTOR('',#10818,1.);
#10818 = DIRECTION('',(-1.,-5.586041002134E-33));
#10819 = ( GEOMETRIC_REPRESENTATION_CONTEXT(2) 
PARAMETRIC_REPRESENTATION_CONTEXT() REPRESENTATION_CONTEXT('2D SPACE',''
  ) );
#10820 = PCURVE('',#10821,#10826);
#10821 = PLANE('',#10822);
#10822 = AXIS2_PLACEMENT_3D('',#10823,#10824,#10825);
#10823 = CARTESIAN_POINT('',(-142.9082805114,31.367021490415,1.));
#10824 = DIRECTION('',(-0.,-0.,-1.));
#10825 = DIRECTION('',(-1.,0.,0.));
#10826 = DEFINITIONAL_REPRESENTATION('',(#10827),#10830);
#10827 = B_SPLINE_CURVE_WITH_KNOTS('',1,(#10828,#10829),.UNSPECIFIED.,
  .F.,.F.,(2,2),(0.,2.176898651353),.PIECEWISE_BEZIER_KNOTS.);
#10828 = CARTESIAN_POINT('',(1.748717169264,0.112978051822));
#10829 = CARTESIAN_POINT('',(4.972730110009E-02,-1.248022009214));
#10830 = ( GEOMETRIC_REPRESENTATION_CONTEXT(2) 
PARAMETRIC_REPRESENTATION_CONTEXT() REPRESENTATION_CONTEXT('2D SPACE',''
  ) );
#10831 = ADVANCED_FACE('',(#10832),#10821,.T.);
#10832 = FACE_BOUND('',#10833,.T.);
#10833 = EDGE_LOOP('',(#10834,#10835,#10862));
#10834 = ORIENTED_EDGE('',*,*,#10807,.F.);
#10835 = ORIENTED_EDGE('',*,*,#10836,.T.);
#10836 = EDGE_CURVE('',#56,#10837,#10839,.T.);
#10837 = VERTEX_POINT('',#10838);
#10838 = CARTESIAN_POINT('',(-141.2729949951,32.250999450684,1.));
#10839 = SURFACE_CURVE('',#10840,(#10844,#10851),.PCURVE_S1.);
#10840 = LINE('',#10841,#10842);
#10841 = CARTESIAN_POINT('',(-144.6569976806,31.479999542236,1.));
#10842 = VECTOR('',#10843,1.);
#10843 = DIRECTION('',(0.975013886767,0.222143918692,0.));
#10844 = PCURVE('',#10821,#10845);
#10845 = DEFINITIONAL_REPRESENTATION('',(#10846),#10850);
#10846 = LINE('',#10847,#10848);
#10847 = CARTESIAN_POINT('',(1.748717169264,0.112978051822));
#10848 = VECTOR('',#10849,1.);
#10849 = DIRECTION('',(-0.975013886767,0.222143918692));
#10850 = ( GEOMETRIC_REPRESENTATION_CONTEXT(2) 
PARAMETRIC_REPRESENTATION_CONTEXT() REPRESENTATION_CONTEXT('2D SPACE',''
  ) );
#10851 = PCURVE('',#10852,#10857);
#10852 = PLANE('',#10853);
#10853 = AXIS2_PLACEMENT_3D('',#10854,#10855,#10856);
#10854 = CARTESIAN_POINT('',(-143.1360663483,32.036569506899,1.));
#10855 = DIRECTION('',(-0.,-0.,-1.));
#10856 = DIRECTION('',(-1.,0.,0.));
#10857 = DEFINITIONAL_REPRESENTATION('',(#10858),#10861);
#10858 = B_SPLINE_CURVE_WITH_KNOTS('',1,(#10859,#10860),.UNSPECIFIED.,
  .F.,.F.,(2,2),(0.,3.470722552238),.PIECEWISE_BEZIER_KNOTS.);
#10859 = CARTESIAN_POINT('',(1.520931332334,-0.556569964663));
#10860 = CARTESIAN_POINT('',(-1.863071353212,0.214429943785));
#10861 = ( GEOMETRIC_REPRESENTATION_CONTEXT(2) 
PARAMETRIC_REPRESENTATION_CONTEXT() REPRESENTATION_CONTEXT('2D SPACE',''
  ) );
#10862 = ORIENTED_EDGE('',*,*,#10863,.T.);
#10863 = EDGE_CURVE('',#10837,#10756,#10864,.T.);
#10864 = SURFACE_CURVE('',#10865,(#10869,#10876),.PCURVE_S1.);
#10865 = LINE('',#10866,#10867);
#10866 = CARTESIAN_POINT('',(-141.2729949951,32.250999450684,1.));
#10867 = VECTOR('',#10868,1.);
#10868 = DIRECTION('',(-0.620064708202,-0.78455067245,0.));
#10869 = PCURVE('',#10821,#10870);
#10870 = DEFINITIONAL_REPRESENTATION('',(#10871),#10875);
#10871 = LINE('',#10872,#10873);
#10872 = CARTESIAN_POINT('',(-1.635285516283,0.883977960269));
#10873 = VECTOR('',#10874,1.);
#10874 = DIRECTION('',(0.620064708202,-0.78455067245));
#10875 = ( GEOMETRIC_REPRESENTATION_CONTEXT(2) 
PARAMETRIC_REPRESENTATION_CONTEXT() REPRESENTATION_CONTEXT('2D SPACE',''
  ) );
#10876 = PCURVE('',#10877,#10882);
#10877 = PLANE('',#10878);
#10878 = AXIS2_PLACEMENT_3D('',#10879,#10880,#10881);
#10879 = CARTESIAN_POINT('',(-142.1083058667,31.185764274629,1.));
#10880 = DIRECTION('',(-0.,-0.,-1.));
#10881 = DIRECTION('',(-1.,0.,0.));
#10882 = DEFINITIONAL_REPRESENTATION('',(#10883),#10886);
#10883 = B_SPLINE_CURVE_WITH_KNOTS('',1,(#10884,#10885),.UNSPECIFIED.,
  .F.,.F.,(2,2),(0.,2.717478990649),.PIECEWISE_BEZIER_KNOTS.);
#10884 = CARTESIAN_POINT('',(-0.83531087164,1.065235176055));
#10885 = CARTESIAN_POINT('',(0.849701945743,-1.066764793428));
#10886 = ( GEOMETRIC_REPRESENTATION_CONTEXT(2) 
PARAMETRIC_REPRESENTATION_CONTEXT() REPRESENTATION_CONTEXT('2D SPACE',''
  ) );
#10887 = ADVANCED_FACE('',(#10888),#3796,.T.);
#10888 = FACE_BOUND('',#10889,.T.);
#10889 = EDGE_LOOP('',(#10890,#10910,#10911));
#10890 = ORIENTED_EDGE('',*,*,#10891,.T.);
#10891 = EDGE_CURVE('',#9653,#3706,#10892,.T.);
#10892 = SURFACE_CURVE('',#10893,(#10897,#10904),.PCURVE_S1.);
#10893 = LINE('',#10894,#10895);
#10894 = CARTESIAN_POINT('',(-143.1920013427,36.222999572754,
    2.002000808716));
#10895 = VECTOR('',#10896,1.);
#10896 = DIRECTION('',(-0.788502954324,0.615030967531,0.));
#10897 = PCURVE('',#3796,#10898);
#10898 = DEFINITIONAL_REPRESENTATION('',(#10899),#10903);
#10899 = LINE('',#10900,#10901);
#10900 = CARTESIAN_POINT('',(0.714263847939,-0.872297002803));
#10901 = VECTOR('',#10902,1.);
#10902 = DIRECTION('',(-0.615030967531,0.788502954324));
#10903 = ( GEOMETRIC_REPRESENTATION_CONTEXT(2) 
PARAMETRIC_REPRESENTATION_CONTEXT() REPRESENTATION_CONTEXT('2D SPACE',''
  ) );
#10904 = PCURVE('',#9720,#10905);
#10905 = DEFINITIONAL_REPRESENTATION('',(#10906),#10909);
#10906 = B_SPLINE_CURVE_WITH_KNOTS('',1,(#10907,#10908),.UNSPECIFIED.,
  .F.,.F.,(2,2),(0.,2.282810789593),.PIECEWISE_BEZIER_KNOTS.);
#10907 = CARTESIAN_POINT('',(0.692542249279,-0.900029297654));
#10908 = CARTESIAN_POINT('',(-0.711457079335,0.899973754104));
#10909 = ( GEOMETRIC_REPRESENTATION_CONTEXT(2) 
PARAMETRIC_REPRESENTATION_CONTEXT() REPRESENTATION_CONTEXT('2D SPACE',''
  ) );
#10910 = ORIENTED_EDGE('',*,*,#3782,.F.);
#10911 = ORIENTED_EDGE('',*,*,#10912,.T.);
#10912 = EDGE_CURVE('',#3761,#9653,#10913,.T.);
#10913 = SURFACE_CURVE('',#10914,(#10918,#10925),.PCURVE_S1.);
#10914 = LINE('',#10915,#10916);
#10915 = CARTESIAN_POINT('',(-143.1770019531,36.344997406006,
    2.002000808716));
#10916 = VECTOR('',#10917,1.);
#10917 = DIRECTION('',(-0.122029150552,-0.992526516732,0.));
#10918 = PCURVE('',#3796,#10919);
#10919 = DEFINITIONAL_REPRESENTATION('',(#10920),#10924);
#10920 = LINE('',#10921,#10922);
#10921 = CARTESIAN_POINT('',(0.592266014687,-0.887296392452));
#10922 = VECTOR('',#10923,1.);
#10923 = DIRECTION('',(0.992526516732,0.122029150552));
#10924 = ( GEOMETRIC_REPRESENTATION_CONTEXT(2) 
PARAMETRIC_REPRESENTATION_CONTEXT() REPRESENTATION_CONTEXT('2D SPACE',''
  ) );
#10925 = PCURVE('',#8450,#10926);
#10926 = DEFINITIONAL_REPRESENTATION('',(#10927),#10930);
#10927 = B_SPLINE_CURVE_WITH_KNOTS('',1,(#10928,#10929),.UNSPECIFIED.,
  .F.,.F.,(2,2),(0.,0.122916447264),.PIECEWISE_BEZIER_KNOTS.);
#10928 = CARTESIAN_POINT('',(-9.090153079422E-02,1.344194111853));
#10929 = CARTESIAN_POINT('',(3.109630245773E-02,1.359193501501));
#10930 = ( GEOMETRIC_REPRESENTATION_CONTEXT(2) 
PARAMETRIC_REPRESENTATION_CONTEXT() REPRESENTATION_CONTEXT('2D SPACE',''
  ) );
#10931 = ADVANCED_FACE('',(#10932),#3214,.T.);
#10932 = FACE_BOUND('',#10933,.T.);
#10933 = EDGE_LOOP('',(#10934,#10935,#10962));
#10934 = ORIENTED_EDGE('',*,*,#3198,.F.);
#10935 = ORIENTED_EDGE('',*,*,#10936,.F.);
#10936 = EDGE_CURVE('',#10937,#3144,#10939,.T.);
#10937 = VERTEX_POINT('',#10938);
#10938 = CARTESIAN_POINT('',(-143.0220031738,29.997001647949,
    2.002000808716));
#10939 = SURFACE_CURVE('',#10940,(#10944,#10950),.PCURVE_S1.);
#10940 = LINE('',#10941,#10942);
#10941 = CARTESIAN_POINT('',(-143.0220031738,29.997001647949,
    2.002000808716));
#10942 = VECTOR('',#10943,1.);
#10943 = DIRECTION('',(0.,9.974544708103E-04,-0.999999502542));
#10944 = PCURVE('',#3214,#10945);
#10945 = DEFINITIONAL_REPRESENTATION('',(#10946),#10949);
#10946 = B_SPLINE_CURVE_WITH_KNOTS('',1,(#10947,#10948),.UNSPECIFIED.,
  .F.,.F.,(2,2),(0.,1.002001307169),.PIECEWISE_BEZIER_KNOTS.);
#10947 = CARTESIAN_POINT('',(0.501250142415,2.499872842456E-04));
#10948 = CARTESIAN_POINT('',(-0.5007506663,-7.494633993481E-04));
#10949 = ( GEOMETRIC_REPRESENTATION_CONTEXT(2) 
PARAMETRIC_REPRESENTATION_CONTEXT() REPRESENTATION_CONTEXT('2D SPACE',''
  ) );
#10950 = PCURVE('',#10951,#10956);
#10951 = PLANE('',#10952);
#10952 = AXIS2_PLACEMENT_3D('',#10953,#10954,#10955);
#10953 = CARTESIAN_POINT('',(-143.0220031738,29.997751111349,
    1.501250142415));
#10954 = DIRECTION('',(1.,0.,0.));
#10955 = DIRECTION('',(-0.,0.,1.));
#10956 = DEFINITIONAL_REPRESENTATION('',(#10957),#10961);
#10957 = LINE('',#10958,#10959);
#10958 = CARTESIAN_POINT('',(0.5007506663,7.494633993446E-04));
#10959 = VECTOR('',#10960,1.);
#10960 = DIRECTION('',(-0.999999502542,-9.974544708103E-04));
#10961 = ( GEOMETRIC_REPRESENTATION_CONTEXT(2) 
PARAMETRIC_REPRESENTATION_CONTEXT() REPRESENTATION_CONTEXT('2D SPACE',''
  ) );
#10962 = ORIENTED_EDGE('',*,*,#10963,.T.);
#10963 = EDGE_CURVE('',#10937,#3199,#10964,.T.);
#10964 = SURFACE_CURVE('',#10965,(#10969,#10976),.PCURVE_S1.);
#10965 = LINE('',#10966,#10967);
#10966 = CARTESIAN_POINT('',(-143.0220031738,29.997001647949,
    2.002000808716));
#10967 = VECTOR('',#10968,1.);
#10968 = DIRECTION('',(0.,0.,-1.));
#10969 = PCURVE('',#3214,#10970);
#10970 = DEFINITIONAL_REPRESENTATION('',(#10971),#10975);
#10971 = LINE('',#10972,#10973);
#10972 = CARTESIAN_POINT('',(0.501250142415,2.499872842456E-04));
#10973 = VECTOR('',#10974,1.);
#10974 = DIRECTION('',(-1.,0.));
#10975 = ( GEOMETRIC_REPRESENTATION_CONTEXT(2) 
PARAMETRIC_REPRESENTATION_CONTEXT() REPRESENTATION_CONTEXT('2D SPACE',''
  ) );
#10976 = PCURVE('',#10977,#10982);
#10977 = PLANE('',#10978);
#10978 = AXIS2_PLACEMENT_3D('',#10979,#10980,#10981);
#10979 = CARTESIAN_POINT('',(-140.1364964275,29.997001647949,
    1.731490972527));
#10980 = DIRECTION('',(0.,1.,0.));
#10981 = DIRECTION('',(0.,-0.,1.));
#10982 = DEFINITIONAL_REPRESENTATION('',(#10983),#10986);
#10983 = B_SPLINE_CURVE_WITH_KNOTS('',1,(#10984,#10985),.UNSPECIFIED.,
  .F.,.F.,(2,2),(0.,1.002000808716),.PIECEWISE_BEZIER_KNOTS.);
#10984 = CARTESIAN_POINT('',(0.270509836189,-2.885506746284));
#10985 = CARTESIAN_POINT('',(-0.731490972527,-2.885506746284));
#10986 = ( GEOMETRIC_REPRESENTATION_CONTEXT(2) 
PARAMETRIC_REPRESENTATION_CONTEXT() REPRESENTATION_CONTEXT('2D SPACE',''
  ) );
#10987 = ADVANCED_FACE('',(#10988),#10951,.T.);
#10988 = FACE_BOUND('',#10989,.T.);
#10989 = EDGE_LOOP('',(#10990,#10991,#11013));
#10990 = ORIENTED_EDGE('',*,*,#10936,.T.);
#10991 = ORIENTED_EDGE('',*,*,#10992,.T.);
#10992 = EDGE_CURVE('',#3144,#10993,#10995,.T.);
#10993 = VERTEX_POINT('',#10994);
#10994 = CARTESIAN_POINT('',(-143.0220031738,29.998001098633,
    2.002000808716));
#10995 = SURFACE_CURVE('',#10996,(#11000,#11007),.PCURVE_S1.);
#10996 = LINE('',#10997,#10998);
#10997 = CARTESIAN_POINT('',(-143.0220031738,29.998001098633,1.));
#10998 = VECTOR('',#10999,1.);
#10999 = DIRECTION('',(0.,0.,1.));
#11000 = PCURVE('',#10951,#11001);
#11001 = DEFINITIONAL_REPRESENTATION('',(#11002),#11006);
#11002 = LINE('',#11003,#11004);
#11003 = CARTESIAN_POINT('',(-0.501250142415,-2.499872842492E-04));
#11004 = VECTOR('',#11005,1.);
#11005 = DIRECTION('',(1.,0.));
#11006 = ( GEOMETRIC_REPRESENTATION_CONTEXT(2) 
PARAMETRIC_REPRESENTATION_CONTEXT() REPRESENTATION_CONTEXT('2D SPACE',''
  ) );
#11007 = PCURVE('',#3159,#11008);
#11008 = DEFINITIONAL_REPRESENTATION('',(#11009),#11012);
#11009 = B_SPLINE_CURVE_WITH_KNOTS('',1,(#11010,#11011),.UNSPECIFIED.,
  .F.,.F.,(2,2),(0.,1.002000808716),.PIECEWISE_BEZIER_KNOTS.);
#11010 = CARTESIAN_POINT('',(0.94554866552,0.302964907415));
#11011 = CARTESIAN_POINT('',(0.94554866552,-0.699035901301));
#11012 = ( GEOMETRIC_REPRESENTATION_CONTEXT(2) 
PARAMETRIC_REPRESENTATION_CONTEXT() REPRESENTATION_CONTEXT('2D SPACE',''
  ) );
#11013 = ORIENTED_EDGE('',*,*,#11014,.T.);
#11014 = EDGE_CURVE('',#10993,#10937,#11015,.T.);
#11015 = SURFACE_CURVE('',#11016,(#11020,#11027),.PCURVE_S1.);
#11016 = LINE('',#11017,#11018);
#11017 = CARTESIAN_POINT('',(-143.0220031738,29.998001098633,
    2.002000808716));
#11018 = VECTOR('',#11019,1.);
#11019 = DIRECTION('',(0.,-1.,0.));
#11020 = PCURVE('',#10951,#11021);
#11021 = DEFINITIONAL_REPRESENTATION('',(#11022),#11026);
#11022 = LINE('',#11023,#11024);
#11023 = CARTESIAN_POINT('',(0.5007506663,-2.499872842492E-04));
#11024 = VECTOR('',#11025,1.);
#11025 = DIRECTION('',(0.,1.));
#11026 = ( GEOMETRIC_REPRESENTATION_CONTEXT(2) 
PARAMETRIC_REPRESENTATION_CONTEXT() REPRESENTATION_CONTEXT('2D SPACE',''
  ) );
#11027 = PCURVE('',#11028,#11033);
#11028 = PLANE('',#11029);
#11029 = AXIS2_PLACEMENT_3D('',#11030,#11031,#11032);
#11030 = CARTESIAN_POINT('',(-139.906255702,29.997251530656,
    2.002000808716));
#11031 = DIRECTION('',(-0.,-0.,-1.));
#11032 = DIRECTION('',(-1.,0.,0.));
#11033 = DEFINITIONAL_REPRESENTATION('',(#11034),#11037);
#11034 = B_SPLINE_CURVE_WITH_KNOTS('',1,(#11035,#11036),.UNSPECIFIED.,
  .F.,.F.,(2,2),(0.,9.994506835938E-04),.PIECEWISE_BEZIER_KNOTS.);
#11035 = CARTESIAN_POINT('',(3.115747471818,7.495679769391E-04));
#11036 = CARTESIAN_POINT('',(3.115747471818,-2.498827066546E-04));
#11037 = ( GEOMETRIC_REPRESENTATION_CONTEXT(2) 
PARAMETRIC_REPRESENTATION_CONTEXT() REPRESENTATION_CONTEXT('2D SPACE',''
  ) );
#11038 = ADVANCED_FACE('',(#11039),#9720,.T.);
#11039 = FACE_BOUND('',#11040,.T.);
#11040 = EDGE_LOOP('',(#11041,#11042,#11043));
#11041 = ORIENTED_EDGE('',*,*,#10891,.F.);
#11042 = ORIENTED_EDGE('',*,*,#9706,.F.);
#11043 = ORIENTED_EDGE('',*,*,#9790,.F.);
#11044 = ADVANCED_FACE('',(#11045),#3660,.T.);
#11045 = FACE_BOUND('',#11046,.T.);
#11046 = EDGE_LOOP('',(#11047,#11048,#11073));
#11047 = ORIENTED_EDGE('',*,*,#8332,.F.);
#11048 = ORIENTED_EDGE('',*,*,#11049,.T.);
#11049 = EDGE_CURVE('',#8256,#3593,#11050,.T.);
#11050 = SURFACE_CURVE('',#11051,(#11055,#11062),.PCURVE_S1.);
#11051 = LINE('',#11052,#11053);
#11052 = CARTESIAN_POINT('',(-138.7429962158,37.7619972229,1.));
#11053 = VECTOR('',#11054,1.);
#11054 = DIRECTION('',(-0.780480820202,-0.625179725597,0.));
#11055 = PCURVE('',#3660,#11056);
#11056 = DEFINITIONAL_REPRESENTATION('',(#11057),#11061);
#11057 = LINE('',#11058,#11059);
#11058 = CARTESIAN_POINT('',(-2.283693940519,-0.443033559859));
#11059 = VECTOR('',#11060,1.);
#11060 = DIRECTION('',(0.780480820202,-0.625179725597));
#11061 = ( GEOMETRIC_REPRESENTATION_CONTEXT(2) 
PARAMETRIC_REPRESENTATION_CONTEXT() REPRESENTATION_CONTEXT('2D SPACE',''
  ) );
#11062 = PCURVE('',#11063,#11068);
#11063 = PLANE('',#11064);
#11064 = AXIS2_PLACEMENT_3D('',#11065,#11066,#11067);
#11065 = CARTESIAN_POINT('',(-139.7817168785,36.929962556426,
    1.303401613211));
#11066 = DIRECTION('',(0.625179725597,-0.780480820202,
    -1.625807606088E-16));
#11067 = DIRECTION('',(-0.780480820202,-0.625179725597,0.));
#11068 = DEFINITIONAL_REPRESENTATION('',(#11069),#11072);
#11069 = B_SPLINE_CURVE_WITH_KNOTS('',1,(#11070,#11071),.UNSPECIFIED.,
  .F.,.F.,(2,2),(0.,2.266547936342),.PIECEWISE_BEZIER_KNOTS.);
#11070 = CARTESIAN_POINT('',(-1.330872759318,0.303401613211));
#11071 = CARTESIAN_POINT('',(0.935675177025,0.303401613211));
#11072 = ( GEOMETRIC_REPRESENTATION_CONTEXT(2) 
PARAMETRIC_REPRESENTATION_CONTEXT() REPRESENTATION_CONTEXT('2D SPACE',''
  ) );
#11073 = ORIENTED_EDGE('',*,*,#3646,.F.);
#11074 = ADVANCED_FACE('',(#11075),#9191,.T.);
#11075 = FACE_BOUND('',#11076,.T.);
#11076 = EDGE_LOOP('',(#11077,#11078,#11079));
#11077 = ORIENTED_EDGE('',*,*,#9282,.F.);
#11078 = ORIENTED_EDGE('',*,*,#9177,.F.);
#11079 = ORIENTED_EDGE('',*,*,#11080,.T.);
#11080 = EDGE_CURVE('',#9094,#8781,#11081,.T.);
#11081 = SURFACE_CURVE('',#11082,(#11086,#11093),.PCURVE_S1.);
#11082 = LINE('',#11083,#11084);
#11083 = CARTESIAN_POINT('',(-143.2160034179,40.001998901367,1.));
#11084 = VECTOR('',#11085,1.);
#11085 = DIRECTION('',(1.,0.,0.));
#11086 = PCURVE('',#9191,#11087);
#11087 = DEFINITIONAL_REPRESENTATION('',(#11088),#11092);
#11088 = LINE('',#11089,#11090);
#11089 = CARTESIAN_POINT('',(3.703887674703E-03,1.30290248643E-03));
#11090 = VECTOR('',#11091,1.);
#11091 = DIRECTION('',(-1.,0.));
#11092 = ( GEOMETRIC_REPRESENTATION_CONTEXT(2) 
PARAMETRIC_REPRESENTATION_CONTEXT() REPRESENTATION_CONTEXT('2D SPACE',''
  ) );
#11093 = PCURVE('',#11094,#11099);
#11094 = PLANE('',#11095);
#11095 = AXIS2_PLACEMENT_3D('',#11096,#11097,#11098);
#11096 = CARTESIAN_POINT('',(-144.1053064952,68.036854631503,1.));
#11097 = DIRECTION('',(-0.,-0.,-1.));
#11098 = DIRECTION('',(-1.,0.,0.));
#11099 = DEFINITIONAL_REPRESENTATION('',(#11100),#11103);
#11100 = B_SPLINE_CURVE_WITH_KNOTS('',1,(#11101,#11102),.UNSPECIFIED.,
  .F.,.F.,(2,2),(0.,6.011962890625E-03),.PIECEWISE_BEZIER_KNOTS.);
#11101 = CARTESIAN_POINT('',(-0.889303077297,-28.03485573013));
#11102 = CARTESIAN_POINT('',(-0.895315040188,-28.03485573013));
#11103 = ( GEOMETRIC_REPRESENTATION_CONTEXT(2) 
PARAMETRIC_REPRESENTATION_CONTEXT() REPRESENTATION_CONTEXT('2D SPACE',''
  ) );
#11104 = ADVANCED_FACE('',(#11105),#10852,.T.);
#11105 = FACE_BOUND('',#11106,.T.);
#11106 = EDGE_LOOP('',(#11107,#11134,#11135));
#11107 = ORIENTED_EDGE('',*,*,#11108,.T.);
#11108 = EDGE_CURVE('',#11109,#10837,#11111,.T.);
#11109 = VERTEX_POINT('',#11110);
#11110 = CARTESIAN_POINT('',(-144.6569976806,32.250999450684,1.));
#11111 = SURFACE_CURVE('',#11112,(#11116,#11123),.PCURVE_S1.);
#11112 = LINE('',#11113,#11114);
#11113 = CARTESIAN_POINT('',(-144.6569976806,32.250999450684,1.));
#11114 = VECTOR('',#11115,1.);
#11115 = DIRECTION('',(1.,0.,0.));
#11116 = PCURVE('',#10852,#11117);
#11117 = DEFINITIONAL_REPRESENTATION('',(#11118),#11122);
#11118 = LINE('',#11119,#11120);
#11119 = CARTESIAN_POINT('',(1.520931332334,0.214429943785));
#11120 = VECTOR('',#11121,1.);
#11121 = DIRECTION('',(-1.,0.));
#11122 = ( GEOMETRIC_REPRESENTATION_CONTEXT(2) 
PARAMETRIC_REPRESENTATION_CONTEXT() REPRESENTATION_CONTEXT('2D SPACE',''
  ) );
#11123 = PCURVE('',#11124,#11129);
#11124 = PLANE('',#11125);
#11125 = AXIS2_PLACEMENT_3D('',#11126,#11127,#11128);
#11126 = CARTESIAN_POINT('',(-142.7508035098,32.250999450684,
    1.286807576363));
#11127 = DIRECTION('',(0.,1.,0.));
#11128 = DIRECTION('',(0.,-0.,1.));
#11129 = DEFINITIONAL_REPRESENTATION('',(#11130),#11133);
#11130 = B_SPLINE_CURVE_WITH_KNOTS('',1,(#11131,#11132),.UNSPECIFIED.,
  .F.,.F.,(2,2),(0.,3.384002685547),.PIECEWISE_BEZIER_KNOTS.);
#11131 = CARTESIAN_POINT('',(-0.286807576363,-1.906194170769));
#11132 = CARTESIAN_POINT('',(-0.286807576363,1.477808514778));
#11133 = ( GEOMETRIC_REPRESENTATION_CONTEXT(2) 
PARAMETRIC_REPRESENTATION_CONTEXT() REPRESENTATION_CONTEXT('2D SPACE',''
  ) );
#11134 = ORIENTED_EDGE('',*,*,#10836,.F.);
#11135 = ORIENTED_EDGE('',*,*,#11136,.T.);
#11136 = EDGE_CURVE('',#56,#11109,#11137,.T.);
#11137 = SURFACE_CURVE('',#11138,(#11142,#11149),.PCURVE_S1.);
#11138 = LINE('',#11139,#11140);
#11139 = CARTESIAN_POINT('',(-144.6569976806,31.479999542236,1.));
#11140 = VECTOR('',#11141,1.);
#11141 = DIRECTION('',(0.,1.,0.));
#11142 = PCURVE('',#10852,#11143);
#11143 = DEFINITIONAL_REPRESENTATION('',(#11144),#11148);
#11144 = LINE('',#11145,#11146);
#11145 = CARTESIAN_POINT('',(1.520931332334,-0.556569964663));
#11146 = VECTOR('',#11147,1.);
#11147 = DIRECTION('',(0.,1.));
#11148 = ( GEOMETRIC_REPRESENTATION_CONTEXT(2) 
PARAMETRIC_REPRESENTATION_CONTEXT() REPRESENTATION_CONTEXT('2D SPACE',''
  ) );
#11149 = PCURVE('',#71,#11150);
#11150 = DEFINITIONAL_REPRESENTATION('',(#11151),#11154);
#11151 = B_SPLINE_CURVE_WITH_KNOTS('',1,(#11152,#11153),.UNSPECIFIED.,
  .F.,.F.,(2,2),(0.,0.770999908447),.PIECEWISE_BEZIER_KNOTS.);
#11152 = CARTESIAN_POINT('',(0.373824433076,0.512675925506));
#11153 = CARTESIAN_POINT('',(0.373824433076,-0.258323982942));
#11154 = ( GEOMETRIC_REPRESENTATION_CONTEXT(2) 
PARAMETRIC_REPRESENTATION_CONTEXT() REPRESENTATION_CONTEXT('2D SPACE',''
  ) );
#11155 = ADVANCED_FACE('',(#11156),#10877,.T.);
#11156 = FACE_BOUND('',#11157,.T.);
#11157 = EDGE_LOOP('',(#11158,#11185,#11205));
#11158 = ORIENTED_EDGE('',*,*,#11159,.T.);
#11159 = EDGE_CURVE('',#10837,#11160,#11162,.T.);
#11160 = VERTEX_POINT('',#11161);
#11161 = CARTESIAN_POINT('',(-141.2570037841,32.237998962402,1.));
#11162 = SURFACE_CURVE('',#11163,(#11167,#11174),.PCURVE_S1.);
#11163 = LINE('',#11164,#11165);
#11164 = CARTESIAN_POINT('',(-141.2729949951,32.250999450684,1.));
#11165 = VECTOR('',#11166,1.);
#11166 = DIRECTION('',(0.775932789344,-0.630815588283,0.));
#11167 = PCURVE('',#10877,#11168);
#11168 = DEFINITIONAL_REPRESENTATION('',(#11169),#11173);
#11169 = LINE('',#11170,#11171);
#11170 = CARTESIAN_POINT('',(-0.83531087164,1.065235176055));
#11171 = VECTOR('',#11172,1.);
#11172 = DIRECTION('',(-0.775932789344,-0.630815588283));
#11173 = ( GEOMETRIC_REPRESENTATION_CONTEXT(2) 
PARAMETRIC_REPRESENTATION_CONTEXT() REPRESENTATION_CONTEXT('2D SPACE',''
  ) );
#11174 = PCURVE('',#11175,#11180);
#11175 = PLANE('',#11176);
#11176 = AXIS2_PLACEMENT_3D('',#11177,#11178,#11179);
#11177 = CARTESIAN_POINT('',(-141.2610426956,32.241282504972,
    1.495901130289));
#11178 = DIRECTION('',(0.630815588283,0.775932789344,1.709799356153E-18)
  );
#11179 = DIRECTION('',(0.775932789344,-0.630815588283,
    -9.629649721936E-35));
#11180 = DEFINITIONAL_REPRESENTATION('',(#11181),#11184);
#11181 = B_SPLINE_CURVE_WITH_KNOTS('',1,(#11182,#11183),.UNSPECIFIED.,
  .F.,.F.,(2,2),(0.,2.060901557083E-02),.PIECEWISE_BEZIER_KNOTS.);
#11182 = CARTESIAN_POINT('',(-1.540378185396E-02,0.495901130289));
#11183 = CARTESIAN_POINT('',(5.205233716861E-03,0.495901130289));
#11184 = ( GEOMETRIC_REPRESENTATION_CONTEXT(2) 
PARAMETRIC_REPRESENTATION_CONTEXT() REPRESENTATION_CONTEXT('2D SPACE',''
  ) );
#11185 = ORIENTED_EDGE('',*,*,#11186,.T.);
#11186 = EDGE_CURVE('',#11160,#10756,#11187,.T.);
#11187 = SURFACE_CURVE('',#11188,(#11192,#11199),.PCURVE_S1.);
#11188 = LINE('',#11189,#11190);
#11189 = CARTESIAN_POINT('',(-141.2570037841,32.237998962402,1.));
#11190 = VECTOR('',#11191,1.);
#11191 = DIRECTION('',(-0.62599669558,-0.779825709453,0.));
#11192 = PCURVE('',#10877,#11193);
#11193 = DEFINITIONAL_REPRESENTATION('',(#11194),#11198);
#11194 = LINE('',#11195,#11196);
#11195 = CARTESIAN_POINT('',(-0.851302082577,1.052234687773));
#11196 = VECTOR('',#11197,1.);
#11197 = DIRECTION('',(0.62599669558,-0.779825709453));
#11198 = ( GEOMETRIC_REPRESENTATION_CONTEXT(2) 
PARAMETRIC_REPRESENTATION_CONTEXT() REPRESENTATION_CONTEXT('2D SPACE',''
  ) );
#11199 = PCURVE('',#10791,#11200);
#11200 = DEFINITIONAL_REPRESENTATION('',(#11201),#11204);
#11201 = B_SPLINE_CURVE_WITH_KNOTS('',1,(#11202,#11203),.UNSPECIFIED.,
  .F.,.F.,(2,2),(0.,2.717273174654),.PIECEWISE_BEZIER_KNOTS.);
#11202 = CARTESIAN_POINT('',(1.221100938231,1.531377213577));
#11203 = CARTESIAN_POINT('',(2.922104966551,-0.587622267625));
#11204 = ( GEOMETRIC_REPRESENTATION_CONTEXT(2) 
PARAMETRIC_REPRESENTATION_CONTEXT() REPRESENTATION_CONTEXT('2D SPACE',''
  ) );
#11205 = ORIENTED_EDGE('',*,*,#10863,.F.);
#11206 = ADVANCED_FACE('',(#11207),#8450,.T.);
#11207 = FACE_BOUND('',#11208,.T.);
#11208 = EDGE_LOOP('',(#11209,#11210,#11211));
#11209 = ORIENTED_EDGE('',*,*,#8436,.F.);
#11210 = ORIENTED_EDGE('',*,*,#9841,.F.);
#11211 = ORIENTED_EDGE('',*,*,#10912,.F.);
#11212 = ADVANCED_FACE('',(#11213),#7499,.T.);
#11213 = FACE_BOUND('',#11214,.T.);
#11214 = EDGE_LOOP('',(#11215,#11237,#11257));
#11215 = ORIENTED_EDGE('',*,*,#11216,.T.);
#11216 = EDGE_CURVE('',#7459,#11217,#11219,.T.);
#11217 = VERTEX_POINT('',#11218);
#11218 = CARTESIAN_POINT('',(-144.4689941406,32.373001098633,1.));
#11219 = SURFACE_CURVE('',#11220,(#11224,#11231),.PCURVE_S1.);
#11220 = LINE('',#11221,#11222);
#11221 = CARTESIAN_POINT('',(-135.8990020751,37.591999053955,1.));
#11222 = VECTOR('',#11223,1.);
#11223 = DIRECTION('',(-0.85408871813,-0.520127351292,0.));
#11224 = PCURVE('',#7499,#11225);
#11225 = DEFINITIONAL_REPRESENTATION('',(#11226),#11230);
#11226 = LINE('',#11227,#11228);
#11227 = CARTESIAN_POINT('',(4.779014780031,0.262976624163));
#11228 = VECTOR('',#11229,1.);
#11229 = DIRECTION('',(-1.,2.595490210302E-31));
#11230 = ( GEOMETRIC_REPRESENTATION_CONTEXT(2) 
PARAMETRIC_REPRESENTATION_CONTEXT() REPRESENTATION_CONTEXT('2D SPACE',''
  ) );
#11231 = PCURVE('',#7553,#11232);
#11232 = DEFINITIONAL_REPRESENTATION('',(#11233),#11236);
#11233 = B_SPLINE_CURVE_WITH_KNOTS('',1,(#11234,#11235),.UNSPECIFIED.,
  .F.,.F.,(2,2),(0.,10.034077120452),.PIECEWISE_BEZIER_KNOTS.);
#11234 = CARTESIAN_POINT('',(-4.276666525312,2.632144531073));
#11235 = CARTESIAN_POINT('',(4.293325540118,-2.586853424249));
#11236 = ( GEOMETRIC_REPRESENTATION_CONTEXT(2) 
PARAMETRIC_REPRESENTATION_CONTEXT() REPRESENTATION_CONTEXT('2D SPACE',''
  ) );
#11237 = ORIENTED_EDGE('',*,*,#11238,.T.);
#11238 = EDGE_CURVE('',#11217,#6557,#11239,.T.);
#11239 = SURFACE_CURVE('',#11240,(#11244,#11251),.PCURVE_S1.);
#11240 = LINE('',#11241,#11242);
#11241 = CARTESIAN_POINT('',(-144.4689941406,32.373001098633,1.));
#11242 = VECTOR('',#11243,1.);
#11243 = DIRECTION('',(0.849861828235,0.51755323809,9.936558081817E-02)
  );
#11244 = PCURVE('',#7499,#11245);
#11245 = DEFINITIONAL_REPRESENTATION('',(#11246),#11250);
#11246 = LINE('',#11247,#11248);
#11247 = CARTESIAN_POINT('',(-5.255062340421,0.262976624163));
#11248 = VECTOR('',#11249,1.);
#11249 = DIRECTION('',(0.995050994346,-9.936558081817E-02));
#11250 = ( GEOMETRIC_REPRESENTATION_CONTEXT(2) 
PARAMETRIC_REPRESENTATION_CONTEXT() REPRESENTATION_CONTEXT('2D SPACE',''
  ) );
#11251 = PCURVE('',#8559,#11252);
#11252 = DEFINITIONAL_REPRESENTATION('',(#11253),#11256);
#11253 = B_SPLINE_CURVE_WITH_KNOTS('',1,(#11254,#11255),.UNSPECIFIED.,
  .F.,.F.,(2,2),(0.,10.083982808387),.PIECEWISE_BEZIER_KNOTS.);
#11254 = CARTESIAN_POINT('',(-4.779014780031,0.739024184553));
#11255 = CARTESIAN_POINT('',(5.255062340421,-0.262976624163));
#11256 = ( GEOMETRIC_REPRESENTATION_CONTEXT(2) 
PARAMETRIC_REPRESENTATION_CONTEXT() REPRESENTATION_CONTEXT('2D SPACE',''
  ) );
#11257 = ORIENTED_EDGE('',*,*,#7485,.F.);
#11258 = ADVANCED_FACE('',(#11259),#3103,.T.);
#11259 = FACE_BOUND('',#11260,.T.);
#11260 = EDGE_LOOP('',(#11261,#11288,#11313));
#11261 = ORIENTED_EDGE('',*,*,#11262,.T.);
#11262 = EDGE_CURVE('',#3056,#11263,#11265,.T.);
#11263 = VERTEX_POINT('',#11264);
#11264 = CARTESIAN_POINT('',(-144.8070068359,31.428001403809,
    2.002000808716));
#11265 = SURFACE_CURVE('',#11266,(#11270,#11277),.PCURVE_S1.);
#11266 = LINE('',#11267,#11268);
#11267 = CARTESIAN_POINT('',(-144.8090057373,31.428001403809,1.));
#11268 = VECTOR('',#11269,1.);
#11269 = DIRECTION('',(1.994905964479E-03,0.,0.999998010173));
#11270 = PCURVE('',#3103,#11271);
#11271 = DEFINITIONAL_REPRESENTATION('',(#11272),#11276);
#11272 = LINE('',#11273,#11274);
#11273 = CARTESIAN_POINT('',(-1.498677572357E-03,0.500501177469));
#11274 = VECTOR('',#11275,1.);
#11275 = DIRECTION('',(1.994905964479E-03,-0.999998010173));
#11276 = ( GEOMETRIC_REPRESENTATION_CONTEXT(2) 
PARAMETRIC_REPRESENTATION_CONTEXT() REPRESENTATION_CONTEXT('2D SPACE',''
  ) );
#11277 = PCURVE('',#11278,#11283);
#11278 = PLANE('',#11279);
#11279 = AXIS2_PLACEMENT_3D('',#11280,#11281,#11282);
#11280 = CARTESIAN_POINT('',(-144.8085055135,31.428001403809,
    1.501499631247));
#11281 = DIRECTION('',(-3.639413962133E-23,1.,3.630155138006E-26));
#11282 = DIRECTION('',(1.,3.639413962133E-23,0.));
#11283 = DEFINITIONAL_REPRESENTATION('',(#11284),#11287);
#11284 = B_SPLINE_CURVE_WITH_KNOTS('',1,(#11285,#11286),.UNSPECIFIED.,
  .F.,.F.,(2,2),(0.,1.002002802528),.PIECEWISE_BEZIER_KNOTS.);
#11285 = CARTESIAN_POINT('',(-5.002237948304E-04,0.501499631247));
#11286 = CARTESIAN_POINT('',(1.498677572357E-03,-0.500501177469));
#11287 = ( GEOMETRIC_REPRESENTATION_CONTEXT(2) 
PARAMETRIC_REPRESENTATION_CONTEXT() REPRESENTATION_CONTEXT('2D SPACE',''
  ) );
#11288 = ORIENTED_EDGE('',*,*,#11289,.T.);
#11289 = EDGE_CURVE('',#11263,#3088,#11290,.T.);
#11290 = SURFACE_CURVE('',#11291,(#11295,#11302),.PCURVE_S1.);
#11291 = LINE('',#11292,#11293);
#11292 = CARTESIAN_POINT('',(-144.8070068359,31.428001403809,
    2.002000808716));
#11293 = VECTOR('',#11294,1.);
#11294 = DIRECTION('',(0.,0.,-1.));
#11295 = PCURVE('',#3103,#11296);
#11296 = DEFINITIONAL_REPRESENTATION('',(#11297),#11301);
#11297 = LINE('',#11298,#11299);
#11298 = CARTESIAN_POINT('',(5.002237948304E-04,-0.501499631247));
#11299 = VECTOR('',#11300,1.);
#11300 = DIRECTION('',(0.,1.));
#11301 = ( GEOMETRIC_REPRESENTATION_CONTEXT(2) 
PARAMETRIC_REPRESENTATION_CONTEXT() REPRESENTATION_CONTEXT('2D SPACE',''
  ) );
#11302 = PCURVE('',#11303,#11308);
#11303 = PLANE('',#11304);
#11304 = AXIS2_PLACEMENT_3D('',#11305,#11306,#11307);
#11305 = CARTESIAN_POINT('',(-144.0690603488,30.836818470084,
    1.699035901301));
#11306 = DIRECTION('',(0.625227400009,0.780442629716,-1.628614039333E-16
    ));
#11307 = DIRECTION('',(0.780442629716,-0.625227400009,0.));
#11308 = DEFINITIONAL_REPRESENTATION('',(#11309),#11312);
#11309 = B_SPLINE_CURVE_WITH_KNOTS('',1,(#11310,#11311),.UNSPECIFIED.,
  .F.,.F.,(2,2),(0.,1.002000808716),.PIECEWISE_BEZIER_KNOTS.);
#11310 = CARTESIAN_POINT('',(-0.94554866552,-0.302964907415));
#11311 = CARTESIAN_POINT('',(-0.94554866552,0.699035901301));
#11312 = ( GEOMETRIC_REPRESENTATION_CONTEXT(2) 
PARAMETRIC_REPRESENTATION_CONTEXT() REPRESENTATION_CONTEXT('2D SPACE',''
  ) );
#11313 = ORIENTED_EDGE('',*,*,#3087,.F.);
#11314 = ADVANCED_FACE('',(#11315),#11278,.T.);
#11315 = FACE_BOUND('',#11316,.T.);
#11316 = EDGE_LOOP('',(#11317,#11344,#11345));
#11317 = ORIENTED_EDGE('',*,*,#11318,.T.);
#11318 = EDGE_CURVE('',#11319,#11263,#11321,.T.);
#11319 = VERTEX_POINT('',#11320);
#11320 = CARTESIAN_POINT('',(-144.8090057373,31.428001403809,
    2.002000808716));
#11321 = SURFACE_CURVE('',#11322,(#11326,#11333),.PCURVE_S1.);
#11322 = LINE('',#11323,#11324);
#11323 = CARTESIAN_POINT('',(-144.8090057373,31.428001403809,
    2.002000808716));
#11324 = VECTOR('',#11325,1.);
#11325 = DIRECTION('',(1.,0.,0.));
#11326 = PCURVE('',#11278,#11327);
#11327 = DEFINITIONAL_REPRESENTATION('',(#11328),#11332);
#11328 = LINE('',#11329,#11330);
#11329 = CARTESIAN_POINT('',(-5.002237948304E-04,-0.500501177469));
#11330 = VECTOR('',#11331,1.);
#11331 = DIRECTION('',(1.,-1.321163729397E-48));
#11332 = ( GEOMETRIC_REPRESENTATION_CONTEXT(2) 
PARAMETRIC_REPRESENTATION_CONTEXT() REPRESENTATION_CONTEXT('2D SPACE',''
  ) );
#11333 = PCURVE('',#11334,#11339);
#11334 = PLANE('',#11335);
#11335 = AXIS2_PLACEMENT_3D('',#11336,#11337,#11338);
#11336 = CARTESIAN_POINT('',(-144.7325921705,31.839009494176,
    2.002000808716));
#11337 = DIRECTION('',(-0.,-0.,-1.));
#11338 = DIRECTION('',(-1.,0.,0.));
#11339 = DEFINITIONAL_REPRESENTATION('',(#11340),#11343);
#11340 = B_SPLINE_CURVE_WITH_KNOTS('',1,(#11341,#11342),.UNSPECIFIED.,
  .F.,.F.,(2,2),(0.,1.998901367188E-03),.PIECEWISE_BEZIER_KNOTS.);
#11341 = CARTESIAN_POINT('',(7.641356672877E-02,-0.411008090368));
#11342 = CARTESIAN_POINT('',(7.441466536159E-02,-0.411008090368));
#11343 = ( GEOMETRIC_REPRESENTATION_CONTEXT(2) 
PARAMETRIC_REPRESENTATION_CONTEXT() REPRESENTATION_CONTEXT('2D SPACE',''
  ) );
#11344 = ORIENTED_EDGE('',*,*,#11262,.F.);
#11345 = ORIENTED_EDGE('',*,*,#11346,.T.);
#11346 = EDGE_CURVE('',#3056,#11319,#11347,.T.);
#11347 = SURFACE_CURVE('',#11348,(#11352,#11359),.PCURVE_S1.);
#11348 = LINE('',#11349,#11350);
#11349 = CARTESIAN_POINT('',(-144.8090057373,31.428001403809,1.));
#11350 = VECTOR('',#11351,1.);
#11351 = DIRECTION('',(0.,0.,1.));
#11352 = PCURVE('',#11278,#11353);
#11353 = DEFINITIONAL_REPRESENTATION('',(#11354),#11358);
#11354 = LINE('',#11355,#11356);
#11355 = CARTESIAN_POINT('',(-5.002237948304E-04,0.501499631247));
#11356 = VECTOR('',#11357,1.);
#11357 = DIRECTION('',(0.,-1.));
#11358 = ( GEOMETRIC_REPRESENTATION_CONTEXT(2) 
PARAMETRIC_REPRESENTATION_CONTEXT() REPRESENTATION_CONTEXT('2D SPACE',''
  ) );
#11359 = PCURVE('',#3270,#11360);
#11360 = DEFINITIONAL_REPRESENTATION('',(#11361),#11364);
#11361 = B_SPLINE_CURVE_WITH_KNOTS('',1,(#11362,#11363),.UNSPECIFIED.,
  .F.,.F.,(2,2),(0.,1.002000808716),.PIECEWISE_BEZIER_KNOTS.);
#11362 = CARTESIAN_POINT('',(-0.358582062865,0.330081505919));
#11363 = CARTESIAN_POINT('',(0.643418745851,0.330081505919));
#11364 = ( GEOMETRIC_REPRESENTATION_CONTEXT(2) 
PARAMETRIC_REPRESENTATION_CONTEXT() REPRESENTATION_CONTEXT('2D SPACE',''
  ) );
#11365 = ADVANCED_FACE('',(#11366),#5783,.T.);
#11366 = FACE_BOUND('',#11367,.T.);
#11367 = EDGE_LOOP('',(#11368,#11369,#11370));
#11368 = ORIENTED_EDGE('',*,*,#5769,.F.);
#11369 = ORIENTED_EDGE('',*,*,#5909,.F.);
#11370 = ORIENTED_EDGE('',*,*,#11371,.T.);
#11371 = EDGE_CURVE('',#5910,#5709,#11372,.T.);
#11372 = SURFACE_CURVE('',#11373,(#11377,#11384),.PCURVE_S1.);
#11373 = LINE('',#11374,#11375);
#11374 = CARTESIAN_POINT('',(-136.8079986572,33.777000427246,
    2.002000808716));
#11375 = VECTOR('',#11376,1.);
#11376 = DIRECTION('',(-0.999968486423,-7.938901791299E-03,0.));
#11377 = PCURVE('',#5783,#11378);
#11378 = DEFINITIONAL_REPRESENTATION('',(#11379),#11383);
#11379 = LINE('',#11380,#11381);
#11380 = CARTESIAN_POINT('',(-1.39097605497,5.52167147066E-03));
#11381 = VECTOR('',#11382,1.);
#11382 = DIRECTION('',(0.999968486423,-7.938901791299E-03));
#11383 = ( GEOMETRIC_REPRESENTATION_CONTEXT(2) 
PARAMETRIC_REPRESENTATION_CONTEXT() REPRESENTATION_CONTEXT('2D SPACE',''
  ) );
#11384 = PCURVE('',#9939,#11385);
#11385 = DEFINITIONAL_REPRESENTATION('',(#11386),#11389);
#11386 = B_SPLINE_CURVE_WITH_KNOTS('',1,(#11387,#11388),.UNSPECIFIED.,
  .F.,.F.,(2,2),(0.,2.771083420502),.PIECEWISE_BEZIER_KNOTS.);
#11387 = CARTESIAN_POINT('',(-3.647613054456E-02,-1.396075674148));
#11388 = CARTESIAN_POINT('',(-1.44767714137E-02,1.374920419602));
#11389 = ( GEOMETRIC_REPRESENTATION_CONTEXT(2) 
PARAMETRIC_REPRESENTATION_CONTEXT() REPRESENTATION_CONTEXT('2D SPACE',''
  ) );
#11390 = ADVANCED_FACE('',(#11391),#9939,.T.);
#11391 = FACE_BOUND('',#11392,.T.);
#11392 = EDGE_LOOP('',(#11393,#11394,#11414));
#11393 = ORIENTED_EDGE('',*,*,#9925,.F.);
#11394 = ORIENTED_EDGE('',*,*,#11395,.T.);
#11395 = EDGE_CURVE('',#4532,#5709,#11396,.T.);
#11396 = SURFACE_CURVE('',#11397,(#11401,#11408),.PCURVE_S1.);
#11397 = LINE('',#11398,#11399);
#11398 = CARTESIAN_POINT('',(-139.4880065917,33.654998779297,
    2.002000808716));
#11399 = VECTOR('',#11400,1.);
#11400 = DIRECTION('',(-0.672984503803,0.739656580882,0.));
#11401 = PCURVE('',#9939,#11402);
#11402 = DEFINITIONAL_REPRESENTATION('',(#11403),#11407);
#11403 = LINE('',#11404,#11405);
#11404 = CARTESIAN_POINT('',(8.552551740466E-02,1.283932260423));
#11405 = VECTOR('',#11406,1.);
#11406 = DIRECTION('',(-0.739656580882,0.672984503803));
#11407 = ( GEOMETRIC_REPRESENTATION_CONTEXT(2) 
PARAMETRIC_REPRESENTATION_CONTEXT() REPRESENTATION_CONTEXT('2D SPACE',''
  ) );
#11408 = PCURVE('',#5869,#11409);
#11409 = DEFINITIONAL_REPRESENTATION('',(#11410),#11413);
#11410 = B_SPLINE_CURVE_WITH_KNOTS('',1,(#11411,#11412),.UNSPECIFIED.,
  .F.,.F.,(2,2),(0.,0.135200972185),.PIECEWISE_BEZIER_KNOTS.);
#11411 = CARTESIAN_POINT('',(-0.904482983272,0.596357206641));
#11412 = CARTESIAN_POINT('',(-0.813494824092,0.69635949546));
#11413 = ( GEOMETRIC_REPRESENTATION_CONTEXT(2) 
PARAMETRIC_REPRESENTATION_CONTEXT() REPRESENTATION_CONTEXT('2D SPACE',''
  ) );
#11414 = ORIENTED_EDGE('',*,*,#11371,.F.);
#11415 = ADVANCED_FACE('',(#11416),#4377,.T.);
#11416 = FACE_BOUND('',#11417,.T.);
#11417 = EDGE_LOOP('',(#11418,#11438,#11439));
#11418 = ORIENTED_EDGE('',*,*,#11419,.T.);
#11419 = EDGE_CURVE('',#11160,#4357,#11420,.T.);
#11420 = SURFACE_CURVE('',#11421,(#11425,#11432),.PCURVE_S1.);
#11421 = LINE('',#11422,#11423);
#11422 = CARTESIAN_POINT('',(-141.2570037841,32.237998962402,1.));
#11423 = VECTOR('',#11424,1.);
#11424 = DIRECTION('',(0.780480820202,0.625179725597,0.));
#11425 = PCURVE('',#4377,#11426);
#11426 = DEFINITIONAL_REPRESENTATION('',(#11427),#11431);
#11427 = LINE('',#11428,#11429);
#11428 = CARTESIAN_POINT('',(2.283693738941,0.44303196237));
#11429 = VECTOR('',#11430,1.);
#11430 = DIRECTION('',(-0.780480820202,0.625179725597));
#11431 = ( GEOMETRIC_REPRESENTATION_CONTEXT(2) 
PARAMETRIC_REPRESENTATION_CONTEXT() REPRESENTATION_CONTEXT('2D SPACE',''
  ) );
#11432 = PCURVE('',#10139,#11433);
#11433 = DEFINITIONAL_REPRESENTATION('',(#11434),#11437);
#11434 = B_SPLINE_CURVE_WITH_KNOTS('',1,(#11435,#11436),.UNSPECIFIED.,
  .F.,.F.,(2,2),(0.,2.266547936342),.PIECEWISE_BEZIER_KNOTS.);
#11435 = CARTESIAN_POINT('',(-0.935675177025,0.303401613211));
#11436 = CARTESIAN_POINT('',(1.330872759318,0.303401613211));
#11437 = ( GEOMETRIC_REPRESENTATION_CONTEXT(2) 
PARAMETRIC_REPRESENTATION_CONTEXT() REPRESENTATION_CONTEXT('2D SPACE',''
  ) );
#11438 = ORIENTED_EDGE('',*,*,#4354,.F.);
#11439 = ORIENTED_EDGE('',*,*,#11440,.T.);
#11440 = EDGE_CURVE('',#4355,#11160,#11441,.T.);
#11441 = SURFACE_CURVE('',#11442,(#11446,#11453),.PCURVE_S1.);
#11442 = LINE('',#11443,#11444);
#11443 = CARTESIAN_POINT('',(-136.847000122,30.118999481201,1.));
#11444 = VECTOR('',#11445,1.);
#11445 = DIRECTION('',(-0.90134774834,0.433096105458,0.));
#11446 = PCURVE('',#4377,#11447);
#11447 = DEFINITIONAL_REPRESENTATION('',(#11448),#11452);
#11448 = LINE('',#11449,#11450);
#11449 = CARTESIAN_POINT('',(-2.126309923168,-1.675967518831));
#11450 = VECTOR('',#11451,1.);
#11451 = DIRECTION('',(0.90134774834,0.433096105458));
#11452 = ( GEOMETRIC_REPRESENTATION_CONTEXT(2) 
PARAMETRIC_REPRESENTATION_CONTEXT() REPRESENTATION_CONTEXT('2D SPACE',''
  ) );
#11453 = PCURVE('',#10791,#11454);
#11454 = DEFINITIONAL_REPRESENTATION('',(#11455),#11458);
#11455 = B_SPLINE_CURVE_WITH_KNOTS('',1,(#11456,#11457),.UNSPECIFIED.,
  .F.,.F.,(2,2),(0.,4.892677293788),.PIECEWISE_BEZIER_KNOTS.);
#11456 = CARTESIAN_POINT('',(-3.188902723879,-0.587622267625));
#11457 = CARTESIAN_POINT('',(1.221100938231,1.531377213577));
#11458 = ( GEOMETRIC_REPRESENTATION_CONTEXT(2) 
PARAMETRIC_REPRESENTATION_CONTEXT() REPRESENTATION_CONTEXT('2D SPACE',''
  ) );
#11459 = ADVANCED_FACE('',(#11460),#10791,.T.);
#11460 = FACE_BOUND('',#11461,.T.);
#11461 = EDGE_LOOP('',(#11462,#11463,#11464));
#11462 = ORIENTED_EDGE('',*,*,#11440,.F.);
#11463 = ORIENTED_EDGE('',*,*,#10777,.F.);
#11464 = ORIENTED_EDGE('',*,*,#11186,.F.);
#11465 = ADVANCED_FACE('',(#11466),#9880,.T.);
#11466 = FACE_BOUND('',#11467,.T.);
#11467 = EDGE_LOOP('',(#11468,#11469,#11489));
#11468 = ORIENTED_EDGE('',*,*,#9866,.F.);
#11469 = ORIENTED_EDGE('',*,*,#11470,.T.);
#11470 = EDGE_CURVE('',#8731,#2781,#11471,.T.);
#11471 = SURFACE_CURVE('',#11472,(#11476,#11483),.PCURVE_S1.);
#11472 = LINE('',#11473,#11474);
#11473 = CARTESIAN_POINT('',(-136.9779968261,40.001998901367,1.));
#11474 = VECTOR('',#11475,1.);
#11475 = DIRECTION('',(-0.141582712532,0.989926429343,0.));
#11476 = PCURVE('',#9880,#11477);
#11477 = DEFINITIONAL_REPRESENTATION('',(#11478),#11482);
#11478 = LINE('',#11479,#11480);
#11479 = CARTESIAN_POINT('',(-3.470262975921,-27.11989717777));
#11480 = VECTOR('',#11481,1.);
#11481 = DIRECTION('',(0.141582712532,0.989926429343));
#11482 = ( GEOMETRIC_REPRESENTATION_CONTEXT(2) 
PARAMETRIC_REPRESENTATION_CONTEXT() REPRESENTATION_CONTEXT('2D SPACE',''
  ) );
#11483 = PCURVE('',#8796,#11484);
#11484 = DEFINITIONAL_REPRESENTATION('',(#11485),#11488);
#11485 = B_SPLINE_CURVE_WITH_KNOTS('',1,(#11486,#11487),.UNSPECIFIED.,
  .F.,.F.,(2,2),(0.,56.643316207334),.PIECEWISE_BEZIER_KNOTS.);
#11486 = CARTESIAN_POINT('',(-5.432328460902,-26.56781236055));
#11487 = CARTESIAN_POINT('',(2.587385894567,29.50490339872));
#11488 = ( GEOMETRIC_REPRESENTATION_CONTEXT(2) 
PARAMETRIC_REPRESENTATION_CONTEXT() REPRESENTATION_CONTEXT('2D SPACE',''
  ) );
#11489 = ORIENTED_EDGE('',*,*,#11490,.T.);
#11490 = EDGE_CURVE('',#2781,#8024,#11491,.T.);
#11491 = SURFACE_CURVE('',#11492,(#11496,#11503),.PCURVE_S1.);
#11492 = LINE('',#11493,#11494);
#11493 = CARTESIAN_POINT('',(-144.9977111816,96.074714660645,1.));
#11494 = VECTOR('',#11495,1.);
#11495 = DIRECTION('',(0.168082928451,-0.985772858808,0.));
#11496 = PCURVE('',#9880,#11497);
#11497 = DEFINITIONAL_REPRESENTATION('',(#11498),#11502);
#11498 = LINE('',#11499,#11500);
#11499 = CARTESIAN_POINT('',(4.549451379548,28.952818581507));
#11500 = VECTOR('',#11501,1.);
#11501 = DIRECTION('',(-0.168082928451,-0.985772858808));
#11502 = ( GEOMETRIC_REPRESENTATION_CONTEXT(2) 
PARAMETRIC_REPRESENTATION_CONTEXT() REPRESENTATION_CONTEXT('2D SPACE',''
  ) );
#11503 = PCURVE('',#8059,#11504);
#11504 = DEFINITIONAL_REPRESENTATION('',(#11505),#11508);
#11505 = B_SPLINE_CURVE_WITH_KNOTS('',1,(#11506,#11507),.UNSPECIFIED.,
  .F.,.F.,(2,2),(0.,58.332622521136),.PIECEWISE_BEZIER_KNOTS.);
#11506 = CARTESIAN_POINT('',(4.902938281741,28.751846877771));
#11507 = CARTESIAN_POINT('',(-4.901779735838,-28.75086918668));
#11508 = ( GEOMETRIC_REPRESENTATION_CONTEXT(2) 
PARAMETRIC_REPRESENTATION_CONTEXT() REPRESENTATION_CONTEXT('2D SPACE',''
  ) );
#11509 = ADVANCED_FACE('',(#11510),#8796,.T.);
#11510 = FACE_BOUND('',#11511,.T.);
#11511 = EDGE_LOOP('',(#11512,#11513,#11533));
#11512 = ORIENTED_EDGE('',*,*,#8780,.F.);
#11513 = ORIENTED_EDGE('',*,*,#11514,.T.);
#11514 = EDGE_CURVE('',#8781,#2781,#11515,.T.);
#11515 = SURFACE_CURVE('',#11516,(#11520,#11527),.PCURVE_S1.);
#11516 = LINE('',#11517,#11518);
#11517 = CARTESIAN_POINT('',(-143.209991455,40.001998901367,1.));
#11518 = VECTOR('',#11519,1.);
#11519 = DIRECTION('',(-3.186597635535E-02,0.99949215082,0.));
#11520 = PCURVE('',#8796,#11521);
#11521 = DEFINITIONAL_REPRESENTATION('',(#11522),#11526);
#11522 = LINE('',#11523,#11524);
#11523 = CARTESIAN_POINT('',(0.799666168004,-26.56781236055));
#11524 = VECTOR('',#11525,1.);
#11525 = DIRECTION('',(3.186597635535E-02,0.99949215082));
#11526 = ( GEOMETRIC_REPRESENTATION_CONTEXT(2) 
PARAMETRIC_REPRESENTATION_CONTEXT() REPRESENTATION_CONTEXT('2D SPACE',''
  ) );
#11527 = PCURVE('',#11094,#11528);
#11528 = DEFINITIONAL_REPRESENTATION('',(#11529),#11532);
#11529 = B_SPLINE_CURVE_WITH_KNOTS('',1,(#11530,#11531),.UNSPECIFIED.,
  .F.,.F.,(2,2),(0.,56.101206711099),.PIECEWISE_BEZIER_KNOTS.);
#11530 = CARTESIAN_POINT('',(-0.895315040188,-28.03485573013));
#11531 = CARTESIAN_POINT('',(0.892404686375,28.037860029142));
#11532 = ( GEOMETRIC_REPRESENTATION_CONTEXT(2) 
PARAMETRIC_REPRESENTATION_CONTEXT() REPRESENTATION_CONTEXT('2D SPACE',''
  ) );
#11533 = ORIENTED_EDGE('',*,*,#11470,.F.);
#11534 = ADVANCED_FACE('',(#11535),#11094,.T.);
#11535 = FACE_BOUND('',#11536,.T.);
#11536 = EDGE_LOOP('',(#11537,#11538,#11558));
#11537 = ORIENTED_EDGE('',*,*,#11080,.F.);
#11538 = ORIENTED_EDGE('',*,*,#11539,.T.);
#11539 = EDGE_CURVE('',#9094,#2781,#11540,.T.);
#11540 = SURFACE_CURVE('',#11541,(#11545,#11552),.PCURVE_S1.);
#11541 = LINE('',#11542,#11543);
#11542 = CARTESIAN_POINT('',(-143.2160034179,40.001998901367,1.));
#11543 = VECTOR('',#11544,1.);
#11544 = DIRECTION('',(-3.175892181621E-02,0.999495558212,0.));
#11545 = PCURVE('',#11094,#11546);
#11546 = DEFINITIONAL_REPRESENTATION('',(#11547),#11551);
#11547 = LINE('',#11548,#11549);
#11548 = CARTESIAN_POINT('',(-0.889303077297,-28.03485573013));
#11549 = VECTOR('',#11550,1.);
#11550 = DIRECTION('',(3.175892181621E-02,0.999495558212));
#11551 = ( GEOMETRIC_REPRESENTATION_CONTEXT(2) 
PARAMETRIC_REPRESENTATION_CONTEXT() REPRESENTATION_CONTEXT('2D SPACE',''
  ) );
#11552 = PCURVE('',#9109,#11553);
#11553 = DEFINITIONAL_REPRESENTATION('',(#11554),#11557);
#11554 = B_SPLINE_CURVE_WITH_KNOTS('',1,(#11555,#11556),.UNSPECIFIED.,
  .F.,.F.,(2,2),(0.,56.101015455835),.PIECEWISE_BEZIER_KNOTS.);
#11555 = CARTESIAN_POINT('',(-1.332883419776,-27.11585316812));
#11556 = CARTESIAN_POINT('',(0.448824343896,28.956862591152));
#11557 = ( GEOMETRIC_REPRESENTATION_CONTEXT(2) 
PARAMETRIC_REPRESENTATION_CONTEXT() REPRESENTATION_CONTEXT('2D SPACE',''
  ) );
#11558 = ORIENTED_EDGE('',*,*,#11514,.F.);
#11559 = ADVANCED_FACE('',(#11560),#9109,.T.);
#11560 = FACE_BOUND('',#11561,.T.);
#11561 = EDGE_LOOP('',(#11562,#11563,#11583));
#11562 = ORIENTED_EDGE('',*,*,#9093,.F.);
#11563 = ORIENTED_EDGE('',*,*,#11564,.F.);
#11564 = EDGE_CURVE('',#2781,#9038,#11565,.T.);
#11565 = SURFACE_CURVE('',#11566,(#11570,#11576),.PCURVE_S1.);
#11566 = LINE('',#11567,#11568);
#11567 = CARTESIAN_POINT('',(-144.9977111816,96.074714660645,1.));
#11568 = VECTOR('',#11569,1.);
#11569 = DIRECTION('',(0.,-1.,0.));
#11570 = PCURVE('',#9109,#11571);
#11571 = DEFINITIONAL_REPRESENTATION('',(#11572),#11575);
#11572 = B_SPLINE_CURVE_WITH_KNOTS('',1,(#11573,#11574),.UNSPECIFIED.,
  .F.,.F.,(2,2),(0.,57.50008392334),.PIECEWISE_BEZIER_KNOTS.);
#11573 = CARTESIAN_POINT('',(0.448824343896,28.956862591152));
#11574 = CARTESIAN_POINT('',(0.448824343896,-28.54322133218));
#11575 = ( GEOMETRIC_REPRESENTATION_CONTEXT(2) 
PARAMETRIC_REPRESENTATION_CONTEXT() REPRESENTATION_CONTEXT('2D SPACE',''
  ) );
#11576 = PCURVE('',#2902,#11577);
#11577 = DEFINITIONAL_REPRESENTATION('',(#11578),#11582);
#11578 = LINE('',#11579,#11580);
#11579 = CARTESIAN_POINT('',(-0.719107199832,28.322818799507));
#11580 = VECTOR('',#11581,1.);
#11581 = DIRECTION('',(0.,-1.));
#11582 = ( GEOMETRIC_REPRESENTATION_CONTEXT(2) 
PARAMETRIC_REPRESENTATION_CONTEXT() REPRESENTATION_CONTEXT('2D SPACE',''
  ) );
#11583 = ORIENTED_EDGE('',*,*,#11539,.F.);
#11584 = ADVANCED_FACE('',(#11585),#2902,.T.);
#11585 = FACE_BOUND('',#11586,.T.);
#11586 = EDGE_LOOP('',(#11587,#11588,#11589));
#11587 = ORIENTED_EDGE('',*,*,#2889,.T.);
#11588 = ORIENTED_EDGE('',*,*,#11564,.T.);
#11589 = ORIENTED_EDGE('',*,*,#11590,.T.);
#11590 = EDGE_CURVE('',#9038,#401,#11591,.T.);
#11591 = SURFACE_CURVE('',#11592,(#11596,#11603),.PCURVE_S1.);
#11592 = LINE('',#11593,#11594);
#11593 = CARTESIAN_POINT('',(-144.9977111816,38.574630737305,1.));
#11594 = VECTOR('',#11595,1.);
#11595 = DIRECTION('',(-3.562174652656E-02,0.998730378274,
    3.561913370775E-02));
#11596 = PCURVE('',#2902,#11597);
#11597 = DEFINITIONAL_REPRESENTATION('',(#11598),#11602);
#11598 = LINE('',#11599,#11600);
#11599 = CARTESIAN_POINT('',(-0.719107199832,-29.17726512383));
#11600 = VECTOR('',#11601,1.);
#11601 = DIRECTION('',(5.037490954526E-02,0.998730378274));
#11602 = ( GEOMETRIC_REPRESENTATION_CONTEXT(2) 
PARAMETRIC_REPRESENTATION_CONTEXT() REPRESENTATION_CONTEXT('2D SPACE',''
  ) );
#11603 = PCURVE('',#9053,#11604);
#11604 = DEFINITIONAL_REPRESENTATION('',(#11605),#11608);
#11605 = B_SPLINE_CURVE_WITH_KNOTS('',1,(#11606,#11607),.UNSPECIFIED.,
  .F.,.F.,(2,2),(0.,56.209731795892),.PIECEWISE_BEZIER_KNOTS.);
#11606 = CARTESIAN_POINT('',(-1.416873112653,-28.06719100679));
#11607 = CARTESIAN_POINT('',(1.414681726905,28.071175960519));
#11608 = ( GEOMETRIC_REPRESENTATION_CONTEXT(2) 
PARAMETRIC_REPRESENTATION_CONTEXT() REPRESENTATION_CONTEXT('2D SPACE',''
  ) );
#11609 = ADVANCED_FACE('',(#11610),#9319,.T.);
#11610 = FACE_BOUND('',#11611,.T.);
#11611 = EDGE_LOOP('',(#11612,#11613,#11614));
#11612 = ORIENTED_EDGE('',*,*,#9305,.F.);
#11613 = ORIENTED_EDGE('',*,*,#10024,.F.);
#11614 = ORIENTED_EDGE('',*,*,#10068,.F.);
#11615 = ADVANCED_FACE('',(#11616),#7553,.T.);
#11616 = FACE_BOUND('',#11617,.T.);
#11617 = EDGE_LOOP('',(#11618,#11638,#11639));
#11618 = ORIENTED_EDGE('',*,*,#11619,.T.);
#11619 = EDGE_CURVE('',#5401,#11217,#11620,.T.);
#11620 = SURFACE_CURVE('',#11621,(#11625,#11632),.PCURVE_S1.);
#11621 = LINE('',#11622,#11623);
#11622 = CARTESIAN_POINT('',(-144.2279968261,32.409000396729,1.));
#11623 = VECTOR('',#11624,1.);
#11624 = DIRECTION('',(-0.989026654602,-0.147737187215,0.));
#11625 = PCURVE('',#7553,#11626);
#11626 = DEFINITIONAL_REPRESENTATION('',(#11627),#11631);
#11627 = LINE('',#11628,#11629);
#11628 = CARTESIAN_POINT('',(4.052328225665,-2.550854126154));
#11629 = VECTOR('',#11630,1.);
#11630 = DIRECTION('',(0.989026654602,-0.147737187215));
#11631 = ( GEOMETRIC_REPRESENTATION_CONTEXT(2) 
PARAMETRIC_REPRESENTATION_CONTEXT() REPRESENTATION_CONTEXT('2D SPACE',''
  ) );
#11632 = PCURVE('',#5475,#11633);
#11633 = DEFINITIONAL_REPRESENTATION('',(#11634),#11637);
#11634 = B_SPLINE_CURVE_WITH_KNOTS('',1,(#11635,#11636),.UNSPECIFIED.,
  .F.,.F.,(2,2),(0.,0.243671202724),.PIECEWISE_BEZIER_KNOTS.);
#11635 = CARTESIAN_POINT('',(-0.103565082807,2.665768767131E-02));
#11636 = CARTESIAN_POINT('',(0.137432231646,-9.341610424393E-03));
#11637 = ( GEOMETRIC_REPRESENTATION_CONTEXT(2) 
PARAMETRIC_REPRESENTATION_CONTEXT() REPRESENTATION_CONTEXT('2D SPACE',''
  ) );
#11638 = ORIENTED_EDGE('',*,*,#11216,.F.);
#11639 = ORIENTED_EDGE('',*,*,#7539,.F.);
#11640 = ADVANCED_FACE('',(#11641),#10533,.T.);
#11641 = FACE_BOUND('',#11642,.T.);
#11642 = EDGE_LOOP('',(#11643,#11663,#11683));
#11643 = ORIENTED_EDGE('',*,*,#11644,.T.);
#11644 = EDGE_CURVE('',#10463,#5564,#11645,.T.);
#11645 = SURFACE_CURVE('',#11646,(#11650,#11657),.PCURVE_S1.);
#11646 = LINE('',#11647,#11648);
#11647 = CARTESIAN_POINT('',(-140.421005249,36.222999572754,1.));
#11648 = VECTOR('',#11649,1.);
#11649 = DIRECTION('',(0.,2.195014071841E-02,0.999759066637));
#11650 = PCURVE('',#10533,#11651);
#11651 = DEFINITIONAL_REPRESENTATION('',(#11652),#11656);
#11652 = LINE('',#11653,#11654);
#11653 = CARTESIAN_POINT('',(1.643915094718E-02,-0.495560932976));
#11654 = VECTOR('',#11655,1.);
#11655 = DIRECTION('',(-2.195014071841E-02,0.999759066637));
#11656 = ( GEOMETRIC_REPRESENTATION_CONTEXT(2) 
PARAMETRIC_REPRESENTATION_CONTEXT() REPRESENTATION_CONTEXT('2D SPACE',''
  ) );
#11657 = PCURVE('',#8425,#11658);
#11658 = DEFINITIONAL_REPRESENTATION('',(#11659),#11662);
#11659 = B_SPLINE_CURVE_WITH_KNOTS('',1,(#11660,#11661),.UNSPECIFIED.,
  .F.,.F.,(2,2),(0.,1.00224228232),.PIECEWISE_BEZIER_KNOTS.);
#11660 = CARTESIAN_POINT('',(5.560208183674E-03,-0.50643987574));
#11661 = CARTESIAN_POINT('',(-1.643915094719E-02,0.495560932976));
#11662 = ( GEOMETRIC_REPRESENTATION_CONTEXT(2) 
PARAMETRIC_REPRESENTATION_CONTEXT() REPRESENTATION_CONTEXT('2D SPACE',''
  ) );
#11663 = ORIENTED_EDGE('',*,*,#11664,.T.);
#11664 = EDGE_CURVE('',#5564,#10513,#11665,.T.);
#11665 = SURFACE_CURVE('',#11666,(#11670,#11677),.PCURVE_S1.);
#11666 = LINE('',#11667,#11668);
#11667 = CARTESIAN_POINT('',(-140.421005249,36.244998931885,
    2.002000808716));
#11668 = VECTOR('',#11669,1.);
#11669 = DIRECTION('',(0.,0.,-1.));
#11670 = PCURVE('',#10533,#11671);
#11671 = DEFINITIONAL_REPRESENTATION('',(#11672),#11676);
#11672 = LINE('',#11673,#11674);
#11673 = CARTESIAN_POINT('',(-5.560208183681E-03,0.50643987574));
#11674 = VECTOR('',#11675,1.);
#11675 = DIRECTION('',(0.,-1.));
#11676 = ( GEOMETRIC_REPRESENTATION_CONTEXT(2) 
PARAMETRIC_REPRESENTATION_CONTEXT() REPRESENTATION_CONTEXT('2D SPACE',''
  ) );
#11677 = PCURVE('',#7864,#11678);
#11678 = DEFINITIONAL_REPRESENTATION('',(#11679),#11682);
#11679 = B_SPLINE_CURVE_WITH_KNOTS('',1,(#11680,#11681),.UNSPECIFIED.,
  .F.,.F.,(2,2),(0.,1.002000808716),.PIECEWISE_BEZIER_KNOTS.);
#11680 = CARTESIAN_POINT('',(-0.908794130199,-0.30462826055));
#11681 = CARTESIAN_POINT('',(-0.908794130199,0.697372548166));
#11682 = ( GEOMETRIC_REPRESENTATION_CONTEXT(2) 
PARAMETRIC_REPRESENTATION_CONTEXT() REPRESENTATION_CONTEXT('2D SPACE',''
  ) );
#11683 = ORIENTED_EDGE('',*,*,#10512,.F.);
#11684 = ADVANCED_FACE('',(#11685),#8425,.T.);
#11685 = FACE_BOUND('',#11686,.T.);
#11686 = EDGE_LOOP('',(#11687,#11688,#11689));
#11687 = ORIENTED_EDGE('',*,*,#8409,.F.);
#11688 = ORIENTED_EDGE('',*,*,#11644,.F.);
#11689 = ORIENTED_EDGE('',*,*,#11690,.T.);
#11690 = EDGE_CURVE('',#10463,#8410,#11691,.T.);
#11691 = SURFACE_CURVE('',#11692,(#11696,#11703),.PCURVE_S1.);
#11692 = LINE('',#11693,#11694);
#11693 = CARTESIAN_POINT('',(-140.421005249,36.222999572754,1.));
#11694 = VECTOR('',#11695,1.);
#11695 = DIRECTION('',(0.,0.,1.));
#11696 = PCURVE('',#8425,#11697);
#11697 = DEFINITIONAL_REPRESENTATION('',(#11698),#11702);
#11698 = LINE('',#11699,#11700);
#11699 = CARTESIAN_POINT('',(5.560208183674E-03,-0.50643987574));
#11700 = VECTOR('',#11701,1.);
#11701 = DIRECTION('',(0.,1.));
#11702 = ( GEOMETRIC_REPRESENTATION_CONTEXT(2) 
PARAMETRIC_REPRESENTATION_CONTEXT() REPRESENTATION_CONTEXT('2D SPACE',''
  ) );
#11703 = PCURVE('',#9829,#11704);
#11704 = DEFINITIONAL_REPRESENTATION('',(#11705),#11708);
#11705 = B_SPLINE_CURVE_WITH_KNOTS('',1,(#11706,#11707),.UNSPECIFIED.,
  .F.,.F.,(2,2),(0.,1.002000808716),.PIECEWISE_BEZIER_KNOTS.);
#11706 = CARTESIAN_POINT('',(-0.294400050841,1.178897693358));
#11707 = CARTESIAN_POINT('',(0.707600757875,1.178897693358));
#11708 = ( GEOMETRIC_REPRESENTATION_CONTEXT(2) 
PARAMETRIC_REPRESENTATION_CONTEXT() REPRESENTATION_CONTEXT('2D SPACE',''
  ) );
#11709 = ADVANCED_FACE('',(#11710),#3040,.T.);
#11710 = FACE_BOUND('',#11711,.T.);
#11711 = EDGE_LOOP('',(#11712,#11732,#11733));
#11712 = ORIENTED_EDGE('',*,*,#11713,.T.);
#11713 = EDGE_CURVE('',#3006,#3955,#11714,.T.);
#11714 = SURFACE_CURVE('',#11715,(#11719,#11726),.PCURVE_S1.);
#11715 = LINE('',#11716,#11717);
#11716 = CARTESIAN_POINT('',(-144.9977111816,29.936283111572,1.));
#11717 = VECTOR('',#11718,1.);
#11718 = DIRECTION('',(0.999972637767,7.397548092273E-03,0.));
#11719 = PCURVE('',#3040,#11720);
#11720 = DEFINITIONAL_REPRESENTATION('',(#11721),#11725);
#11721 = LINE('',#11722,#11723);
#11722 = CARTESIAN_POINT('',(4.10685725871,-3.03703784969E-02));
#11723 = VECTOR('',#11724,1.);
#11724 = DIRECTION('',(-0.999972637767,7.397548092273E-03));
#11725 = ( GEOMETRIC_REPRESENTATION_CONTEXT(2) 
PARAMETRIC_REPRESENTATION_CONTEXT() REPRESENTATION_CONTEXT('2D SPACE',''
  ) );
#11726 = PCURVE('',#3239,#11727);
#11727 = DEFINITIONAL_REPRESENTATION('',(#11728),#11731);
#11728 = B_SPLINE_CURVE_WITH_KNOTS('',1,(#11729,#11730),.UNSPECIFIED.,
  .F.,.F.,(2,2),(0.,8.207927223938),.PIECEWISE_BEZIER_KNOTS.);
#11729 = CARTESIAN_POINT('',(4.103674265816,-4.188414097879E-02));
#11730 = CARTESIAN_POINT('',(-4.104028370902,1.883439539817E-02));
#11731 = ( GEOMETRIC_REPRESENTATION_CONTEXT(2) 
PARAMETRIC_REPRESENTATION_CONTEXT() REPRESENTATION_CONTEXT('2D SPACE',''
  ) );
#11732 = ORIENTED_EDGE('',*,*,#4061,.F.);
#11733 = ORIENTED_EDGE('',*,*,#3027,.T.);
#11734 = ADVANCED_FACE('',(#11735),#2990,.T.);
#11735 = FACE_BOUND('',#11736,.T.);
#11736 = EDGE_LOOP('',(#11737,#11738,#11739));
#11737 = ORIENTED_EDGE('',*,*,#4086,.F.);
#11738 = ORIENTED_EDGE('',*,*,#4249,.F.);
#11739 = ORIENTED_EDGE('',*,*,#2976,.F.);
#11740 = ADVANCED_FACE('',(#11741),#3239,.T.);
#11741 = FACE_BOUND('',#11742,.T.);
#11742 = EDGE_LOOP('',(#11743,#11744,#11764));
#11743 = ORIENTED_EDGE('',*,*,#3225,.F.);
#11744 = ORIENTED_EDGE('',*,*,#11745,.T.);
#11745 = EDGE_CURVE('',#3199,#3955,#11746,.T.);
#11746 = SURFACE_CURVE('',#11747,(#11751,#11758),.PCURVE_S1.);
#11747 = LINE('',#11748,#11749);
#11748 = CARTESIAN_POINT('',(-143.0220031738,29.997001647949,1.));
#11749 = VECTOR('',#11750,1.);
#11750 = DIRECTION('',(1.,0.,0.));
#11751 = PCURVE('',#3239,#11752);
#11752 = DEFINITIONAL_REPRESENTATION('',(#11753),#11757);
#11753 = LINE('',#11754,#11755);
#11754 = CARTESIAN_POINT('',(2.127966258004,1.883439539817E-02));
#11755 = VECTOR('',#11756,1.);
#11756 = DIRECTION('',(-1.,0.));
#11757 = ( GEOMETRIC_REPRESENTATION_CONTEXT(2) 
PARAMETRIC_REPRESENTATION_CONTEXT() REPRESENTATION_CONTEXT('2D SPACE',''
  ) );
#11758 = PCURVE('',#4047,#11759);
#11759 = DEFINITIONAL_REPRESENTATION('',(#11760),#11763);
#11760 = B_SPLINE_CURVE_WITH_KNOTS('',1,(#11761,#11762),.UNSPECIFIED.,
  .F.,.F.,(2,2),(0.,6.231994628906),.PIECEWISE_BEZIER_KNOTS.);
#11761 = CARTESIAN_POINT('',(-0.270509836189,-3.346487882622));
#11762 = CARTESIAN_POINT('',(-0.270509836189,2.885506746284));
#11763 = ( GEOMETRIC_REPRESENTATION_CONTEXT(2) 
PARAMETRIC_REPRESENTATION_CONTEXT() REPRESENTATION_CONTEXT('2D SPACE',''
  ) );
#11764 = ORIENTED_EDGE('',*,*,#11713,.F.);
#11765 = ADVANCED_FACE('',(#11766),#9053,.T.);
#11766 = FACE_BOUND('',#11767,.T.);
#11767 = EDGE_LOOP('',(#11768,#11769,#11789));
#11768 = ORIENTED_EDGE('',*,*,#9037,.F.);
#11769 = ORIENTED_EDGE('',*,*,#11770,.T.);
#11770 = EDGE_CURVE('',#8839,#401,#11771,.T.);
#11771 = SURFACE_CURVE('',#11772,(#11776,#11783),.PCURVE_S1.);
#11772 = LINE('',#11773,#11774);
#11773 = CARTESIAN_POINT('',(-145.00100708,38.571998596191,
    1.003282546997));
#11774 = VECTOR('',#11775,1.);
#11775 = DIRECTION('',(-3.556159578749E-02,0.998734656821,
    3.555922059885E-02));
#11776 = PCURVE('',#9053,#11777);
#11777 = DEFINITIONAL_REPRESENTATION('',(#11778),#11782);
#11778 = LINE('',#11779,#11780);
#11779 = CARTESIAN_POINT('',(-1.412221439703,-28.06982314792));
#11780 = VECTOR('',#11781,1.);
#11781 = DIRECTION('',(5.028991685735E-02,0.998734661591));
#11782 = ( GEOMETRIC_REPRESENTATION_CONTEXT(2) 
PARAMETRIC_REPRESENTATION_CONTEXT() REPRESENTATION_CONTEXT('2D SPACE',''
  ) );
#11783 = PCURVE('',#8859,#11784);
#11784 = DEFINITIONAL_REPRESENTATION('',(#11785),#11788);
#11785 = B_SPLINE_CURVE_WITH_KNOTS('',1,(#11786,#11787),.UNSPECIFIED.,
  .F.,.F.,(2,2),(0.,56.212126471137),.PIECEWISE_BEZIER_KNOTS.);
#11786 = CARTESIAN_POINT('',(1.413778004274,28.070148388234));
#11787 = CARTESIAN_POINT('',(-1.413109374571,-28.07085151517));
#11788 = ( GEOMETRIC_REPRESENTATION_CONTEXT(2) 
PARAMETRIC_REPRESENTATION_CONTEXT() REPRESENTATION_CONTEXT('2D SPACE',''
  ) );
#11789 = ORIENTED_EDGE('',*,*,#11590,.F.);
#11790 = ADVANCED_FACE('',(#11791),#8859,.T.);
#11791 = FACE_BOUND('',#11792,.T.);
#11792 = EDGE_LOOP('',(#11793,#11794,#11814));
#11793 = ORIENTED_EDGE('',*,*,#8836,.F.);
#11794 = ORIENTED_EDGE('',*,*,#11795,.T.);
#11795 = EDGE_CURVE('',#8837,#401,#11796,.T.);
#11796 = SURFACE_CURVE('',#11797,(#11801,#11808),.PCURVE_S1.);
#11797 = LINE('',#11798,#11799);
#11798 = CARTESIAN_POINT('',(-145.0019989013,38.571998596191,
    1.004281997681));
#11799 = VECTOR('',#11800,1.);
#11800 = DIRECTION('',(-3.554399629267E-02,0.998735914616,
    3.554148537581E-02));
#11801 = PCURVE('',#8859,#11802);
#11802 = DEFINITIONAL_REPRESENTATION('',(#11803),#11807);
#11803 = LINE('',#11804,#11805);
#11804 = CARTESIAN_POINT('',(1.412369952024,28.070148388234));
#11805 = VECTOR('',#11806,1.);
#11806 = DIRECTION('',(-5.026465039397E-02,-0.998735933528));
#11807 = ( GEOMETRIC_REPRESENTATION_CONTEXT(2) 
PARAMETRIC_REPRESENTATION_CONTEXT() REPRESENTATION_CONTEXT('2D SPACE',''
  ) );
#11808 = PCURVE('',#441,#11809);
#11809 = DEFINITIONAL_REPRESENTATION('',(#11810),#11813);
#11810 = B_SPLINE_CURVE_WITH_KNOTS('',1,(#11811,#11812),.UNSPECIFIED.,
  .F.,.F.,(2,2),(0.,56.212055678292),.PIECEWISE_BEZIER_KNOTS.);
#11811 = CARTESIAN_POINT('',(-2.115538542594,-24.58982072617));
#11812 = CARTESIAN_POINT('',(0.709961906754,31.551178114158));
#11813 = ( GEOMETRIC_REPRESENTATION_CONTEXT(2) 
PARAMETRIC_REPRESENTATION_CONTEXT() REPRESENTATION_CONTEXT('2D SPACE',''
  ) );
#11814 = ORIENTED_EDGE('',*,*,#11770,.F.);
#11815 = ADVANCED_FACE('',(#11816),#5330,.T.);
#11816 = FACE_BOUND('',#11817,.T.);
#11817 = EDGE_LOOP('',(#11818,#11819,#11839));
#11818 = ORIENTED_EDGE('',*,*,#6660,.F.);
#11819 = ORIENTED_EDGE('',*,*,#11820,.T.);
#11820 = EDGE_CURVE('',#6661,#5256,#11821,.T.);
#11821 = SURFACE_CURVE('',#11822,(#11826,#11833),.PCURVE_S1.);
#11822 = LINE('',#11823,#11824);
#11823 = CARTESIAN_POINT('',(-135.2279968261,37.626998901367,
    2.002000808716));
#11824 = VECTOR('',#11825,1.);
#11825 = DIRECTION('',(-0.85624997947,-0.516561683304,0.));
#11826 = PCURVE('',#5330,#11827);
#11827 = DEFINITIONAL_REPRESENTATION('',(#11828),#11832);
#11828 = LINE('',#11829,#11830);
#11829 = CARTESIAN_POINT('',(-4.367530086464,2.581786725));
#11830 = VECTOR('',#11831,1.);
#11831 = DIRECTION('',(0.85624997947,-0.516561683304));
#11832 = ( GEOMETRIC_REPRESENTATION_CONTEXT(2) 
PARAMETRIC_REPRESENTATION_CONTEXT() REPRESENTATION_CONTEXT('2D SPACE',''
  ) );
#11833 = PCURVE('',#6944,#11834);
#11834 = DEFINITIONAL_REPRESENTATION('',(#11835),#11838);
#11835 = B_SPLINE_CURVE_WITH_KNOTS('',1,(#11836,#11837),.UNSPECIFIED.,
  .F.,.F.,(2,2),(0.,10.171094706691),.PIECEWISE_BEZIER_KNOTS.);
#11836 = CARTESIAN_POINT('',(5.323738391647,-0.262809366056));
#11837 = CARTESIAN_POINT('',(-4.847356315043,-0.262809366056));
#11838 = ( GEOMETRIC_REPRESENTATION_CONTEXT(2) 
PARAMETRIC_REPRESENTATION_CONTEXT() REPRESENTATION_CONTEXT('2D SPACE',''
  ) );
#11839 = ORIENTED_EDGE('',*,*,#5316,.F.);
#11840 = ADVANCED_FACE('',(#11841),#441,.T.);
#11841 = FACE_BOUND('',#11842,.T.);
#11842 = EDGE_LOOP('',(#11843,#11844,#11845));
#11843 = ORIENTED_EDGE('',*,*,#427,.F.);
#11844 = ORIENTED_EDGE('',*,*,#11795,.F.);
#11845 = ORIENTED_EDGE('',*,*,#11846,.T.);
#11846 = EDGE_CURVE('',#8837,#314,#11847,.T.);
#11847 = SURFACE_CURVE('',#11848,(#11852,#11859),.PCURVE_S1.);
#11848 = LINE('',#11849,#11850);
#11849 = CARTESIAN_POINT('',(-145.0019989013,38.571998596191,
    1.004281997681));
#11850 = VECTOR('',#11851,1.);
#11851 = DIRECTION('',(-0.27437019742,-0.921657542124,0.274350815222));
#11852 = PCURVE('',#441,#11853);
#11853 = DEFINITIONAL_REPRESENTATION('',(#11854),#11858);
#11854 = LINE('',#11855,#11856);
#11855 = CARTESIAN_POINT('',(-2.115538542594,-24.58982072617));
#11856 = VECTOR('',#11857,1.);
#11857 = DIRECTION('',(0.388004349261,-0.921657542124));
#11858 = ( GEOMETRIC_REPRESENTATION_CONTEXT(2) 
PARAMETRIC_REPRESENTATION_CONTEXT() REPRESENTATION_CONTEXT('2D SPACE',''
  ) );
#11859 = PCURVE('',#9402,#11860);
#11860 = DEFINITIONAL_REPRESENTATION('',(#11861),#11864);
#11861 = B_SPLINE_CURVE_WITH_KNOTS('',1,(#11862,#11863),.UNSPECIFIED.,
  .F.,.F.,(2,2),(0.,7.28213602433),.PIECEWISE_BEZIER_KNOTS.);
#11862 = CARTESIAN_POINT('',(-1.321613055631,3.376945309417));
#11863 = CARTESIAN_POINT('',(1.503887393718,-3.334690280183));
#11864 = ( GEOMETRIC_REPRESENTATION_CONTEXT(2) 
PARAMETRIC_REPRESENTATION_CONTEXT() REPRESENTATION_CONTEXT('2D SPACE',''
  ) );
#11865 = ADVANCED_FACE('',(#11866),#3522,.T.);
#11866 = FACE_BOUND('',#11867,.T.);
#11867 = EDGE_LOOP('',(#11868,#11869,#11870));
#11868 = ORIENTED_EDGE('',*,*,#10048,.F.);
#11869 = ORIENTED_EDGE('',*,*,#3506,.F.);
#11870 = ORIENTED_EDGE('',*,*,#11871,.T.);
#11871 = EDGE_CURVE('',#3313,#9206,#11872,.T.);
#11872 = SURFACE_CURVE('',#11873,(#11877,#11884),.PCURVE_S1.);
#11873 = LINE('',#11874,#11875);
#11874 = CARTESIAN_POINT('',(-144.8509979248,38.520999908447,
    2.002000808716));
#11875 = VECTOR('',#11876,1.);
#11876 = DIRECTION('',(0.743273526608,0.668987641623,0.));
#11877 = PCURVE('',#3522,#11878);
#11878 = DEFINITIONAL_REPRESENTATION('',(#11879),#11883);
#11879 = LINE('',#11880,#11881);
#11880 = CARTESIAN_POINT('',(0.858718106198,-0.729909173717));
#11881 = VECTOR('',#11882,1.);
#11882 = DIRECTION('',(-0.743273526608,0.668987641623));
#11883 = ( GEOMETRIC_REPRESENTATION_CONTEXT(2) 
PARAMETRIC_REPRESENTATION_CONTEXT() REPRESENTATION_CONTEXT('2D SPACE',''
  ) );
#11884 = PCURVE('',#9221,#11885);
#11885 = DEFINITIONAL_REPRESENTATION('',(#11886),#11889);
#11886 = B_SPLINE_CURVE_WITH_KNOTS('',1,(#11887,#11888),.UNSPECIFIED.,
  .F.,.F.,(2,2),(0.,2.207809656851),.PIECEWISE_BEZIER_KNOTS.);
#11887 = CARTESIAN_POINT('',(0.740706686502,0.820338714557));
#11888 = CARTESIAN_POINT('',(-0.736290688987,-0.82066775517));
#11889 = ( GEOMETRIC_REPRESENTATION_CONTEXT(2) 
PARAMETRIC_REPRESENTATION_CONTEXT() REPRESENTATION_CONTEXT('2D SPACE',''
  ) );
#11890 = ADVANCED_FACE('',(#11891),#9221,.T.);
#11891 = FACE_BOUND('',#11892,.T.);
#11892 = EDGE_LOOP('',(#11893,#11894,#11895));
#11893 = ORIENTED_EDGE('',*,*,#9205,.F.);
#11894 = ORIENTED_EDGE('',*,*,#11871,.F.);
#11895 = ORIENTED_EDGE('',*,*,#11896,.T.);
#11896 = EDGE_CURVE('',#3313,#8982,#11897,.T.);
#11897 = SURFACE_CURVE('',#11898,(#11902,#11909),.PCURVE_S1.);
#11898 = LINE('',#11899,#11900);
#11899 = CARTESIAN_POINT('',(-144.8509979248,38.520999908447,
    2.002000808716));
#11900 = VECTOR('',#11901,1.);
#11901 = DIRECTION('',(0.741148154045,0.671341503079,0.));
#11902 = PCURVE('',#9221,#11903);
#11903 = DEFINITIONAL_REPRESENTATION('',(#11904),#11908);
#11904 = LINE('',#11905,#11906);
#11905 = CARTESIAN_POINT('',(0.740706686502,0.820338714557));
#11906 = VECTOR('',#11907,1.);
#11907 = DIRECTION('',(-0.671341503079,-0.741148154045));
#11908 = ( GEOMETRIC_REPRESENTATION_CONTEXT(2) 
PARAMETRIC_REPRESENTATION_CONTEXT() REPRESENTATION_CONTEXT('2D SPACE',''
  ) );
#11909 = PCURVE('',#8997,#11910);
#11910 = DEFINITIONAL_REPRESENTATION('',(#11911),#11914);
#11911 = B_SPLINE_CURVE_WITH_KNOTS('',1,(#11912,#11913),.UNSPECIFIED.,
  .F.,.F.,(2,2),(0.,2.20602925058),.PIECEWISE_BEZIER_KNOTS.);
#11912 = CARTESIAN_POINT('',(0.728683405205,0.750218350712));
#11913 = CARTESIAN_POINT('',(-0.752315587715,-0.884776156124));
#11914 = ( GEOMETRIC_REPRESENTATION_CONTEXT(2) 
PARAMETRIC_REPRESENTATION_CONTEXT() REPRESENTATION_CONTEXT('2D SPACE',''
  ) );
#11915 = ADVANCED_FACE('',(#11916),#8997,.T.);
#11916 = FACE_BOUND('',#11917,.T.);
#11917 = EDGE_LOOP('',(#11918,#11919,#11920));
#11918 = ORIENTED_EDGE('',*,*,#10392,.F.);
#11919 = ORIENTED_EDGE('',*,*,#8981,.F.);
#11920 = ORIENTED_EDGE('',*,*,#11896,.F.);
#11921 = ADVANCED_FACE('',(#11922),#9612,.T.);
#11922 = FACE_BOUND('',#11923,.T.);
#11923 = EDGE_LOOP('',(#11924,#11925,#11926));
#11924 = ORIENTED_EDGE('',*,*,#9596,.F.);
#11925 = ORIENTED_EDGE('',*,*,#10693,.F.);
#11926 = ORIENTED_EDGE('',*,*,#10438,.F.);
#11927 = ADVANCED_FACE('',(#11928),#7864,.T.);
#11928 = FACE_BOUND('',#11929,.T.);
#11929 = EDGE_LOOP('',(#11930,#11950,#11951));
#11930 = ORIENTED_EDGE('',*,*,#11931,.T.);
#11931 = EDGE_CURVE('',#7743,#10513,#11932,.T.);
#11932 = SURFACE_CURVE('',#11933,(#11937,#11944),.PCURVE_S1.);
#11933 = LINE('',#11934,#11935);
#11934 = CARTESIAN_POINT('',(-138.6959991455,37.626998901367,
    2.002000808716));
#11935 = VECTOR('',#11936,1.);
#11936 = DIRECTION('',(-0.710801991403,-0.569463683882,-0.412882116053)
  );
#11937 = PCURVE('',#7864,#11938);
#11938 = DEFINITIONAL_REPRESENTATION('',(#11939),#11943);
#11939 = LINE('',#11940,#11941);
#11940 = CARTESIAN_POINT('',(1.301538417816,-0.30462826055));
#11941 = VECTOR('',#11942,1.);
#11942 = DIRECTION('',(-0.91078447409,0.412882116053));
#11943 = ( GEOMETRIC_REPRESENTATION_CONTEXT(2) 
PARAMETRIC_REPRESENTATION_CONTEXT() REPRESENTATION_CONTEXT('2D SPACE',''
  ) );
#11944 = PCURVE('',#10560,#11945);
#11945 = DEFINITIONAL_REPRESENTATION('',(#11946),#11949);
#11946 = B_SPLINE_CURVE_WITH_KNOTS('',1,(#11947,#11948),.UNSPECIFIED.,
  .F.,.F.,(2,2),(0.,2.426844781498),.PIECEWISE_BEZIER_KNOTS.);
#11947 = CARTESIAN_POINT('',(0.908794130199,-0.697372548166));
#11948 = CARTESIAN_POINT('',(-1.301538417816,0.30462826055));
#11949 = ( GEOMETRIC_REPRESENTATION_CONTEXT(2) 
PARAMETRIC_REPRESENTATION_CONTEXT() REPRESENTATION_CONTEXT('2D SPACE',''
  ) );
#11950 = ORIENTED_EDGE('',*,*,#11664,.F.);
#11951 = ORIENTED_EDGE('',*,*,#7850,.F.);
#11952 = ADVANCED_FACE('',(#11953),#10560,.T.);
#11953 = FACE_BOUND('',#11954,.T.);
#11954 = EDGE_LOOP('',(#11955,#11956,#11957));
#11955 = ORIENTED_EDGE('',*,*,#10544,.F.);
#11956 = ORIENTED_EDGE('',*,*,#11931,.F.);
#11957 = ORIENTED_EDGE('',*,*,#10730,.F.);
#11958 = ADVANCED_FACE('',(#11959),#2938,.T.);
#11959 = FACE_BOUND('',#11960,.T.);
#11960 = EDGE_LOOP('',(#11961,#11981,#11982));
#11961 = ORIENTED_EDGE('',*,*,#11962,.T.);
#11962 = EDGE_CURVE('',#6206,#2085,#11963,.T.);
#11963 = SURFACE_CURVE('',#11964,(#11968,#11975),.PCURVE_S1.);
#11964 = LINE('',#11965,#11966);
#11965 = CARTESIAN_POINT('',(-134.9970092773,32.373001098633,1.));
#11966 = VECTOR('',#11967,1.);
#11967 = DIRECTION('',(0.999735856472,-2.298297814481E-02,0.));
#11968 = PCURVE('',#2938,#11969);
#11969 = DEFINITIONAL_REPRESENTATION('',(#11970),#11974);
#11970 = LINE('',#11971,#11972);
#11971 = CARTESIAN_POINT('',(52.762201299287,1.450231698081));
#11972 = VECTOR('',#11973,1.);
#11973 = DIRECTION('',(-0.999735856472,-2.298297814481E-02));
#11974 = ( GEOMETRIC_REPRESENTATION_CONTEXT(2) 
PARAMETRIC_REPRESENTATION_CONTEXT() REPRESENTATION_CONTEXT('2D SPACE',''
  ) );
#11975 = PCURVE('',#7677,#11976);
#11976 = DEFINITIONAL_REPRESENTATION('',(#11977),#11980);
#11977 = B_SPLINE_CURVE_WITH_KNOTS('',1,(#11978,#11979),.UNSPECIFIED.,
  .F.,.F.,(2,2),(0.,106.0227256758),.PIECEWISE_BEZIER_KNOTS.);
#11978 = CARTESIAN_POINT('',(51.667951149888,-0.158952124462));
#11979 = CARTESIAN_POINT('',(-54.32676930909,-2.595670111523));
#11980 = ( GEOMETRIC_REPRESENTATION_CONTEXT(2) 
PARAMETRIC_REPRESENTATION_CONTEXT() REPRESENTATION_CONTEXT('2D SPACE',''
  ) );
#11981 = ORIENTED_EDGE('',*,*,#2917,.F.);
#11982 = ORIENTED_EDGE('',*,*,#11983,.T.);
#11983 = EDGE_CURVE('',#2918,#6206,#11984,.T.);
#11984 = SURFACE_CURVE('',#11985,(#11989,#11996),.PCURVE_S1.);
#11985 = LINE('',#11986,#11987);
#11986 = CARTESIAN_POINT('',(-134.9970092773,31.428001403809,1.));
#11987 = VECTOR('',#11988,1.);
#11988 = DIRECTION('',(0.,1.,0.));
#11989 = PCURVE('',#2938,#11990);
#11990 = DEFINITIONAL_REPRESENTATION('',(#11991),#11995);
#11991 = LINE('',#11992,#11993);
#11992 = CARTESIAN_POINT('',(52.762201299287,0.505232003257));
#11993 = VECTOR('',#11994,1.);
#11994 = DIRECTION('',(0.,1.));
#11995 = ( GEOMETRIC_REPRESENTATION_CONTEXT(2) 
PARAMETRIC_REPRESENTATION_CONTEXT() REPRESENTATION_CONTEXT('2D SPACE',''
  ) );
#11996 = PCURVE('',#6303,#11997);
#11997 = DEFINITIONAL_REPRESENTATION('',(#11998),#12001);
#11998 = B_SPLINE_CURVE_WITH_KNOTS('',1,(#11999,#12000),.UNSPECIFIED.,
  .F.,.F.,(2,2),(0.,0.944999694824),.PIECEWISE_BEZIER_KNOTS.);
#11999 = CARTESIAN_POINT('',(0.358582062865,0.614918188905));
#12000 = CARTESIAN_POINT('',(0.358582062865,-0.330081505919));
#12001 = ( GEOMETRIC_REPRESENTATION_CONTEXT(2) 
PARAMETRIC_REPRESENTATION_CONTEXT() REPRESENTATION_CONTEXT('2D SPACE',''
  ) );
#12002 = ADVANCED_FACE('',(#12003),#7677,.T.);
#12003 = FACE_BOUND('',#12004,.T.);
#12004 = EDGE_LOOP('',(#12005,#12025,#12026));
#12005 = ORIENTED_EDGE('',*,*,#12006,.T.);
#12006 = EDGE_CURVE('',#6419,#2085,#12007,.T.);
#12007 = SURFACE_CURVE('',#12008,(#12012,#12019),.PCURVE_S1.);
#12008 = LINE('',#12009,#12010);
#12009 = CARTESIAN_POINT('',(-135.1910095214,37.626998901367,1.));
#12010 = VECTOR('',#12011,1.);
#12011 = DIRECTION('',(0.997387584111,-7.223577410931E-02,0.));
#12012 = PCURVE('',#7677,#12013);
#12013 = DEFINITIONAL_REPRESENTATION('',(#12014),#12018);
#12014 = LINE('',#12015,#12016);
#12015 = CARTESIAN_POINT('',(51.861951394029,5.095045678272));
#12016 = VECTOR('',#12017,1.);
#12017 = DIRECTION('',(-0.997387584111,-7.223577410931E-02));
#12018 = ( GEOMETRIC_REPRESENTATION_CONTEXT(2) 
PARAMETRIC_REPRESENTATION_CONTEXT() REPRESENTATION_CONTEXT('2D SPACE',''
  ) );
#12019 = PCURVE('',#10192,#12020);
#12020 = DEFINITIONAL_REPRESENTATION('',(#12021),#12024);
#12021 = B_SPLINE_CURVE_WITH_KNOTS('',1,(#12022,#12023),.UNSPECIFIED.,
  .F.,.F.,(2,2),(0.,106.46685641046),.PIECEWISE_BEZIER_KNOTS.);
#12022 = CARTESIAN_POINT('',(52.859848148181,3.59099995771));
#12023 = CARTESIAN_POINT('',(-53.32887255494,-4.099715832085));
#12024 = ( GEOMETRIC_REPRESENTATION_CONTEXT(2) 
PARAMETRIC_REPRESENTATION_CONTEXT() REPRESENTATION_CONTEXT('2D SPACE',''
  ) );
#12025 = ORIENTED_EDGE('',*,*,#11962,.F.);
#12026 = ORIENTED_EDGE('',*,*,#7663,.F.);
#12027 = ADVANCED_FACE('',(#12028),#2841,.T.);
#12028 = FACE_BOUND('',#12029,.T.);
#12029 = EDGE_LOOP('',(#12030,#12050,#12051));
#12030 = ORIENTED_EDGE('',*,*,#12031,.T.);
#12031 = EDGE_CURVE('',#7973,#2781,#12032,.T.);
#12032 = SURFACE_CURVE('',#12033,(#12037,#12044),.PCURVE_S1.);
#12033 = LINE('',#12034,#12035);
#12034 = CARTESIAN_POINT('',(-135.1910095214,38.571998596191,1.));
#12035 = VECTOR('',#12036,1.);
#12036 = DIRECTION('',(-0.168115973158,0.985767223826,0.));
#12037 = PCURVE('',#2841,#12038);
#12038 = DEFINITIONAL_REPRESENTATION('',(#12039),#12043);
#12039 = LINE('',#12040,#12041);
#12040 = CARTESIAN_POINT('',(39.701881904494,-40.05320357006));
#12041 = VECTOR('',#12042,1.);
#12042 = DIRECTION('',(0.168115973158,0.985767223826));
#12043 = ( GEOMETRIC_REPRESENTATION_CONTEXT(2) 
PARAMETRIC_REPRESENTATION_CONTEXT() REPRESENTATION_CONTEXT('2D SPACE',''
  ) );
#12044 = PCURVE('',#8059,#12045);
#12045 = DEFINITIONAL_REPRESENTATION('',(#12046),#12049);
#12046 = B_SPLINE_CURVE_WITH_KNOTS('',1,(#12047,#12048),.UNSPECIFIED.,
  .F.,.F.,(2,2),(0.,58.332955970364),.PIECEWISE_BEZIER_KNOTS.);
#12047 = CARTESIAN_POINT('',(-4.903763378416,-28.75086918668));
#12048 = CARTESIAN_POINT('',(4.902938281741,28.751846877771));
#12049 = ( GEOMETRIC_REPRESENTATION_CONTEXT(2) 
PARAMETRIC_REPRESENTATION_CONTEXT() REPRESENTATION_CONTEXT('2D SPACE',''
  ) );
#12050 = ORIENTED_EDGE('',*,*,#2827,.F.);
#12051 = ORIENTED_EDGE('',*,*,#12052,.T.);
#12052 = EDGE_CURVE('',#1648,#7973,#12053,.T.);
#12053 = SURFACE_CURVE('',#12054,(#12058,#12065),.PCURVE_S1.);
#12054 = LINE('',#12055,#12056);
#12055 = CARTESIAN_POINT('',(-29.00228881835,96.074714660645,1.));
#12056 = VECTOR('',#12057,1.);
#12057 = DIRECTION('',(-0.879348053181,-0.476179589406,0.));
#12058 = PCURVE('',#2841,#12059);
#12059 = DEFINITIONAL_REPRESENTATION('',(#12060),#12064);
#12060 = LINE('',#12061,#12062);
#12061 = CARTESIAN_POINT('',(-66.48683879863,17.449512494391));
#12062 = VECTOR('',#12063,1.);
#12063 = DIRECTION('',(0.879348053181,-0.476179589406));
#12064 = ( GEOMETRIC_REPRESENTATION_CONTEXT(2) 
PARAMETRIC_REPRESENTATION_CONTEXT() REPRESENTATION_CONTEXT('2D SPACE',''
  ) );
#12065 = PCURVE('',#2100,#12066);
#12066 = DEFINITIONAL_REPRESENTATION('',(#12067),#12070);
#12067 = B_SPLINE_CURVE_WITH_KNOTS('',1,(#12068,#12069),.UNSPECIFIED.,
  .F.,.F.,(2,2),(0.,120.75846454537),.PIECEWISE_BEZIER_KNOTS.);
#12068 = CARTESIAN_POINT('',(-41.12726868891,41.731171899249));
#12069 = CARTESIAN_POINT('',(65.061452014212,-15.7715441652));
#12070 = ( GEOMETRIC_REPRESENTATION_CONTEXT(2) 
PARAMETRIC_REPRESENTATION_CONTEXT() REPRESENTATION_CONTEXT('2D SPACE',''
  ) );
#12071 = ADVANCED_FACE('',(#12072),#8059,.T.);
#12072 = FACE_BOUND('',#12073,.T.);
#12073 = EDGE_LOOP('',(#12074,#12075,#12076));
#12074 = ORIENTED_EDGE('',*,*,#12031,.F.);
#12075 = ORIENTED_EDGE('',*,*,#8045,.F.);
#12076 = ORIENTED_EDGE('',*,*,#11490,.F.);
#12077 = ADVANCED_FACE('',(#12078),#10192,.T.);
#12078 = FACE_BOUND('',#12079,.T.);
#12079 = EDGE_LOOP('',(#12080,#12081,#12082));
#12080 = ORIENTED_EDGE('',*,*,#12006,.F.);
#12081 = ORIENTED_EDGE('',*,*,#10178,.F.);
#12082 = ORIENTED_EDGE('',*,*,#12083,.T.);
#12083 = EDGE_CURVE('',#7973,#2085,#12084,.T.);
#12084 = SURFACE_CURVE('',#12085,(#12089,#12096),.PCURVE_S1.);
#12085 = LINE('',#12086,#12087);
#12086 = CARTESIAN_POINT('',(-135.1910095214,38.571998596191,1.));
#12087 = VECTOR('',#12088,1.);
#12088 = DIRECTION('',(0.996709497817,-8.105662811429E-02,0.));
#12089 = PCURVE('',#10192,#12090);
#12090 = DEFINITIONAL_REPRESENTATION('',(#12091),#12095);
#12091 = LINE('',#12092,#12093);
#12092 = CARTESIAN_POINT('',(52.859848148181,4.535999652534));
#12093 = VECTOR('',#12094,1.);
#12094 = DIRECTION('',(-0.996709497817,-8.105662811429E-02));
#12095 = ( GEOMETRIC_REPRESENTATION_CONTEXT(2) 
PARAMETRIC_REPRESENTATION_CONTEXT() REPRESENTATION_CONTEXT('2D SPACE',''
  ) );
#12096 = PCURVE('',#2100,#12097);
#12097 = DEFINITIONAL_REPRESENTATION('',(#12098),#12101);
#12098 = B_SPLINE_CURVE_WITH_KNOTS('',1,(#12099,#12100),.UNSPECIFIED.,
  .F.,.F.,(2,2),(0.,106.53928846438),.PIECEWISE_BEZIER_KNOTS.);
#12099 = CARTESIAN_POINT('',(65.061452014212,-15.7715441652));
#12100 = CARTESIAN_POINT('',(-41.12726868891,-24.40725964982));
#12101 = ( GEOMETRIC_REPRESENTATION_CONTEXT(2) 
PARAMETRIC_REPRESENTATION_CONTEXT() REPRESENTATION_CONTEXT('2D SPACE',''
  ) );
#12102 = ADVANCED_FACE('',(#12103),#10164,.T.);
#12103 = FACE_BOUND('',#12104,.T.);
#12104 = EDGE_LOOP('',(#12105,#12106,#12133));
#12105 = ORIENTED_EDGE('',*,*,#10150,.F.);
#12106 = ORIENTED_EDGE('',*,*,#12107,.T.);
#12107 = EDGE_CURVE('',#10124,#12108,#12110,.T.);
#12108 = VERTEX_POINT('',#12109);
#12109 = CARTESIAN_POINT('',(-141.2729949951,32.250999450684,
    2.002000808716));
#12110 = SURFACE_CURVE('',#12111,(#12115,#12122),.PCURVE_S1.);
#12111 = LINE('',#12112,#12113);
#12112 = CARTESIAN_POINT('',(-141.2570037841,32.237998962402,
    2.002000808716));
#12113 = VECTOR('',#12114,1.);
#12114 = DIRECTION('',(-0.775932789344,0.630815588283,0.));
#12115 = PCURVE('',#10164,#12116);
#12116 = DEFINITIONAL_REPRESENTATION('',(#12117),#12121);
#12117 = LINE('',#12118,#12119);
#12118 = CARTESIAN_POINT('',(0.876479686898,-0.708564511554));
#12119 = VECTOR('',#12120,1.);
#12120 = DIRECTION('',(0.775932789344,0.630815588283));
#12121 = ( GEOMETRIC_REPRESENTATION_CONTEXT(2) 
PARAMETRIC_REPRESENTATION_CONTEXT() REPRESENTATION_CONTEXT('2D SPACE',''
  ) );
#12122 = PCURVE('',#12123,#12128);
#12123 = PLANE('',#12124);
#12124 = AXIS2_PLACEMENT_3D('',#12125,#12126,#12127);
#12125 = CARTESIAN_POINT('',(-141.2689560836,32.247715908114,
    1.506099678426));
#12126 = DIRECTION('',(0.630815588283,0.775932789344,1.709640524551E-18)
  );
#12127 = DIRECTION('',(0.775932789344,-0.630815588283,1.925929944387E-34
    ));
#12128 = DEFINITIONAL_REPRESENTATION('',(#12129),#12132);
#12129 = B_SPLINE_CURVE_WITH_KNOTS('',1,(#12130,#12131),.UNSPECIFIED.,
  .F.,.F.,(2,2),(0.,2.060901557083E-02),.PIECEWISE_BEZIER_KNOTS.);
#12130 = CARTESIAN_POINT('',(1.540378185396E-02,-0.495901130289));
#12131 = CARTESIAN_POINT('',(-5.205233716861E-03,-0.495901130289));
#12132 = ( GEOMETRIC_REPRESENTATION_CONTEXT(2) 
PARAMETRIC_REPRESENTATION_CONTEXT() REPRESENTATION_CONTEXT('2D SPACE',''
  ) );
#12133 = ORIENTED_EDGE('',*,*,#12134,.T.);
#12134 = EDGE_CURVE('',#12108,#4532,#12135,.T.);
#12135 = SURFACE_CURVE('',#12136,(#12140,#12147),.PCURVE_S1.);
#12136 = LINE('',#12137,#12138);
#12137 = CARTESIAN_POINT('',(-141.2729949951,32.250999450684,
    2.002000808716));
#12138 = VECTOR('',#12139,1.);
#12139 = DIRECTION('',(0.785995549923,0.618232153403,0.));
#12140 = PCURVE('',#10164,#12141);
#12141 = DEFINITIONAL_REPRESENTATION('',(#12142),#12146);
#12142 = LINE('',#12143,#12144);
#12143 = CARTESIAN_POINT('',(0.892470897836,-0.695564023273));
#12144 = VECTOR('',#12145,1.);
#12145 = DIRECTION('',(-0.785995549923,0.618232153403));
#12146 = ( GEOMETRIC_REPRESENTATION_CONTEXT(2) 
PARAMETRIC_REPRESENTATION_CONTEXT() REPRESENTATION_CONTEXT('2D SPACE',''
  ) );
#12147 = PCURVE('',#12148,#12153);
#12148 = PLANE('',#12149);
#12149 = AXIS2_PLACEMENT_3D('',#12150,#12151,#12152);
#12150 = CARTESIAN_POINT('',(-140.4127014953,32.964885112653,
    2.002000808716));
#12151 = DIRECTION('',(-0.,-0.,-1.));
#12152 = DIRECTION('',(-1.,0.,0.));
#12153 = DEFINITIONAL_REPRESENTATION('',(#12154),#12157);
#12154 = B_SPLINE_CURVE_WITH_KNOTS('',1,(#12155,#12156),.UNSPECIFIED.,
  .F.,.F.,(2,2),(0.,2.270990469979),.PIECEWISE_BEZIER_KNOTS.);
#12155 = CARTESIAN_POINT('',(0.860293499787,-0.713885661969));
#12156 = CARTESIAN_POINT('',(-0.924694903534,0.690113666644));
#12157 = ( GEOMETRIC_REPRESENTATION_CONTEXT(2) 
PARAMETRIC_REPRESENTATION_CONTEXT() REPRESENTATION_CONTEXT('2D SPACE',''
  ) );
#12158 = ADVANCED_FACE('',(#12159),#5869,.T.);
#12159 = FACE_BOUND('',#12160,.T.);
#12160 = EDGE_LOOP('',(#12161,#12162,#12163));
#12161 = ORIENTED_EDGE('',*,*,#5853,.F.);
#12162 = ORIENTED_EDGE('',*,*,#11395,.F.);
#12163 = ORIENTED_EDGE('',*,*,#12164,.T.);
#12164 = EDGE_CURVE('',#4532,#5854,#12165,.T.);
#12165 = SURFACE_CURVE('',#12166,(#12170,#12177),.PCURVE_S1.);
#12166 = LINE('',#12167,#12168);
#12167 = CARTESIAN_POINT('',(-139.4880065917,33.654998779297,
    2.002000808716));
#12168 = VECTOR('',#12169,1.);
#12169 = DIRECTION('',(-0.816942561221,-0.576719040492,0.));
#12170 = PCURVE('',#5869,#12171);
#12171 = DEFINITIONAL_REPRESENTATION('',(#12172),#12176);
#12172 = LINE('',#12173,#12174);
#12173 = CARTESIAN_POINT('',(-0.904482983272,0.596357206641));
#12174 = VECTOR('',#12175,1.);
#12175 = DIRECTION('',(0.816942561221,-0.576719040492));
#12176 = ( GEOMETRIC_REPRESENTATION_CONTEXT(2) 
PARAMETRIC_REPRESENTATION_CONTEXT() REPRESENTATION_CONTEXT('2D SPACE',''
  ) );
#12177 = PCURVE('',#12148,#12178);
#12178 = DEFINITIONAL_REPRESENTATION('',(#12179),#12182);
#12179 = B_SPLINE_CURVE_WITH_KNOTS('',1,(#12180,#12181),.UNSPECIFIED.,
  .F.,.F.,(2,2),(0.,2.222915476434),.PIECEWISE_BEZIER_KNOTS.);
#12180 = CARTESIAN_POINT('',(-0.924694903534,0.690113666644));
#12181 = CARTESIAN_POINT('',(0.891299359162,-0.59188401402));
#12182 = ( GEOMETRIC_REPRESENTATION_CONTEXT(2) 
PARAMETRIC_REPRESENTATION_CONTEXT() REPRESENTATION_CONTEXT('2D SPACE',''
  ) );
#12183 = ADVANCED_FACE('',(#12184),#5475,.T.);
#12184 = FACE_BOUND('',#12185,.T.);
#12185 = EDGE_LOOP('',(#12186,#12211,#12212));
#12186 = ORIENTED_EDGE('',*,*,#12187,.T.);
#12187 = EDGE_CURVE('',#5435,#11217,#12188,.T.);
#12188 = SURFACE_CURVE('',#12189,(#12193,#12200),.PCURVE_S1.);
#12189 = LINE('',#12190,#12191);
#12190 = CARTESIAN_POINT('',(-144.2019958496,32.373001098633,1.));
#12191 = VECTOR('',#12192,1.);
#12192 = DIRECTION('',(-1.,0.,0.));
#12193 = PCURVE('',#5475,#12194);
#12194 = DEFINITIONAL_REPRESENTATION('',(#12195),#12199);
#12195 = LINE('',#12196,#12197);
#12196 = CARTESIAN_POINT('',(-0.129566059369,-9.341610424393E-03));
#12197 = VECTOR('',#12198,1.);
#12198 = DIRECTION('',(1.,0.));
#12199 = ( GEOMETRIC_REPRESENTATION_CONTEXT(2) 
PARAMETRIC_REPRESENTATION_CONTEXT() REPRESENTATION_CONTEXT('2D SPACE',''
  ) );
#12200 = PCURVE('',#12201,#12206);
#12201 = PLANE('',#12202);
#12202 = AXIS2_PLACEMENT_3D('',#12203,#12204,#12205);
#12203 = CARTESIAN_POINT('',(-144.3935038458,32.373001098633,
    1.442991553576));
#12204 = DIRECTION('',(1.717473054461E-27,-1.,2.369465181051E-28));
#12205 = DIRECTION('',(-1.,-1.717473054461E-27,0.));
#12206 = DEFINITIONAL_REPRESENTATION('',(#12207),#12210);
#12207 = B_SPLINE_CURVE_WITH_KNOTS('',1,(#12208,#12209),.UNSPECIFIED.,
  .F.,.F.,(2,2),(0.,0.266998291016),.PIECEWISE_BEZIER_KNOTS.);
#12208 = CARTESIAN_POINT('',(-0.19150799629,0.442991553576));
#12209 = CARTESIAN_POINT('',(7.549029472568E-02,0.442991553576));
#12210 = ( GEOMETRIC_REPRESENTATION_CONTEXT(2) 
PARAMETRIC_REPRESENTATION_CONTEXT() REPRESENTATION_CONTEXT('2D SPACE',''
  ) );
#12211 = ORIENTED_EDGE('',*,*,#11619,.F.);
#12212 = ORIENTED_EDGE('',*,*,#5461,.F.);
#12213 = ADVANCED_FACE('',(#12214),#11303,.T.);
#12214 = FACE_BOUND('',#12215,.T.);
#12215 = EDGE_LOOP('',(#12216,#12236,#12237));
#12216 = ORIENTED_EDGE('',*,*,#12217,.T.);
#12217 = EDGE_CURVE('',#10993,#3088,#12218,.T.);
#12218 = SURFACE_CURVE('',#12219,(#12223,#12230),.PCURVE_S1.);
#12219 = LINE('',#12220,#12221);
#12220 = CARTESIAN_POINT('',(-143.0220031738,29.998001098633,
    2.002000808716));
#12221 = VECTOR('',#12222,1.);
#12222 = DIRECTION('',(-0.714851524566,0.572681121045,-0.401277499275));
#12223 = PCURVE('',#11303,#12224);
#12224 = DEFINITIONAL_REPRESENTATION('',(#12225),#12229);
#12225 = LINE('',#12226,#12227);
#12226 = CARTESIAN_POINT('',(1.341619659406,-0.302964907415));
#12227 = VECTOR('',#12228,1.);
#12228 = DIRECTION('',(-0.915956532034,0.401277499275));
#12229 = ( GEOMETRIC_REPRESENTATION_CONTEXT(2) 
PARAMETRIC_REPRESENTATION_CONTEXT() REPRESENTATION_CONTEXT('2D SPACE',''
  ) );
#12230 = PCURVE('',#3159,#12231);
#12231 = DEFINITIONAL_REPRESENTATION('',(#12232),#12235);
#12232 = B_SPLINE_CURVE_WITH_KNOTS('',1,(#12233,#12234),.UNSPECIFIED.,
  .F.,.F.,(2,2),(0.,2.49702714587),.PIECEWISE_BEZIER_KNOTS.);
#12233 = CARTESIAN_POINT('',(0.94554866552,-0.699035901301));
#12234 = CARTESIAN_POINT('',(-1.341619659406,0.302964907415));
#12235 = ( GEOMETRIC_REPRESENTATION_CONTEXT(2) 
PARAMETRIC_REPRESENTATION_CONTEXT() REPRESENTATION_CONTEXT('2D SPACE',''
  ) );
#12236 = ORIENTED_EDGE('',*,*,#11289,.F.);
#12237 = ORIENTED_EDGE('',*,*,#12238,.T.);
#12238 = EDGE_CURVE('',#11263,#10993,#12239,.T.);
#12239 = SURFACE_CURVE('',#12240,(#12244,#12251),.PCURVE_S1.);
#12240 = LINE('',#12241,#12242);
#12241 = CARTESIAN_POINT('',(-144.8070068359,31.428001403809,
    2.002000808716));
#12242 = VECTOR('',#12243,1.);
#12243 = DIRECTION('',(0.780442629716,-0.625227400009,0.));
#12244 = PCURVE('',#11303,#12245);
#12245 = DEFINITIONAL_REPRESENTATION('',(#12246),#12250);
#12246 = LINE('',#12247,#12248);
#12247 = CARTESIAN_POINT('',(-0.94554866552,-0.302964907415));
#12248 = VECTOR('',#12249,1.);
#12249 = DIRECTION('',(1.,0.));
#12250 = ( GEOMETRIC_REPRESENTATION_CONTEXT(2) 
PARAMETRIC_REPRESENTATION_CONTEXT() REPRESENTATION_CONTEXT('2D SPACE',''
  ) );
#12251 = PCURVE('',#12252,#12257);
#12252 = PLANE('',#12253);
#12253 = AXIS2_PLACEMENT_3D('',#12254,#12255,#12256);
#12254 = CARTESIAN_POINT('',(-143.9068271848,30.750618096548,
    2.002000808716));
#12255 = DIRECTION('',(-1.831469937012E-27,-2.145642130773E-27,-1.));
#12256 = DIRECTION('',(0.,-1.,2.145642130773E-27));
#12257 = DEFINITIONAL_REPRESENTATION('',(#12258),#12261);
#12258 = B_SPLINE_CURVE_WITH_KNOTS('',1,(#12259,#12260),.UNSPECIFIED.,
  .F.,.F.,(2,2),(0.,2.287168324926),.PIECEWISE_BEZIER_KNOTS.);
#12259 = CARTESIAN_POINT('',(-0.67738330726,0.900179651086));
#12260 = CARTESIAN_POINT('',(0.752616997915,-0.884824011023));
#12261 = ( GEOMETRIC_REPRESENTATION_CONTEXT(2) 
PARAMETRIC_REPRESENTATION_CONTEXT() REPRESENTATION_CONTEXT('2D SPACE',''
  ) );
#12262 = ADVANCED_FACE('',(#12263),#3159,.T.);
#12263 = FACE_BOUND('',#12264,.T.);
#12264 = EDGE_LOOP('',(#12265,#12266,#12267));
#12265 = ORIENTED_EDGE('',*,*,#3143,.F.);
#12266 = ORIENTED_EDGE('',*,*,#12217,.F.);
#12267 = ORIENTED_EDGE('',*,*,#10992,.F.);
#12268 = ADVANCED_FACE('',(#12269),#10277,.T.);
#12269 = FACE_BOUND('',#12270,.T.);
#12270 = EDGE_LOOP('',(#12271,#12272,#12273));
#12271 = ORIENTED_EDGE('',*,*,#10263,.F.);
#12272 = ORIENTED_EDGE('',*,*,#10317,.F.);
#12273 = ORIENTED_EDGE('',*,*,#12274,.T.);
#12274 = EDGE_CURVE('',#3846,#111,#12275,.T.);
#12275 = SURFACE_CURVE('',#12276,(#12280,#12287),.PCURVE_S1.);
#12276 = LINE('',#12277,#12278);
#12277 = CARTESIAN_POINT('',(-136.7900085449,30.001998901367,
    2.002000808716));
#12278 = VECTOR('',#12279,1.);
#12279 = DIRECTION('',(-0.999820137667,1.89655560518E-02,0.));
#12280 = PCURVE('',#10277,#12281);
#12281 = DEFINITIONAL_REPRESENTATION('',(#12282),#12286);
#12282 = LINE('',#12283,#12284);
#12283 = CARTESIAN_POINT('',(-3.065989199572,-8.730675628775E-02));
#12284 = VECTOR('',#12285,1.);
#12285 = DIRECTION('',(0.999820137667,1.89655560518E-02));
#12286 = ( GEOMETRIC_REPRESENTATION_CONTEXT(2) 
PARAMETRIC_REPRESENTATION_CONTEXT() REPRESENTATION_CONTEXT('2D SPACE',''
  ) );
#12287 = PCURVE('',#4021,#12288);
#12288 = DEFINITIONAL_REPRESENTATION('',(#12289),#12292);
#12289 = B_SPLINE_CURVE_WITH_KNOTS('',1,(#12290,#12291),.UNSPECIFIED.,
  .F.,.F.,(2,2),(0.,6.169108857892),.PIECEWISE_BEZIER_KNOTS.);
#12290 = CARTESIAN_POINT('',(-3.082751060635,-5.722677683013E-02));
#12291 = CARTESIAN_POINT('',(3.085248206944,5.977380300385E-02));
#12292 = ( GEOMETRIC_REPRESENTATION_CONTEXT(2) 
PARAMETRIC_REPRESENTATION_CONTEXT() REPRESENTATION_CONTEXT('2D SPACE',''
  ) );
#12293 = ADVANCED_FACE('',(#12294),#9557,.T.);
#12294 = FACE_BOUND('',#12295,.T.);
#12295 = EDGE_LOOP('',(#12296,#12297,#12322));
#12296 = ORIENTED_EDGE('',*,*,#10091,.F.);
#12297 = ORIENTED_EDGE('',*,*,#12298,.T.);
#12298 = EDGE_CURVE('',#3006,#9387,#12299,.T.);
#12299 = SURFACE_CURVE('',#12300,(#12304,#12311),.PCURVE_S1.);
#12300 = LINE('',#12301,#12302);
#12301 = CARTESIAN_POINT('',(-144.9977111816,29.936283111572,1.));
#12302 = VECTOR('',#12303,1.);
#12303 = DIRECTION('',(-5.575187684467E-04,0.999999689587,
    5.567747487379E-04));
#12304 = PCURVE('',#9557,#12305);
#12305 = DEFINITIONAL_REPRESENTATION('',(#12306),#12310);
#12306 = LINE('',#12307,#12308);
#12307 = CARTESIAN_POINT('',(-1.515523484735E-03,-3.846872224734));
#12308 = VECTOR('',#12309,1.);
#12309 = DIRECTION('',(7.879246778737E-04,0.999999689587));
#12310 = ( GEOMETRIC_REPRESENTATION_CONTEXT(2) 
PARAMETRIC_REPRESENTATION_CONTEXT() REPRESENTATION_CONTEXT('2D SPACE',''
  ) );
#12311 = PCURVE('',#12312,#12317);
#12312 = PLANE('',#12313);
#12313 = AXIS2_PLACEMENT_3D('',#12314,#12315,#12316);
#12314 = CARTESIAN_POINT('',(-145.5615062502,33.571046915975,
    1.563751538865));
#12315 = DIRECTION('',(-0.707081086016,-4.97470093702E-07,
    -0.707132475423));
#12316 = DIRECTION('',(-0.707132475423,0.,0.707081086016));
#12317 = DEFINITIONAL_REPRESENTATION('',(#12318),#12321);
#12318 = B_SPLINE_CURVE_WITH_KNOTS('',1,(#12319,#12320),.UNSPECIFIED.,
  .F.,.F.,(2,2),(0.,7.690718177091),.PIECEWISE_BEZIER_KNOTS.);
#12319 = CARTESIAN_POINT('',(-0.797295852827,-3.634763804403));
#12320 = CARTESIAN_POINT('',(-0.791236147392,4.055951985393));
#12321 = ( GEOMETRIC_REPRESENTATION_CONTEXT(2) 
PARAMETRIC_REPRESENTATION_CONTEXT() REPRESENTATION_CONTEXT('2D SPACE',''
  ) );
#12322 = ORIENTED_EDGE('',*,*,#9543,.F.);
#12323 = ADVANCED_FACE('',(#12324),#1932,.T.);
#12324 = FACE_BOUND('',#12325,.T.);
#12325 = EDGE_LOOP('',(#12326,#12346,#12347));
#12326 = ORIENTED_EDGE('',*,*,#12327,.T.);
#12327 = EDGE_CURVE('',#3006,#1917,#12328,.T.);
#12328 = SURFACE_CURVE('',#12329,(#12333,#12340),.PCURVE_S1.);
#12329 = LINE('',#12330,#12331);
#12330 = CARTESIAN_POINT('',(-144.9977111816,29.936283111572,1.));
#12331 = VECTOR('',#12332,1.);
#12332 = DIRECTION('',(-0.577369077838,-0.577369077838,0.577312650055));
#12333 = PCURVE('',#1932,#12334);
#12334 = DEFINITIONAL_REPRESENTATION('',(#12335),#12339);
#12335 = LINE('',#12336,#12337);
#12336 = CARTESIAN_POINT('',(-1.41577968575,-0.942781456255));
#12337 = VECTOR('',#12338,1.);
#12338 = DIRECTION('',(0.816483280864,-0.57736907786));
#12339 = ( GEOMETRIC_REPRESENTATION_CONTEXT(2) 
PARAMETRIC_REPRESENTATION_CONTEXT() REPRESENTATION_CONTEXT('2D SPACE',''
  ) );
#12340 = PCURVE('',#1957,#12341);
#12341 = DEFINITIONAL_REPRESENTATION('',(#12342),#12345);
#12342 = B_SPLINE_CURVE_WITH_KNOTS('',1,(#12343,#12344),.UNSPECIFIED.,
  .F.,.F.,(2,2),(0.,6.760317433008E-02),.PIECEWISE_BEZIER_KNOTS.);
#12343 = CARTESIAN_POINT('',(-1.369110623384,0.909925773205));
#12344 = CARTESIAN_POINT('',(-1.31391376181,0.948957755628));
#12345 = ( GEOMETRIC_REPRESENTATION_CONTEXT(2) 
PARAMETRIC_REPRESENTATION_CONTEXT() REPRESENTATION_CONTEXT('2D SPACE',''
  ) );
#12346 = ORIENTED_EDGE('',*,*,#1916,.F.);
#12347 = ORIENTED_EDGE('',*,*,#12348,.T.);
#12348 = EDGE_CURVE('',#314,#3006,#12349,.T.);
#12349 = SURFACE_CURVE('',#12350,(#12354,#12361),.PCURVE_S1.);
#12350 = LINE('',#12351,#12352);
#12351 = CARTESIAN_POINT('',(-147.,31.860363006592,3.002141952515));
#12352 = VECTOR('',#12353,1.);
#12353 = DIRECTION('',(0.584879391243,-0.562034141819,-0.584836490935));
#12354 = PCURVE('',#1932,#12355);
#12355 = DEFINITIONAL_REPRESENTATION('',(#12356),#12360);
#12356 = LINE('',#12357,#12358);
#12357 = CARTESIAN_POINT('',(1.415780468981,0.981298438839));
#12358 = VECTOR('',#12359,1.);
#12359 = DIRECTION('',(-0.827114032891,-0.562034141841));
#12360 = ( GEOMETRIC_REPRESENTATION_CONTEXT(2) 
PARAMETRIC_REPRESENTATION_CONTEXT() REPRESENTATION_CONTEXT('2D SPACE',''
  ) );
#12361 = PCURVE('',#12312,#12362);
#12362 = DEFINITIONAL_REPRESENTATION('',(#12363),#12366);
#12363 = B_SPLINE_CURVE_WITH_KNOTS('',1,(#12364,#12365),.UNSPECIFIED.,
  .F.,.F.,(2,2),(0.,3.423421731625),.PIECEWISE_BEZIER_KNOTS.);
#12364 = CARTESIAN_POINT('',(2.034264301955,-1.710683909384));
#12365 = CARTESIAN_POINT('',(-0.797295852827,-3.634763804403));
#12366 = ( GEOMETRIC_REPRESENTATION_CONTEXT(2) 
PARAMETRIC_REPRESENTATION_CONTEXT() REPRESENTATION_CONTEXT('2D SPACE',''
  ) );
#12367 = ADVANCED_FACE('',(#12368),#9402,.T.);
#12368 = FACE_BOUND('',#12369,.T.);
#12369 = EDGE_LOOP('',(#12370,#12371,#12391));
#12370 = ORIENTED_EDGE('',*,*,#9386,.F.);
#12371 = ORIENTED_EDGE('',*,*,#12372,.T.);
#12372 = EDGE_CURVE('',#9387,#314,#12373,.T.);
#12373 = SURFACE_CURVE('',#12374,(#12378,#12385),.PCURVE_S1.);
#12374 = LINE('',#12375,#12376);
#12375 = CARTESIAN_POINT('',(-145.0019989013,37.626998901367,
    1.004281997681));
#12376 = VECTOR('',#12377,1.);
#12377 = DIRECTION('',(-0.31113533476,-0.897999601095,0.311113355381));
#12378 = PCURVE('',#9402,#12379);
#12379 = DEFINITIONAL_REPRESENTATION('',(#12380),#12384);
#12380 = LINE('',#12381,#12382);
#12381 = CARTESIAN_POINT('',(-1.321613055631,2.431945614593));
#12382 = VECTOR('',#12383,1.);
#12383 = DIRECTION('',(0.439996268658,-0.897999601095));
#12384 = ( GEOMETRIC_REPRESENTATION_CONTEXT(2) 
PARAMETRIC_REPRESENTATION_CONTEXT() REPRESENTATION_CONTEXT('2D SPACE',''
  ) );
#12385 = PCURVE('',#12312,#12386);
#12386 = DEFINITIONAL_REPRESENTATION('',(#12387),#12390);
#12387 = B_SPLINE_CURVE_WITH_KNOTS('',1,(#12388,#12389),.UNSPECIFIED.,
  .F.,.F.,(2,2),(0.,6.421646387974),.PIECEWISE_BEZIER_KNOTS.);
#12388 = CARTESIAN_POINT('',(-0.791236147392,4.055951985393));
#12389 = CARTESIAN_POINT('',(2.034264301955,-1.710683909384));
#12390 = ( GEOMETRIC_REPRESENTATION_CONTEXT(2) 
PARAMETRIC_REPRESENTATION_CONTEXT() REPRESENTATION_CONTEXT('2D SPACE',''
  ) );
#12391 = ORIENTED_EDGE('',*,*,#11846,.F.);
#12392 = ADVANCED_FACE('',(#12393),#2100,.T.);
#12393 = FACE_BOUND('',#12394,.T.);
#12394 = EDGE_LOOP('',(#12395,#12396,#12397));
#12395 = ORIENTED_EDGE('',*,*,#2084,.F.);
#12396 = ORIENTED_EDGE('',*,*,#12083,.F.);
#12397 = ORIENTED_EDGE('',*,*,#12052,.F.);
#12398 = ADVANCED_FACE('',(#12399),#4047,.T.);
#12399 = FACE_BOUND('',#12400,.T.);
#12400 = EDGE_LOOP('',(#12401,#12402,#12422));
#12401 = ORIENTED_EDGE('',*,*,#11745,.F.);
#12402 = ORIENTED_EDGE('',*,*,#12403,.T.);
#12403 = EDGE_CURVE('',#3199,#4006,#12404,.T.);
#12404 = SURFACE_CURVE('',#12405,(#12409,#12416),.PCURVE_S1.);
#12405 = LINE('',#12406,#12407);
#12406 = CARTESIAN_POINT('',(-143.0220031738,29.997001647949,1.));
#12407 = VECTOR('',#12408,1.);
#12408 = DIRECTION('',(0.987319690194,0.,0.158744541185));
#12409 = PCURVE('',#4047,#12410);
#12410 = DEFINITIONAL_REPRESENTATION('',(#12411),#12415);
#12411 = LINE('',#12412,#12413);
#12412 = CARTESIAN_POINT('',(-0.270509836189,-3.346487882622));
#12413 = VECTOR('',#12414,1.);
#12414 = DIRECTION('',(0.158744541185,0.987319690194));
#12415 = ( GEOMETRIC_REPRESENTATION_CONTEXT(2) 
PARAMETRIC_REPRESENTATION_CONTEXT() REPRESENTATION_CONTEXT('2D SPACE',''
  ) );
#12416 = PCURVE('',#10977,#12417);
#12417 = DEFINITIONAL_REPRESENTATION('',(#12418),#12421);
#12418 = B_SPLINE_CURVE_WITH_KNOTS('',1,(#12419,#12420),.UNSPECIFIED.,
  .F.,.F.,(2,2),(0.,6.312033164946),.PIECEWISE_BEZIER_KNOTS.);
#12419 = CARTESIAN_POINT('',(-0.731490972527,-2.885506746284));
#12420 = CARTESIAN_POINT('',(0.270509836189,3.346487882622));
#12421 = ( GEOMETRIC_REPRESENTATION_CONTEXT(2) 
PARAMETRIC_REPRESENTATION_CONTEXT() REPRESENTATION_CONTEXT('2D SPACE',''
  ) );
#12422 = ORIENTED_EDGE('',*,*,#4033,.F.);
#12423 = ADVANCED_FACE('',(#12424),#3270,.T.);
#12424 = FACE_BOUND('',#12425,.T.);
#12425 = EDGE_LOOP('',(#12426,#12427,#12452));
#12426 = ORIENTED_EDGE('',*,*,#3254,.F.);
#12427 = ORIENTED_EDGE('',*,*,#12428,.F.);
#12428 = EDGE_CURVE('',#11319,#3255,#12429,.T.);
#12429 = SURFACE_CURVE('',#12430,(#12434,#12440),.PCURVE_S1.);
#12430 = LINE('',#12431,#12432);
#12431 = CARTESIAN_POINT('',(-144.8090057373,31.428001403809,
    2.002000808716));
#12432 = VECTOR('',#12433,1.);
#12433 = DIRECTION('',(0.,0.686111286889,-0.727496599308));
#12434 = PCURVE('',#3270,#12435);
#12435 = DEFINITIONAL_REPRESENTATION('',(#12436),#12439);
#12436 = B_SPLINE_CURVE_WITH_KNOTS('',1,(#12437,#12438),.UNSPECIFIED.,
  .F.,.F.,(2,2),(0.,1.377327137569),.PIECEWISE_BEZIER_KNOTS.);
#12437 = CARTESIAN_POINT('',(0.643418745851,0.330081505919));
#12438 = CARTESIAN_POINT('',(-0.358582062865,-0.614918188905));
#12439 = ( GEOMETRIC_REPRESENTATION_CONTEXT(2) 
PARAMETRIC_REPRESENTATION_CONTEXT() REPRESENTATION_CONTEXT('2D SPACE',''
  ) );
#12440 = PCURVE('',#12441,#12446);
#12441 = PLANE('',#12442);
#12442 = AXIS2_PLACEMENT_3D('',#12443,#12444,#12445);
#12443 = CARTESIAN_POINT('',(-144.8090057373,32.042919592713,
    1.643418745851));
#12444 = DIRECTION('',(1.,0.,0.));
#12445 = DIRECTION('',(-0.,0.,1.));
#12446 = DEFINITIONAL_REPRESENTATION('',(#12447),#12451);
#12447 = LINE('',#12448,#12449);
#12448 = CARTESIAN_POINT('',(0.358582062865,0.614918188905));
#12449 = VECTOR('',#12450,1.);
#12450 = DIRECTION('',(-0.727496599308,-0.686111286889));
#12451 = ( GEOMETRIC_REPRESENTATION_CONTEXT(2) 
PARAMETRIC_REPRESENTATION_CONTEXT() REPRESENTATION_CONTEXT('2D SPACE',''
  ) );
#12452 = ORIENTED_EDGE('',*,*,#11346,.F.);
#12453 = ADVANCED_FACE('',(#12454),#12441,.T.);
#12454 = FACE_BOUND('',#12455,.T.);
#12455 = EDGE_LOOP('',(#12456,#12457,#12479));
#12456 = ORIENTED_EDGE('',*,*,#12428,.T.);
#12457 = ORIENTED_EDGE('',*,*,#12458,.T.);
#12458 = EDGE_CURVE('',#3255,#12459,#12461,.T.);
#12459 = VERTEX_POINT('',#12460);
#12460 = CARTESIAN_POINT('',(-144.8090057373,32.373001098633,
    2.002000808716));
#12461 = SURFACE_CURVE('',#12462,(#12466,#12473),.PCURVE_S1.);
#12462 = LINE('',#12463,#12464);
#12463 = CARTESIAN_POINT('',(-144.8090057373,32.373001098633,1.));
#12464 = VECTOR('',#12465,1.);
#12465 = DIRECTION('',(0.,0.,1.));
#12466 = PCURVE('',#12441,#12467);
#12467 = DEFINITIONAL_REPRESENTATION('',(#12468),#12472);
#12468 = LINE('',#12469,#12470);
#12469 = CARTESIAN_POINT('',(-0.643418745851,-0.330081505919));
#12470 = VECTOR('',#12471,1.);
#12471 = DIRECTION('',(1.,0.));
#12472 = ( GEOMETRIC_REPRESENTATION_CONTEXT(2) 
PARAMETRIC_REPRESENTATION_CONTEXT() REPRESENTATION_CONTEXT('2D SPACE',''
  ) );
#12473 = PCURVE('',#5084,#12474);
#12474 = DEFINITIONAL_REPRESENTATION('',(#12475),#12478);
#12475 = B_SPLINE_CURVE_WITH_KNOTS('',1,(#12476,#12477),.UNSPECIFIED.,
  .F.,.F.,(2,2),(0.,1.002000808716),.PIECEWISE_BEZIER_KNOTS.);
#12476 = CARTESIAN_POINT('',(0.490003333891,-1.150201400569E-02));
#12477 = CARTESIAN_POINT('',(-0.511997474825,-1.150201400569E-02));
#12478 = ( GEOMETRIC_REPRESENTATION_CONTEXT(2) 
PARAMETRIC_REPRESENTATION_CONTEXT() REPRESENTATION_CONTEXT('2D SPACE',''
  ) );
#12479 = ORIENTED_EDGE('',*,*,#12480,.T.);
#12480 = EDGE_CURVE('',#12459,#11319,#12481,.T.);
#12481 = SURFACE_CURVE('',#12482,(#12486,#12493),.PCURVE_S1.);
#12482 = LINE('',#12483,#12484);
#12483 = CARTESIAN_POINT('',(-144.8090057373,32.373001098633,
    2.002000808716));
#12484 = VECTOR('',#12485,1.);
#12485 = DIRECTION('',(0.,-1.,0.));
#12486 = PCURVE('',#12441,#12487);
#12487 = DEFINITIONAL_REPRESENTATION('',(#12488),#12492);
#12488 = LINE('',#12489,#12490);
#12489 = CARTESIAN_POINT('',(0.358582062865,-0.330081505919));
#12490 = VECTOR('',#12491,1.);
#12491 = DIRECTION('',(0.,1.));
#12492 = ( GEOMETRIC_REPRESENTATION_CONTEXT(2) 
PARAMETRIC_REPRESENTATION_CONTEXT() REPRESENTATION_CONTEXT('2D SPACE',''
  ) );
#12493 = PCURVE('',#12494,#12499);
#12494 = PLANE('',#12495);
#12495 = AXIS2_PLACEMENT_3D('',#12496,#12497,#12498);
#12496 = CARTESIAN_POINT('',(-144.7974885112,31.911483109676,
    2.002000808716));
#12497 = DIRECTION('',(-0.,-0.,-1.));
#12498 = DIRECTION('',(-1.,0.,0.));
#12499 = DEFINITIONAL_REPRESENTATION('',(#12500),#12503);
#12500 = B_SPLINE_CURVE_WITH_KNOTS('',1,(#12501,#12502),.UNSPECIFIED.,
  .F.,.F.,(2,2),(0.,0.944999694824),.PIECEWISE_BEZIER_KNOTS.);
#12501 = CARTESIAN_POINT('',(1.151722601787E-02,0.461517988957));
#12502 = CARTESIAN_POINT('',(1.151722601787E-02,-0.483481705867));
#12503 = ( GEOMETRIC_REPRESENTATION_CONTEXT(2) 
PARAMETRIC_REPRESENTATION_CONTEXT() REPRESENTATION_CONTEXT('2D SPACE',''
  ) );
#12504 = ADVANCED_FACE('',(#12505),#11063,.T.);
#12505 = FACE_BOUND('',#12506,.T.);
#12506 = EDGE_LOOP('',(#12507,#12527,#12547));
#12507 = ORIENTED_EDGE('',*,*,#12508,.T.);
#12508 = EDGE_CURVE('',#8256,#5566,#12509,.T.);
#12509 = SURFACE_CURVE('',#12510,(#12514,#12521),.PCURVE_S1.);
#12510 = LINE('',#12511,#12512);
#12511 = CARTESIAN_POINT('',(-138.7429962158,37.7619972229,1.));
#12512 = VECTOR('',#12513,1.);
#12513 = DIRECTION('',(-0.713836788132,-0.57179661021,0.404333620245));
#12514 = PCURVE('',#11063,#12515);
#12515 = DEFINITIONAL_REPRESENTATION('',(#12516),#12520);
#12516 = LINE('',#12517,#12518);
#12517 = CARTESIAN_POINT('',(-1.330872759318,0.303401613211));
#12518 = VECTOR('',#12519,1.);
#12519 = DIRECTION('',(0.91461156976,-0.404333620245));
#12520 = ( GEOMETRIC_REPRESENTATION_CONTEXT(2) 
PARAMETRIC_REPRESENTATION_CONTEXT() REPRESENTATION_CONTEXT('2D SPACE',''
  ) );
#12521 = PCURVE('',#5613,#12522);
#12522 = DEFINITIONAL_REPRESENTATION('',(#12523),#12526);
#12523 = B_SPLINE_CURVE_WITH_KNOTS('',1,(#12524,#12525),.UNSPECIFIED.,
  .F.,.F.,(2,2),(0.,2.478153580472),.PIECEWISE_BEZIER_KNOTS.);
#12524 = CARTESIAN_POINT('',(-0.935675177025,0.698599195505));
#12525 = CARTESIAN_POINT('',(1.330872759318,-0.303401613211));
#12526 = ( GEOMETRIC_REPRESENTATION_CONTEXT(2) 
PARAMETRIC_REPRESENTATION_CONTEXT() REPRESENTATION_CONTEXT('2D SPACE',''
  ) );
#12527 = ORIENTED_EDGE('',*,*,#12528,.T.);
#12528 = EDGE_CURVE('',#5566,#3593,#12529,.T.);
#12529 = SURFACE_CURVE('',#12530,(#12534,#12541),.PCURVE_S1.);
#12530 = LINE('',#12531,#12532);
#12531 = CARTESIAN_POINT('',(-140.5119934082,36.344997406006,
    2.002000808716));
#12532 = VECTOR('',#12533,1.);
#12533 = DIRECTION('',(0.,0.,-1.));
#12534 = PCURVE('',#11063,#12535);
#12535 = DEFINITIONAL_REPRESENTATION('',(#12536),#12540);
#12536 = LINE('',#12537,#12538);
#12537 = CARTESIAN_POINT('',(0.935675177025,-0.698599195505));
#12538 = VECTOR('',#12539,1.);
#12539 = DIRECTION('',(0.,1.));
#12540 = ( GEOMETRIC_REPRESENTATION_CONTEXT(2) 
PARAMETRIC_REPRESENTATION_CONTEXT() REPRESENTATION_CONTEXT('2D SPACE',''
  ) );
#12541 = PCURVE('',#8369,#12542);
#12542 = DEFINITIONAL_REPRESENTATION('',(#12543),#12546);
#12543 = B_SPLINE_CURVE_WITH_KNOTS('',1,(#12544,#12545),.UNSPECIFIED.,
  .F.,.F.,(2,2),(0.,1.002000808716),.PIECEWISE_BEZIER_KNOTS.);
#12544 = CARTESIAN_POINT('',(-0.296036138568,1.127540006671));
#12545 = CARTESIAN_POINT('',(0.705964670148,1.127540006671));
#12546 = ( GEOMETRIC_REPRESENTATION_CONTEXT(2) 
PARAMETRIC_REPRESENTATION_CONTEXT() REPRESENTATION_CONTEXT('2D SPACE',''
  ) );
#12547 = ORIENTED_EDGE('',*,*,#11049,.F.);
#12548 = ADVANCED_FACE('',(#12549),#5613,.T.);
#12549 = FACE_BOUND('',#12550,.T.);
#12550 = EDGE_LOOP('',(#12551,#12552,#12553));
#12551 = ORIENTED_EDGE('',*,*,#5597,.F.);
#12552 = ORIENTED_EDGE('',*,*,#12508,.F.);
#12553 = ORIENTED_EDGE('',*,*,#12554,.T.);
#12554 = EDGE_CURVE('',#8256,#5598,#12555,.T.);
#12555 = SURFACE_CURVE('',#12556,(#12560,#12567),.PCURVE_S1.);
#12556 = LINE('',#12557,#12558);
#12557 = CARTESIAN_POINT('',(-138.7429962158,37.7619972229,1.));
#12558 = VECTOR('',#12559,1.);
#12559 = DIRECTION('',(0.,0.,1.));
#12560 = PCURVE('',#5613,#12561);
#12561 = DEFINITIONAL_REPRESENTATION('',(#12562),#12566);
#12562 = LINE('',#12563,#12564);
#12563 = CARTESIAN_POINT('',(-0.935675177025,0.698599195505));
#12564 = VECTOR('',#12565,1.);
#12565 = DIRECTION('',(0.,-1.));
#12566 = ( GEOMETRIC_REPRESENTATION_CONTEXT(2) 
PARAMETRIC_REPRESENTATION_CONTEXT() REPRESENTATION_CONTEXT('2D SPACE',''
  ) );
#12567 = PCURVE('',#8271,#12568);
#12568 = DEFINITIONAL_REPRESENTATION('',(#12569),#12572);
#12569 = B_SPLINE_CURVE_WITH_KNOTS('',1,(#12570,#12571),.UNSPECIFIED.,
  .F.,.F.,(2,2),(0.,1.002000808716),.PIECEWISE_BEZIER_KNOTS.);
#12570 = CARTESIAN_POINT('',(5.2046198083E-03,0.49590171946));
#12571 = CARTESIAN_POINT('',(5.2046198083E-03,-0.506099089256));
#12572 = ( GEOMETRIC_REPRESENTATION_CONTEXT(2) 
PARAMETRIC_REPRESENTATION_CONTEXT() REPRESENTATION_CONTEXT('2D SPACE',''
  ) );
#12573 = ADVANCED_FACE('',(#12574),#11028,.T.);
#12574 = FACE_BOUND('',#12575,.T.);
#12575 = EDGE_LOOP('',(#12576,#12596,#12597));
#12576 = ORIENTED_EDGE('',*,*,#12577,.T.);
#12577 = EDGE_CURVE('',#4006,#10937,#12578,.T.);
#12578 = SURFACE_CURVE('',#12579,(#12583,#12590),.PCURVE_S1.);
#12579 = LINE('',#12580,#12581);
#12580 = CARTESIAN_POINT('',(-136.7900085449,29.997001647949,
    2.002000808716));
#12581 = VECTOR('',#12582,1.);
#12582 = DIRECTION('',(-1.,0.,0.));
#12583 = PCURVE('',#11028,#12584);
#12584 = DEFINITIONAL_REPRESENTATION('',(#12585),#12589);
#12585 = LINE('',#12586,#12587);
#12586 = CARTESIAN_POINT('',(-3.116247157088,-2.498827066546E-04));
#12587 = VECTOR('',#12588,1.);
#12588 = DIRECTION('',(1.,0.));
#12589 = ( GEOMETRIC_REPRESENTATION_CONTEXT(2) 
PARAMETRIC_REPRESENTATION_CONTEXT() REPRESENTATION_CONTEXT('2D SPACE',''
  ) );
#12590 = PCURVE('',#10977,#12591);
#12591 = DEFINITIONAL_REPRESENTATION('',(#12592),#12595);
#12592 = B_SPLINE_CURVE_WITH_KNOTS('',1,(#12593,#12594),.UNSPECIFIED.,
  .F.,.F.,(2,2),(0.,6.231994628906),.PIECEWISE_BEZIER_KNOTS.);
#12593 = CARTESIAN_POINT('',(0.270509836189,3.346487882622));
#12594 = CARTESIAN_POINT('',(0.270509836189,-2.885506746284));
#12595 = ( GEOMETRIC_REPRESENTATION_CONTEXT(2) 
PARAMETRIC_REPRESENTATION_CONTEXT() REPRESENTATION_CONTEXT('2D SPACE',''
  ) );
#12596 = ORIENTED_EDGE('',*,*,#11014,.F.);
#12597 = ORIENTED_EDGE('',*,*,#12598,.F.);
#12598 = EDGE_CURVE('',#4006,#10993,#12599,.T.);
#12599 = SURFACE_CURVE('',#12600,(#12604,#12610),.PCURVE_S1.);
#12600 = LINE('',#12601,#12602);
#12601 = CARTESIAN_POINT('',(-136.7900085449,29.997001647949,
    2.002000808716));
#12602 = VECTOR('',#12603,1.);
#12603 = DIRECTION('',(-0.99999998714,1.603741226132E-04,0.));
#12604 = PCURVE('',#11028,#12605);
#12605 = DEFINITIONAL_REPRESENTATION('',(#12606),#12609);
#12606 = B_SPLINE_CURVE_WITH_KNOTS('',1,(#12607,#12608),.UNSPECIFIED.,
  .F.,.F.,(2,2),(0.,6.231994709049),.PIECEWISE_BEZIER_KNOTS.);
#12607 = CARTESIAN_POINT('',(-3.116247157088,-2.498827066546E-04));
#12608 = CARTESIAN_POINT('',(3.115747471818,7.495679769391E-04));
#12609 = ( GEOMETRIC_REPRESENTATION_CONTEXT(2) 
PARAMETRIC_REPRESENTATION_CONTEXT() REPRESENTATION_CONTEXT('2D SPACE',''
  ) );
#12610 = PCURVE('',#12611,#12616);
#12611 = PLANE('',#12612);
#12612 = AXIS2_PLACEMENT_3D('',#12613,#12614,#12615);
#12613 = CARTESIAN_POINT('',(-139.9239301549,30.027935176579,
    2.002000808716));
#12614 = DIRECTION('',(1.476969010399E-29,1.588247999906E-27,-1.));
#12615 = DIRECTION('',(0.,-1.,-1.588247999906E-27));
#12616 = DEFINITIONAL_REPRESENTATION('',(#12617),#12621);
#12617 = LINE('',#12618,#12619);
#12618 = CARTESIAN_POINT('',(3.09335286298E-02,-3.133921610029));
#12619 = VECTOR('',#12620,1.);
#12620 = DIRECTION('',(-1.603741226132E-04,0.99999998714));
#12621 = ( GEOMETRIC_REPRESENTATION_CONTEXT(2) 
PARAMETRIC_REPRESENTATION_CONTEXT() REPRESENTATION_CONTEXT('2D SPACE',''
  ) );
#12622 = ADVANCED_FACE('',(#12623),#12611,.T.);
#12623 = FACE_BOUND('',#12624,.T.);
#12624 = EDGE_LOOP('',(#12625,#12645,#12665));
#12625 = ORIENTED_EDGE('',*,*,#12626,.T.);
#12626 = EDGE_CURVE('',#10993,#111,#12627,.T.);
#12627 = SURFACE_CURVE('',#12628,(#12632,#12639),.PCURVE_S1.);
#12628 = LINE('',#12629,#12630);
#12629 = CARTESIAN_POINT('',(-143.0220031738,29.998001098633,
    2.002000808716));
#12630 = VECTOR('',#12631,1.);
#12631 = DIRECTION('',(0.467530431674,0.883976976769,0.));
#12632 = PCURVE('',#12611,#12633);
#12633 = DEFINITIONAL_REPRESENTATION('',(#12634),#12638);
#12634 = LINE('',#12635,#12636);
#12635 = CARTESIAN_POINT('',(2.993407794621E-02,3.098073018877));
#12636 = VECTOR('',#12637,1.);
#12637 = DIRECTION('',(-0.883976976769,-0.467530431674));
#12638 = ( GEOMETRIC_REPRESENTATION_CONTEXT(2) 
PARAMETRIC_REPRESENTATION_CONTEXT() REPRESENTATION_CONTEXT('2D SPACE',''
  ) );
#12639 = PCURVE('',#126,#12640);
#12640 = DEFINITIONAL_REPRESENTATION('',(#12641),#12644);
#12641 = B_SPLINE_CURVE_WITH_KNOTS('',1,(#12642,#12643),.UNSPECIFIED.,
  .F.,.F.,(2,2),(0.,0.136879563324),.PIECEWISE_BEZIER_KNOTS.);
#12642 = CARTESIAN_POINT('',(-0.776365722554,-0.749527978296));
#12643 = CARTESIAN_POINT('',(-0.840361083882,-0.628529595728));
#12644 = ( GEOMETRIC_REPRESENTATION_CONTEXT(2) 
PARAMETRIC_REPRESENTATION_CONTEXT() REPRESENTATION_CONTEXT('2D SPACE',''
  ) );
#12645 = ORIENTED_EDGE('',*,*,#12646,.T.);
#12646 = EDGE_CURVE('',#111,#4006,#12647,.T.);
#12647 = SURFACE_CURVE('',#12648,(#12652,#12659),.PCURVE_S1.);
#12648 = LINE('',#12649,#12650);
#12649 = CARTESIAN_POINT('',(-142.9580078125,30.118999481201,
    2.002000808716));
#12650 = VECTOR('',#12651,1.);
#12651 = DIRECTION('',(0.999804449825,-1.977529037584E-02,0.));
#12652 = PCURVE('',#12611,#12653);
#12653 = DEFINITIONAL_REPRESENTATION('',(#12654),#12658);
#12654 = LINE('',#12655,#12656);
#12655 = CARTESIAN_POINT('',(-9.106430462215E-02,3.034077657549));
#12656 = VECTOR('',#12657,1.);
#12657 = DIRECTION('',(1.977529037584E-02,-0.999804449825));
#12658 = ( GEOMETRIC_REPRESENTATION_CONTEXT(2) 
PARAMETRIC_REPRESENTATION_CONTEXT() REPRESENTATION_CONTEXT('2D SPACE',''
  ) );
#12659 = PCURVE('',#4021,#12660);
#12660 = DEFINITIONAL_REPRESENTATION('',(#12661),#12664);
#12661 = B_SPLINE_CURVE_WITH_KNOTS('',1,(#12662,#12663),.UNSPECIFIED.,
  .F.,.F.,(2,2),(0.,6.169205656822),.PIECEWISE_BEZIER_KNOTS.);
#12662 = CARTESIAN_POINT('',(3.085248206944,5.977380300385E-02));
#12663 = CARTESIAN_POINT('',(-3.082751060635,-6.22240302481E-02));
#12664 = ( GEOMETRIC_REPRESENTATION_CONTEXT(2) 
PARAMETRIC_REPRESENTATION_CONTEXT() REPRESENTATION_CONTEXT('2D SPACE',''
  ) );
#12665 = ORIENTED_EDGE('',*,*,#12598,.T.);
#12666 = ADVANCED_FACE('',(#12667),#10977,.T.);
#12667 = FACE_BOUND('',#12668,.T.);
#12668 = EDGE_LOOP('',(#12669,#12670,#12671));
#12669 = ORIENTED_EDGE('',*,*,#12403,.F.);
#12670 = ORIENTED_EDGE('',*,*,#10963,.F.);
#12671 = ORIENTED_EDGE('',*,*,#12577,.F.);
#12672 = ADVANCED_FACE('',(#12673),#12312,.T.);
#12673 = FACE_BOUND('',#12674,.T.);
#12674 = EDGE_LOOP('',(#12675,#12676,#12677));
#12675 = ORIENTED_EDGE('',*,*,#12372,.F.);
#12676 = ORIENTED_EDGE('',*,*,#12298,.F.);
#12677 = ORIENTED_EDGE('',*,*,#12348,.F.);
#12678 = ADVANCED_FACE('',(#12679),#3615,.T.);
#12679 = FACE_BOUND('',#12680,.T.);
#12680 = EDGE_LOOP('',(#12681,#12701,#12721));
#12681 = ORIENTED_EDGE('',*,*,#12682,.T.);
#12682 = EDGE_CURVE('',#3593,#3761,#12683,.T.);
#12683 = SURFACE_CURVE('',#12684,(#12688,#12695),.PCURVE_S1.);
#12684 = LINE('',#12685,#12686);
#12685 = CARTESIAN_POINT('',(-140.5119934082,36.344997406006,1.));
#12686 = VECTOR('',#12687,1.);
#12687 = DIRECTION('',(-0.936025991246,0.,0.351930879169));
#12688 = PCURVE('',#3615,#12689);
#12689 = DEFINITIONAL_REPRESENTATION('',(#12690),#12694);
#12690 = LINE('',#12691,#12692);
#12691 = CARTESIAN_POINT('',(0.296036138568,1.537468538251));
#12692 = VECTOR('',#12693,1.);
#12693 = DIRECTION('',(-0.351930879169,-0.936025991246));
#12694 = ( GEOMETRIC_REPRESENTATION_CONTEXT(2) 
PARAMETRIC_REPRESENTATION_CONTEXT() REPRESENTATION_CONTEXT('2D SPACE',''
  ) );
#12695 = PCURVE('',#8369,#12696);
#12696 = DEFINITIONAL_REPRESENTATION('',(#12697),#12700);
#12697 = B_SPLINE_CURVE_WITH_KNOTS('',1,(#12698,#12699),.UNSPECIFIED.,
  .F.,.F.,(2,2),(0.,2.847152290478),.PIECEWISE_BEZIER_KNOTS.);
#12698 = CARTESIAN_POINT('',(0.705964670148,1.127540006671));
#12699 = CARTESIAN_POINT('',(-0.296036138568,-1.537468538251));
#12700 = ( GEOMETRIC_REPRESENTATION_CONTEXT(2) 
PARAMETRIC_REPRESENTATION_CONTEXT() REPRESENTATION_CONTEXT('2D SPACE',''
  ) );
#12701 = ORIENTED_EDGE('',*,*,#12702,.T.);
#12702 = EDGE_CURVE('',#3761,#3595,#12703,.T.);
#12703 = SURFACE_CURVE('',#12704,(#12708,#12715),.PCURVE_S1.);
#12704 = LINE('',#12705,#12706);
#12705 = CARTESIAN_POINT('',(-143.1770019531,36.344997406006,
    2.002000808716));
#12706 = VECTOR('',#12707,1.);
#12707 = DIRECTION('',(0.,0.,-1.));
#12708 = PCURVE('',#3615,#12709);
#12709 = DEFINITIONAL_REPRESENTATION('',(#12710),#12714);
#12710 = LINE('',#12711,#12712);
#12711 = CARTESIAN_POINT('',(-0.705964670148,-1.127540006671));
#12712 = VECTOR('',#12713,1.);
#12713 = DIRECTION('',(1.,0.));
#12714 = ( GEOMETRIC_REPRESENTATION_CONTEXT(2) 
PARAMETRIC_REPRESENTATION_CONTEXT() REPRESENTATION_CONTEXT('2D SPACE',''
  ) );
#12715 = PCURVE('',#3689,#12716);
#12716 = DEFINITIONAL_REPRESENTATION('',(#12717),#12720);
#12717 = B_SPLINE_CURVE_WITH_KNOTS('',1,(#12718,#12719),.UNSPECIFIED.,
  .F.,.F.,(2,2),(0.,1.002000808716),.PIECEWISE_BEZIER_KNOTS.);
#12718 = CARTESIAN_POINT('',(-0.877570981194,-0.695874372823));
#12719 = CARTESIAN_POINT('',(-0.877570981194,0.306126435892));
#12720 = ( GEOMETRIC_REPRESENTATION_CONTEXT(2) 
PARAMETRIC_REPRESENTATION_CONTEXT() REPRESENTATION_CONTEXT('2D SPACE',''
  ) );
#12721 = ORIENTED_EDGE('',*,*,#3592,.F.);
#12722 = ADVANCED_FACE('',(#12723),#8369,.T.);
#12723 = FACE_BOUND('',#12724,.T.);
#12724 = EDGE_LOOP('',(#12725,#12726,#12727));
#12725 = ORIENTED_EDGE('',*,*,#8355,.F.);
#12726 = ORIENTED_EDGE('',*,*,#12682,.F.);
#12727 = ORIENTED_EDGE('',*,*,#12528,.F.);
#12728 = ADVANCED_FACE('',(#12729),#71,.T.);
#12729 = FACE_BOUND('',#12730,.T.);
#12730 = EDGE_LOOP('',(#12731,#12732,#12733));
#12731 = ORIENTED_EDGE('',*,*,#11136,.F.);
#12732 = ORIENTED_EDGE('',*,*,#55,.F.);
#12733 = ORIENTED_EDGE('',*,*,#12734,.T.);
#12734 = EDGE_CURVE('',#24,#11109,#12735,.T.);
#12735 = SURFACE_CURVE('',#12736,(#12740,#12747),.PCURVE_S1.);
#12736 = LINE('',#12737,#12738);
#12737 = CARTESIAN_POINT('',(-144.6569976806,32.250999450684,
    2.002000808716));
#12738 = VECTOR('',#12739,1.);
#12739 = DIRECTION('',(0.,0.,-1.));
#12740 = PCURVE('',#71,#12741);
#12741 = DEFINITIONAL_REPRESENTATION('',(#12742),#12746);
#12742 = LINE('',#12743,#12744);
#12743 = CARTESIAN_POINT('',(-0.62817637564,-0.258323982942));
#12744 = VECTOR('',#12745,1.);
#12745 = DIRECTION('',(1.,0.));
#12746 = ( GEOMETRIC_REPRESENTATION_CONTEXT(2) 
PARAMETRIC_REPRESENTATION_CONTEXT() REPRESENTATION_CONTEXT('2D SPACE',''
  ) );
#12747 = PCURVE('',#12748,#12753);
#12748 = PLANE('',#12749);
#12749 = AXIS2_PLACEMENT_3D('',#12750,#12751,#12752);
#12750 = CARTESIAN_POINT('',(-143.1791891658,32.250999450684,
    1.715193232353));
#12751 = DIRECTION('',(0.,1.,0.));
#12752 = DIRECTION('',(0.,-0.,1.));
#12753 = DEFINITIONAL_REPRESENTATION('',(#12754),#12757);
#12754 = B_SPLINE_CURVE_WITH_KNOTS('',1,(#12755,#12756),.UNSPECIFIED.,
  .F.,.F.,(2,2),(0.,1.002000808716),.PIECEWISE_BEZIER_KNOTS.);
#12755 = CARTESIAN_POINT('',(0.286807576363,-1.477808514778));
#12756 = CARTESIAN_POINT('',(-0.715193232353,-1.477808514778));
#12757 = ( GEOMETRIC_REPRESENTATION_CONTEXT(2) 
PARAMETRIC_REPRESENTATION_CONTEXT() REPRESENTATION_CONTEXT('2D SPACE',''
  ) );
#12758 = ADVANCED_FACE('',(#12759),#4021,.T.);
#12759 = FACE_BOUND('',#12760,.T.);
#12760 = EDGE_LOOP('',(#12761,#12762,#12763));
#12761 = ORIENTED_EDGE('',*,*,#12646,.F.);
#12762 = ORIENTED_EDGE('',*,*,#12274,.F.);
#12763 = ORIENTED_EDGE('',*,*,#4005,.F.);
#12764 = ADVANCED_FACE('',(#12765),#10139,.T.);
#12765 = FACE_BOUND('',#12766,.T.);
#12766 = EDGE_LOOP('',(#12767,#12768,#12769));
#12767 = ORIENTED_EDGE('',*,*,#10123,.F.);
#12768 = ORIENTED_EDGE('',*,*,#11419,.F.);
#12769 = ORIENTED_EDGE('',*,*,#12770,.T.);
#12770 = EDGE_CURVE('',#11160,#10124,#12771,.T.);
#12771 = SURFACE_CURVE('',#12772,(#12776,#12783),.PCURVE_S1.);
#12772 = LINE('',#12773,#12774);
#12773 = CARTESIAN_POINT('',(-141.2570037841,32.237998962402,1.));
#12774 = VECTOR('',#12775,1.);
#12775 = DIRECTION('',(0.,0.,1.));
#12776 = PCURVE('',#10139,#12777);
#12777 = DEFINITIONAL_REPRESENTATION('',(#12778),#12782);
#12778 = LINE('',#12779,#12780);
#12779 = CARTESIAN_POINT('',(-0.935675177025,0.303401613211));
#12780 = VECTOR('',#12781,1.);
#12781 = DIRECTION('',(0.,-1.));
#12782 = ( GEOMETRIC_REPRESENTATION_CONTEXT(2) 
PARAMETRIC_REPRESENTATION_CONTEXT() REPRESENTATION_CONTEXT('2D SPACE',''
  ) );
#12783 = PCURVE('',#11175,#12784);
#12784 = DEFINITIONAL_REPRESENTATION('',(#12785),#12788);
#12785 = B_SPLINE_CURVE_WITH_KNOTS('',1,(#12786,#12787),.UNSPECIFIED.,
  .F.,.F.,(2,2),(0.,1.002000808716),.PIECEWISE_BEZIER_KNOTS.);
#12786 = CARTESIAN_POINT('',(5.205233716861E-03,0.495901130289));
#12787 = CARTESIAN_POINT('',(5.205233716861E-03,-0.506099678426));
#12788 = ( GEOMETRIC_REPRESENTATION_CONTEXT(2) 
PARAMETRIC_REPRESENTATION_CONTEXT() REPRESENTATION_CONTEXT('2D SPACE',''
  ) );
#12789 = ADVANCED_FACE('',(#12790),#2480,.T.);
#12790 = FACE_BOUND('',#12791,.T.);
#12791 = EDGE_LOOP('',(#12792,#12812,#12813));
#12792 = ORIENTED_EDGE('',*,*,#12793,.T.);
#12793 = EDGE_CURVE('',#1189,#3006,#12794,.T.);
#12794 = SURFACE_CURVE('',#12795,(#12799,#12806),.PCURVE_S1.);
#12795 = LINE('',#12796,#12797);
#12796 = CARTESIAN_POINT('',(-143.1393585205,28.,2.936145782471));
#12797 = VECTOR('',#12798,1.);
#12798 = DIRECTION('',(-0.561558173324,0.585107245742,-0.585065747548));
#12799 = PCURVE('',#2480,#12800);
#12800 = DEFINITIONAL_REPRESENTATION('',(#12801),#12805);
#12801 = LINE('',#12802,#12803);
#12802 = CARTESIAN_POINT('',(2.049315094756,55.784837215294));
#12803 = VECTOR('',#12804,1.);
#12804 = DIRECTION('',(-0.827437259237,0.561558173324));
#12805 = ( GEOMETRIC_REPRESENTATION_CONTEXT(2) 
PARAMETRIC_REPRESENTATION_CONTEXT() REPRESENTATION_CONTEXT('2D SPACE',''
  ) );
#12806 = PCURVE('',#1957,#12807);
#12807 = DEFINITIONAL_REPRESENTATION('',(#12808),#12811);
#12808 = B_SPLINE_CURVE_WITH_KNOTS('',1,(#12809,#12810),.UNSPECIFIED.,
  .F.,.F.,(2,2),(0.,3.309278983748),.PIECEWISE_BEZIER_KNOTS.);
#12809 = CARTESIAN_POINT('',(1.36911010892,-0.948426888015));
#12810 = CARTESIAN_POINT('',(-1.369110623384,0.909925773205));
#12811 = ( GEOMETRIC_REPRESENTATION_CONTEXT(2) 
PARAMETRIC_REPRESENTATION_CONTEXT() REPRESENTATION_CONTEXT('2D SPACE',''
  ) );
#12812 = ORIENTED_EDGE('',*,*,#3005,.F.);
#12813 = ORIENTED_EDGE('',*,*,#2466,.F.);
#12814 = ADVANCED_FACE('',(#12815),#1957,.T.);
#12815 = FACE_BOUND('',#12816,.T.);
#12816 = EDGE_LOOP('',(#12817,#12818,#12819));
#12817 = ORIENTED_EDGE('',*,*,#12327,.F.);
#12818 = ORIENTED_EDGE('',*,*,#12793,.F.);
#12819 = ORIENTED_EDGE('',*,*,#1943,.F.);
#12820 = ADVANCED_FACE('',(#12821),#9829,.T.);
#12821 = FACE_BOUND('',#12822,.T.);
#12822 = EDGE_LOOP('',(#12823,#12824,#12825));
#12823 = ORIENTED_EDGE('',*,*,#10462,.F.);
#12824 = ORIENTED_EDGE('',*,*,#9815,.F.);
#12825 = ORIENTED_EDGE('',*,*,#11690,.F.);
#12826 = ADVANCED_FACE('',(#12827),#4284,.T.);
#12827 = FACE_BOUND('',#12828,.T.);
#12828 = EDGE_LOOP('',(#12829,#12830,#12850));
#12829 = ORIENTED_EDGE('',*,*,#8575,.F.);
#12830 = ORIENTED_EDGE('',*,*,#12831,.T.);
#12831 = EDGE_CURVE('',#6262,#2918,#12832,.T.);
#12832 = SURFACE_CURVE('',#12833,(#12837,#12844),.PCURVE_S1.);
#12833 = LINE('',#12834,#12835);
#12834 = CARTESIAN_POINT('',(-134.9970092773,32.373001098633,
    2.002000808716));
#12835 = VECTOR('',#12836,1.);
#12836 = DIRECTION('',(0.,-0.686111286889,-0.727496599308));
#12837 = PCURVE('',#4284,#12838);
#12838 = DEFINITIONAL_REPRESENTATION('',(#12839),#12843);
#12839 = LINE('',#12840,#12841);
#12840 = CARTESIAN_POINT('',(-0.358582062865,-0.614918188905));
#12841 = VECTOR('',#12842,1.);
#12842 = DIRECTION('',(0.727496599308,0.686111286889));
#12843 = ( GEOMETRIC_REPRESENTATION_CONTEXT(2) 
PARAMETRIC_REPRESENTATION_CONTEXT() REPRESENTATION_CONTEXT('2D SPACE',''
  ) );
#12844 = PCURVE('',#6303,#12845);
#12845 = DEFINITIONAL_REPRESENTATION('',(#12846),#12849);
#12846 = B_SPLINE_CURVE_WITH_KNOTS('',1,(#12847,#12848),.UNSPECIFIED.,
  .F.,.F.,(2,2),(0.,1.377327137569),.PIECEWISE_BEZIER_KNOTS.);
#12847 = CARTESIAN_POINT('',(-0.643418745851,-0.330081505919));
#12848 = CARTESIAN_POINT('',(0.358582062865,0.614918188905));
#12849 = ( GEOMETRIC_REPRESENTATION_CONTEXT(2) 
PARAMETRIC_REPRESENTATION_CONTEXT() REPRESENTATION_CONTEXT('2D SPACE',''
  ) );
#12850 = ORIENTED_EDGE('',*,*,#4270,.F.);
#12851 = ADVANCED_FACE('',(#12852),#1261,.T.);
#12852 = FACE_BOUND('',#12853,.T.);
#12853 = EDGE_LOOP('',(#12854,#12879,#12899));
#12854 = ORIENTED_EDGE('',*,*,#12855,.T.);
#12855 = EDGE_CURVE('',#707,#1703,#12856,.T.);
#12856 = SURFACE_CURVE('',#12857,(#12861,#12868),.PCURVE_S1.);
#12857 = LINE('',#12858,#12859);
#12858 = CARTESIAN_POINT('',(-30.14434814453,98.,11.));
#12859 = VECTOR('',#12860,1.);
#12860 = DIRECTION('',(0.,0.,-1.));
#12861 = PCURVE('',#1261,#12862);
#12862 = DEFINITIONAL_REPRESENTATION('',(#12863),#12867);
#12863 = LINE('',#12864,#12865);
#12864 = CARTESIAN_POINT('',(2.090389358142,54.837287055591));
#12865 = VECTOR('',#12866,1.);
#12866 = DIRECTION('',(-1.,0.));
#12867 = ( GEOMETRIC_REPRESENTATION_CONTEXT(2) 
PARAMETRIC_REPRESENTATION_CONTEXT() REPRESENTATION_CONTEXT('2D SPACE',''
  ) );
#12868 = PCURVE('',#12869,#12874);
#12869 = PLANE('',#12870);
#12870 = AXIS2_PLACEMENT_3D('',#12871,#12872,#12873);
#12871 = CARTESIAN_POINT('',(-29.15791683389,97.013499279006,
    6.158209192888));
#12872 = DIRECTION('',(0.707131657701,0.707081903797,-6.876251903048E-17
    ));
#12873 = DIRECTION('',(-0.707081903797,0.707131657701,
    -6.162975822039E-33));
#12874 = DEFINITIONAL_REPRESENTATION('',(#12875),#12878);
#12875 = B_SPLINE_CURVE_WITH_KNOTS('',1,(#12876,#12877),.UNSPECIFIED.,
  .F.,.F.,(2,2),(0.,8.074853897095),.PIECEWISE_BEZIER_KNOTS.);
#12876 = CARTESIAN_POINT('',(1.395073619248,4.841790807112));
#12877 = CARTESIAN_POINT('',(1.395073619248,-3.233063089983));
#12878 = ( GEOMETRIC_REPRESENTATION_CONTEXT(2) 
PARAMETRIC_REPRESENTATION_CONTEXT() REPRESENTATION_CONTEXT('2D SPACE',''
  ) );
#12879 = ORIENTED_EDGE('',*,*,#12880,.T.);
#12880 = EDGE_CURVE('',#1703,#1246,#12881,.T.);
#12881 = SURFACE_CURVE('',#12882,(#12886,#12893),.PCURVE_S1.);
#12882 = LINE('',#12883,#12884);
#12883 = CARTESIAN_POINT('',(-30.14434814453,98.,2.925146102905));
#12884 = VECTOR('',#12885,1.);
#12885 = DIRECTION('',(-0.997481861605,0.,7.092204008477E-02));
#12886 = PCURVE('',#1261,#12887);
#12887 = DEFINITIONAL_REPRESENTATION('',(#12888),#12892);
#12888 = LINE('',#12889,#12890);
#12889 = CARTESIAN_POINT('',(-5.984464538952,54.837287055591));
#12890 = VECTOR('',#12891,1.);
#12891 = DIRECTION('',(7.092204008477E-02,-0.997481861605));
#12892 = ( GEOMETRIC_REPRESENTATION_CONTEXT(2) 
PARAMETRIC_REPRESENTATION_CONTEXT() REPRESENTATION_CONTEXT('2D SPACE',''
  ) );
#12893 = PCURVE('',#2536,#12894);
#12894 = DEFINITIONAL_REPRESENTATION('',(#12895),#12898);
#12895 = B_SPLINE_CURVE_WITH_KNOTS('',1,(#12896,#12897),.UNSPECIFIED.,
  .F.,.F.,(2,2),(0.,113.85535282746),.PIECEWISE_BEZIER_KNOTS.);
#12896 = CARTESIAN_POINT('',(-2.090389358142,58.731362236401));
#12897 = CARTESIAN_POINT('',(5.984464538952,-54.83728705559));
#12898 = ( GEOMETRIC_REPRESENTATION_CONTEXT(2) 
PARAMETRIC_REPRESENTATION_CONTEXT() REPRESENTATION_CONTEXT('2D SPACE',''
  ) );
#12899 = ORIENTED_EDGE('',*,*,#1245,.F.);
#12900 = ADVANCED_FACE('',(#12901),#8559,.T.);
#12901 = FACE_BOUND('',#12902,.T.);
#12902 = EDGE_LOOP('',(#12903,#12904,#12924));
#12903 = ORIENTED_EDGE('',*,*,#11238,.F.);
#12904 = ORIENTED_EDGE('',*,*,#12905,.T.);
#12905 = EDGE_CURVE('',#11217,#4901,#12906,.T.);
#12906 = SURFACE_CURVE('',#12907,(#12911,#12918),.PCURVE_S1.);
#12907 = LINE('',#12908,#12909);
#12908 = CARTESIAN_POINT('',(-144.4689941406,32.373001098633,1.));
#12909 = VECTOR('',#12910,1.);
#12910 = DIRECTION('',(0.,0.,1.));
#12911 = PCURVE('',#8559,#12912);
#12912 = DEFINITIONAL_REPRESENTATION('',(#12913),#12917);
#12913 = LINE('',#12914,#12915);
#12914 = CARTESIAN_POINT('',(-4.779014780031,0.739024184553));
#12915 = VECTOR('',#12916,1.);
#12916 = DIRECTION('',(0.,-1.));
#12917 = ( GEOMETRIC_REPRESENTATION_CONTEXT(2) 
PARAMETRIC_REPRESENTATION_CONTEXT() REPRESENTATION_CONTEXT('2D SPACE',''
  ) );
#12918 = PCURVE('',#12201,#12919);
#12919 = DEFINITIONAL_REPRESENTATION('',(#12920),#12923);
#12920 = B_SPLINE_CURVE_WITH_KNOTS('',1,(#12921,#12922),.UNSPECIFIED.,
  .F.,.F.,(2,2),(0.,1.002000808716),.PIECEWISE_BEZIER_KNOTS.);
#12921 = CARTESIAN_POINT('',(7.549029472568E-02,0.442991553576));
#12922 = CARTESIAN_POINT('',(7.549029472568E-02,-0.55900925514));
#12923 = ( GEOMETRIC_REPRESENTATION_CONTEXT(2) 
PARAMETRIC_REPRESENTATION_CONTEXT() REPRESENTATION_CONTEXT('2D SPACE',''
  ) );
#12924 = ORIENTED_EDGE('',*,*,#8545,.F.);
#12925 = ADVANCED_FACE('',(#12926),#2536,.T.);
#12926 = FACE_BOUND('',#12927,.T.);
#12927 = EDGE_LOOP('',(#12928,#12929,#12930));
#12928 = ORIENTED_EDGE('',*,*,#12880,.F.);
#12929 = ORIENTED_EDGE('',*,*,#2522,.F.);
#12930 = ORIENTED_EDGE('',*,*,#2662,.F.);
#12931 = ADVANCED_FACE('',(#12932),#12748,.T.);
#12932 = FACE_BOUND('',#12933,.T.);
#12933 = EDGE_LOOP('',(#12934,#12954,#12955));
#12934 = ORIENTED_EDGE('',*,*,#12935,.T.);
#12935 = EDGE_CURVE('',#12108,#11109,#12936,.T.);
#12936 = SURFACE_CURVE('',#12937,(#12941,#12948),.PCURVE_S1.);
#12937 = LINE('',#12938,#12939);
#12938 = CARTESIAN_POINT('',(-141.2729949951,32.250999450684,
    2.002000808716));
#12939 = VECTOR('',#12940,1.);
#12940 = DIRECTION('',(-0.958849548787,0.,-0.283914675194));
#12941 = PCURVE('',#12748,#12942);
#12942 = DEFINITIONAL_REPRESENTATION('',(#12943),#12947);
#12943 = LINE('',#12944,#12945);
#12944 = CARTESIAN_POINT('',(0.286807576363,1.906194170769));
#12945 = VECTOR('',#12946,1.);
#12946 = DIRECTION('',(-0.283914675194,-0.958849548787));
#12947 = ( GEOMETRIC_REPRESENTATION_CONTEXT(2) 
PARAMETRIC_REPRESENTATION_CONTEXT() REPRESENTATION_CONTEXT('2D SPACE',''
  ) );
#12948 = PCURVE('',#11124,#12949);
#12949 = DEFINITIONAL_REPRESENTATION('',(#12950),#12953);
#12950 = B_SPLINE_CURVE_WITH_KNOTS('',1,(#12951,#12952),.UNSPECIFIED.,
  .F.,.F.,(2,2),(0.,3.529232182282),.PIECEWISE_BEZIER_KNOTS.);
#12951 = CARTESIAN_POINT('',(0.715193232353,1.477808514778));
#12952 = CARTESIAN_POINT('',(-0.286807576363,-1.906194170769));
#12953 = ( GEOMETRIC_REPRESENTATION_CONTEXT(2) 
PARAMETRIC_REPRESENTATION_CONTEXT() REPRESENTATION_CONTEXT('2D SPACE',''
  ) );
#12954 = ORIENTED_EDGE('',*,*,#12734,.F.);
#12955 = ORIENTED_EDGE('',*,*,#12956,.T.);
#12956 = EDGE_CURVE('',#24,#12108,#12957,.T.);
#12957 = SURFACE_CURVE('',#12958,(#12962,#12969),.PCURVE_S1.);
#12958 = LINE('',#12959,#12960);
#12959 = CARTESIAN_POINT('',(-144.6569976806,32.250999450684,
    2.002000808716));
#12960 = VECTOR('',#12961,1.);
#12961 = DIRECTION('',(1.,0.,0.));
#12962 = PCURVE('',#12748,#12963);
#12963 = DEFINITIONAL_REPRESENTATION('',(#12964),#12968);
#12964 = LINE('',#12965,#12966);
#12965 = CARTESIAN_POINT('',(0.286807576363,-1.477808514778));
#12966 = VECTOR('',#12967,1.);
#12967 = DIRECTION('',(0.,1.));
#12968 = ( GEOMETRIC_REPRESENTATION_CONTEXT(2) 
PARAMETRIC_REPRESENTATION_CONTEXT() REPRESENTATION_CONTEXT('2D SPACE',''
  ) );
#12969 = PCURVE('',#12970,#12975);
#12970 = PLANE('',#12971);
#12971 = AXIS2_PLACEMENT_3D('',#12972,#12973,#12974);
#12972 = CARTESIAN_POINT('',(-142.9668641054,32.281558584226,
    2.002000808716));
#12973 = DIRECTION('',(-0.,-0.,-1.));
#12974 = DIRECTION('',(-1.,0.,0.));
#12975 = DEFINITIONAL_REPRESENTATION('',(#12976),#12979);
#12976 = B_SPLINE_CURVE_WITH_KNOTS('',1,(#12977,#12978),.UNSPECIFIED.,
  .F.,.F.,(2,2),(0.,3.384002685547),.PIECEWISE_BEZIER_KNOTS.);
#12977 = CARTESIAN_POINT('',(1.690133575211,-3.055913354204E-02));
#12978 = CARTESIAN_POINT('',(-1.693869110336,-3.055913354204E-02));
#12979 = ( GEOMETRIC_REPRESENTATION_CONTEXT(2) 
PARAMETRIC_REPRESENTATION_CONTEXT() REPRESENTATION_CONTEXT('2D SPACE',''
  ) );
#12980 = ADVANCED_FACE('',(#12981),#11124,.T.);
#12981 = FACE_BOUND('',#12982,.T.);
#12982 = EDGE_LOOP('',(#12983,#12984,#12985));
#12983 = ORIENTED_EDGE('',*,*,#11108,.F.);
#12984 = ORIENTED_EDGE('',*,*,#12935,.F.);
#12985 = ORIENTED_EDGE('',*,*,#12986,.T.);
#12986 = EDGE_CURVE('',#12108,#10837,#12987,.T.);
#12987 = SURFACE_CURVE('',#12988,(#12992,#12999),.PCURVE_S1.);
#12988 = LINE('',#12989,#12990);
#12989 = CARTESIAN_POINT('',(-141.2729949951,32.250999450684,
    2.002000808716));
#12990 = VECTOR('',#12991,1.);
#12991 = DIRECTION('',(0.,0.,-1.));
#12992 = PCURVE('',#11124,#12993);
#12993 = DEFINITIONAL_REPRESENTATION('',(#12994),#12998);
#12994 = LINE('',#12995,#12996);
#12995 = CARTESIAN_POINT('',(0.715193232353,1.477808514778));
#12996 = VECTOR('',#12997,1.);
#12997 = DIRECTION('',(-1.,0.));
#12998 = ( GEOMETRIC_REPRESENTATION_CONTEXT(2) 
PARAMETRIC_REPRESENTATION_CONTEXT() REPRESENTATION_CONTEXT('2D SPACE',''
  ) );
#12999 = PCURVE('',#12123,#13000);
#13000 = DEFINITIONAL_REPRESENTATION('',(#13001),#13004);
#13001 = B_SPLINE_CURVE_WITH_KNOTS('',1,(#13002,#13003),.UNSPECIFIED.,
  .F.,.F.,(2,2),(0.,1.002000808716),.PIECEWISE_BEZIER_KNOTS.);
#13002 = CARTESIAN_POINT('',(-5.205233716861E-03,-0.495901130289));
#13003 = CARTESIAN_POINT('',(-5.205233716861E-03,0.506099678426));
#13004 = ( GEOMETRIC_REPRESENTATION_CONTEXT(2) 
PARAMETRIC_REPRESENTATION_CONTEXT() REPRESENTATION_CONTEXT('2D SPACE',''
  ) );
#13005 = ADVANCED_FACE('',(#13006),#44,.T.);
#13006 = FACE_BOUND('',#13007,.T.);
#13007 = EDGE_LOOP('',(#13008,#13009,#13029));
#13008 = ORIENTED_EDGE('',*,*,#21,.F.);
#13009 = ORIENTED_EDGE('',*,*,#13010,.T.);
#13010 = EDGE_CURVE('',#22,#11263,#13011,.T.);
#13011 = SURFACE_CURVE('',#13012,(#13016,#13023),.PCURVE_S1.);
#13012 = LINE('',#13013,#13014);
#13013 = CARTESIAN_POINT('',(-144.6569976806,31.479999542236,
    2.002000808716));
#13014 = VECTOR('',#13015,1.);
#13015 = DIRECTION('',(-0.944846013348,-0.327514902043,0.));
#13016 = PCURVE('',#44,#13017);
#13017 = DEFINITIONAL_REPRESENTATION('',(#13018),#13022);
#13018 = LINE('',#13019,#13020);
#13019 = CARTESIAN_POINT('',(-4.226508617288E-02,-0.336198865619));
#13020 = VECTOR('',#13021,1.);
#13021 = DIRECTION('',(0.944846013348,-0.327514902043));
#13022 = ( GEOMETRIC_REPRESENTATION_CONTEXT(2) 
PARAMETRIC_REPRESENTATION_CONTEXT() REPRESENTATION_CONTEXT('2D SPACE',''
  ) );
#13023 = PCURVE('',#12252,#13024);
#13024 = DEFINITIONAL_REPRESENTATION('',(#13025),#13028);
#13025 = B_SPLINE_CURVE_WITH_KNOTS('',1,(#13026,#13027),.UNSPECIFIED.,
  .F.,.F.,(2,2),(0.,0.158765717539),.PIECEWISE_BEZIER_KNOTS.);
#13026 = CARTESIAN_POINT('',(-0.729381445688,0.750170495813));
#13027 = CARTESIAN_POINT('',(-0.67738330726,0.900179651086));
#13028 = ( GEOMETRIC_REPRESENTATION_CONTEXT(2) 
PARAMETRIC_REPRESENTATION_CONTEXT() REPRESENTATION_CONTEXT('2D SPACE',''
  ) );
#13029 = ORIENTED_EDGE('',*,*,#13030,.T.);
#13030 = EDGE_CURVE('',#11263,#24,#13031,.T.);
#13031 = SURFACE_CURVE('',#13032,(#13036,#13043),.PCURVE_S1.);
#13032 = LINE('',#13033,#13034);
#13033 = CARTESIAN_POINT('',(-144.8070068359,31.428001403809,
    2.002000808716));
#13034 = VECTOR('',#13035,1.);
#13035 = DIRECTION('',(0.17931719767,0.983791310502,0.));
#13036 = PCURVE('',#44,#13037);
#13037 = DEFINITIONAL_REPRESENTATION('',(#13038),#13042);
#13038 = LINE('',#13039,#13040);
#13039 = CARTESIAN_POINT('',(0.107744069101,-0.388197004047));
#13040 = VECTOR('',#13041,1.);
#13041 = DIRECTION('',(-0.17931719767,0.983791310502));
#13042 = ( GEOMETRIC_REPRESENTATION_CONTEXT(2) 
PARAMETRIC_REPRESENTATION_CONTEXT() REPRESENTATION_CONTEXT('2D SPACE',''
  ) );
#13043 = PCURVE('',#11334,#13044);
#13044 = DEFINITIONAL_REPRESENTATION('',(#13045),#13048);
#13045 = B_SPLINE_CURVE_WITH_KNOTS('',1,(#13046,#13047),.UNSPECIFIED.,
  .F.,.F.,(2,2),(0.,0.836557548424),.PIECEWISE_BEZIER_KNOTS.);
#13046 = CARTESIAN_POINT('',(7.441466536159E-02,-0.411008090368));
#13047 = CARTESIAN_POINT('',(-7.559448991185E-02,0.411989956507));
#13048 = ( GEOMETRIC_REPRESENTATION_CONTEXT(2) 
PARAMETRIC_REPRESENTATION_CONTEXT() REPRESENTATION_CONTEXT('2D SPACE',''
  ) );
#13049 = ADVANCED_FACE('',(#13050),#11334,.T.);
#13050 = FACE_BOUND('',#13051,.T.);
#13051 = EDGE_LOOP('',(#13052,#13053,#13078));
#13052 = ORIENTED_EDGE('',*,*,#11318,.F.);
#13053 = ORIENTED_EDGE('',*,*,#13054,.T.);
#13054 = EDGE_CURVE('',#11319,#24,#13055,.T.);
#13055 = SURFACE_CURVE('',#13056,(#13060,#13067),.PCURVE_S1.);
#13056 = LINE('',#13057,#13058);
#13057 = CARTESIAN_POINT('',(-144.8090057373,31.428001403809,
    2.002000808716));
#13058 = VECTOR('',#13059,1.);
#13059 = DIRECTION('',(0.181628311077,0.983367254191,0.));
#13060 = PCURVE('',#11334,#13061);
#13061 = DEFINITIONAL_REPRESENTATION('',(#13062),#13066);
#13062 = LINE('',#13063,#13064);
#13063 = CARTESIAN_POINT('',(7.641356672877E-02,-0.411008090368));
#13064 = VECTOR('',#13065,1.);
#13065 = DIRECTION('',(-0.181628311077,0.983367254191));
#13066 = ( GEOMETRIC_REPRESENTATION_CONTEXT(2) 
PARAMETRIC_REPRESENTATION_CONTEXT() REPRESENTATION_CONTEXT('2D SPACE',''
  ) );
#13067 = PCURVE('',#13068,#13073);
#13068 = PLANE('',#13069);
#13069 = AXIS2_PLACEMENT_3D('',#13070,#13071,#13072);
#13070 = CARTESIAN_POINT('',(-144.7571465429,31.908585610097,
    2.002000808716));
#13071 = DIRECTION('',(-0.,-0.,-1.));
#13072 = DIRECTION('',(-1.,0.,0.));
#13073 = DEFINITIONAL_REPRESENTATION('',(#13074),#13077);
#13074 = B_SPLINE_CURVE_WITH_KNOTS('',1,(#13075,#13076),.UNSPECIFIED.,
  .F.,.F.,(2,2),(0.,0.836918296158),.PIECEWISE_BEZIER_KNOTS.);
#13075 = CARTESIAN_POINT('',(5.185919437952E-02,-0.480584206288));
#13076 = CARTESIAN_POINT('',(-0.100148862261,0.342413840587));
#13077 = ( GEOMETRIC_REPRESENTATION_CONTEXT(2) 
PARAMETRIC_REPRESENTATION_CONTEXT() REPRESENTATION_CONTEXT('2D SPACE',''
  ) );
#13078 = ORIENTED_EDGE('',*,*,#13030,.F.);
#13079 = ADVANCED_FACE('',(#13080),#6303,.T.);
#13080 = FACE_BOUND('',#13081,.T.);
#13081 = EDGE_LOOP('',(#13082,#13083,#13084));
#13082 = ORIENTED_EDGE('',*,*,#12831,.F.);
#13083 = ORIENTED_EDGE('',*,*,#6289,.F.);
#13084 = ORIENTED_EDGE('',*,*,#11983,.F.);
#13085 = ADVANCED_FACE('',(#13086),#7809,.T.);
#13086 = FACE_BOUND('',#13087,.T.);
#13087 = EDGE_LOOP('',(#13088,#13089,#13090));
#13088 = ORIENTED_EDGE('',*,*,#10649,.F.);
#13089 = ORIENTED_EDGE('',*,*,#7793,.F.);
#13090 = ORIENTED_EDGE('',*,*,#13091,.T.);
#13091 = EDGE_CURVE('',#5206,#4989,#13092,.T.);
#13092 = SURFACE_CURVE('',#13093,(#13097,#13104),.PCURVE_S1.);
#13093 = LINE('',#13094,#13095);
#13094 = CARTESIAN_POINT('',(-136.1860046386,37.626998901367,
    2.002000808716));
#13095 = VECTOR('',#13096,1.);
#13096 = DIRECTION('',(-0.84988441363,-0.51756662911,-9.910231026443E-02
    ));
#13097 = PCURVE('',#7809,#13098);
#13098 = DEFINITIONAL_REPRESENTATION('',(#13099),#13103);
#13099 = LINE('',#13100,#13101);
#13100 = CARTESIAN_POINT('',(-4.792442318354,-0.739057404768));
#13101 = VECTOR('',#13102,1.);
#13102 = DIRECTION('',(0.995077249313,9.910231026443E-02));
#13103 = ( GEOMETRIC_REPRESENTATION_CONTEXT(2) 
PARAMETRIC_REPRESENTATION_CONTEXT() REPRESENTATION_CONTEXT('2D SPACE',''
  ) );
#13104 = PCURVE('',#5029,#13105);
#13105 = DEFINITIONAL_REPRESENTATION('',(#13106),#13109);
#13106 = B_SPLINE_CURVE_WITH_KNOTS('',1,(#13107,#13108),.UNSPECIFIED.,
  .F.,.F.,(2,2),(0.,10.110771444603),.PIECEWISE_BEZIER_KNOTS.);
#13107 = CARTESIAN_POINT('',(-5.268556319174,-0.262943403948));
#13108 = CARTESIAN_POINT('',(4.792442318354,0.739057404768));
#13109 = ( GEOMETRIC_REPRESENTATION_CONTEXT(2) 
PARAMETRIC_REPRESENTATION_CONTEXT() REPRESENTATION_CONTEXT('2D SPACE',''
  ) );
#13110 = ADVANCED_FACE('',(#13111),#5029,.T.);
#13111 = FACE_BOUND('',#13112,.T.);
#13112 = EDGE_LOOP('',(#13113,#13114,#13115));
#13113 = ORIENTED_EDGE('',*,*,#5205,.F.);
#13114 = ORIENTED_EDGE('',*,*,#5015,.F.);
#13115 = ORIENTED_EDGE('',*,*,#13091,.F.);
#13116 = ADVANCED_FACE('',(#13117),#6944,.T.);
#13117 = FACE_BOUND('',#13118,.T.);
#13118 = EDGE_LOOP('',(#13119,#13139,#13140));
#13119 = ORIENTED_EDGE('',*,*,#13120,.T.);
#13120 = EDGE_CURVE('',#6904,#5256,#13121,.T.);
#13121 = SURFACE_CURVE('',#13122,(#13126,#13133),.PCURVE_S1.);
#13122 = LINE('',#13123,#13124);
#13123 = CARTESIAN_POINT('',(-143.9369964599,32.373001098633,1.));
#13124 = VECTOR('',#13125,1.);
#13125 = DIRECTION('',(0.,0.,1.));
#13126 = PCURVE('',#6944,#13127);
#13127 = DEFINITIONAL_REPRESENTATION('',(#13128),#13132);
#13128 = LINE('',#13129,#13130);
#13129 = CARTESIAN_POINT('',(-4.847356315043,0.73919144266));
#13130 = VECTOR('',#13131,1.);
#13131 = DIRECTION('',(0.,-1.));
#13132 = ( GEOMETRIC_REPRESENTATION_CONTEXT(2) 
PARAMETRIC_REPRESENTATION_CONTEXT() REPRESENTATION_CONTEXT('2D SPACE',''
  ) );
#13133 = PCURVE('',#8138,#13134);
#13134 = DEFINITIONAL_REPRESENTATION('',(#13135),#13138);
#13135 = B_SPLINE_CURVE_WITH_KNOTS('',1,(#13136,#13137),.UNSPECIFIED.,
  .F.,.F.,(2,2),(0.,1.002000808716),.PIECEWISE_BEZIER_KNOTS.);
#13136 = CARTESIAN_POINT('',(0.29655376953,-1.112051167907));
#13137 = CARTESIAN_POINT('',(-0.705447039186,-1.112051167907));
#13138 = ( GEOMETRIC_REPRESENTATION_CONTEXT(2) 
PARAMETRIC_REPRESENTATION_CONTEXT() REPRESENTATION_CONTEXT('2D SPACE',''
  ) );
#13139 = ORIENTED_EDGE('',*,*,#11820,.F.);
#13140 = ORIENTED_EDGE('',*,*,#6930,.F.);
#13141 = ADVANCED_FACE('',(#13142),#12123,.T.);
#13142 = FACE_BOUND('',#13143,.T.);
#13143 = EDGE_LOOP('',(#13144,#13164,#13165));
#13144 = ORIENTED_EDGE('',*,*,#13145,.T.);
#13145 = EDGE_CURVE('',#10124,#10837,#13146,.T.);
#13146 = SURFACE_CURVE('',#13147,(#13151,#13158),.PCURVE_S1.);
#13147 = LINE('',#13148,#13149);
#13148 = CARTESIAN_POINT('',(-141.2570037841,32.237998962402,
    2.002000808716));
#13149 = VECTOR('',#13150,1.);
#13150 = DIRECTION('',(-1.595590485985E-02,1.297178524866E-02,
    -0.999788548588));
#13151 = PCURVE('',#12123,#13152);
#13152 = DEFINITIONAL_REPRESENTATION('',(#13153),#13157);
#13153 = LINE('',#13154,#13155);
#13154 = CARTESIAN_POINT('',(1.540378185396E-02,-0.495901130289));
#13155 = VECTOR('',#13156,1.);
#13156 = DIRECTION('',(-2.056351410713E-02,0.999788548588));
#13157 = ( GEOMETRIC_REPRESENTATION_CONTEXT(2) 
PARAMETRIC_REPRESENTATION_CONTEXT() REPRESENTATION_CONTEXT('2D SPACE',''
  ) );
#13158 = PCURVE('',#11175,#13159);
#13159 = DEFINITIONAL_REPRESENTATION('',(#13160),#13163);
#13160 = B_SPLINE_CURVE_WITH_KNOTS('',1,(#13161,#13162),.UNSPECIFIED.,
  .F.,.F.,(2,2),(0.,1.002212728012),.PIECEWISE_BEZIER_KNOTS.);
#13161 = CARTESIAN_POINT('',(5.205233716861E-03,-0.506099678426));
#13162 = CARTESIAN_POINT('',(-1.540378185396E-02,0.495901130289));
#13163 = ( GEOMETRIC_REPRESENTATION_CONTEXT(2) 
PARAMETRIC_REPRESENTATION_CONTEXT() REPRESENTATION_CONTEXT('2D SPACE',''
  ) );
#13164 = ORIENTED_EDGE('',*,*,#12986,.F.);
#13165 = ORIENTED_EDGE('',*,*,#12107,.F.);
#13166 = ADVANCED_FACE('',(#13167),#11175,.T.);
#13167 = FACE_BOUND('',#13168,.T.);
#13168 = EDGE_LOOP('',(#13169,#13170,#13171));
#13169 = ORIENTED_EDGE('',*,*,#11159,.F.);
#13170 = ORIENTED_EDGE('',*,*,#13145,.F.);
#13171 = ORIENTED_EDGE('',*,*,#12770,.F.);
#13172 = ADVANCED_FACE('',(#13173),#7064,.T.);
#13173 = FACE_BOUND('',#13174,.T.);
#13174 = EDGE_LOOP('',(#13175,#13195,#13215));
#13175 = ORIENTED_EDGE('',*,*,#13176,.T.);
#13176 = EDGE_CURVE('',#7017,#5654,#13177,.T.);
#13177 = SURFACE_CURVE('',#13178,(#13182,#13189),.PCURVE_S1.);
#13178 = LINE('',#13179,#13180);
#13179 = CARTESIAN_POINT('',(-135.3779907226,37.749000549316,1.));
#13180 = VECTOR('',#13181,1.);
#13181 = DIRECTION('',(-0.958038877209,0.,0.286638290807));
#13182 = PCURVE('',#7064,#13183);
#13183 = DEFINITIONAL_REPRESENTATION('',(#13184),#13188);
#13184 = LINE('',#13185,#13186);
#13185 = CARTESIAN_POINT('',(0.287171052097,1.888336493374));
#13186 = VECTOR('',#13187,1.);
#13187 = DIRECTION('',(-0.286638290807,-0.958038877209));
#13188 = ( GEOMETRIC_REPRESENTATION_CONTEXT(2) 
PARAMETRIC_REPRESENTATION_CONTEXT() REPRESENTATION_CONTEXT('2D SPACE',''
  ) );
#13189 = PCURVE('',#7162,#13190);
#13190 = DEFINITIONAL_REPRESENTATION('',(#13191),#13194);
#13191 = B_SPLINE_CURVE_WITH_KNOTS('',1,(#13192,#13193),.UNSPECIFIED.,
  .F.,.F.,(2,2),(0.,3.495697681898),.PIECEWISE_BEZIER_KNOTS.);
#13192 = CARTESIAN_POINT('',(0.714829756619,1.460677788852));
#13193 = CARTESIAN_POINT('',(-0.287171052097,-1.888336493374));
#13194 = ( GEOMETRIC_REPRESENTATION_CONTEXT(2) 
PARAMETRIC_REPRESENTATION_CONTEXT() REPRESENTATION_CONTEXT('2D SPACE',''
  ) );
#13195 = ORIENTED_EDGE('',*,*,#13196,.T.);
#13196 = EDGE_CURVE('',#5654,#7049,#13197,.T.);
#13197 = SURFACE_CURVE('',#13198,(#13202,#13209),.PCURVE_S1.);
#13198 = LINE('',#13199,#13200);
#13199 = CARTESIAN_POINT('',(-138.7270050048,37.749000549316,
    2.002000808716));
#13200 = VECTOR('',#13201,1.);
#13201 = DIRECTION('',(0.,0.,-1.));
#13202 = PCURVE('',#7064,#13203);
#13203 = DEFINITIONAL_REPRESENTATION('',(#13204),#13208);
#13204 = LINE('',#13205,#13206);
#13205 = CARTESIAN_POINT('',(-0.714829756619,-1.460677788852));
#13206 = VECTOR('',#13207,1.);
#13207 = DIRECTION('',(1.,0.));
#13208 = ( GEOMETRIC_REPRESENTATION_CONTEXT(2) 
PARAMETRIC_REPRESENTATION_CONTEXT() REPRESENTATION_CONTEXT('2D SPACE',''
  ) );
#13209 = PCURVE('',#5669,#13210);
#13210 = DEFINITIONAL_REPRESENTATION('',(#13211),#13214);
#13211 = B_SPLINE_CURVE_WITH_KNOTS('',1,(#13212,#13213),.UNSPECIFIED.,
  .F.,.F.,(2,2),(0.,1.002000808716),.PIECEWISE_BEZIER_KNOTS.);
#13212 = CARTESIAN_POINT('',(-5.204619808304E-03,-0.49590171946));
#13213 = CARTESIAN_POINT('',(-5.204619808304E-03,0.506099089256));
#13214 = ( GEOMETRIC_REPRESENTATION_CONTEXT(2) 
PARAMETRIC_REPRESENTATION_CONTEXT() REPRESENTATION_CONTEXT('2D SPACE',''
  ) );
#13215 = ORIENTED_EDGE('',*,*,#7048,.F.);
#13216 = ADVANCED_FACE('',(#13217),#7162,.T.);
#13217 = FACE_BOUND('',#13218,.T.);
#13218 = EDGE_LOOP('',(#13219,#13220,#13221));
#13219 = ORIENTED_EDGE('',*,*,#7693,.F.);
#13220 = ORIENTED_EDGE('',*,*,#13176,.F.);
#13221 = ORIENTED_EDGE('',*,*,#7148,.F.);
#13222 = ADVANCED_FACE('',(#13223),#8271,.T.);
#13223 = FACE_BOUND('',#13224,.T.);
#13224 = EDGE_LOOP('',(#13225,#13245,#13246));
#13225 = ORIENTED_EDGE('',*,*,#13226,.T.);
#13226 = EDGE_CURVE('',#7049,#5598,#13227,.T.);
#13227 = SURFACE_CURVE('',#13228,(#13232,#13239),.PCURVE_S1.);
#13228 = LINE('',#13229,#13230);
#13229 = CARTESIAN_POINT('',(-138.7270050048,37.749000549316,1.));
#13230 = VECTOR('',#13231,1.);
#13231 = DIRECTION('',(-1.595590564755E-02,1.296797961384E-02,
    0.999788597944));
#13232 = PCURVE('',#8271,#13233);
#13233 = DEFINITIONAL_REPRESENTATION('',(#13234),#13238);
#13234 = LINE('',#13235,#13236);
#13235 = CARTESIAN_POINT('',(-1.540198960461E-02,0.49590171946));
#13236 = VECTOR('',#13237,1.);
#13237 = DIRECTION('',(2.056111427667E-02,-0.999788597944));
#13238 = ( GEOMETRIC_REPRESENTATION_CONTEXT(2) 
PARAMETRIC_REPRESENTATION_CONTEXT() REPRESENTATION_CONTEXT('2D SPACE',''
  ) );
#13239 = PCURVE('',#5669,#13240);
#13240 = DEFINITIONAL_REPRESENTATION('',(#13241),#13244);
#13241 = B_SPLINE_CURVE_WITH_KNOTS('',1,(#13242,#13243),.UNSPECIFIED.,
  .F.,.F.,(2,2),(0.,1.002212678536),.PIECEWISE_BEZIER_KNOTS.);
#13242 = CARTESIAN_POINT('',(-5.204619808304E-03,0.506099089256));
#13243 = CARTESIAN_POINT('',(1.540198960461E-02,-0.49590171946));
#13244 = ( GEOMETRIC_REPRESENTATION_CONTEXT(2) 
PARAMETRIC_REPRESENTATION_CONTEXT() REPRESENTATION_CONTEXT('2D SPACE',''
  ) );
#13245 = ORIENTED_EDGE('',*,*,#12554,.F.);
#13246 = ORIENTED_EDGE('',*,*,#8255,.F.);
#13247 = ADVANCED_FACE('',(#13248),#5669,.T.);
#13248 = FACE_BOUND('',#13249,.T.);
#13249 = EDGE_LOOP('',(#13250,#13251,#13252));
#13250 = ORIENTED_EDGE('',*,*,#5653,.F.);
#13251 = ORIENTED_EDGE('',*,*,#13226,.F.);
#13252 = ORIENTED_EDGE('',*,*,#13196,.F.);
#13253 = ADVANCED_FACE('',(#13254),#12869,.T.);
#13254 = FACE_BOUND('',#13255,.T.);
#13255 = EDGE_LOOP('',(#13256,#13276,#13277));
#13256 = ORIENTED_EDGE('',*,*,#13257,.T.);
#13257 = EDGE_CURVE('',#540,#1703,#13258,.T.);
#13258 = SURFACE_CURVE('',#13259,(#13263,#13270),.PCURVE_S1.);
#13259 = LINE('',#13260,#13261);
#13260 = CARTESIAN_POINT('',(-27.,94.855430603027,3.002141952515));
#13261 = VECTOR('',#13262,1.);
#13262 = DIRECTION('',(-0.706975940632,0.707025687081,
    -1.731176406056E-02));
#13263 = PCURVE('',#12869,#13264);
#13264 = DEFINITIONAL_REPRESENTATION('',(#13265),#13269);
#13265 = LINE('',#13266,#13267);
#13266 = CARTESIAN_POINT('',(-3.051862623424,-3.156067240373));
#13267 = VECTOR('',#13268,1.);
#13268 = DIRECTION('',(0.999850140184,-1.731176406056E-02));
#13269 = ( GEOMETRIC_REPRESENTATION_CONTEXT(2) 
PARAMETRIC_REPRESENTATION_CONTEXT() REPRESENTATION_CONTEXT('2D SPACE',''
  ) );
#13270 = PCURVE('',#1725,#13271);
#13271 = DEFINITIONAL_REPRESENTATION('',(#13272),#13275);
#13272 = B_SPLINE_CURVE_WITH_KNOTS('',1,(#13273,#13274),.UNSPECIFIED.,
  .F.,.F.,(2,2),(0.,4.447602759606),.PIECEWISE_BEZIER_KNOTS.);
#13273 = CARTESIAN_POINT('',(-2.223475428629,0.470937029321));
#13274 = CARTESIAN_POINT('',(2.223460814043,0.393941179711));
#13275 = ( GEOMETRIC_REPRESENTATION_CONTEXT(2) 
PARAMETRIC_REPRESENTATION_CONTEXT() REPRESENTATION_CONTEXT('2D SPACE',''
  ) );
#13276 = ORIENTED_EDGE('',*,*,#12855,.F.);
#13277 = ORIENTED_EDGE('',*,*,#13278,.T.);
#13278 = EDGE_CURVE('',#707,#540,#13279,.T.);
#13279 = SURFACE_CURVE('',#13280,(#13284,#13291),.PCURVE_S1.);
#13280 = LINE('',#13281,#13282);
#13281 = CARTESIAN_POINT('',(-30.14434814453,98.,11.));
#13282 = VECTOR('',#13283,1.);
#13283 = DIRECTION('',(0.343606695693,-0.34363087362,-0.873986419442));
#13284 = PCURVE('',#12869,#13285);
#13285 = DEFINITIONAL_REPRESENTATION('',(#13286),#13290);
#13286 = LINE('',#13287,#13288);
#13287 = CARTESIAN_POINT('',(1.395073619248,4.841790807112));
#13288 = VECTOR('',#13289,1.);
#13289 = DIRECTION('',(-0.485950345848,-0.873986419442));
#13290 = ( GEOMETRIC_REPRESENTATION_CONTEXT(2) 
PARAMETRIC_REPRESENTATION_CONTEXT() REPRESENTATION_CONTEXT('2D SPACE',''
  ) );
#13291 = PCURVE('',#611,#13292);
#13292 = DEFINITIONAL_REPRESENTATION('',(#13293),#13296);
#13293 = B_SPLINE_CURVE_WITH_KNOTS('',1,(#13294,#13295),.UNSPECIFIED.,
  .F.,.F.,(2,2),(0.,9.151009523223),.PIECEWISE_BEZIER_KNOTS.);
#13294 = CARTESIAN_POINT('',(3.046912964323,3.175483625297));
#13295 = CARTESIAN_POINT('',(-1.400023278346,-4.82237442219));
#13296 = ( GEOMETRIC_REPRESENTATION_CONTEXT(2) 
PARAMETRIC_REPRESENTATION_CONTEXT() REPRESENTATION_CONTEXT('2D SPACE',''
  ) );
#13297 = ADVANCED_FACE('',(#13298),#12252,.T.);
#13298 = FACE_BOUND('',#13299,.T.);
#13299 = EDGE_LOOP('',(#13300,#13320,#13321));
#13300 = ORIENTED_EDGE('',*,*,#13301,.T.);
#13301 = EDGE_CURVE('',#22,#10993,#13302,.T.);
#13302 = SURFACE_CURVE('',#13303,(#13307,#13314),.PCURVE_S1.);
#13303 = LINE('',#13304,#13305);
#13304 = CARTESIAN_POINT('',(-144.6569976806,31.479999542236,
    2.002000808716));
#13305 = VECTOR('',#13306,1.);
#13306 = DIRECTION('',(0.740922757633,-0.671590252476,0.));
#13307 = PCURVE('',#12252,#13308);
#13308 = DEFINITIONAL_REPRESENTATION('',(#13309),#13313);
#13309 = LINE('',#13310,#13311);
#13310 = CARTESIAN_POINT('',(-0.729381445688,0.750170495813));
#13311 = VECTOR('',#13312,1.);
#13312 = DIRECTION('',(0.671590252476,-0.740922757633));
#13313 = ( GEOMETRIC_REPRESENTATION_CONTEXT(2) 
PARAMETRIC_REPRESENTATION_CONTEXT() REPRESENTATION_CONTEXT('2D SPACE',''
  ) );
#13314 = PCURVE('',#126,#13315);
#13315 = DEFINITIONAL_REPRESENTATION('',(#13316),#13319);
#13316 = B_SPLINE_CURVE_WITH_KNOTS('',1,(#13317,#13318),.UNSPECIFIED.,
  .F.,.F.,(2,2),(0.,2.206700347629),.PIECEWISE_BEZIER_KNOTS.);
#13317 = CARTESIAN_POINT('',(0.858628784282,0.732470465307));
#13318 = CARTESIAN_POINT('',(-0.776365722554,-0.749527978296));
#13319 = ( GEOMETRIC_REPRESENTATION_CONTEXT(2) 
PARAMETRIC_REPRESENTATION_CONTEXT() REPRESENTATION_CONTEXT('2D SPACE',''
  ) );
#13320 = ORIENTED_EDGE('',*,*,#12238,.F.);
#13321 = ORIENTED_EDGE('',*,*,#13010,.F.);
#13322 = ADVANCED_FACE('',(#13323),#126,.T.);
#13323 = FACE_BOUND('',#13324,.T.);
#13324 = EDGE_LOOP('',(#13325,#13326,#13327));
#13325 = ORIENTED_EDGE('',*,*,#13301,.F.);
#13326 = ORIENTED_EDGE('',*,*,#110,.F.);
#13327 = ORIENTED_EDGE('',*,*,#12626,.F.);
#13328 = ADVANCED_FACE('',(#13329),#1725,.T.);
#13329 = FACE_BOUND('',#13330,.T.);
#13330 = EDGE_LOOP('',(#13331,#13332,#13333));
#13331 = ORIENTED_EDGE('',*,*,#1785,.F.);
#13332 = ORIENTED_EDGE('',*,*,#1702,.F.);
#13333 = ORIENTED_EDGE('',*,*,#13257,.F.);
#13334 = ADVANCED_FACE('',(#13335),#3547,.T.);
#13335 = FACE_BOUND('',#13336,.T.);
#13336 = EDGE_LOOP('',(#13337,#13338,#13339));
#13337 = ORIENTED_EDGE('',*,*,#8496,.F.);
#13338 = ORIENTED_EDGE('',*,*,#8311,.F.);
#13339 = ORIENTED_EDGE('',*,*,#3533,.F.);
#13340 = ADVANCED_FACE('',(#13341),#611,.T.);
#13341 = FACE_BOUND('',#13342,.T.);
#13342 = EDGE_LOOP('',(#13343,#13344,#13345));
#13343 = ORIENTED_EDGE('',*,*,#706,.F.);
#13344 = ORIENTED_EDGE('',*,*,#595,.F.);
#13345 = ORIENTED_EDGE('',*,*,#13278,.F.);
#13346 = ADVANCED_FACE('',(#13347),#13068,.T.);
#13347 = FACE_BOUND('',#13348,.T.);
#13348 = EDGE_LOOP('',(#13349,#13369,#13370));
#13349 = ORIENTED_EDGE('',*,*,#13350,.T.);
#13350 = EDGE_CURVE('',#4933,#24,#13351,.T.);
#13351 = SURFACE_CURVE('',#13352,(#13356,#13363),.PCURVE_S1.);
#13352 = LINE('',#13353,#13354);
#13353 = CARTESIAN_POINT('',(-144.7640075683,32.373001098633,
    2.002000808716));
#13354 = VECTOR('',#13355,1.);
#13355 = DIRECTION('',(0.659406121274,-0.751786916105,0.));
#13356 = PCURVE('',#13068,#13357);
#13357 = DEFINITIONAL_REPRESENTATION('',(#13358),#13362);
#13358 = LINE('',#13359,#13360);
#13359 = CARTESIAN_POINT('',(6.861025434205E-03,0.464415488536));
#13360 = VECTOR('',#13361,1.);
#13361 = DIRECTION('',(-0.659406121274,-0.751786916105));
#13362 = ( GEOMETRIC_REPRESENTATION_CONTEXT(2) 
PARAMETRIC_REPRESENTATION_CONTEXT() REPRESENTATION_CONTEXT('2D SPACE',''
  ) );
#13363 = PCURVE('',#4948,#13364);
#13364 = DEFINITIONAL_REPRESENTATION('',(#13365),#13368);
#13365 = B_SPLINE_CURVE_WITH_KNOTS('',1,(#13366,#13367),.UNSPECIFIED.,
  .F.,.F.,(2,2),(0.,0.162282217655),.PIECEWISE_BEZIER_KNOTS.);
#13366 = CARTESIAN_POINT('',(-3.459100387962E-02,0.142717723372));
#13367 = CARTESIAN_POINT('',(8.74106440696E-02,3.570783567653E-02));
#13368 = ( GEOMETRIC_REPRESENTATION_CONTEXT(2) 
PARAMETRIC_REPRESENTATION_CONTEXT() REPRESENTATION_CONTEXT('2D SPACE',''
  ) );
#13369 = ORIENTED_EDGE('',*,*,#13054,.F.);
#13370 = ORIENTED_EDGE('',*,*,#13371,.T.);
#13371 = EDGE_CURVE('',#11319,#4933,#13372,.T.);
#13372 = SURFACE_CURVE('',#13373,(#13377,#13384),.PCURVE_S1.);
#13373 = LINE('',#13374,#13375);
#13374 = CARTESIAN_POINT('',(-144.8090057373,31.428001403809,
    2.002000808716));
#13375 = VECTOR('',#13376,1.);
#13376 = DIRECTION('',(4.75632336883E-02,0.998868228948,0.));
#13377 = PCURVE('',#13068,#13378);
#13378 = DEFINITIONAL_REPRESENTATION('',(#13379),#13383);
#13379 = LINE('',#13380,#13381);
#13380 = CARTESIAN_POINT('',(5.185919437952E-02,-0.480584206288));
#13381 = VECTOR('',#13382,1.);
#13382 = DIRECTION('',(-4.75632336883E-02,0.998868228948));
#13383 = ( GEOMETRIC_REPRESENTATION_CONTEXT(2) 
PARAMETRIC_REPRESENTATION_CONTEXT() REPRESENTATION_CONTEXT('2D SPACE',''
  ) );
#13384 = PCURVE('',#12494,#13385);
#13385 = DEFINITIONAL_REPRESENTATION('',(#13386),#13389);
#13386 = B_SPLINE_CURVE_WITH_KNOTS('',1,(#13387,#13388),.UNSPECIFIED.,
  .F.,.F.,(2,2),(0.,0.94607042995),.PIECEWISE_BEZIER_KNOTS.);
#13387 = CARTESIAN_POINT('',(1.151722601787E-02,-0.483481705867));
#13388 = CARTESIAN_POINT('',(-3.348094292744E-02,0.461517988957));
#13389 = ( GEOMETRIC_REPRESENTATION_CONTEXT(2) 
PARAMETRIC_REPRESENTATION_CONTEXT() REPRESENTATION_CONTEXT('2D SPACE',''
  ) );
#13390 = ADVANCED_FACE('',(#13391),#12494,.T.);
#13391 = FACE_BOUND('',#13392,.T.);
#13392 = EDGE_LOOP('',(#13393,#13394,#13414));
#13393 = ORIENTED_EDGE('',*,*,#12480,.F.);
#13394 = ORIENTED_EDGE('',*,*,#13395,.T.);
#13395 = EDGE_CURVE('',#12459,#4933,#13396,.T.);
#13396 = SURFACE_CURVE('',#13397,(#13401,#13408),.PCURVE_S1.);
#13397 = LINE('',#13398,#13399);
#13398 = CARTESIAN_POINT('',(-144.8090057373,32.373001098633,
    2.002000808716));
#13399 = VECTOR('',#13400,1.);
#13400 = DIRECTION('',(1.,0.,0.));
#13401 = PCURVE('',#12494,#13402);
#13402 = DEFINITIONAL_REPRESENTATION('',(#13403),#13407);
#13403 = LINE('',#13404,#13405);
#13404 = CARTESIAN_POINT('',(1.151722601787E-02,0.461517988957));
#13405 = VECTOR('',#13406,1.);
#13406 = DIRECTION('',(-1.,0.));
#13407 = ( GEOMETRIC_REPRESENTATION_CONTEXT(2) 
PARAMETRIC_REPRESENTATION_CONTEXT() REPRESENTATION_CONTEXT('2D SPACE',''
  ) );
#13408 = PCURVE('',#5189,#13409);
#13409 = DEFINITIONAL_REPRESENTATION('',(#13410),#13413);
#13410 = B_SPLINE_CURVE_WITH_KNOTS('',1,(#13411,#13412),.UNSPECIFIED.,
  .F.,.F.,(2,2),(0.,4.499816894531E-02),.PIECEWISE_BEZIER_KNOTS.);
#13411 = CARTESIAN_POINT('',(-0.490003333891,-3.349615493966E-02));
#13412 = CARTESIAN_POINT('',(-0.490003333891,1.150201400566E-02));
#13413 = ( GEOMETRIC_REPRESENTATION_CONTEXT(2) 
PARAMETRIC_REPRESENTATION_CONTEXT() REPRESENTATION_CONTEXT('2D SPACE',''
  ) );
#13414 = ORIENTED_EDGE('',*,*,#13371,.F.);
#13415 = ADVANCED_FACE('',(#13416),#12201,.T.);
#13416 = FACE_BOUND('',#13417,.T.);
#13417 = EDGE_LOOP('',(#13418,#13438,#13439));
#13418 = ORIENTED_EDGE('',*,*,#13419,.T.);
#13419 = EDGE_CURVE('',#5435,#4901,#13420,.T.);
#13420 = SURFACE_CURVE('',#13421,(#13425,#13432),.PCURVE_S1.);
#13421 = LINE('',#13422,#13423);
#13422 = CARTESIAN_POINT('',(-144.2019958496,32.373001098633,1.));
#13423 = VECTOR('',#13424,1.);
#13424 = DIRECTION('',(-0.257480847102,0.,0.966283402204));
#13425 = PCURVE('',#12201,#13426);
#13426 = DEFINITIONAL_REPRESENTATION('',(#13427),#13431);
#13427 = LINE('',#13428,#13429);
#13428 = CARTESIAN_POINT('',(-0.19150799629,0.442991553576));
#13429 = VECTOR('',#13430,1.);
#13430 = DIRECTION('',(0.257480847102,-0.966283402204));
#13431 = ( GEOMETRIC_REPRESENTATION_CONTEXT(2) 
PARAMETRIC_REPRESENTATION_CONTEXT() REPRESENTATION_CONTEXT('2D SPACE',''
  ) );
#13432 = PCURVE('',#5450,#13433);
#13433 = DEFINITIONAL_REPRESENTATION('',(#13434),#13437);
#13434 = B_SPLINE_CURVE_WITH_KNOTS('',1,(#13435,#13436),.UNSPECIFIED.,
  .F.,.F.,(2,2),(0.,1.036963696603),.PIECEWISE_BEZIER_KNOTS.);
#13435 = CARTESIAN_POINT('',(-7.549029472568E-02,0.55900925514));
#13436 = CARTESIAN_POINT('',(0.19150799629,-0.442991553576));
#13437 = ( GEOMETRIC_REPRESENTATION_CONTEXT(2) 
PARAMETRIC_REPRESENTATION_CONTEXT() REPRESENTATION_CONTEXT('2D SPACE',''
  ) );
#13438 = ORIENTED_EDGE('',*,*,#12905,.F.);
#13439 = ORIENTED_EDGE('',*,*,#12187,.F.);
#13440 = ADVANCED_FACE('',(#13441),#5450,.T.);
#13441 = FACE_BOUND('',#13442,.T.);
#13442 = EDGE_LOOP('',(#13443,#13468,#13469));
#13443 = ORIENTED_EDGE('',*,*,#13444,.T.);
#13444 = EDGE_CURVE('',#5403,#4901,#13445,.T.);
#13445 = SURFACE_CURVE('',#13446,(#13450,#13457),.PCURVE_S1.);
#13446 = LINE('',#13447,#13448);
#13447 = CARTESIAN_POINT('',(-144.2019958496,32.373001098633,
    2.002000808716));
#13448 = VECTOR('',#13449,1.);
#13449 = DIRECTION('',(-1.,0.,0.));
#13450 = PCURVE('',#5450,#13451);
#13451 = DEFINITIONAL_REPRESENTATION('',(#13452),#13456);
#13452 = LINE('',#13453,#13454);
#13453 = CARTESIAN_POINT('',(-7.549029472568E-02,-0.442991553576));
#13454 = VECTOR('',#13455,1.);
#13455 = DIRECTION('',(1.,-3.854043830411E-55));
#13456 = ( GEOMETRIC_REPRESENTATION_CONTEXT(2) 
PARAMETRIC_REPRESENTATION_CONTEXT() REPRESENTATION_CONTEXT('2D SPACE',''
  ) );
#13457 = PCURVE('',#13458,#13463);
#13458 = PLANE('',#13459);
#13459 = AXIS2_PLACEMENT_3D('',#13460,#13461,#13462);
#13460 = CARTESIAN_POINT('',(-144.4345077207,32.328927359904,
    2.002000808716));
#13461 = DIRECTION('',(-0.,-0.,-1.));
#13462 = DIRECTION('',(-1.,0.,0.));
#13463 = DEFINITIONAL_REPRESENTATION('',(#13464),#13467);
#13464 = B_SPLINE_CURVE_WITH_KNOTS('',1,(#13465,#13466),.UNSPECIFIED.,
  .F.,.F.,(2,2),(0.,0.266998291016),.PIECEWISE_BEZIER_KNOTS.);
#13465 = CARTESIAN_POINT('',(-0.232511871115,4.407373872903E-02));
#13466 = CARTESIAN_POINT('',(3.448641990039E-02,4.407373872903E-02));
#13467 = ( GEOMETRIC_REPRESENTATION_CONTEXT(2) 
PARAMETRIC_REPRESENTATION_CONTEXT() REPRESENTATION_CONTEXT('2D SPACE',''
  ) );
#13468 = ORIENTED_EDGE('',*,*,#13419,.F.);
#13469 = ORIENTED_EDGE('',*,*,#5434,.F.);
#13470 = ADVANCED_FACE('',(#13471),#3689,.T.);
#13471 = FACE_BOUND('',#13472,.T.);
#13472 = EDGE_LOOP('',(#13473,#13474,#13475));
#13473 = ORIENTED_EDGE('',*,*,#3675,.F.);
#13474 = ORIENTED_EDGE('',*,*,#12702,.F.);
#13475 = ORIENTED_EDGE('',*,*,#13476,.T.);
#13476 = EDGE_CURVE('',#3761,#3311,#13477,.T.);
#13477 = SURFACE_CURVE('',#13478,(#13482,#13489),.PCURVE_S1.);
#13478 = LINE('',#13479,#13480);
#13479 = CARTESIAN_POINT('',(-143.1770019531,36.344997406006,
    2.002000808716));
#13480 = VECTOR('',#13481,1.);
#13481 = DIRECTION('',(-0.707104682124,0.566446880179,-0.423250399237));
#13482 = PCURVE('',#3689,#13483);
#13483 = DEFINITIONAL_REPRESENTATION('',(#13484),#13488);
#13484 = LINE('',#13485,#13486);
#13485 = CARTESIAN_POINT('',(-0.877570981194,-0.695874372823));
#13486 = VECTOR('',#13487,1.);
#13487 = DIRECTION('',(0.906012748004,0.423250399237));
#13488 = ( GEOMETRIC_REPRESENTATION_CONTEXT(2) 
PARAMETRIC_REPRESENTATION_CONTEXT() REPRESENTATION_CONTEXT('2D SPACE',''
  ) );
#13489 = PCURVE('',#3441,#13490);
#13490 = DEFINITIONAL_REPRESENTATION('',(#13491),#13494);
#13491 = B_SPLINE_CURVE_WITH_KNOTS('',1,(#13492,#13493),.UNSPECIFIED.,
  .F.,.F.,(2,2),(0.,2.367394834173),.PIECEWISE_BEZIER_KNOTS.);
#13492 = CARTESIAN_POINT('',(-1.267318918125,-0.306126435892));
#13493 = CARTESIAN_POINT('',(0.877570981194,0.695874372823));
#13494 = ( GEOMETRIC_REPRESENTATION_CONTEXT(2) 
PARAMETRIC_REPRESENTATION_CONTEXT() REPRESENTATION_CONTEXT('2D SPACE',''
  ) );
#13495 = ADVANCED_FACE('',(#13496),#3441,.T.);
#13496 = FACE_BOUND('',#13497,.T.);
#13497 = EDGE_LOOP('',(#13498,#13499,#13500));
#13498 = ORIENTED_EDGE('',*,*,#3760,.F.);
#13499 = ORIENTED_EDGE('',*,*,#3427,.F.);
#13500 = ORIENTED_EDGE('',*,*,#13476,.F.);
#13501 = ADVANCED_FACE('',(#13502),#2320,.T.);
#13502 = FACE_BOUND('',#13503,.T.);
#13503 = EDGE_LOOP('',(#13504,#13524,#13525));
#13504 = ORIENTED_EDGE('',*,*,#13505,.T.);
#13505 = EDGE_CURVE('',#2181,#734,#13506,.T.);
#13506 = SURFACE_CURVE('',#13507,(#13511,#13518),.PCURVE_S1.);
#13507 = LINE('',#13508,#13509);
#13508 = CARTESIAN_POINT('',(-27.99699401855,92.126762390137,
    2.996999740601));
#13509 = VECTOR('',#13510,1.);
#13510 = DIRECTION('',(-0.341850332918,0.317839181817,0.884373566082));
#13511 = PCURVE('',#2320,#13512);
#13512 = DEFINITIONAL_REPRESENTATION('',(#13513),#13517);
#13513 = LINE('',#13514,#13515);
#13514 = CARTESIAN_POINT('',(-2.906452361676,3.207073230532));
#13515 = VECTOR('',#13516,1.);
#13516 = DIRECTION('',(0.466779814918,-0.884373566082));
#13517 = ( GEOMETRIC_REPRESENTATION_CONTEXT(2) 
PARAMETRIC_REPRESENTATION_CONTEXT() REPRESENTATION_CONTEXT('2D SPACE',''
  ) );
#13518 = PCURVE('',#797,#13519);
#13519 = DEFINITIONAL_REPRESENTATION('',(#13520),#13523);
#13520 = B_SPLINE_CURVE_WITH_KNOTS('',1,(#13521,#13522),.UNSPECIFIED.,
  .F.,.F.,(2,2),(0.,9.049343587746),.PIECEWISE_BEZIER_KNOTS.);
#13521 = CARTESIAN_POINT('',(-1.317599862087,4.795926245806));
#13522 = CARTESIAN_POINT('',(2.906451062926,-3.207074013595));
#13523 = ( GEOMETRIC_REPRESENTATION_CONTEXT(2) 
PARAMETRIC_REPRESENTATION_CONTEXT() REPRESENTATION_CONTEXT('2D SPACE',''
  ) );
#13524 = ORIENTED_EDGE('',*,*,#2392,.F.);
#13525 = ORIENTED_EDGE('',*,*,#2306,.F.);
#13526 = ADVANCED_FACE('',(#13527),#797,.T.);
#13527 = FACE_BOUND('',#13528,.T.);
#13528 = EDGE_LOOP('',(#13529,#13530,#13531));
#13529 = ORIENTED_EDGE('',*,*,#783,.F.);
#13530 = ORIENTED_EDGE('',*,*,#13505,.F.);
#13531 = ORIENTED_EDGE('',*,*,#2336,.F.);
#13532 = ADVANCED_FACE('',(#13533),#2045,.T.);
#13533 = FACE_BOUND('',#13534,.T.);
#13534 = EDGE_LOOP('',(#13535,#13536,#13537));
#13535 = ORIENTED_EDGE('',*,*,#2750,.F.);
#13536 = ORIENTED_EDGE('',*,*,#2029,.F.);
#13537 = ORIENTED_EDGE('',*,*,#2368,.F.);
#13538 = ADVANCED_FACE('',(#13539),#8138,.T.);
#13539 = FACE_BOUND('',#13540,.T.);
#13540 = EDGE_LOOP('',(#13541,#13561,#13562));
#13541 = ORIENTED_EDGE('',*,*,#13542,.T.);
#13542 = EDGE_CURVE('',#8075,#5256,#13543,.T.);
#13543 = SURFACE_CURVE('',#13544,(#13548,#13555),.PCURVE_S1.);
#13544 = LINE('',#13545,#13546);
#13545 = CARTESIAN_POINT('',(-141.3040008544,32.373001098633,1.));
#13546 = VECTOR('',#13547,1.);
#13547 = DIRECTION('',(-0.934611094811,0.,0.355671339098));
#13548 = PCURVE('',#8138,#13549);
#13549 = DEFINITIONAL_REPRESENTATION('',(#13550),#13554);
#13550 = LINE('',#13551,#13552);
#13551 = CARTESIAN_POINT('',(0.29655376953,1.520944437562));
#13552 = VECTOR('',#13553,1.);
#13553 = DIRECTION('',(-0.355671339098,-0.934611094811));
#13554 = ( GEOMETRIC_REPRESENTATION_CONTEXT(2) 
PARAMETRIC_REPRESENTATION_CONTEXT() REPRESENTATION_CONTEXT('2D SPACE',''
  ) );
#13555 = PCURVE('',#9909,#13556);
#13556 = DEFINITIONAL_REPRESENTATION('',(#13557),#13560);
#13557 = B_SPLINE_CURVE_WITH_KNOTS('',1,(#13558,#13559),.UNSPECIFIED.,
  .F.,.F.,(2,2),(0.,2.817209874874),.PIECEWISE_BEZIER_KNOTS.);
#13558 = CARTESIAN_POINT('',(0.705447039186,1.112051167907));
#13559 = CARTESIAN_POINT('',(-0.29655376953,-1.520944437562));
#13560 = ( GEOMETRIC_REPRESENTATION_CONTEXT(2) 
PARAMETRIC_REPRESENTATION_CONTEXT() REPRESENTATION_CONTEXT('2D SPACE',''
  ) );
#13561 = ORIENTED_EDGE('',*,*,#13120,.F.);
#13562 = ORIENTED_EDGE('',*,*,#8124,.F.);
#13563 = ADVANCED_FACE('',(#13564),#9909,.T.);
#13564 = FACE_BOUND('',#13565,.T.);
#13565 = EDGE_LOOP('',(#13566,#13591,#13592));
#13566 = ORIENTED_EDGE('',*,*,#13567,.T.);
#13567 = EDGE_CURVE('',#5854,#5256,#13568,.T.);
#13568 = SURFACE_CURVE('',#13569,(#13573,#13580),.PCURVE_S1.);
#13569 = LINE('',#13570,#13571);
#13570 = CARTESIAN_POINT('',(-141.3040008544,32.373001098633,
    2.002000808716));
#13571 = VECTOR('',#13572,1.);
#13572 = DIRECTION('',(-1.,0.,0.));
#13573 = PCURVE('',#9909,#13574);
#13574 = DEFINITIONAL_REPRESENTATION('',(#13575),#13579);
#13575 = LINE('',#13576,#13577);
#13576 = CARTESIAN_POINT('',(-0.29655376953,1.112051167907));
#13577 = VECTOR('',#13578,1.);
#13578 = DIRECTION('',(0.,-1.));
#13579 = ( GEOMETRIC_REPRESENTATION_CONTEXT(2) 
PARAMETRIC_REPRESENTATION_CONTEXT() REPRESENTATION_CONTEXT('2D SPACE',''
  ) );
#13580 = PCURVE('',#13581,#13586);
#13581 = PLANE('',#13582);
#13582 = AXIS2_PLACEMENT_3D('',#13583,#13584,#13585);
#13583 = CARTESIAN_POINT('',(-142.5819752398,32.34160305652,
    2.002000808716));
#13584 = DIRECTION('',(-0.,-0.,-1.));
#13585 = DIRECTION('',(-1.,0.,0.));
#13586 = DEFINITIONAL_REPRESENTATION('',(#13587),#13590);
#13587 = B_SPLINE_CURVE_WITH_KNOTS('',1,(#13588,#13589),.UNSPECIFIED.,
  .F.,.F.,(2,2),(0.,2.632995605469),.PIECEWISE_BEZIER_KNOTS.);
#13588 = CARTESIAN_POINT('',(-1.27797438537,3.139804211235E-02));
#13589 = CARTESIAN_POINT('',(1.355021220099,3.139804211235E-02));
#13590 = ( GEOMETRIC_REPRESENTATION_CONTEXT(2) 
PARAMETRIC_REPRESENTATION_CONTEXT() REPRESENTATION_CONTEXT('2D SPACE',''
  ) );
#13591 = ORIENTED_EDGE('',*,*,#13542,.F.);
#13592 = ORIENTED_EDGE('',*,*,#9895,.F.);
#13593 = ADVANCED_FACE('',(#13594),#4948,.T.);
#13594 = FACE_BOUND('',#13595,.T.);
#13595 = EDGE_LOOP('',(#13596,#13597,#13598));
#13596 = ORIENTED_EDGE('',*,*,#13350,.F.);
#13597 = ORIENTED_EDGE('',*,*,#4932,.F.);
#13598 = ORIENTED_EDGE('',*,*,#13599,.T.);
#13599 = EDGE_CURVE('',#4901,#24,#13600,.T.);
#13600 = SURFACE_CURVE('',#13601,(#13605,#13612),.PCURVE_S1.);
#13601 = LINE('',#13602,#13603);
#13602 = CARTESIAN_POINT('',(-144.4689941406,32.373001098633,
    2.002000808716));
#13603 = VECTOR('',#13604,1.);
#13604 = DIRECTION('',(-0.838852477241,-0.544358816799,0.));
#13605 = PCURVE('',#4948,#13606);
#13606 = DEFINITIONAL_REPRESENTATION('',(#13607),#13611);
#13607 = LINE('',#13608,#13609);
#13608 = CARTESIAN_POINT('',(-3.459100387962E-02,-0.152295704363));
#13609 = VECTOR('',#13610,1.);
#13610 = DIRECTION('',(0.544358816799,0.838852477241));
#13611 = ( GEOMETRIC_REPRESENTATION_CONTEXT(2) 
PARAMETRIC_REPRESENTATION_CONTEXT() REPRESENTATION_CONTEXT('2D SPACE',''
  ) );
#13612 = PCURVE('',#13458,#13613);
#13613 = DEFINITIONAL_REPRESENTATION('',(#13614),#13617);
#13614 = B_SPLINE_CURVE_WITH_KNOTS('',1,(#13615,#13616),.UNSPECIFIED.,
  .F.,.F.,(2,2),(0.,0.224119908017),.PIECEWISE_BEZIER_KNOTS.);
#13615 = CARTESIAN_POINT('',(3.448641990039E-02,4.407373872903E-02));
#13616 = CARTESIAN_POINT('',(0.222489959939,-7.792790922019E-02));
#13617 = ( GEOMETRIC_REPRESENTATION_CONTEXT(2) 
PARAMETRIC_REPRESENTATION_CONTEXT() REPRESENTATION_CONTEXT('2D SPACE',''
  ) );
#13618 = ADVANCED_FACE('',(#13619),#13458,.T.);
#13619 = FACE_BOUND('',#13620,.T.);
#13620 = EDGE_LOOP('',(#13621,#13622,#13623));
#13621 = ORIENTED_EDGE('',*,*,#13599,.F.);
#13622 = ORIENTED_EDGE('',*,*,#13444,.F.);
#13623 = ORIENTED_EDGE('',*,*,#13624,.T.);
#13624 = EDGE_CURVE('',#5403,#24,#13625,.T.);
#13625 = SURFACE_CURVE('',#13626,(#13630,#13637),.PCURVE_S1.);
#13626 = LINE('',#13627,#13628);
#13627 = CARTESIAN_POINT('',(-144.2019958496,32.373001098633,
    2.002000808716));
#13628 = VECTOR('',#13629,1.);
#13629 = DIRECTION('',(-0.965881087102,-0.258985956334,0.));
#13630 = PCURVE('',#13458,#13631);
#13631 = DEFINITIONAL_REPRESENTATION('',(#13632),#13636);
#13632 = LINE('',#13633,#13634);
#13633 = CARTESIAN_POINT('',(-0.232511871115,4.407373872903E-02));
#13634 = VECTOR('',#13635,1.);
#13635 = DIRECTION('',(0.965881087102,-0.258985956334));
#13636 = ( GEOMETRIC_REPRESENTATION_CONTEXT(2) 
PARAMETRIC_REPRESENTATION_CONTEXT() REPRESENTATION_CONTEXT('2D SPACE',''
  ) );
#13637 = PCURVE('',#13638,#13643);
#13638 = PLANE('',#13639);
#13639 = AXIS2_PLACEMENT_3D('',#13640,#13641,#13642);
#13640 = CARTESIAN_POINT('',(-144.2984494005,32.323024457888,
    2.002000808716));
#13641 = DIRECTION('',(-0.,-0.,-1.));
#13642 = DIRECTION('',(-1.,0.,0.));
#13643 = DEFINITIONAL_REPRESENTATION('',(#13644),#13647);
#13644 = B_SPLINE_CURVE_WITH_KNOTS('',1,(#13645,#13646),.UNSPECIFIED.,
  .F.,.F.,(2,2),(0.,0.471074376681),.PIECEWISE_BEZIER_KNOTS.);
#13645 = CARTESIAN_POINT('',(-9.645355098667E-02,4.997664074438E-02));
#13646 = CARTESIAN_POINT('',(0.358548280068,-7.202500720484E-02));
#13647 = ( GEOMETRIC_REPRESENTATION_CONTEXT(2) 
PARAMETRIC_REPRESENTATION_CONTEXT() REPRESENTATION_CONTEXT('2D SPACE',''
  ) );
#13648 = ADVANCED_FACE('',(#13649),#13638,.T.);
#13649 = FACE_BOUND('',#13650,.T.);
#13650 = EDGE_LOOP('',(#13651,#13652,#13672));
#13651 = ORIENTED_EDGE('',*,*,#13624,.F.);
#13652 = ORIENTED_EDGE('',*,*,#13653,.T.);
#13653 = EDGE_CURVE('',#5403,#5256,#13654,.T.);
#13654 = SURFACE_CURVE('',#13655,(#13659,#13666),.PCURVE_S1.);
#13655 = LINE('',#13656,#13657);
#13656 = CARTESIAN_POINT('',(-144.2019958496,32.373001098633,
    2.002000808716));
#13657 = VECTOR('',#13658,1.);
#13658 = DIRECTION('',(1.,0.,0.));
#13659 = PCURVE('',#13638,#13660);
#13660 = DEFINITIONAL_REPRESENTATION('',(#13661),#13665);
#13661 = LINE('',#13662,#13663);
#13662 = CARTESIAN_POINT('',(-9.645355098667E-02,4.997664074438E-02));
#13663 = VECTOR('',#13664,1.);
#13664 = DIRECTION('',(-1.,0.));
#13665 = ( GEOMETRIC_REPRESENTATION_CONTEXT(2) 
PARAMETRIC_REPRESENTATION_CONTEXT() REPRESENTATION_CONTEXT('2D SPACE',''
  ) );
#13666 = PCURVE('',#5278,#13667);
#13667 = DEFINITIONAL_REPRESENTATION('',(#13668),#13671);
#13668 = B_SPLINE_CURVE_WITH_KNOTS('',1,(#13669,#13670),.UNSPECIFIED.,
  .F.,.F.,(2,2),(0.,0.264999389648),.PIECEWISE_BEZIER_KNOTS.);
#13669 = CARTESIAN_POINT('',(0.115452213269,-1.008445430679E-02));
#13670 = CARTESIAN_POINT('',(-0.149547176379,-1.008445430679E-02));
#13671 = ( GEOMETRIC_REPRESENTATION_CONTEXT(2) 
PARAMETRIC_REPRESENTATION_CONTEXT() REPRESENTATION_CONTEXT('2D SPACE',''
  ) );
#13672 = ORIENTED_EDGE('',*,*,#13673,.T.);
#13673 = EDGE_CURVE('',#5256,#24,#13674,.T.);
#13674 = SURFACE_CURVE('',#13675,(#13679,#13686),.PCURVE_S1.);
#13675 = LINE('',#13676,#13677);
#13676 = CARTESIAN_POINT('',(-143.9369964599,32.373001098633,
    2.002000808716));
#13677 = VECTOR('',#13678,1.);
#13678 = DIRECTION('',(-0.985945879524,-0.167065025214,0.));
#13679 = PCURVE('',#13638,#13680);
#13680 = DEFINITIONAL_REPRESENTATION('',(#13681),#13685);
#13681 = LINE('',#13682,#13683);
#13682 = CARTESIAN_POINT('',(-0.361452940635,4.997664074438E-02));
#13683 = VECTOR('',#13684,1.);
#13684 = DIRECTION('',(0.985945879524,-0.167065025214));
#13685 = ( GEOMETRIC_REPRESENTATION_CONTEXT(2) 
PARAMETRIC_REPRESENTATION_CONTEXT() REPRESENTATION_CONTEXT('2D SPACE',''
  ) );
#13686 = PCURVE('',#12970,#13687);
#13687 = DEFINITIONAL_REPRESENTATION('',(#13688),#13691);
#13688 = B_SPLINE_CURVE_WITH_KNOTS('',1,(#13689,#13690),.UNSPECIFIED.,
  .F.,.F.,(2,2),(0.,0.730264445195),.PIECEWISE_BEZIER_KNOTS.);
#13689 = CARTESIAN_POINT('',(0.970132354508,9.144251440718E-02));
#13690 = CARTESIAN_POINT('',(1.690133575211,-3.055913354204E-02));
#13691 = ( GEOMETRIC_REPRESENTATION_CONTEXT(2) 
PARAMETRIC_REPRESENTATION_CONTEXT() REPRESENTATION_CONTEXT('2D SPACE',''
  ) );
#13692 = ADVANCED_FACE('',(#13693),#12970,.T.);
#13693 = FACE_BOUND('',#13694,.T.);
#13694 = EDGE_LOOP('',(#13695,#13715,#13716));
#13695 = ORIENTED_EDGE('',*,*,#13696,.T.);
#13696 = EDGE_CURVE('',#5256,#12108,#13697,.T.);
#13697 = SURFACE_CURVE('',#13698,(#13702,#13709),.PCURVE_S1.);
#13698 = LINE('',#13699,#13700);
#13699 = CARTESIAN_POINT('',(-143.9369964599,32.373001098633,
    2.002000808716));
#13700 = VECTOR('',#13701,1.);
#13701 = DIRECTION('',(0.998952992005,-4.57484400278E-02,0.));
#13702 = PCURVE('',#12970,#13703);
#13703 = DEFINITIONAL_REPRESENTATION('',(#13704),#13708);
#13704 = LINE('',#13705,#13706);
#13705 = CARTESIAN_POINT('',(0.970132354508,9.144251440718E-02));
#13706 = VECTOR('',#13707,1.);
#13707 = DIRECTION('',(-0.998952992005,-4.57484400278E-02));
#13708 = ( GEOMETRIC_REPRESENTATION_CONTEXT(2) 
PARAMETRIC_REPRESENTATION_CONTEXT() REPRESENTATION_CONTEXT('2D SPACE',''
  ) );
#13709 = PCURVE('',#13581,#13710);
#13710 = DEFINITIONAL_REPRESENTATION('',(#13711),#13714);
#13711 = B_SPLINE_CURVE_WITH_KNOTS('',1,(#13712,#13713),.UNSPECIFIED.,
  .F.,.F.,(2,2),(0.,2.666793619085),.PIECEWISE_BEZIER_KNOTS.);
#13712 = CARTESIAN_POINT('',(1.355021220099,3.139804211235E-02));
#13713 = CARTESIAN_POINT('',(-1.308980244745,-9.060360583687E-02));
#13714 = ( GEOMETRIC_REPRESENTATION_CONTEXT(2) 
PARAMETRIC_REPRESENTATION_CONTEXT() REPRESENTATION_CONTEXT('2D SPACE',''
  ) );
#13715 = ORIENTED_EDGE('',*,*,#12956,.F.);
#13716 = ORIENTED_EDGE('',*,*,#13673,.F.);
#13717 = ADVANCED_FACE('',(#13718),#13581,.T.);
#13718 = FACE_BOUND('',#13719,.T.);
#13719 = EDGE_LOOP('',(#13720,#13721,#13722));
#13720 = ORIENTED_EDGE('',*,*,#13696,.F.);
#13721 = ORIENTED_EDGE('',*,*,#13567,.F.);
#13722 = ORIENTED_EDGE('',*,*,#13723,.T.);
#13723 = EDGE_CURVE('',#5854,#12108,#13724,.T.);
#13724 = SURFACE_CURVE('',#13725,(#13729,#13736),.PCURVE_S1.);
#13725 = LINE('',#13726,#13727);
#13726 = CARTESIAN_POINT('',(-141.3040008544,32.373001098633,
    2.002000808716));
#13727 = VECTOR('',#13728,1.);
#13728 = DIRECTION('',(0.246312902469,-0.969190360083,0.));
#13729 = PCURVE('',#13581,#13730);
#13730 = DEFINITIONAL_REPRESENTATION('',(#13731),#13735);
#13731 = LINE('',#13732,#13733);
#13732 = CARTESIAN_POINT('',(-1.27797438537,3.139804211235E-02));
#13733 = VECTOR('',#13734,1.);
#13734 = DIRECTION('',(-0.246312902469,-0.969190360083));
#13735 = ( GEOMETRIC_REPRESENTATION_CONTEXT(2) 
PARAMETRIC_REPRESENTATION_CONTEXT() REPRESENTATION_CONTEXT('2D SPACE',''
  ) );
#13736 = PCURVE('',#12148,#13737);
#13737 = DEFINITIONAL_REPRESENTATION('',(#13738),#13741);
#13738 = B_SPLINE_CURVE_WITH_KNOTS('',1,(#13739,#13740),.UNSPECIFIED.,
  .F.,.F.,(2,2),(0.,0.125879964323),.PIECEWISE_BEZIER_KNOTS.);
#13739 = CARTESIAN_POINT('',(0.891299359162,-0.59188401402));
#13740 = CARTESIAN_POINT('',(0.860293499787,-0.713885661969));
#13741 = ( GEOMETRIC_REPRESENTATION_CONTEXT(2) 
PARAMETRIC_REPRESENTATION_CONTEXT() REPRESENTATION_CONTEXT('2D SPACE',''
  ) );
#13742 = ADVANCED_FACE('',(#13743),#12148,.T.);
#13743 = FACE_BOUND('',#13744,.T.);
#13744 = EDGE_LOOP('',(#13745,#13746,#13747));
#13745 = ORIENTED_EDGE('',*,*,#13723,.F.);
#13746 = ORIENTED_EDGE('',*,*,#12164,.F.);
#13747 = ORIENTED_EDGE('',*,*,#12134,.F.);
#13748 = ADVANCED_FACE('',(#13749),#241,.T.);
#13749 = FACE_BOUND('',#13750,.T.);
#13750 = EDGE_LOOP('',(#13751,#13752,#13753));
#13751 = ORIENTED_EDGE('',*,*,#1381,.F.);
#13752 = ORIENTED_EDGE('',*,*,#227,.F.);
#13753 = ORIENTED_EDGE('',*,*,#2412,.F.);
#13754 = ADVANCED_FACE('',(#13755),#5084,.T.);
#13755 = FACE_BOUND('',#13756,.T.);
#13756 = EDGE_LOOP('',(#13757,#13777,#13778));
#13757 = ORIENTED_EDGE('',*,*,#13758,.T.);
#13758 = EDGE_CURVE('',#5044,#12459,#13759,.T.);
#13759 = SURFACE_CURVE('',#13760,(#13764,#13771),.PCURVE_S1.);
#13760 = LINE('',#13761,#13762);
#13761 = CARTESIAN_POINT('',(-144.7640075683,32.373001098633,1.));
#13762 = VECTOR('',#13763,1.);
#13763 = DIRECTION('',(-4.486309979948E-02,0.,0.998993144259));
#13764 = PCURVE('',#5084,#13765);
#13765 = DEFINITIONAL_REPRESENTATION('',(#13766),#13770);
#13766 = LINE('',#13767,#13768);
#13767 = CARTESIAN_POINT('',(0.490003333891,3.349615493963E-02));
#13768 = VECTOR('',#13769,1.);
#13769 = DIRECTION('',(-0.998993144259,-4.486309979948E-02));
#13770 = ( GEOMETRIC_REPRESENTATION_CONTEXT(2) 
PARAMETRIC_REPRESENTATION_CONTEXT() REPRESENTATION_CONTEXT('2D SPACE',''
  ) );
#13771 = PCURVE('',#5189,#13772);
#13772 = DEFINITIONAL_REPRESENTATION('',(#13773),#13776);
#13773 = B_SPLINE_CURVE_WITH_KNOTS('',1,(#13774,#13775),.UNSPECIFIED.,
  .F.,.F.,(2,2),(0.,1.003010695793),.PIECEWISE_BEZIER_KNOTS.);
#13774 = CARTESIAN_POINT('',(0.511997474825,1.150201400566E-02));
#13775 = CARTESIAN_POINT('',(-0.490003333891,-3.349615493966E-02));
#13776 = ( GEOMETRIC_REPRESENTATION_CONTEXT(2) 
PARAMETRIC_REPRESENTATION_CONTEXT() REPRESENTATION_CONTEXT('2D SPACE',''
  ) );
#13777 = ORIENTED_EDGE('',*,*,#12458,.F.);
#13778 = ORIENTED_EDGE('',*,*,#5070,.F.);
#13779 = ADVANCED_FACE('',(#13780),#5189,.T.);
#13780 = FACE_BOUND('',#13781,.T.);
#13781 = EDGE_LOOP('',(#13782,#13783,#13784));
#13782 = ORIENTED_EDGE('',*,*,#13395,.F.);
#13783 = ORIENTED_EDGE('',*,*,#13758,.F.);
#13784 = ORIENTED_EDGE('',*,*,#5175,.F.);
#13785 = ADVANCED_FACE('',(#13786),#5278,.T.);
#13786 = FACE_BOUND('',#13787,.T.);
#13787 = EDGE_LOOP('',(#13788,#13789,#13790));
#13788 = ORIENTED_EDGE('',*,*,#5489,.F.);
#13789 = ORIENTED_EDGE('',*,*,#5255,.F.);
#13790 = ORIENTED_EDGE('',*,*,#13653,.F.);
#13791 = ( GEOMETRIC_REPRESENTATION_CONTEXT(3) 
GLOBAL_UNCERTAINTY_ASSIGNED_CONTEXT((#13795)) 
GLOBAL_UNIT_ASSIGNED_CONTEXT((#13792,#13793,#13794)) 
REPRESENTATION_CONTEXT('Context #1',
  '3D Context with UNIT and UNCERTAINTY') );
#13792 = ( LENGTH_UNIT() NAMED_UNIT(*) SI_UNIT(.MILLI.,.METRE.) );
#13793 = ( NAMED_UNIT(*) PLANE_ANGLE_UNIT() SI_UNIT($,.RADIAN.) );
#13794 = ( NAMED_UNIT(*) SI_UNIT($,.STERADIAN.) SOLID_ANGLE_UNIT() );
#13795 = UNCERTAINTY_MEASURE_WITH_UNIT(LENGTH_MEASURE(1.E-07),#13792,
  'distance_accuracy_value','confusion accuracy');
#13796 = PRODUCT_RELATED_PRODUCT_CATEGORY('part',$,(#7));
ENDSEC;
END-ISO-10303-21;
